po_number,po_line,po_date,branch_id,supplier_id,part_id,part_number,qty_ordered,unit_of_measure,unit_cost_usd,line_value_usd,order_type,promised_date,qty_received,last_receipt_date,line_status
4500000001,1,2023-01-02,B001,S001,PT00008,6I-2502,-1,EA,65.12,65.12,Stock,2023-01-05,1,2023-01-05,Closed
4500000001,2,2023-01-02,B001,S001,PT02060,4G-7556,1,EA,224.42,224.42,Stock,2023-01-05,1,2023-01-04,Closed
4500000001,3,2023-01-02,B001,S001,PT01590,8A-9900,1,EA,319.91,319.91,Stock,2023-01-05,1,2023-01-05,Closed
4500000001,4,2023-01-02,B001,S001,PT00073,122-2117,2,EA,233.97,467.94,Stock,2023-01-05,2,2023-01-05,Closed
4500000001,5,2023-01-02,B001,S001,PT03168,552-4638,1,EA,103.25,103.25,Stock,2023-01-05,1,2023-01-04,Closed
4500000001,6,2023-01-02,B001,S001,PT01658,311-4289,1,EA,56.08,56.08,Stock,2023-01-05,1,2023-01-04,Closed
4500000001,7,2023-01-02,B001,S001,PT01689,592-5818,3,EA,39.6,118.8,Stock,2023-01-05,3,2023-01-05,Closed
4500000001,8,2023-01-02,B001,S001,PT01712,4X-4451,1,EA,52.46,52.46,Stock,2023-01-05,1,2023-01-04,Closed
4500000001,9,2023-01-02,B001,S001,PT01713,5G-7485,2,EA,36.85,73.7,Stock,2023-01-05,2,2023-01-04,Closed
4500000001,10,2023-01-02,B001,S001,PT03799,4P-3717,1,EA,652.48,652.48,Stock,2023-01-05,1,2023-01-04,Closed
4500000001,11,2023-01-02,B001,S001,PT02277,2G-6572,4,EA,71.31,285.24,Stock,2023-01-05,4,2023-01-05,Closed
4500000001,12,2023-01-02,B001,S001,PT02278,1L-5505,4,EA,39.34,157.36,Stock,2023-01-05,4,2023-01-04,Closed
4500000001,13,2023-01-02,B001,S001,PT01272,3C-4322,1,EA,33.31,33.31,Stock,2023-01-05,1,2023-01-05,Closed
4500000001,14,2023-01-02,B001,S001,PT02303,320-9092,2,EA,73.37,146.74,Stock,2023-01-05,2,2023-01-18,Closed
4500000001,15,2023-01-02,B001,S001,PT00371,102-2838,1,EA,250.01,250.01,Stock,2023-01-05,1,2023-01-04,Closed
4500000001,16,2023-01-02,B001,S001,PT02454,7A-9604,4,EA,204.91,819.64,Stock,2023-01-05,4,2023-01-05,Closed
4500000001,17,2023-01-02,B001,S001,PT00421,4X-4483,5,EA,152.79,763.95,Stock,2023-01-05,5,2023-01-04,Closed
4500000001,18,2023-01-02,B001,S001,PT01966,8R-0598,1,EA,32.29,32.29,Stock,2023-01-05,1,2023-01-05,Closed
4500000001,19,2023-01-02,B001,S001,PT00942,3Y-1763,1,EA,527.65,527.65,Stock,2023-01-05,1,2023-01-05,Closed
4500000001,20,2023-01-02,B001,S001,PT01457,1Y-0910,1,EA,767.94,767.94,Stock,2023-01-05,1,2023-01-05,Closed
4500000001,21,2023-01-02,B001,S001,PT00443,5K-2239,3,EA,208.25,624.75,Stock,2023-01-05,3,2023-01-09,Closed
4500000001,22,2023-01-02,B001,S001,PT03523,204-6368,1,EA,24.88,24.88,Stock,2023-01-05,1,2023-01-05,Closed
4500000001,23,2023-01-02,B001,S116,PT00476,175-2965,3,EA,99.79,299.37,Stock,2023-01-05,3,2023-01-04,Closed
4500000001,24,2023-01-02,B001,S001,PT02037,7X-6752,1,EA,321.83,321.83,Stock,2023-01-05,1,2023-01-05,Closed
4500000002,1,2023-01-02,B001,S002,PT01545,598-4554,1,EA,89.65,89.65,Stock,2023-01-04,1,2023-01-04,Closed
4500000002,2,2023-01-02,B001,S002,PT00563,225-2219,3,EA,65.32,195.96,Stock,2023-01-04,3,2023-01-04,Closed
4500000002,3,2023-01-02,B001,S002,PT02141,8G-8457,1,EA,2244.92,2244.92,Stock,2023-01-04,1,2023-01-04,Closed
4500000002,4,2023-01-02,B001,S002,PT02202,431-9871,5,EA,882.61,4413.05,Stock,2023-01-04,5,2023-01-03,Closed
4500000002,5,2023-01-02,B001,S002,PT02729,7W-7747,1,EA,5967.38,5967.38,Stock,2023-01-04,1,2023-01-04,Closed
4500000002,6,2023-01-02,B001,S002,PT00725,7H-7085,1,EA,7502.12,7502.12,Stock,2023-01-04,1,2023-01-04,Closed
4500000002,7,2023-01-02,B001,S002,PT02338,480-6394,2,EA,8.43,16.86,Stock,2023-01-04,2,2023-01-04,Closed
4500000002,8,2023-01-02,B001,S002,PT01833,332-0887,1,EA,2066.94,2066.94,Stock,2023-01-04,1,2023-01-04,Closed
4500000002,9,2023-01-02,B001,S002,PT03939,464-7793,1,EA,101.84,101.84,Stock,2023-01-04,1,2023-01-04,Closed
4500000002,10,2023-01-02,B001,S002,PT01902,282-9451,1,EA,62.6,62.6,Stock,2023-01-04,1,2023-01-04,Closed
4500000002,11,2023-01-02,B001,S002,PT03960,6U-2212,18,EA,2.54,45.72,Stock,2023-01-04,18,2023-01-04,Closed
4500000002,12,2023-01-02,B001,S002,PT00377,527-1509,3,EA,273.21,819.63,Stock,2023-01-04,3,2023-01-04,Closed
4500000002,13,2023-01-02,B001,S002,PT00391,9H-5308,1,EA,252.54,252.54,Stock,2023-01-04,1,2023-01-04,Closed
4500000002,14,2023-01-02,B001,S002,PT00392,5N-8987,1,EA,271.22,271.22,Stock,2023-01-04,1,2023-01-04,Closed
4500000002,15,2023-01-02,B001,S002,PT00919,453-3186,1,EA,622.85,622.85,Stock,2023-01-04,1,2023-01-04,Closed
4500000002,16,2023-01-02,B001,S002,PT00468,250-4496,9,EA,90.37,813.33,Stock,2023-01-04,9,2023-01-04,Closed
4500000002,17,2023-01-02,B001,S002,PT04064,313-0432,1,EA,2.38,2.38,Stock,2023-01-04,1,2023-01-04,Closed
4500000002,18,2023-01-02,B001,S002,PT04066,400-7975,24,EA,2.01,48.24,Stock,2023-01-04,24,2023-01-04,Closed
4500000002,19,2023-01-02,B001,S002,PT00499,394-0225,2,EA,121.07,242.14,Stock,2023-01-04,2,2023-01-04,Closed
4500000003,1,2023-01-02,B001,S003,PT00551,292-4745,5,EA,94.41,472.05,Stock,2023-01-05,5,2023-01-05,Closed
4500000003,2,2023-01-02,B001,S003,PT02603,1T-3810,1,EA,6412.28,6412.28,Stock,2023-01-05,1,2023-01-05,Closed
4500000003,3,2023-01-02,B001,S003,PT04154,9B-3690,4,EA,1.36,5.44,Stock,2023-01-05,4,2023-01-05,Closed
4500000003,4,2023-01-02,B001,S003,PT00578,1M-5785,1,EA,84.1,84.1,Stock,2023-01-05,1,2023-01-04,Closed
4500000003,5,2023-01-02,B001,S003,PT00591,8F-9785,1,EA,183.07,183.07,Stock,2023-01-05,1,2023-01-05,Closed
4500000003,6,2023-01-02,B001,S003,PT04188,359-7947,4,EA,1.4,5.6,Stock,2023-01-05,4,2023-01-05,Closed
4500000003,7,2023-01-02,B001,S003,PT02665,6K-8358,1,EA,7995.48,7995.48,Stock,2023-01-05,1,2023-01-05,Closed
4500000003,8,2023-01-02,B001,S003,PT01744,6Y-5381,2,EA,89.4,178.8,Stock,2023-01-05,2,2023-01-05,Closed
4500000003,9,2023-01-02,B001,S003,PT01787,4K-0418,1,EA,69.94,69.94,Stock,2023-01-05,1,2023-01-09,Closed
4500000003,10,2023-01-02,B001,S003,PT00258,332-9603,1,EA,1267.96,1267.96,Stock,2023-01-05,1,2023-01-04,Closed
4500000003,11,2023-01-02,B001,S003,PT01801,176-0602,13,EA,33.13,430.69,Stock,2023-01-05,13,2023-01-05,Closed
4500000003,12,2023-01-02,B001,S003,PT03895,7F-0844,1,EA,424.47,424.47,Stock,2023-01-05,1,2023-01-05,Closed
4500000003,13,2023-01-02,B001,S003,PT03988,100-7705,5,EA,2.98,14.9,Stock,2023-01-05,5,2023-01-05,Closed
4500000003,14,2023-01-02,B001,S003,PT02472,6I-9076,1,EA,6062.47,6062.47,Stock,2023-01-05,1,2023-01-05,Closed
4500000003,15,2023-01-02,B001,S003,PT00435,8U-1633,17,EA,104.29,1772.93,Stock,2023-01-05,17,2023-01-10,Closed
4500000003,16,2023-01-02,B001,S003,PT00948,167-2812,1,EA,629.48,629.48,Stock,2023-01-05,1,2023-01-04,Closed
4500000003,17,2023-01-02,B001,S003,PT00456,5C-0033,1,EA,94.46,94.46,Stock,2023-01-05,1,2023-01-04,Closed
4500000003,18,2023-01-02,B001,S003,PT00978,4H-4216,1,EA,389.15,389.15,Stock,2023-01-05,1,2023-01-04,Closed
4500000003,19,2023-01-02,B001,S003,PT03537,485-2088,1,EA,18.79,18.79,Stock,2023-01-05,1,2023-01-06,Closed
4500000004,1,2023-01-02,B001,S026,PT00556,437-7715,8,EA,115.17,921.36,Stock,2023-01-17,8,2023-01-30,Closed
4500000004,2,2023-01-02,B001,S026,PT02174,413-0540,2,EA,1424.74,2849.48,Stock,2023-01-17,2,2023-01-17,Closed
4500000004,3,2023-01-02,B001,S026,PT02289,523-3493,2,EA,61.97,123.94,Stock,2023-01-17,2,2023-01-13,Closed
4500000004,4,2023-01-02,B001,S026,PT00495,567-9162,4,EA,168.91,675.64,Stock,2023-01-17,4,2023-01-16,Closed
4500000005,1,2023-01-02,B001,S009,PT02102,7S-3797,1,EA,415.36,415.36,Stock,2023-01-30,1,2023-02-13,Closed
4500000005,2,2023-01-02,B001,S009,PT01930,558-1017,1,EA,100.63,100.63,Stock,2023-01-30,1,2023-01-25,Closed
4500000006,1,2023-01-02,B001,S035,PT03773,143-4160,1,EA,53.2,53.2,Stock,2023-01-10,1,2023-01-10,Closed
4500000007,1,2023-01-02,B001,S006,PT01797,4E-2096,1,EA,45.67,45.67,Stock,2023-01-12,1,2023-01-18,Closed
4500000008,1,2023-01-02,B001,S010,PT00291,537-6108,1,EA,156.22,156.22,Stock,2023-01-23,1,2023-01-30,Closed
4500000009,1,2023-01-02,B001,S027,PT04387,591-1170,1,EA,212.1,212.1,Stock,2023-02-13,1,2023-01-31,Closed
4500000010,1,2023-01-02,B001,S003,PT00459,369-5880,10,EA,136.88,1368.8,Emergency,2023-01-03,10,2023-01-06,Closed
4500000011,1,2023-01-02,B002,S002,PT00514,496-8173,1,EA,136.4,136.4,Stock,2023-01-04,1,2023-01-03,Closed
4500000011,2,2023-01-02,B002,S002,PT02584,511-9511,1,EA,4748.41,4748.41,Stock,2023-01-04,1,2023-01-04,Closed
4500000011,3,2023-01-02,B002,S002,PT04132,302-6972,1,EA,3.53,3.53,Stock,2023-01-04,1,2023-01-04,Closed
4500000011,4,2023-01-02,B002,S002,PT00047,407-3385,1,EA,259.83,259.83,Stock,2023-01-04,1,2023-01-04,Closed
4500000011,5,2023-01-02,B002,S002,PT02275,128-6304,2,EA,79.05,158.1,Stock,2023-01-04,2,2023-01-04,Closed
4500000011,6,2023-01-02,B002,S002,PT00307,536-5699,1,EA,403.39,403.39,Stock,2023-01-04,1,2023-01-04,Closed
4500000011,7,2023-01-02,B002,S002,PT03950,3A-4675,1,EA,76.2,76.2,Stock,2023-01-04,1,2023-01-04,Closed
4500000011,8,2023-01-02,B002,S002,PT00377,527-1509,6,EA,273.21,1639.26,Stock,2023-01-04,6,2023-01-04,Closed
4500000011,9,2023-01-02,B002,S002,PT01436,1W-0500,1,EA,1005.71,1005.71,Stock,2023-01-04,1,2023-01-04,Closed
4500000011,10,2023-01-02,B002,S002,PT03051,6U-1588,1,EA,661.96,661.96,Stock,2023-01-04,1,2023-01-04,Closed
4500000012,1,2023-01-02,B002,S001,PT02093,4R-7406,1,EA,236.55,236.55,Stock,2023-01-05,1,2023-01-04,Closed
4500000012,2,2023-01-02,B002,S001,PT01590,8A-9900,1,EA,319.91,319.91,Stock,2023-01-05,1,2023-01-04,Closed
4500000012,3,2023-01-02,B002,S001,PT04199,6L-1186,3,EA,1.42,4.26,Stock,2023-01-05,3,2023-01-05,Closed
4500000012,4,2023-01-02,B002,S001,PT01668,7I-4229,1,EA,35.53,35.53,Stock,2023-01-05,1,2023-01-05,Closed
4500000012,5,2023-01-02,B002,S001,PT00229,306-2978,1,EA,2695.45,2695.45,Stock,2023-01-05,1,2023-01-04,Closed
4500000012,6,2023-01-02,B002,S001,PT02302,504-4661,2,EA,83.38,166.76,Stock,2023-01-05,2,2023-01-05,Closed
4500000012,7,2023-01-02,B002,S001,PT02428,2G-5056,2,EA,130.68,261.36,Stock,2023-01-05,2,2023-01-05,Closed
4500000012,8,2023-01-02,B002,S001,PT01954,108-3407,1,EA,93.86,93.86,Stock,2023-01-05,1,2023-01-05,Closed
4500000013,1,2023-01-02,B002,S035,PT03653,459-0991,1,EA,186.01,186.01,Stock,2023-01-10,1,2023-01-10,Closed
4500000013,2,2023-01-02,B002,S035,PT01890,145-7500,1,EA,40.61,40.61,Stock,2023-01-10,1,2023-01-11,Closed
4500000014,1,2023-01-02,B002,S127,PT01104,2K-3661,1,EA,1650.61,1650.61,Stock,2023-01-05,1,2023-01-05,Closed
4500000014,2,2023-01-02,B002,S003,PT01617,5V-9595,1,EA,240.3,240.3,Stock,2023-01-05,1,2023-01-06,Closed
4500000014,3,2023-01-02,B002,S003,PT01149,6H-9176,1,EA,112.95,112.95,Stock,2023-01-05,1,2023-01-04,Closed
4500000014,4,2023-01-02,B002,S003,PT02212,313-7717,1,EA,564.18,564.18,Stock,2023-01-05,1,2023-01-05,Closed
4500000014,5,2023-01-02,B002,S003,PT02227,6M-7556,1,EA,669.93,669.93,Stock,2023-01-05,1,2023-01-04,Closed
4500000014,6,2023-01-02,B002,S003,PT00183,561-5220,1,EA,546.62,546.62,Stock,2023-01-05,1,2023-01-09,Closed
4500000014,7,2023-01-02,B002,S003,PT00238,1B-7019,1,EA,1637.94,1637.94,Stock,2023-01-05,1,2023-01-05,Closed
4500000014,8,2023-01-02,B002,S003,PT03914,6I-4575,1,EA,106.16,106.16,Stock,2023-01-05,1,2023-01-05,Closed
4500000014,9,2023-01-02,B002,S003,PT03988,100-7705,3,EA,2.98,8.94,Stock,2023-01-05,3,2023-01-04,Closed
4500000014,10,2023-01-02,B002,S003,PT04022,7V-9852,2,EA,3.02,6.04,Stock,2023-01-05,2,2023-01-05,Closed
4500000014,11,2023-01-02,B002,S003,PT00454,134-6660,2,EA,154.92,309.84,Stock,2023-01-05,2,2023-01-05,Closed
4500000014,12,2023-01-02,B002,S003,PT00485,3A-7154,2,EA,116.69,233.38,Stock,2023-01-05,2,2023-01-04,Closed
4500000014,13,2023-01-02,B002,S003,PT00507,239-6082,9,EA,94.71,852.39,Stock,2023-01-05,9,2023-01-05,Closed
4500000015,1,2023-01-02,B002,S034,PT01646,4A-0768,1,EA,260.03,260.03,Stock,2023-01-09,1,2023-01-09,Closed
4500000016,1,2023-01-02,B002,S021,PT01660,567-9985,2,EA,48.39,96.78,Stock,2023-01-11,2,2023-01-10,Closed
4500000017,1,2023-01-02,B002,S026,PT02209,1E-5433,3,EA,486.31,1458.93,Stock,2023-01-17,3,2023-01-24,Closed
4500000017,2,2023-01-02,B002,S026,PT02359,3N-5632,1,EA,9.46,9.46,Stock,2023-01-17,1,2023-01-16,Closed
4500000017,3,2023-01-02,B002,S026,PT00407,3U-2694,6,EA,290.89,1745.34,Stock,2023-01-17,6,2023-01-16,Closed
4500000017,4,2023-01-02,B002,S026,PT02466,4I-7263,2,EA,312.05,624.1,Stock,2023-01-17,2,2023-01-17,Closed
4500000018,1,2023-01-02,B002,S028,PT04293,7R-1602,1,EA,5560.97,5560.97,Stock,2023-02-16,1,2023-02-13,Closed
4500000019,1,2023-01-02,B002,S010,PT00245,8S-1086,1,EA,1710.94,1710.94,Stock,2023-01-23,1,2023-01-23,Closed
4500000020,1,2023-01-02,B002,S029,PT03324,8C-1453,1,EA,2638.21,2638.21,Stock,2023-01-16,1,2023-01-16,Closed
4500000020,2,2023-01-02,B002,S029,PT03517,463-7039,1,EA,32.6,32.6,Stock,2023-01-16,1,2023-01-13,Closed
4500000021,1,2023-01-02,B002,S011,PT02325,2R-4808,3,EA,7.43,22.29,Stock,2023-01-20,3,2023-01-26,Closed
4500000021,2,2023-01-02,B002,S011,PT02387,147-0412,3,EA,7.92,23.76,Stock,2023-01-20,3,2023-01-17,Closed
4500000021,3,2023-01-02,B002,S011,PT00393,4X-9465,2,EA,172.23,344.46,Stock,2023-01-20,2,2023-01-20,Closed
4500000022,1,2023-01-02,B002,S030,PT03901,2N-6401,1,EA,378.95,378.95,Stock,2023-01-20,1,2023-01-20,Closed
4500000023,1,2023-01-02,B002,S036,PT03932,2S-7064,1,EA,105.97,105.97,Stock,2023-01-12,1,2023-01-11,Closed
4500000024,1,2023-01-02,B002,S031,PT02487,271-9742,1,EA,2867.96,2867.96,Stock,2023-01-05,1,2023-01-05,Closed
4500000025,1,2023-01-02,B002,S016,PT04050,9X-6888,3,EA,2.09,6.27,Stock,2023-01-09,3,2023-01-09,Closed
4500000026,1,2023-01-02,B003,S003,PT04105,3V-0445,2,EA,5.01,10.02,Stock,2023-01-05,2,2023-01-04,Closed
4500000026,2,2023-01-02,B003,S003,PT03598,3N-6874,1,EA,119.33,119.33,Stock,2023-01-05,1,2023-01-04,Closed
4500000026,3,2023-01-02,B003,S003,PT00539,443-9585,1,EA,55.05,55.05,Stock,2023-01-05,1,2023-01-04,Closed
4500000026,4,2023-01-02,B003,S003,PT04152,1W-6298,2,EA,0.85,1.7,Stock,2023-01-05,2,2023-01-09,Closed
4500000026,5,2023-01-02,B003,S003,PT03654,360-7017,1,EA,151.46,151.46,Stock,2023-01-05,1,2023-01-04,Closed
4500000026,6,2023-01-02,B003,S003,PT01652,311-5944,1,EA,65.17,65.17,Stock,2023-01-05,1,2023-01-05,Closed
4500000026,7,2023-01-02,B003,S003,PT00636,7D-1395,1,EA,135.43,135.43,Stock,2023-01-05,1,2023-01-05,Closed
4500000026,8,2023-01-02,B003,S003,PT02177,275-2402,1,EA,1090.39,1090.39,Stock,2023-01-05,1,2023-01-05,Closed
4500000026,9,2023-01-02,B003,S003,PT01681,360-4865,1,EA,25.39,25.39,Stock,2023-01-05,1,2023-01-04,Closed
4500000026,10,2023-01-02,B003,S003,PT00158,3N-7151,1,EA,353.31,353.31,Stock,2023-01-05,1,2023-01-05,Closed
4500000026,11,2023-01-02,B003,S003,PT01720,2A-6382,1,EA,26.59,26.59,Stock,2023-01-05,1,2023-01-05,Closed
4500000026,12,2023-01-02,B003,S003,PT03268,491-6013,1,EA,323.32,323.32,Stock,2023-01-05,1,2023-01-09,Closed
4500000026,13,2023-01-02,B003,S003,PT03281,5G-8360,1,EA,669.87,669.87,Stock,2023-01-05,1,2023-01-05,Closed
4500000026,14,2023-01-02,B003,S003,PT02307,125-3557,5,EA,81.9,409.5,Stock,2023-01-05,5,2023-01-04,Closed
4500000026,15,2023-01-02,B003,S003,PT00265,281-7308,1,EA,140.92,140.92,Stock,2023-01-05,1,2023-01-04,Closed
4500000026,16,2023-01-02,B003,S003,PT01801,176-0602,2,EA,33.13,66.26,Stock,2023-01-05,2,2023-01-05,Closed
4500000026,17,2023-01-02,B003,S003,PT03442,8M-4057,1,EA,1144.52,1144.52,Stock,2023-01-05,1,2023-01-05,Closed
4500000026,18,2023-01-02,B003,S003,PT00382,342-6053,1,EA,235.43,235.43,Stock,2023-01-05,1,2023-01-05,Closed
4500000026,19,2023-01-02,B003,S003,PT00461,289-1736,2,EA,161.27,322.54,Stock,2023-01-05,2,2023-01-05,Closed
4500000026,20,2023-01-02,B003,S003,PT04062,593-2696,3,EA,1.3,3.9,Stock,2023-01-05,3,2023-01-16,Closed
4500000026,21,2023-01-02,B003,S003,PT04069,484-4883,5,EA,2.08,10.4,Stock,2023-01-05,5,2023-01-05,Closed
4500000026,22,2023-01-02,B003,S003,PT02027,2G-4957,1,EA,72.08,72.08,Stock,2023-01-05,1,2023-01-04,Closed
4500000027,1,2023-01-02,B003,S001,PT00011,1U-3352,1,EA,40.48,40.48,Stock,2023-01-05,1,2023-01-05,Closed
4500000027,2,2023-01-02,B003,S001,PT04129,9L-8694,1,EA,3.03,3.03,Stock,2023-01-05,1,2023-01-05,Closed
4500000027,3,2023-01-02,B003,S001,PT04199,6L-1186,3,EA,1.42,4.26,Stock,2023-01-05,3,2023-01-16,Closed
4500000027,4,2023-01-02,B003,S001,PT00653,1F-5241,1,EA,79.3,79.3,Stock,2023-01-05,1,2023-01-05,Closed
4500000027,5,2023-01-02,B003,S001,PT03724,6I-1081,1,EA,184.15,184.15,Stock,2023-01-05,1,2023-01-05,Closed
4500000027,6,2023-01-02,B003,S001,PT00181,550-2305,1,EA,406.79,406.79,Stock,2023-01-05,1,2023-01-04,Closed
4500000027,7,2023-01-02,B003,S001,PT03271,522-6471,1,EA,540.38,540.38,Stock,2023-01-05,1,2023-01-05,Closed
4500000027,8,2023-01-02,B003,S001,PT02259,258-6874,1,EA,71.09,71.09,Stock,2023-01-05,1,2023-01-04,Closed
4500000027,9,2023-01-02,B003,S001,PT00229,306-2978,1,EA,2695.45,2695.45,Stock,2023-01-05,1,2023-01-05,Closed
4500000027,10,2023-01-02,B003,S001,PT03822,8J-3676,1,EA,1394.66,1394.66,Stock,2023-01-05,1,2023-01-04,Closed
4500000027,11,2023-01-02,B003,S001,PT02361,597-4624,1,EA,8.09,8.09,Stock,2023-01-05,1,2023-01-05,Closed
4500000027,12,2023-01-02,B003,S001,PT02407,5P-2189,2,EA,205.5,411.0,Stock,2023-01-05,2,2023-01-05,Closed
4500000027,13,2023-01-02,B003,S001,PT03975,6S-7925,1,EA,2.96,2.96,Stock,2023-01-05,1,2023-01-05,Closed
4500000027,14,2023-01-02,B003,S001,PT02479,5C-5763,1,EA,2223.4,2223.4,Stock,2023-01-05,1,2023-01-04,Closed
4500000027,15,2023-01-02,B003,S001,PT03511,7H-6357,1,EA,17.44,17.44,Stock,2023-01-05,1,2023-01-04,Closed
4500000027,16,2023-01-02,B003,S001,PT00462,6N-7396,1,EA,125.35,125.35,Stock,2023-01-05,1,2023-01-06,Closed
4500000027,17,2023-01-02,B003,S001,PT04060,348-4754,1,EA,1.5,1.5,Stock,2023-01-05,1,2023-01-05,Closed
4500000027,18,2023-01-02,B003,S001,PT01015,7F-6166,1,EA,754.79,754.79,Stock,2023-01-05,1,2023-01-04,Closed
4500000028,1,2023-01-02,B003,S011,PT00527,298-3708,3,EA,54.78,164.34,Stock,2023-01-20,3,2023-01-20,Closed
4500000028,2,2023-01-02,B003,S011,PT02198,254-2360,5,EA,566.31,2831.55,Stock,2023-01-20,5,2023-01-16,Closed
4500000028,3,2023-01-02,B003,S011,PT02313,389-5773,2,EA,33.57,67.14,Stock,2023-01-20,2,2023-02-03,Closed
4500000029,1,2023-01-02,B003,S002,PT00040,4V-8944,1,EA,123.48,123.48,Stock,2023-01-04,1,2023-01-04,Closed
4500000029,2,2023-01-02,B003,S002,PT00558,144-5261,1,EA,97.99,97.99,Stock,2023-01-04,1,2023-01-03,Closed
4500000029,3,2023-01-02,B003,S002,PT02635,5F-0693,1,EA,8596.95,8596.95,Stock,2023-01-04,1,2023-01-04,Closed
4500000029,4,2023-01-02,B003,S002,PT01636,6L-7962,1,EA,111.97,111.97,Stock,2023-01-04,1,2023-01-04,Closed
4500000029,5,2023-01-02,B003,S002,PT01673,387-8186,1,EA,43.42,43.42,Stock,2023-01-04,1,2023-01-03,Closed
4500000029,6,2023-01-02,B003,S002,PT01690,7D-1694,1,EA,29.29,29.29,Stock,2023-01-04,1,2023-01-04,Closed
4500000029,7,2023-01-02,B003,S002,PT03238,5R-6600,1,EA,455.2,455.2,Stock,2023-01-04,1,2023-01-04,Closed
4500000029,8,2023-01-02,B003,S002,PT01714,158-7122,5,EA,56.21,281.05,Stock,2023-01-04,5,2023-01-03,Closed
4500000029,9,2023-01-02,B003,S002,PT03252,5W-4119,1,EA,653.51,653.51,Stock,2023-01-04,1,2023-01-04,Closed
4500000029,10,2023-01-02,B003,S002,PT03300,1F-5240,1,EA,1635.96,1635.96,Stock,2023-01-04,1,2023-01-04,Closed
4500000029,11,2023-01-02,B003,S002,PT02438,399-9891,3,EA,113.71,341.13,Stock,2023-01-04,3,2023-01-04,Closed
4500000029,12,2023-01-02,B003,S002,PT03483,408-5869,1,EA,33.72,33.72,Stock,2023-01-04,1,2023-01-04,Closed
4500000029,13,2023-01-02,B003,S002,PT01477,462-1470,1,EA,411.35,411.35,Stock,2023-01-04,1,2023-01-04,Closed
4500000029,14,2023-01-02,B003,S002,PT02519,478-1355,1,EA,4115.96,4115.96,Stock,2023-01-04,1,2023-01-04,Closed
4500000029,15,2023-01-02,B003,S002,PT00991,1B-9697,1,EA,712.85,712.85,Stock,2023-01-04,1,2023-01-04,Closed
4500000030,1,2023-01-02,B003,S016,PT04146,2C-5624,3,EA,1.2,3.6,Stock,2023-01-09,3,2023-01-16,Closed
4500000030,2,2023-01-02,B003,S016,PT04156,545-2699,6,EA,0.85,5.1,Stock,2023-01-09,6,2023-01-09,Closed
4500000030,3,2023-01-02,B003,S016,PT04176,6R-9574,3,EA,1.52,4.56,Stock,2023-01-09,3,2023-01-09,Closed
4500000030,4,2023-01-02,B003,S122,PT04043,117-7452,12,EA,2.5,30.0,Stock,2023-01-09,12,2023-01-09,Closed
4500000031,1,2023-01-02,B003,S035,PT03687,450-8582,1,EA,363.52,363.52,Stock,2023-01-10,1,2023-01-09,Closed
4500000032,1,2023-01-02,B003,S026,PT02334,5B-2590,1,EA,3.56,3.56,Stock,2023-01-17,1,2023-01-16,Closed
4500000032,2,2023-01-02,B003,S026,PT02380,4A-1995,1,EA,3.26,3.26,Stock,2023-01-17,1,2023-01-16,Closed
4500000032,3,2023-01-02,B003,S026,PT02426,318-8514,2,EA,220.07,440.14,Stock,2023-01-17,2,2023-01-12,Closed
4500000032,4,2023-01-02,B003,S026,PT00384,5M-7115,2,EA,399.27,798.54,Stock,2023-01-17,2,2023-01-16,Closed
4500000033,1,2023-01-02,B003,S002,PT02460,239-8129,8,EA,122.21,977.68,Emergency,2023-01-03,8,2023-01-03,Closed
4500000034,1,2023-01-02,B003,S034,PT03492,8R-9815,1,EA,27.59,27.59,Stock,2023-01-09,1,2023-01-09,Closed
4500000035,1,2023-01-02,B003,S022,PT02499,471-6610,1,EA,6035.06,6035.06,Stock,2023-01-16,1,2023-01-16,Closed
4500000036,1,2023-01-02,B003,S023,PT02506,4R-6737,1,EA,6365.29,6365.29,Stock,2023-01-23,1,2023-01-27,Closed
4500000037,1,2023-01-02,B004,S001,PT04097,8S-9044,2,EA,2.73,5.46,Stock,2023-01-05,2,2023-01-05,Closed
4500000037,2,2023-01-02,B004,S001,PT00545,8C-8423,1,EA,124.4,124.4,Stock,2023-01-05,1,2023-01-04,Closed
4500000037,3,2023-01-02,B004,S001,PT04129,9L-8694,3,EA,3.03,9.09,Stock,2023-01-05,3,2023-01-05,Closed
4500000037,4,2023-01-02,B004,S001,PT03113,313-8979,1,EA,897.06,897.06,Stock,2023-01-05,1,,Closed
4500000037,5,2023-01-02,B004,S001,PT02092,4M-8299,1,EA,502.83,502.83,Stock,2023-01-05,1,2023-01-04,Closed
4500000037,6,2023-01-02,B004,S001,PT04161,120-0571,2,EA,0.8,1.6,Stock,2023-01-05,2,2023-01-05,Closed
4500000037,7,2023-01-02,B004,S001,PT01120,7E-0499,1,EA,3151.45,3151.45,Stock,2023-01-05,1,2023-01-05,Closed
4500000037,8,2023-01-02,B004,S127,PT01665,7P-1666,1,EA,29.93,29.93,Stock,2023-01-05,1,2023-01-05,Closed
4500000037,9,2023-01-02,B004,S001,PT00641,429-8832,1,EA,71.84,71.84,Stock,2023-01-05,1,2023-01-05,Closed
4500000037,10,2023-01-02,B004,S001,PT04237,6D-9015,10,EA,1.58,15.8,Stock,2023-01-05,10,2023-01-04,Closed
4500000037,11,2023-01-02,B004,S001,PT00142,260-2776,1,EA,498.48,498.48,Stock,2023-01-05,1,2023-01-04,Closed
4500000037,12,2023-01-02,B004,S001,PT01686,3I-7396,2,EA,34.13,68.26,Stock,2023-01-05,2,2023-01-09,Closed
4500000037,13,2023-01-02,B004,S001,PT02251,7F-5298,2,EA,35.34,70.68,Stock,2023-01-05,2,2023-01-09,Closed
4500000037,14,2023-01-02,B004,S001,PT01751,492-1705,2,EA,36.0,72.0,Stock,2023-01-05,2,2023-01-05,Closed
4500000037,15,2023-01-02,B004,S001,PT04361,277-4413,1,EA,180.87,180.87,Stock,2023-01-05,1,2023-01-05,Closed
4500000037,16,2023-01-02,B004,S001,PT01806,1N-5323,1,EA,1342.38,1342.38,Stock,2023-01-05,1,2023-01-05,Closed
4500000037,17,2023-01-02,B004,S001,PT02323,6G-0735,5,EA,3.78,18.9,Stock,2023-01-05,5,2023-01-04,Closed
4500000037,18,2023-01-02,B004,S001,PT02383,576-3354,1,EA,4.52,4.52,Stock,2023-01-05,1,2023-01-05,Closed
4500000037,19,2023-01-02,B004,S001,PT02405,9E-1981,1,EA,239.73,239.73,Stock,2023-01-05,1,2023-01-05,Closed
4500000037,20,2023-01-02,B004,S001,PT03450,152-1080,1,EA,1346.66,1346.66,Stock,2023-01-05,1,2023-01-05,Closed
4500000037,21,2023-01-02,B004,S001,PT01950,9J-7356,1,EA,94.96,94.96,Stock,2023-01-05,1,2023-01-05,Closed
4500000037,22,2023-01-02,B004,S001,PT03497,560-0531,1,EA,30.87,30.87,Stock,2023-01-05,1,2023-01-04,Closed
4500000037,23,2023-01-02,B004,S001,PT01453,404-0325,1,EA,1062.26,1062.26,Stock,2023-01-05,1,2023-01-05,Closed
4500000037,24,2023-01-02,B004,S001,PT00481,2H-6111,2,EA,205.48,410.96,Stock,2023-01-05,2,2023-01-04,Closed
4500000037,25,2023-01-02,B004,S001,PT00501,5Y-0341,1,EA,154.45,154.45,Stock,2023-01-05,1,2023-01-05,Closed
4500000038,1,2023-01-02,B004,S026,PT00532,574-2897,2,EA,140.97,281.94,Stock,2023-01-17,2,2023-01-16,Closed
4500000038,2,2023-01-02,B004,S026,PT02215,2A-3786,2,EA,976.76,1953.52,Stock,2023-01-17,2,2023-01-16,Closed
4500000038,3,2023-01-02,B004,S026,PT02426,318-8514,8,EA,220.07,1760.56,Stock,2023-01-17,8,2023-01-17,Closed
4500000039,1,2023-01-02,B004,S016,PT04119,6B-7429,1,EA,5.24,5.24,Stock,2023-01-09,1,2023-01-09,Closed
4500000039,2,2023-01-02,B004,S016,PT04146,2C-5624,2,EA,1.2,2.4,Stock,2023-01-09,2,2023-01-09,Closed
4500000039,3,2023-01-02,B004,S016,PT04198,4T-4191,4,EA,1.52,6.08,Stock,2023-01-09,4,2023-01-09,Closed
4500000039,4,2023-01-02,B004,S016,PT03973,1U-6513,42,EA,2.0,84.0,Stock,2023-01-09,42,2023-01-09,Closed
4500000040,1,2023-01-02,B004,S002,PT04142,1S-0348,1,EA,0.69,0.69,Stock,2023-01-04,1,2023-01-04,Closed
4500000040,2,2023-01-02,B004,S002,PT01638,2T-6473,1,EA,199.04,199.04,Stock,2023-01-04,1,2023-01-04,Closed
4500000040,3,2023-01-02,B004,S002,PT00105,326-9292,1,EA,339.45,339.45,Stock,2023-01-04,1,2023-01-03,Closed
4500000040,4,2023-01-02,B004,S002,PT02202,431-9871,1,EA,882.61,882.61,Stock,2023-01-04,1,2023-01-04,Closed
4500000040,5,2023-01-02,B004,S002,PT01691,5F-3363,2,EA,31.4,62.8,Stock,2023-01-04,2,2023-01-04,Closed
4500000040,6,2023-01-02,B004,S002,PT02225,513-7663,1,EA,1368.59,1368.59,Stock,2023-01-04,1,2023-01-04,Closed
4500000040,7,2023-01-02,B004,S002,PT03270,210-1199,1,EA,678.67,678.67,Stock,2023-01-04,1,2023-01-04,Closed
4500000040,8,2023-01-02,B004,S002,PT01284,7S-4930,1,EA,37.86,37.86,Stock,2023-01-04,1,2023-01-04,Closed
4500000040,9,2023-01-02,B004,S002,PT00391,9H-5308,1,EA,252.54,252.54,Stock,2023-01-04,1,2023-01-03,Closed
4500000040,10,2023-01-02,B004,S002,PT03984,208-4107,3,EA,2.97,8.91,Stock,2023-01-04,3,2023-01-04,Closed
4500000040,11,2023-01-02,B004,S002,PT02448,286-8338,3,EA,287.94,863.82,Stock,2023-01-04,3,2023-01-03,Closed
4500000040,12,2023-01-02,B004,S002,PT00411,9X-1309,5,EA,488.9,2444.5,Stock,2023-01-04,5,2023-01-04,Closed
4500000040,13,2023-01-02,B004,S002,PT03059,5X-3168,1,EA,1177.1,1177.1,Stock,2023-01-04,1,2023-01-04,Closed
4500000041,1,2023-01-02,B004,S003,PT00568,5G-0353,1,EA,54.17,54.17,Stock,2023-01-05,1,2023-01-05,Closed
4500000041,2,2023-01-02,B004,S003,PT02179,462-9141,3,EA,665.38,1996.14,Stock,2023-01-05,3,2023-01-09,Closed
4500000041,3,2023-01-02,B004,S003,PT00169,8C-8411,1,EA,565.2,565.2,Stock,2023-01-05,1,2023-01-04,Closed
4500000041,4,2023-01-02,B004,S003,PT00690,586-8107,1,EA,8564.34,8564.34,Stock,2023-01-05,1,2023-01-05,Closed
4500000041,5,2023-01-02,B004,S003,PT01230,594-7992,1,EA,23.92,23.92,Stock,2023-01-05,1,2023-01-05,Closed
4500000041,6,2023-01-02,B004,S003,PT01742,2T-7074,8,EA,34.75,278.0,Stock,2023-01-05,8,2023-01-04,Closed
4500000041,7,2023-01-02,B004,S003,PT01746,6U-6664,1,EA,57.75,57.75,Stock,2023-01-05,1,2023-01-05,Closed
4500000041,8,2023-01-02,B004,S003,PT01748,448-3086,2,EA,78.72,157.44,Stock,2023-01-05,2,2023-01-05,Closed
4500000041,9,2023-01-02,B004,S003,PT00793,193-5635,1,EA,48.39,48.39,Stock,2023-01-05,1,2023-01-05,Closed
4500000041,10,2023-01-02,B004,S003,PT00805,3N-4216,1,EA,109.53,109.53,Stock,2023-01-05,1,2023-01-05,Closed
4500000041,11,2023-01-02,B004,S003,PT01391,318-0136,1,EA,473.11,473.11,Stock,2023-01-05,1,2023-01-04,Closed
4500000041,12,2023-01-02,B004,S003,PT03501,450-1438,1,EA,20.57,20.57,Stock,2023-01-05,1,2023-01-09,Closed
4500000041,13,2023-01-02,B004,S003,PT00450,428-2486,1,EA,91.51,91.51,Stock,2023-01-05,1,2023-01-09,Closed
4500000041,14,2023-01-02,B004,S003,PT01988,112-9095,1,EA,63.58,63.58,Stock,2023-01-05,1,2023-01-04,Closed
4500000041,15,2023-01-02,B004,S003,PT03531,503-2456,1,EA,15.66,15.66,Stock,2023-01-05,1,2023-01-05,Closed
4500000041,16,2023-01-02,B004,S003,PT03038,485-1986,1,EA,842.17,842.17,Stock,2023-01-05,1,2023-01-05,Closed
4500000041,17,2023-01-02,B004,S003,PT04070,286-3358,2,EA,4.71,9.42,Stock,2023-01-05,2,2023-01-09,Closed
4500000041,18,2023-01-02,B004,S003,PT01007,552-4558,1,EA,452.58,452.58,Stock,2023-01-05,1,2023-01-05,Closed
4500000041,19,2023-01-02,B004,S003,PT04094,9A-9344,3,EA,3.78,11.34,Stock,2023-01-05,3,2023-01-05,Closed
4500000042,1,2023-01-02,B004,S010,PT00068,296-1207,1,EA,235.67,235.67,Stock,2023-01-23,1,2023-01-23,Closed
4500000042,2,2023-01-02,B004,S010,PT00134,4T-3623,1,EA,276.9,276.9,Stock,2023-01-23,1,2023-01-20,Closed
4500000042,3,2023-01-02,B004,S010,PT00237,177-2805,1,EA,1460.66,1460.66,Stock,2023-01-23,1,2023-02-06,Closed
4500000042,4,2023-01-02,B004,S010,PT00245,8S-1086,1,EA,1710.94,1710.94,Stock,2023-01-23,1,2023-02-06,Closed
4500000042,5,2023-01-02,B004,S122,PT00312,5F-0525,1,EA,3483.77,3483.77,Stock,2023-01-23,1,2023-01-23,Closed
4500000043,1,2023-01-02,B004,S006,PT01654,371-8961,1,EA,28.22,28.22,Stock,2023-01-12,1,2023-01-12,Closed
4500000043,2,2023-01-02,B004,S006,PT01762,552-9738,1,EA,38.38,38.38,Stock,2023-01-12,1,2023-01-20,Closed
4500000044,1,2023-01-02,B004,S021,PT01675,1W-6367,2,EA,53.16,106.32,Stock,2023-01-11,2,2023-01-23,Closed
4500000044,2,2023-01-02,B004,S021,PT01692,9B-5922,3,EA,39.83,119.49,Stock,2023-01-11,3,2023-01-09,Closed
4500000044,3,2023-01-02,B004,S021,PT01749,9H-0300,7,EA,74.03,518.21,Stock,2023-01-11,7,,Closed
4500000045,1,2023-01-02,B004,S031,PT00787,235-3809,1,EA,104.89,104.89,Stock,2023-01-05,1,2023-01-04,Closed
4500000046,1,2023-01-02,B004,S034,PT03393,101-2273,1,EA,3369.26,3369.26,Stock,2023-01-09,1,2023-01-09,Closed
4500000046,2,2023-01-02,B004,S034,PT03552,424-3242,1,EA,221.69,221.69,Stock,2023-01-09,1,2023-01-09,Closed
4500000047,1,2023-01-02,B004,S011,PT02384,8D-2006,1,EA,7.5,7.5,Stock,2023-01-20,1,2023-01-19,Closed
4500000047,2,2023-01-02,B004,S011,PT00376,6F-7731,2,EA,435.51,871.02,Stock,2023-01-20,2,2023-01-18,Closed
4500000048,1,2023-01-02,B004,S009,PT00350,4C-6099,1,EA,7918.67,7918.67,Stock,2023-01-30,1,2023-01-30,Closed
4500000049,1,2023-01-02,B005,S021,PT00004,1R-1808,2,EA,29.04,58.08,Stock,2023-01-11,2,2023-01-11,Closed
4500000049,2,2023-01-02,B005,S021,PT01778,9G-8449,3,EA,50.8,152.4,Stock,2023-01-11,3,2023-01-09,Closed
4500000050,1,2023-01-02,B005,S016,PT04108,6J-6321,1,EA,3.12,3.12,Stock,2023-01-09,1,2023-01-09,Closed
4500000051,1,2023-01-02,B005,S003,PT03605,4W-5063,1,EA,233.51,233.51,Stock,2023-01-05,1,2023-01-04,Closed
4500000051,2,2023-01-02,B005,S003,PT00539,443-9585,1,EA,55.05,55.05,Stock,2023-01-05,1,2023-01-05,Closed
4500000051,3,2023-01-02,B005,S003,PT02096,390-5802,2,EA,471.33,942.66,Stock,2023-01-05,2,2023-01-05,Closed
4500000051,4,2023-01-02,B005,S003,PT04188,359-7947,2,EA,1.4,2.8,Stock,2023-01-05,2,2023-01-04,Closed
4500000051,5,2023-01-02,B005,S003,PT04190,8H-9735,15,EA,0.94,14.1,Stock,2023-01-05,15,2023-01-05,Closed
4500000051,6,2023-01-02,B005,S003,PT01153,283-1523,1,EA,246.22,246.22,Stock,2023-01-05,1,2023-01-04,Closed
4500000051,7,2023-01-02,B005,S003,PT04235,3E-5094,4,EA,1.44,5.76,Stock,2023-01-05,4,2023-01-05,Closed
4500000051,8,2023-01-02,B005,S003,PT03735,3R-4105,1,EA,52.29,52.29,Stock,2023-01-05,1,2023-01-04,Closed
4500000051,9,2023-01-02,B005,S003,PT01718,8X-5006,4,EA,22.59,90.36,Stock,2023-01-05,4,2023-01-05,Closed
4500000051,10,2023-01-02,B005,S003,PT03275,117-1841,1,EA,324.53,324.53,Stock,2023-01-05,1,2023-01-09,Closed
4500000051,11,2023-01-02,B005,S003,PT01753,9U-7614,1,EA,86.45,86.45,Stock,2023-01-05,1,2023-01-09,Closed
4500000051,12,2023-01-02,B005,S003,PT01261,538-5077,1,EA,19.66,19.66,Stock,2023-01-05,1,2023-01-05,Closed
4500000051,13,2023-01-02,B005,S003,PT01321,2J-0771,1,EA,41.62,41.62,Stock,2023-01-05,1,2023-01-05,Closed
4500000051,14,2023-01-02,B005,S003,PT00842,167-6181,1,EA,98.4,98.4,Stock,2023-01-05,1,2023-01-05,Closed
4500000051,15,2023-01-02,B005,S003,PT00361,4U-2137,3,EA,223.98,671.94,Stock,2023-01-05,3,2023-01-05,Closed
4500000051,16,2023-01-02,B005,S003,PT03964,392-6922,1,EA,1.35,1.35,Stock,2023-01-05,1,2023-01-04,Closed
4500000051,17,2023-01-02,B005,S003,PT03453,144-8669,1,EA,1578.86,1578.86,Stock,2023-01-05,1,2023-01-04,Closed
4500000051,18,2023-01-02,B005,S003,PT03972,400-5573,2,EA,1.28,2.56,Stock,2023-01-05,2,2023-01-04,Closed
4500000051,19,2023-01-02,B005,S003,PT03986,124-3388,10,EA,2.46,24.6,Stock,,10,2023-01-05,Closed
4500000051,20,2023-01-02,B005,S003,PT01428,8R-2815,1,EA,1138.22,1138.22,Stock,2023-01-05,1,2023-01-09,Closed
4500000051,21,2023-01-02,B005,S003,PT00448,5V-1821,1,EA,171.14,171.14,Stock,2023-01-05,1,,Closed
4500000051,22,2023-01-02,B005,S003,PT03531,503-2456,1,EA,15.66,15.66,Stock,2023-01-05,1,2023-01-04,Closed
4500000051,23,2023-01-02,B005,S003,PT00467,104-7805,2,EA,77.26,154.52,Stock,2023-01-05,2,2023-01-05,Closed
4500000051,24,2023-01-02,B005,S003,PT03040,6U-6775,1,EA,1048.07,1048.07,Stock,2023-01-05,1,2023-01-05,Closed
4500000051,25,2023-01-02,B005,S003,PT02536,454-6299,1,EA,6356.88,6356.88,Stock,2023-01-05,1,2023-01-06,Closed
4500000051,26,2023-01-02,B005,S003,PT00491,2W-4303,2,EA,116.49,232.98,Stock,2023-01-05,2,2023-01-04,Closed
4500000051,27,2023-01-02,B005,S003,PT02033,144-3339,1,EA,402.28,402.28,Stock,2023-01-05,1,2023-01-05,Closed
4500000051,28,2023-01-02,B005,S003,PT01522,8L-1120,1,EA,650.26,650.26,Stock,2023-01-05,1,2023-01-05,Closed
4500000052,1,2023-01-02,B005,S002,PT03613,4L-9849,1,EA,219.71,219.71,Stock,2023-01-04,1,2023-01-04,Closed
4500000052,2,2023-01-02,B005,S002,PT02596,447-3888,1,EA,9691.84,9691.84,Stock,2023-01-04,1,2023-01-04,Closed
4500000052,3,2023-01-02,B005,S002,PT04148,241-7216,2,EA,1.23,2.46,Stock,2023-01-04,2,2023-01-03,Closed
4500000052,4,2023-01-02,B005,S002,PT04168,7T-9190,3,EA,0.63,1.89,Stock,2023-01-04,3,2023-01-03,Closed
4500000052,5,2023-01-02,B005,S002,PT04174,325-6593,1,EA,1.15,1.15,Stock,2023-01-04,1,2023-01-04,Closed
4500000052,6,2023-01-02,B005,S002,PT04197,583-7049,6,EA,1.28,7.68,Stock,2023-01-04,6,2023-01-04,Closed
4500000052,7,2023-01-02,B005,S002,PT02149,309-6649,1,EA,1444.5,1444.5,Stock,2023-01-04,1,2023-01-03,Closed
4500000052,8,2023-01-02,B005,S002,PT01185,383-0799,1,EA,180.4,180.4,Stock,2023-01-04,1,2023-01-04,Closed
4500000052,9,2023-01-02,B005,S002,PT01226,247-4306,1,EA,125.1,125.1,Stock,2023-01-04,1,2023-01-04,Closed
4500000052,10,2023-01-02,B005,S002,PT02257,7B-3852,1,EA,63.64,63.64,Stock,2023-01-04,1,2023-01-04,Closed
4500000052,11,2023-01-02,B005,S002,PT01747,406-9949,1,EA,90.81,90.81,Stock,2023-01-04,1,2023-01-04,Closed
4500000052,12,2023-01-02,B005,S002,PT01763,564-5379,3,EA,73.25,219.75,Stock,2023-01-04,3,2023-01-04,Closed
4500000052,13,2023-01-02,B005,S002,PT01275,3K-5015,1,EA,26.44,26.44,Stock,2023-01-04,1,2023-01-04,Closed
4500000052,14,2023-01-02,B005,S002,PT00255,2S-2192,1,EA,2639.38,2639.38,Stock,2023-01-04,1,2023-01-04,Closed
4500000052,15,2023-01-02,B005,S002,PT01802,137-3187,1,EA,2326.83,2326.83,Stock,2023-01-04,1,2023-01-04,Closed
4500000052,16,2023-01-02,B005,S002,PT01872,340-0835,1,EA,66.67,66.67,Stock,2023-01-04,1,2023-01-04,Closed
4500000052,17,2023-01-02,B005,S002,PT02403,595-7361,2,EA,5.56,11.12,Stock,2023-01-04,2,2023-01-04,Closed
4500000052,18,2023-01-02,B005,S002,PT01921,3U-3490,1,EA,62.87,62.87,Stock,2023-01-04,1,2023-01-04,Closed
4500000052,19,2023-01-02,B005,S002,PT00923,444-2676,1,EA,744.36,744.36,Stock,2023-01-04,1,2023-01-03,Closed
4500000052,20,2023-01-02,B005,S002,PT01964,6R-3976,1,EA,48.91,48.91,Stock,2023-01-04,1,2023-01-09,Closed
4500000052,21,2023-01-02,B005,S002,PT04090,8D-2207,2,EA,2.9,5.8,Stock,2023-01-04,2,2023-01-03,Closed
4500000053,1,2023-01-02,B005,S001,PT01575,4J-1038,1,EA,217.15,217.15,Stock,2023-01-05,1,2023-01-04,Closed
4500000053,2,2023-01-02,B005,S001,PT01110,500-9148,1,EA,3803.45,3803.45,Stock,2023-01-05,1,2023-01-05,Closed
4500000053,3,2023-01-02,B005,S001,PT01658,311-4289,1,EA,56.08,56.08,Stock,2023-01-05,1,2023-01-05,Closed
4500000053,4,2023-01-02,B005,S001,PT01168,202-1329,1,EA,242.9,242.9,Stock,2023-01-05,1,2023-01-05,Closed
4500000053,5,2023-01-02,B005,S001,PT01713,5G-7485,2,EA,36.85,73.7,Stock,2023-01-05,2,2023-01-05,Closed
4500000053,6,2023-01-02,B005,S001,PT02268,4G-3550,1,EA,55.3,55.3,Stock,2023-01-05,1,2023-01-04,Closed
4500000053,7,2023-01-02,B005,S001,PT02282,105-5098,1,EA,70.35,70.35,Stock,2023-01-05,1,2023-01-09,Closed
4500000053,8,2023-01-02,B005,S001,PT00837,495-0440,1,EA,68.03,68.03,Stock,2023-01-05,1,2023-01-05,Closed
4500000053,9,2023-01-02,B005,S001,PT02420,586-8667,1,EA,131.91,131.91,Stock,2023-01-05,1,2023-01-09,Closed
4500000053,10,2023-01-02,B005,S001,PT00423,2B-1165,2,EA,201.8,403.6,Stock,2023-01-05,2,2023-01-04,Closed
4500000053,11,2023-01-02,B005,S001,PT02491,547-9770,1,EA,3671.9,3671.9,Stock,2023-01-05,1,2023-01-05,Closed
4500000053,12,2023-01-02,B005,S001,PT01989,143-2109,1,EA,83.87,83.87,Stock,2023-01-05,1,2023-01-05,Closed
4500000053,13,2023-01-02,B005,S001,PT00490,270-2068,2,EA,190.22,380.44,Stock,2022-11-30,2,2023-01-09,Closed
4500000053,14,2023-01-02,B005,S001,PT00494,4A-6316,1,EA,106.74,106.74,Stock,2023-01-05,1,2023-01-05,Closed
4500000054,1,2023-01-02,B005,S026,PT00556,437-7715,1,EA,115.17,115.17,Stock,2023-01-17,1,2023-01-16,Closed
4500000054,2,2023-01-02,B005,S026,PT02226,292-3628,2,EA,1124.23,2248.46,Stock,2023-01-17,2,2023-01-30,Closed
4500000054,3,2023-01-02,B005,S026,PT02287,395-5783,1,EA,42.02,42.02,Stock,2023-01-17,1,2023-01-16,Closed
4500000054,4,2023-01-02,B005,S026,PT02304,2A-9546,9,EA,76.28,686.52,Stock,2023-01-17,9,2023-01-16,Closed
4500000054,5,2023-01-02,B005,S026,PT02374,420-7743,4,EA,5.16,20.64,Stock,2023-01-17,4,2023-01-30,Closed
4500000054,6,2023-01-02,B005,S026,PT02442,2K-7884,1,EA,160.59,160.59,Stock,2023-01-17,1,2023-01-23,Closed
4500000055,1,2023-01-02,B005,S007,PT00635,364-6377,1,EA,117.13,117.13,Stock,2023-01-16,1,2023-01-19,Closed
4500000055,2,2023-01-02,B005,S007,PT02490,122-7912,1,EA,5784.36,5784.36,Stock,2023-01-16,1,2023-01-23,Closed
4500000056,1,2023-01-02,B005,S023,PT00705,1F-8629,1,EA,8212.66,8212.66,Stock,2023-01-23,1,2023-01-17,Closed
4500000057,1,2023-01-02,B005,S006,PT01764,4G-8533,1,EA,72.07,72.07,Stock,2023-01-12,1,2023-01-09,Closed
4500000058,1,2023-01-02,B005,S029,PT03407,8Y-7156,1,EA,979.27,979.27,Stock,2023-01-16,1,2023-01-12,Closed
4500000059,1,2023-01-02,B005,S024,PT02914,127-7671,1,EA,494.56,494.56,Stock,2023-02-01,1,2023-01-26,Closed
4500000060,1,2023-01-02,B005,S011,PT00419,215-3794,2,EA,114.16,228.32,Stock,2023-01-20,2,2023-01-19,Closed
4500000060,2,2023-01-02,B005,S011,PT00486,6R-9118,1,EA,218.88,218.88,Stock,2023-01-20,1,2023-02-02,Closed
4500000061,1,2023-01-02,B006,S003,PT00001,1R-0750,2,EA,33.44,66.88,Stock,2023-01-05,2,2023-01-04,Closed
4500000061,2,2023-01-02,B006,S003,PT00002,1R-0751,2,EA,36.08,72.16,Stock,2023-01-05,2,2023-01-05,Closed
4500000061,3,2023-01-02,B006,S003,PT02591,9S-8950,1,EA,6823.85,6823.85,Stock,2023-01-05,1,2023-01-04,Closed
4500000061,4,2023-01-02,B006,S003,PT04157,361-1593,3,EA,1.04,3.12,Stock,2023-01-05,3,2023-01-05,Closed
4500000061,5,2023-01-02,B006,S003,PT02666,5P-5338,1,EA,12735.86,12735.86,Stock,2023-01-05,1,2023-01-05,Closed
4500000061,6,2023-01-02,B006,S003,PT02178,304-7841,9,EA,825.04,7425.36,Stock,2023-01-05,9,2023-01-05,Closed
4500000061,7,2023-01-02,B006,S003,PT02184,3S-3782,3,EA,917.47,2752.41,Stock,2023-01-05,3,2023-01-13,Closed
4500000061,8,2023-01-02,B006,S003,PT02223,362-8037,2,EA,681.63,1363.26,Stock,2023-01-05,2,2023-01-05,Closed
4500000061,9,2023-01-02,B006,S003,PT01718,8X-5006,1,EA,22.59,22.59,Stock,2023-01-05,1,2023-01-04,Closed
4500000061,10,2023-01-02,B006,S003,PT04283,4D-0127,1,EA,5656.11,5656.11,Stock,2023-01-05,1,2023-01-05,Closed
4500000061,11,2023-01-02,B006,S003,PT01738,9F-6584,2,EA,33.1,66.2,Stock,2023-01-05,2,2023-01-18,Closed
4500000061,12,2023-01-02,B006,S003,PT00741,6M-5749,1,EA,9345.33,9345.33,Stock,2023-01-05,1,2023-01-05,Closed
4500000061,13,2023-01-02,B006,S003,PT01258,498-1398,1,EA,43.38,43.38,Stock,2023-01-05,1,2023-01-05,Closed
4500000061,14,2023-01-02,B006,S003,PT01793,491-2264,1,EA,87.57,87.57,Stock,2023-01-05,1,2023-01-05,Closed
4500000061,15,2023-01-02,B006,S003,PT02330,197-5053,2,EA,6.95,13.9,Stock,2023-01-05,2,2023-01-05,Closed
4500000061,16,2023-01-02,B006,S003,PT01324,1H-5552,1,EA,38.68,38.68,Stock,2023-01-05,1,2023-01-05,Closed
4500000061,17,2023-01-02,B006,S003,PT04398,9P-8506,1,EA,238.27,238.27,Stock,2023-01-05,1,2023-01-05,Closed
4500000061,18,2023-01-02,B006,S003,PT00887,228-6361,1,EA,2919.69,2919.69,Stock,2023-01-05,1,2023-01-05,Closed
4500000061,19,2023-01-02,B006,S003,PT00422,123-9229,1,EA,154.56,154.56,Stock,2023-01-05,1,2023-01-05,Closed
4500000061,20,2023-01-02,B006,S003,PT00940,6U-8820,1,EA,652.06,652.06,Stock,2023-01-05,1,2023-01-09,Closed
4500000061,21,2023-01-02,B006,S003,PT04022,7V-9852,2,EA,3.02,6.04,Stock,2023-01-05,2,2023-01-05,Closed
4500000061,22,2023-01-02,B006,S003,PT01990,540-4013,1,EA,62.49,62.49,Stock,2023-01-05,1,2023-01-05,Closed
4500000061,23,2023-01-02,B006,S003,PT03016,3G-3443,1,EA,3370.28,3370.28,Stock,2023-01-05,1,2023-01-05,Closed
4500000061,24,2023-01-02,B006,S003,PT03563,339-7237,1,EA,189.45,189.45,Stock,2023-01-05,1,2023-01-05,Closed
4500000062,1,2023-01-02,B006,S001,PT00008,6I-2502,3,EA,65.12,195.36,Stock,2023-01-05,3,2023-01-05,Closed
4500000062,2,2023-01-02,B006,S001,PT03599,353-8329,1,EA,265.08,265.08,Stock,2023-01-05,1,2023-01-04,Closed
4500000062,3,2023-01-02,B006,S001,PT04223,434-5224,1,EA,1.36,1.36,Stock,2023-01-05,1,2023-01-05,Closed
4500000062,4,2023-01-02,B006,S001,PT02688,495-6034,1,EA,12417.56,12417.56,Stock,2023-01-05,1,2023-01-05,Closed
4500000062,5,2023-01-02,B006,S001,PT04236,427-9914,1,EA,0.67,0.67,Stock,2023-01-05,1,2023-01-05,Closed
4500000062,6,2023-01-02,B006,S001,PT02244,6E-8211,1,EA,91.45,91.45,Stock,2023-01-05,1,2023-01-05,Closed
4500000062,7,2023-01-02,B006,S001,PT03843,494-0908,1,EA,583.47,583.47,Stock,2023-01-05,1,2023-01-04,Closed
4500000062,8,2023-01-02,B006,S001,PT00263,267-7540,1,EA,277.59,277.59,Stock,2023-01-05,1,2023-01-04,Closed
4500000062,9,2023-01-02,B006,S001,PT00270,9I-4590,1,EA,209.6,209.6,Stock,2023-01-05,1,2023-01-04,Closed
4500000062,10,2023-01-02,B006,S001,PT00837,495-0440,1,EA,68.03,68.03,Stock,2023-01-05,1,2023-01-05,Closed
4500000062,11,2023-01-02,B006,S001,PT01358,487-3360,1,EA,688.93,688.93,Stock,2023-01-05,1,2023-01-04,Closed
4500000062,12,2023-01-02,B006,S001,PT01361,1P-3905,1,EA,958.74,958.74,Stock,2023-01-05,1,2023-01-09,Closed
4500000062,13,2023-01-02,B006,S001,PT00344,373-6759,1,EA,3683.66,3683.66,Stock,2023-01-05,1,2023-01-04,Closed
4500000062,14,2023-01-02,B006,S001,PT02407,5P-2189,1,EA,205.5,205.5,Stock,2023-01-05,1,2023-01-05,Closed
4500000062,15,2023-01-02,B006,S001,PT03432,1C-8057,1,EA,1792.1,1792.1,Stock,2023-01-05,1,2023-01-05,Closed
4500000062,16,2023-01-02,B006,S001,PT02408,4V-3374,2,EA,154.7,309.4,Stock,2023-01-05,2,2023-01-04,Closed
4500000062,17,2023-01-02,B006,S114,PT00884,443-1675,1,EA,3140.14,3140.14,Stock,2023-01-05,1,2023-01-04,Closed
4500000062,18,2023-01-02,B006,S001,PT02425,6U-8135,1,EA,150.19,150.19,Stock,2023-01-05,1,2023-01-05,Closed
4500000062,19,2023-01-02,B006,S001,PT00925,315-3840,1,EA,797.54,797.54,Stock,2023-01-05,1,2023-01-05,Closed
4500000062,20,2023-01-02,B006,S001,PT04024,8A-0813,1,EA,2.45,2.45,Stock,2023-01-05,1,2023-01-05,Closed
4500000063,1,2023-01-02,B006,S009,PT02070,6I-5833,1,EA,327.59,327.59,Stock,2023-01-30,1,2023-01-30,Closed
4500000063,2,2023-01-02,B006,S009,PT02129,186-8763,1,EA,2074.53,2074.53,Stock,2023-01-30,1,2023-01-26,Closed
4500000063,3,2023-01-02,B006,S009,PT00284,8G-8169,1,EA,276.21,276.21,Stock,2023-01-30,1,2023-01-30,Closed
4500000063,4,2023-01-02,B006,S009,PT00308,7Y-3066,1,EA,3385.74,3385.74,Stock,2023-01-30,1,2023-01-27,Closed
4500000063,5,2023-01-02,B006,S009,PT02016,3J-0928,1,EA,39.99,39.99,Stock,2023-01-30,1,2023-01-30,Closed
4500000064,1,2023-01-02,B006,S035,PT03652,4C-9550,1,EA,198.6,198.6,Stock,2023-01-10,1,2023-01-10,Closed
4500000064,2,2023-01-02,B006,S035,PT03697,5U-1322,1,EA,310.72,310.72,Stock,2023-01-10,1,2023-01-09,Closed
4500000065,1,2023-01-02,B006,S002,PT03668,545-3037,1,EA,250.73,250.73,Stock,2023-01-04,1,2023-01-04,Closed
4500000065,2,2023-01-02,B006,S002,PT01659,7V-3911,5,EA,40.96,204.8,Stock,2023-01-04,5,2023-01-04,Closed
4500000065,3,2023-01-02,B006,S002,PT00695,125-1414,1,EA,5774.75,5774.75,Stock,2023-01-04,1,2023-01-04,Closed
4500000065,4,2023-01-02,B006,S002,PT02747,4J-6035,1,EA,5387.93,5387.93,Stock,2023-01-04,1,2023-01-04,Closed
4500000065,5,2023-01-02,B006,S002,PT01743,5E-2917,2,EA,67.94,135.88,Stock,2023-01-04,2,2023-01-16,Closed
4500000065,6,2023-01-02,B006,S002,PT01747,406-9949,2,EA,90.81,181.62,Stock,2023-01-04,2,2023-01-04,Closed
4500000065,7,2023-01-02,B006,S002,PT04313,2R-6607,1,EA,13873.58,13873.58,Stock,2023-01-04,1,2023-01-04,Closed
4500000065,8,2023-01-02,B006,S002,PT00219,285-9988,1,EA,1736.13,1736.13,Stock,2023-01-04,1,2023-01-04,Closed
4500000065,9,2023-01-02,B006,S002,PT01786,8M-1538,2,EA,84.53,169.06,Stock,2023-01-04,2,2023-01-04,Closed
4500000065,10,2023-01-02,B006,S002,PT01928,2L-6710,1,EA,72.37,72.37,Stock,2023-01-04,1,2023-01-04,Closed
4500000065,11,2023-01-02,B006,S002,PT02987,201-9880,1,EA,3850.97,3850.97,Stock,2023-01-04,1,2023-01-04,Closed
4500000065,12,2023-01-02,B006,S002,PT00441,596-8532,1,EA,156.07,156.07,Stock,2023-01-04,1,2023-01-04,Closed
4500000065,13,2023-01-02,B006,S002,PT04063,263-0063,7,EA,1.59,11.13,Stock,2023-01-04,7,2023-01-04,Closed
4500000065,14,2023-01-02,B006,S002,PT04090,8D-2207,6,EA,2.9,17.4,Stock,2023-01-04,6,2023-01-04,Closed
4500000065,15,2023-01-02,B006,S002,PT04093,6V-7738,12,EA,3.44,41.28,Stock,2023-01-04,12,2023-01-10,Closed
4500000066,1,2023-01-02,B006,S021,PT01670,7S-1850,2,EA,60.85,121.7,Stock,2023-01-11,2,2023-01-10,Closed
4500000066,2,2023-01-02,B006,S021,PT01776,281-9306,1,EA,37.31,37.31,Stock,2023-01-11,1,2023-01-09,Closed
4500000067,1,2023-01-02,B006,S016,PT04233,4Y-6226,1,EA,0.9,0.9,Stock,2023-01-09,1,2023-01-09,Closed
4500000068,1,2023-01-02,B006,S006,PT01745,6V-2966,1,EA,33.4,33.4,Stock,2023-01-12,1,2023-01-13,Closed
4500000068,2,2023-01-02,B006,S006,PT01773,8M-9527,8,EA,86.09,688.72,Stock,2023-01-12,8,2023-01-13,Closed
4500000069,1,2023-01-02,B006,S007,PT00892,531-1290,1,EA,4543.68,4543.68,Stock,2023-01-16,1,2023-01-12,Closed
4500000070,1,2023-01-02,B006,S026,PT00395,427-3872,1,EA,365.31,365.31,Stock,2023-01-17,1,2023-01-16,Closed
4500000070,2,2023-01-02,B006,S026,PT00425,378-1493,1,EA,89.26,89.26,Stock,2023-01-17,1,2023-01-13,Closed
4500000070,3,2023-01-02,B006,S026,PT00497,174-1594,2,EA,106.73,213.46,Stock,2023-01-17,2,2023-01-16,Closed
4500000071,1,2023-01-02,B006,S011,PT00408,6M-3360,1,EA,463.92,463.92,Stock,2023-01-20,1,2023-02-06,Closed
4500000071,2,2023-01-02,B006,S011,PT00458,377-9784,1,EA,178.11,178.11,Stock,2023-01-20,1,2023-01-16,Closed
4500000072,1,2023-01-02,B006,S034,PT03525,7I-2181,1,EA,17.08,17.08,Stock,2023-01-09,1,2023-01-09,Closed
4500000073,1,2023-01-02,B007,S003,PT02566,131-4669,1,EA,11028.5,11028.5,Stock,2023-01-05,1,2023-01-05,Closed
4500000073,2,2023-01-02,B007,S003,PT01547,362-8135,1,EA,176.4,176.4,Stock,2023-01-05,1,2023-01-05,Closed
4500000073,3,2023-01-02,B007,S003,PT00568,5G-0353,3,EA,54.17,162.51,Stock,2023-01-05,3,2023-01-05,Closed
4500000073,4,2023-01-02,B007,S003,PT02626,6R-8215,1,EA,5975.92,5975.92,Stock,2023-01-05,1,2023-01-05,Closed
4500000073,5,2023-01-02,B007,S003,PT04225,376-0185,2,EA,0.7,1.4,Stock,2023-01-05,2,2023-01-05,Closed
4500000073,6,2023-01-02,B007,S003,PT04230,2L-7941,4,EA,0.79,3.16,Stock,2023-01-05,4,2023-01-09,Closed
4500000073,7,2023-01-02,B007,S003,PT00156,1U-5160,1,EA,582.73,582.73,Stock,2023-01-05,1,2023-01-05,Closed
4500000073,8,2023-01-02,B007,S003,PT01718,8X-5006,1,EA,22.59,22.59,Stock,2023-01-05,1,2023-01-05,Closed
4500000073,9,2023-01-02,B007,S003,PT01753,9U-7614,1,EA,86.45,86.45,Stock,2023-01-05,1,2023-01-05,Closed
4500000073,10,2023-01-02,B007,S003,PT02280,7T-7176,1,EA,36.85,36.85,Stock,2023-01-05,1,2023-01-04,Closed
4500000073,11,2023-01-02,B007,S003,PT04345,528-8164,1,EA,7428.14,7428.14,Stock,2023-01-05,1,2023-01-04,Closed
4500000073,12,2023-01-02,B007,S003,PT01787,4K-0418,2,EA,69.94,139.88,Stock,2023-01-05,2,2023-01-06,Closed
4500000073,13,2023-01-02,B007,S003,PT03983,8L-7331,3,EA,2.49,7.47,Stock,2023-01-05,3,2023-01-09,Closed
4500000073,14,2023-01-02,B007,S003,PT01437,1V-1078,1,EA,756.92,756.92,Stock,2023-01-05,1,2023-01-05,Closed
4500000073,15,2023-01-02,B007,S003,PT02975,8R-8006,1,EA,4046.01,4046.01,Stock,2023-01-05,1,2023-01-05,Closed
4500000073,16,2023-01-02,B007,S003,PT00427,2A-0779,1,EA,199.35,199.35,Stock,2023-01-05,1,2023-01-05,Closed
4500000073,17,2023-01-02,B007,S003,PT03006,3R-6348,1,EA,2480.76,2480.76,Stock,2023-01-05,1,2023-01-09,Closed
4500000073,18,2023-01-02,B007,S003,PT03016,3G-3443,1,EA,3370.28,3370.28,Stock,2023-01-05,1,2023-01-05,Closed
4500000073,19,2023-01-02,B007,S003,PT00459,369-5880,2,EA,136.88,273.76,Stock,2023-01-05,2,2023-01-05,Closed
4500000073,20,2023-01-02,B007,S003,PT03564,145-4031,1,EA,171.06,171.06,Stock,2023-01-05,1,2023-01-09,Closed
4500000074,1,2023-01-02,B007,S001,PT04103,1X-4789,2,EA,3.28,6.56,Stock,2023-01-05,2,2023-01-05,Closed
4500000074,2,2023-01-02,B007,S001,PT01556,3S-0196,1,EA,123.71,123.71,Stock,2023-01-05,1,2023-01-05,Closed
4500000074,3,2023-01-02,B007,S001,PT00557,2E-0434,1,EA,128.79,128.79,Stock,2023-01-05,1,2023-01-05,Closed
4500000074,4,2023-01-02,B007,S001,PT01631,550-1989,1,EA,197.05,197.05,Stock,2023-01-05,1,2023-01-05,Closed
4500000074,5,2023-01-02,B007,S001,PT03171,3S-0886,1,EA,135.93,135.93,Stock,2023-01-05,1,2023-01-05,Closed
4500000074,6,2023-01-02,B007,S001,PT04213,3U-4743,3,EA,0.81,2.43,Stock,2022-12-19,3,2023-01-05,Closed
4500000074,7,2023-01-02,B007,S001,PT02186,4D-0579,1,EA,696.71,696.71,Stock,2023-01-05,1,2023-01-04,Closed
4500000074,8,2023-01-02,B007,S001,PT01717,560-6984,1,EA,49.33,49.33,Stock,2023-01-05,1,2023-01-05,Closed
4500000074,9,2023-01-02,B007,S001,PT02237,5C-7935,2,EA,1417.73,2835.46,Stock,2023-01-05,2,2023-01-05,Closed
4500000074,10,2023-01-02,B007,S001,PT01727,412-6683,10,EA,68.31,683.1,Stock,2023-01-05,10,2023-01-05,Closed
4500000074,11,2023-01-02,B007,S001,PT01751,492-1705,1,EA,36.0,36.0,Stock,2023-01-05,1,2023-01-04,Closed
4500000074,12,2023-01-02,B007,S001,PT03296,588-3524,1,EA,317.18,317.18,Stock,2023-01-05,1,2023-01-05,Closed
4500000074,13,2023-01-02,B007,S001,PT00232,498-2403,1,EA,2781.58,2781.58,Stock,2023-01-05,1,2023-01-05,Closed
4500000074,14,2023-01-02,B007,S001,PT00244,9T-0651,1,EA,2694.58,2694.58,Stock,2023-01-05,1,2023-01-04,Closed
4500000074,15,2023-01-02,B007,S001,PT00298,101-5516,1,EA,140.89,140.89,Stock,2023-01-05,1,2023-01-05,Closed
4500000074,16,2023-01-02,B007,S001,PT02882,3C-4612,1,EA,95.85,95.85,Stock,2023-01-05,1,2023-01-05,Closed
4500000074,17,2023-01-02,B007,S001,PT01351,5X-0405,1,EA,810.49,810.49,Stock,2023-01-05,1,2023-01-04,Closed
4500000074,18,2023-01-02,B007,S001,PT00436,1C-5307,1,EA,190.3,190.3,Stock,2023-01-05,1,2023-01-05,Closed
4500000074,19,2023-01-02,B007,S001,PT01979,502-5624,1,EA,51.12,51.12,Stock,2023-01-05,1,2023-01-05,Closed
4500000074,20,2023-01-02,B007,S001,PT02502,181-9825,1,EA,3026.28,3026.28,Stock,2023-01-05,1,2023-01-05,Closed
4500000074,21,2023-01-02,B007,S001,PT00979,580-8631,1,EA,483.91,483.91,Stock,2023-01-05,1,2023-01-05,Closed
4500000074,22,2023-01-02,B007,S001,PT02003,275-5311,1,EA,81.11,81.11,Stock,2023-01-05,1,2023-01-04,Closed
4500000074,23,2023-01-02,B007,S001,PT02529,235-0052,1,EA,6557.32,6557.32,Stock,2023-01-05,1,2023-01-05,Closed
4500000074,24,2023-01-02,B007,S001,PT02020,1U-4104,1,EA,34.28,34.28,Stock,2023-01-05,1,2023-01-05,Closed
4500000075,1,2023-01-02,B007,S009,PT02040,443-3554,1,EA,277.76,277.76,Stock,2023-01-30,1,2023-02-16,Closed
4500000075,2,2023-01-02,B007,S009,PT02147,9A-9021,1,EA,2326.76,2326.76,Stock,2023-01-30,1,2023-01-30,Closed
4500000075,3,2023-01-02,B007,S009,PT00182,167-0121,1,EA,265.65,265.65,Stock,2023-01-30,1,2023-01-30,Closed
4500000075,4,2023-01-02,B007,S009,PT00332,1J-7681,1,EA,6891.61,6891.61,Stock,2023-01-30,1,2023-01-30,Closed
4500000075,5,2023-01-02,B007,S009,PT00349,1E-7009,1,EA,7259.19,7259.19,Stock,2023-01-30,1,2023-01-24,Closed
4500000075,6,2023-01-02,B007,S009,PT01930,558-1017,0,EA,100.63,100.63,Stock,2023-01-30,1,2023-02-06,Closed
4500000076,1,2023-01-02,B007,S016,PT04119,6B-7429,3,EA,5.24,15.72,Stock,2023-01-09,3,2023-01-09,Closed
4500000076,2,2023-01-02,B007,S016,PT04162,564-8991,2,EA,0.55,1.1,Stock,2023-01-09,2,2023-01-09,Closed
4500000076,3,2023-01-02,B007,S016,PT04186,5L-4209,3,EA,0.62,1.86,Stock,2023-01-09,3,2023-01-09,Closed
4500000076,4,2023-01-02,B007,S016,PT04041,582-2566,2,EA,1.93,3.86,Stock,2023-01-09,2,2023-01-09,Closed
4500000077,1,2023-01-02,B007,S034,PT03610,3D-3295,1,EA,277.34,277.34,Stock,2023-01-09,1,2023-01-09,Closed
4500000078,1,2023-01-02,B007,S002,PT02600,9J-4642,1,EA,11657.92,11657.92,Stock,2023-01-04,1,2023-01-04,Closed
4500000078,2,2023-01-02,B007,S002,PT02098,2V-6777,1,EA,458.88,458.88,Stock,2023-01-04,1,2023-01-04,Closed
4500000078,3,2023-01-02,B007,S002,PT02202,431-9871,1,EA,882.61,882.61,Stock,2023-01-04,1,2023-01-04,Closed
4500000078,4,2023-01-02,B007,S002,PT03745,6U-0454,1,EA,63.5,63.5,Stock,2023-01-04,1,2023-01-04,Closed
4500000078,5,2023-01-02,B007,S002,PT02241,5N-7132,1,EA,1388.89,1388.89,Stock,2023-01-04,1,2023-01-04,Closed
4500000078,6,2023-01-02,B007,S002,PT02286,4G-2301,2,EA,36.38,72.76,Stock,2023-01-04,2,2023-01-04,Closed
4500000078,7,2023-01-02,B007,S002,PT00751,1M-9842,1,EA,6065.12,6065.12,Stock,2023-01-04,1,2023-01-03,Closed
4500000078,8,2023-01-02,B007,S002,PT02292,304-1740,1,EA,36.01,36.01,Stock,2023-01-04,1,2023-01-03,Closed
4500000078,9,2023-01-02,B007,S002,PT01794,7K-3204,1,EA,40.34,40.34,Stock,2023-01-04,1,2023-01-04,Closed
4500000078,10,2023-01-02,B007,S002,PT00806,317-0470,1,EA,80.28,80.28,Stock,2023-01-04,1,2023-01-04,Closed
4500000078,11,2023-01-02,B007,S002,PT01850,367-1004,1,EA,3283.48,3283.48,Stock,2023-01-04,1,2023-01-04,Closed
4500000078,12,2023-01-02,B007,S002,PT00367,4F-3985,1,EA,403.61,403.61,Stock,2023-01-04,1,2023-01-04,Closed
4500000078,13,2023-01-02,B007,S002,PT01918,8R-5417,2,EA,54.45,108.9,Stock,2023-01-04,2,2023-01-03,Closed
4500000078,14,2023-01-02,B007,S002,PT02434,148-1228,2,EA,129.06,258.12,Stock,2023-01-04,2,2023-01-04,Closed
4500000078,15,2023-01-02,B007,S002,PT02481,123-2312,1,EA,4025.44,4025.44,Stock,2023-01-04,1,2023-01-04,Closed
4500000078,16,2023-01-02,B007,S002,PT01997,4K-6614,1,EA,55.66,55.66,Stock,2023-01-04,1,2023-01-04,Closed
4500000078,17,2023-01-02,B007,S002,PT03580,461-8700,1,EA,188.7,188.7,Stock,2023-01-04,1,2023-01-04,Closed
4500000078,18,2023-01-02,B007,S002,PT02047,554-4079,1,EA,309.96,309.96,Stock,2023-01-04,1,2023-01-04,Closed
4500000079,1,2023-01-02,B007,S021,PT01692,9B-5922,1,EA,39.83,39.83,Stock,2023-01-11,1,2023-01-10,Closed
4500000080,1,2023-01-02,B007,S011,PT02207,404-8352,5,EA,830.77,4153.85,Stock,2023-01-20,5,2023-01-23,Closed
4500000080,2,2023-01-02,B007,S011,PT02235,493-9136,1,EA,1317.79,1317.79,Stock,2023-01-20,1,2023-01-20,Closed
4500000080,3,2023-01-02,B007,S011,PT02273,1C-3020,3,EA,85.89,257.67,Stock,2023-01-20,3,2023-01-20,Closed
4500000081,1,2023-01-02,B007,S006,PT01708,3N-2833,1,EA,31.4,31.4,Stock,2023-01-12,1,2023-01-12,Closed
4500000081,2,2023-01-02,B007,S006,PT01745,6V-2966,2,EA,33.4,66.8,Stock,2023-01-12,2,2023-01-10,Closed
4500000082,1,2023-01-02,B007,S026,PT02226,292-3628,1,EA,1124.23,1124.23,Stock,2023-01-17,1,2023-01-25,Closed
4500000082,2,2023-01-02,B007,S026,PT02442,2K-7884,1,EA,160.59,160.59,Stock,2023-01-17,1,2023-01-16,Closed
4500000082,3,2023-01-02,B007,S026,PT00395,427-3872,1,EA,365.31,365.31,Stock,2023-01-17,1,2023-01-18,Closed
4500000082,4,2023-01-02,B007,S026,PT00406,5P-6502,1,EA,223.9,223.9,Stock,2023-01-17,1,2023-01-19,Closed
4500000083,1,2023-01-02,B007,S027,PT04369,101-3509,1,EA,344.38,344.38,Stock,2023-02-13,1,2023-02-09,Closed
4500000084,1,2023-01-02,B007,S007,PT00870,158-9831,1,EA,2463.24,2463.24,Stock,2023-01-16,1,2023-01-11,Closed
4500000085,1,2023-01-02,B007,S023,PT00894,8B-6280,1,EA,2979.42,2979.42,Stock,2023-01-23,1,2023-01-20,Closed
4500000086,1,2023-01-02,B007,S029,PT03510,398-4940,1,EA,34.39,34.39,Stock,2023-01-16,1,2023-01-30,Closed
4500000087,1,2023-01-02,B008,S002,PT00772,4X-4125,1,EA,63.42,63.42,Stock,2023-01-04,1,2023-01-04,Closed
4500000087,2,2023-01-02,B008,S002,PT03643,515-8490,1,EA,283.31,283.31,Stock,2023-01-04,1,2023-01-04,Closed
4500000087,3,2023-01-02,B008,S002,PT00600,9E-1533,1,EA,100.44,100.44,Stock,2023-01-04,1,2023-01-04,Closed
4500000087,4,2023-01-02,B008,S002,PT01460,6I-0860,1,EA,1000.28,1000.28,Stock,2023-01-04,1,2023-01-04,Closed
4500000087,5,2023-01-02,B008,S002,PT00970,7V-2838,1,EA,700.33,700.33,Stock,2023-01-04,1,2023-01-03,Closed
4500000087,6,2023-01-02,B008,S002,PT01759,9U-3723,1,EA,31.06,31.06,Stock,,1,2023-01-04,Closed
4500000087,7,2023-01-02,B008,S002,PT00738,5D-7222,1,EA,4375.69,4375.69,Stock,2023-01-04,1,2023-01-04,Closed
4500000087,8,2023-01-02,B008,S002,PT03059,5X-3168,1,EA,1177.1,1177.1,Stock,2023-01-04,1,2023-01-04,Closed
4500000087,9,2023-01-02,B008,S002,PT00505,1M-1092,2,EA,123.18,246.36,Stock,2023-01-04,2,2023-01-04,Closed
4500000088,1,2023-01-02,B008,S003,PT01288,149-1823,1,EA,20.24,20.24,Stock,2023-01-05,1,2023-01-05,Closed
4500000088,2,2023-01-02,B008,S003,PT01289,206-6376,1,EA,15.12,15.12,Stock,2023-01-05,1,2023-01-04,Closed
4500000088,3,2023-01-02,B008,S003,PT03890,2D-6732,1,EA,532.95,532.95,Stock,2023-01-05,1,2023-01-05,Closed
4500000088,4,2023-01-02,B008,S003,PT02106,196-6747,1,EA,523.08,523.08,Stock,2023-01-05,1,2023-01-04,Closed
4500000088,5,2023-01-02,B008,S003,PT04154,9B-3690,1,EA,1.36,1.36,Stock,2023-01-05,1,2023-01-05,Closed
4500000088,6,2023-01-02,B008,S003,PT03981,434-3557,4,EA,2.89,11.56,Stock,2023-01-05,4,2023-01-05,Closed
4500000088,7,2023-01-02,B008,S003,PT00413,8C-6717,1,EA,140.67,140.67,Stock,2023-01-05,1,2023-01-04,Closed
4500000088,8,2023-01-02,B008,S003,PT00693,3R-2105,1,EA,5673.54,5673.54,Stock,2023-01-05,1,2023-01-04,Closed
4500000088,9,2023-01-02,B008,S003,PT01754,487-1786,2,EA,84.41,168.82,Stock,2023-01-05,2,2023-01-05,Closed
4500000089,1,2023-01-02,B008,S027,PT04369,101-3509,1,EA,344.38,344.38,Stock,2023-02-13,1,2023-02-07,Closed
4500000090,1,2023-01-02,B008,S001,PT04134,578-5732,1,EA,4.5,4.5,Stock,2023-01-05,1,2023-01-04,Closed
4500000090,2,2023-01-02,B008,S001,PT01575,4J-1038,1,EA,217.15,217.15,Stock,2023-01-05,1,2023-01-04,Closed
4500000090,3,2023-01-02,B008,S001,PT01361,1P-3905,1,EA,958.74,958.74,Stock,2023-01-05,1,2023-01-04,Closed
4500000090,4,2023-01-02,B008,S001,PT03969,2A-0494,1,EA,1.26,1.26,Stock,2023-01-05,1,2023-01-04,Closed
4500000090,5,2023-01-02,B008,S001,PT04237,6D-9015,4,EA,1.58,6.32,Stock,2023-01-05,4,2023-01-05,Closed
4500000090,6,2023-01-02,B008,S001,PT01685,6L-1105,1,EA,47.2,47.2,Stock,2023-01-05,1,2023-01-05,Closed
4500000090,7,2023-01-02,B008,S001,PT04040,4L-9807,2,EA,2.43,4.86,Stock,2023-01-05,2,2023-01-05,Closed
4500000090,8,2023-01-02,B008,S001,PT04084,1W-0466,1,EA,5.99,5.99,Stock,2023-01-05,1,2023-01-05,Closed
4500000091,1,2023-01-02,B008,S016,PT04146,2C-5624,3,EA,1.2,3.6,Stock,2023-01-09,3,2023-01-09,Closed
4500000091,2,2023-01-02,B008,S016,PT04186,5L-4209,7,EA,0.62,4.34,Stock,2023-01-09,7,2023-01-09,Closed
4500000091,3,2023-01-02,B008,S016,PT04013,361-7574,3,EA,2.9,8.7,Stock,2023-01-09,3,2023-01-09,Closed
4500000091,4,2023-01-02,B008,S016,PT04076,322-3983,2,EA,5.68,11.36,Stock,2023-01-09,2,2023-01-09,Closed
4500000092,1,2023-01-02,B008,S031,PT00853,379-5087,1,EA,52.25,52.25,Stock,2023-01-05,1,2023-01-05,Closed
4500000093,1,2023-01-02,B008,S011,PT02417,3D-0476,1,EA,304.46,304.46,Stock,2023-01-20,1,2023-01-20,Closed
4500000093,2,2023-01-02,B008,S011,PT00393,4X-9465,8,EA,172.23,1377.84,Stock,2023-01-20,8,2023-01-26,Closed
4500000093,3,2023-01-02,B008,S011,PT00480,484-9080,1,EA,113.54,113.54,Stock,2023-01-20,1,2023-01-17,Closed
4500000094,1,2023-01-02,B008,S023,PT00668,292-5976,1,EA,8687.17,8687.17,Stock,2023-01-23,1,2023-01-24,Closed
4500000095,1,2023-01-02,B008,S006,PT01757,103-8421,1,EA,42.61,42.61,Stock,2023-01-12,1,2023-01-12,Closed
4500000096,1,2023-01-02,B008,S021,PT01770,221-8133,1,EA,66.6,66.6,Stock,2023-01-11,1,2023-01-11,Closed
4500000097,1,2023-01-02,B009,S003,PT00001,1R-0750,1,EA,33.44,33.44,Stock,2023-01-05,1,2023-01-04,Closed
4500000097,2,2023-01-02,B009,S003,PT03594,6I-6974,1,EA,265.02,265.02,Stock,2023-01-05,1,2023-01-05,Closed
4500000097,3,2023-01-02,B009,S003,PT02077,365-5098,1,EA,366.48,366.48,Stock,2023-01-05,1,2023-01-05,Closed
4500000097,4,2023-01-02,B009,S003,PT04128,553-6981,2,EA,5.02,10.04,Stock,2023-01-05,2,2023-01-09,Closed
4500000097,5,2023-01-02,B009,S003,PT00568,5G-0353,1,EA,54.17,54.17,Stock,2023-01-05,1,2023-01-05,Closed
4500000097,6,2023-01-02,B009,S003,PT03161,272-6963,1,EA,91.1,91.1,Stock,2023-01-05,1,2023-01-05,Closed
4500000097,7,2023-01-02,B009,S003,PT01688,8A-3578,2,EA,53.69,107.38,Stock,2023-01-05,2,2023-01-05,Closed
4500000097,8,2023-01-02,B009,S003,PT04280,2M-4527,1,EA,6324.7,6324.7,Stock,2023-01-05,1,2023-01-05,Closed
4500000097,9,2023-01-02,B009,S003,PT02242,352-3496,1,EA,75.31,75.31,Stock,2023-01-05,1,2023-01-09,Closed
4500000097,10,2023-01-02,B009,S003,PT01231,268-6129,1,EA,28.61,28.61,Stock,2023-01-05,1,2023-01-05,Closed
4500000097,11,2023-01-02,B009,S003,PT03345,4G-5561,1,EA,3296.33,3296.33,Stock,2023-01-05,1,2023-01-04,Closed
4500000097,12,2023-01-02,B009,S003,PT02369,476-8638,2,EA,4.35,8.7,Stock,2023-01-05,2,2023-01-05,Closed
4500000097,13,2023-01-02,B009,S003,PT01877,561-7711,1,EA,43.82,43.82,Stock,2023-01-05,1,2023-01-04,Closed
4500000097,14,2023-01-02,B009,S003,PT01879,6W-3769,1,EA,69.35,69.35,Stock,2023-01-05,1,2023-01-04,Closed
4500000097,15,2023-01-02,B009,S003,PT00880,5J-6405,1,EA,4975.39,4975.39,Stock,2023-01-05,1,2023-01-04,Closed
4500000097,16,2023-01-02,B009,S003,PT03458,599-6769,1,EA,23.2,23.2,Stock,2023-01-05,1,2023-01-05,Closed
4500000097,17,2023-01-02,B009,S003,PT02451,4F-8010,2,EA,214.42,428.84,Stock,2023-01-05,2,2023-01-05,Closed
4500000097,18,2023-01-02,B009,S003,PT00924,6S-5454,1,EA,678.22,678.22,Stock,2023-01-05,1,2023-01-04,Closed
4500000097,19,2023-01-02,B009,S003,PT00507,239-6082,1,EA,94.71,94.71,Stock,2023-01-05,1,2023-01-04,Closed
4500000098,1,2023-01-02,B009,S002,PT01544,579-3703,1,EA,219.67,219.67,Stock,2023-01-04,1,2023-01-04,Closed
4500000098,2,2023-01-02,B009,S002,PT04132,302-6972,3,EA,3.53,10.59,Stock,2023-01-04,3,2023-01-04,Closed
4500000098,3,2023-01-02,B009,S002,PT03702,262-5013,1,EA,157.15,157.15,Stock,2023-01-04,1,2023-01-04,Closed
4500000098,4,2023-01-02,B009,S002,PT03200,7U-1522,1,EA,357.77,357.77,Stock,2023-01-04,1,2023-01-04,Closed
4500000098,5,2023-01-02,B009,S002,PT00130,1X-7917,1,EA,368.75,368.75,Stock,2023-01-04,1,2023-01-04,Closed
4500000098,6,2023-01-02,B009,S002,PT02176,295-3720,1,EA,793.59,793.59,Stock,2023-01-04,1,2023-01-04,Closed
4500000098,7,2023-01-02,B009,S002,PT04241,265-7865,2,EA,1.42,2.84,Stock,2023-01-04,2,2023-01-04,Closed
4500000098,8,2023-01-02,B009,S002,PT01734,580-5568,1,EA,76.32,76.32,Stock,2023-01-04,1,2023-01-04,Closed
4500000098,9,2023-01-02,B009,S002,PT03856,593-2563,1,EA,498.03,498.03,Stock,2023-01-04,1,2023-01-04,Closed
4500000098,10,2023-01-02,B009,S002,PT02342,420-5897,2,EA,8.92,17.84,Stock,2023-01-04,2,2023-01-04,Closed
4500000098,11,2023-01-02,B009,S002,PT03941,402-3702,1,EA,114.14,114.14,Stock,2023-01-04,1,2023-01-03,Closed
4500000098,12,2023-01-02,B009,S002,PT03974,1X-8376,1,EA,1.07,1.07,Stock,2023-01-04,1,2023-01-04,Closed
4500000098,13,2023-01-02,B009,S002,PT02456,9N-1029,1,EA,118.62,118.62,Stock,2023-01-04,1,2023-01-04,Closed
4500000098,14,2023-01-02,B009,S002,PT02462,317-5745,1,EA,242.72,242.72,Stock,2023-01-04,1,2023-01-04,Closed
4500000098,15,2023-01-02,B009,S002,PT01463,286-4385,1,EA,1191.12,1191.12,Stock,2023-01-04,1,2023-01-04,Closed
4500000098,16,2023-01-02,B009,S002,PT04047,306-5087,4,EA,2.79,11.16,Stock,2023-01-04,4,2023-01-04,Closed
4500000099,1,2023-01-02,B009,S034,PT03596,9N-8745,1,EA,118.7,118.7,Stock,2023-01-09,1,2023-01-09,Closed
4500000099,2,2023-01-02,B009,S034,PT03551,5A-3685,1,EA,188.28,188.28,Stock,2023-01-09,1,2023-01-09,Closed
4500000100,1,2023-01-02,B009,S016,PT04108,6J-6321,6,EA,3.12,18.72,Stock,2023-01-09,6,2023-01-09,Closed
4500000100,2,2023-01-02,B009,S016,PT04205,205-5027,2,EA,0.56,1.12,Stock,2023-01-09,2,2023-01-09,Closed
4500000100,3,2023-01-02,B009,S016,PT04052,401-3475,0,EA,2.0,8.0,Stock,2023-01-09,4,2023-01-10,Closed
4500000101,1,2023-01-02,B009,S009,PT02070,6I-5833,1,EA,327.59,327.59,Stock,2023-01-30,1,2023-01-27,Closed
4500000101,2,2023-01-02,B009,S009,PT00137,3E-8073,1,EA,421.08,421.08,Stock,2023-01-30,1,2023-02-13,Closed
4500000102,1,2023-01-02,B009,S026,PT00535,1M-3625,1,EA,149.1,149.1,Stock,2023-01-17,1,2023-01-30,Closed
4500000102,2,2023-01-02,B009,S026,PT02226,292-3628,1,EA,1124.23,1124.23,Stock,2023-01-17,1,2023-01-16,Closed
4500000102,3,2023-01-02,B009,S026,PT02362,3N-3493,1,EA,8.03,8.03,Stock,2023-01-17,1,2023-01-16,Closed
4500000102,4,2023-01-02,B009,S026,PT02365,195-2101,1,EA,7.22,7.22,Stock,2023-01-17,1,2023-01-23,Closed
4500000102,5,2023-01-02,B009,S026,PT02409,253-5900,3,EA,253.66,760.98,Stock,2023-01-17,3,2023-01-18,Closed
4500000103,1,2023-01-02,B009,S001,PT00565,170-6202,2,EA,132.3,264.6,Stock,2023-01-05,2,2023-01-05,Closed
4500000103,2,2023-01-02,B009,S001,PT03135,372-5298,1,EA,84.59,84.59,Stock,2023-01-05,1,2023-01-04,Closed
4500000103,3,2023-01-02,B009,S001,PT02171,7V-3698,1,EA,884.43,884.43,Stock,2023-01-05,1,2023-01-05,Closed
4500000103,4,2023-01-02,B009,S001,PT01669,4W-7032,1,EA,56.18,56.18,Stock,2023-01-05,1,2023-01-05,Closed
4500000103,5,2023-01-02,B009,S001,PT02196,437-6318,1,EA,988.75,988.75,Stock,2023-01-05,1,2023-01-05,Closed
4500000103,6,2023-01-02,B009,S001,PT02253,7I-6443,1,EA,82.51,82.51,Stock,2023-01-05,1,2023-01-05,Closed
4500000103,7,2023-01-02,B009,S001,PT01799,1U-3981,2,EA,74.13,148.26,Stock,2023-01-05,2,2023-01-09,Closed
4500000103,8,2023-01-02,B009,S001,PT02340,299-1024,2,EA,6.04,12.08,Stock,2023-01-05,2,2023-01-04,Closed
4500000103,9,2023-01-02,B009,S001,PT00368,526-6745,1,EA,386.05,386.05,Stock,2023-01-05,1,2023-01-05,Closed
4500000103,10,2023-01-02,B009,S001,PT00905,351-2035,1,EA,412.52,412.52,Stock,2023-01-05,1,2023-01-05,Closed
4500000103,11,2023-01-02,B009,S001,PT02447,321-5006,1,EA,160.49,160.49,Stock,2023-01-05,1,2023-01-04,Closed
4500000103,12,2023-01-02,B009,S001,PT02531,512-0985,1,EA,5784.88,5784.88,Stock,2023-01-05,1,2023-01-05,Closed
4500000103,13,2023-01-02,B009,S001,PT03556,516-4088,1,EA,105.41,105.41,Stock,2023-01-05,1,2023-01-05,Closed
4500000103,14,2023-01-02,B009,S001,PT02044,9U-1511,1,EA,448.78,448.78,Stock,2023-01-05,1,2023-01-05,Closed
4500000104,1,2023-01-02,B009,S010,PT02169,1G-5035,1,EA,1320.81,1320.81,Stock,2023-01-23,1,2023-01-18,Closed
4500000104,2,2023-01-02,B009,S010,PT00245,8S-1086,1,EA,1710.94,1710.94,Stock,2023-01-23,1,2023-01-19,Closed
4500000104,3,2023-01-02,B009,S010,PT01945,3W-9027,1,EA,81.04,81.04,Stock,2023-01-23,1,2023-01-17,Closed
4500000104,4,2023-01-02,B009,S010,PT02041,387-3389,1,EA,238.4,238.4,Stock,2023-01-23,1,2023-01-20,Closed
4500000105,1,2023-01-02,B009,S007,PT00635,364-6377,1,EA,117.13,117.13,Stock,2023-01-16,1,2023-01-24,Closed
4500000105,2,2023-01-02,B009,S007,PT00882,587-1809,1,EA,2052.34,2052.34,Stock,2023-01-16,1,2023-01-13,Closed
4500000106,1,2023-01-02,B009,S011,PT02180,1B-5868,1,EA,1274.07,1274.07,Stock,2023-01-20,1,2023-01-16,Closed
4500000106,2,2023-01-02,B009,S011,PT00458,377-9784,1,EA,178.11,178.11,Stock,2023-01-20,1,2023-01-16,Closed
4500000107,1,2023-01-02,B009,S021,PT01664,560-8743,1,EA,28.79,28.79,Stock,2022-11-17,1,2023-01-11,Closed
4500000108,1,2023-01-02,B009,S006,PT01694,3W-4140,1,EA,66.27,66.27,Stock,2023-01-12,1,2023-01-10,Closed
4500000109,1,2023-01-02,B009,S025,PT02786,2M-3111,1,EA,123.79,123.79,Stock,2023-02-03,1,2023-03-02,Closed
4500000110,1,2023-01-02,B009,S015,PT03352,139-9061,1,EA,3385.44,3385.44,Stock,2023-01-09,1,2023-01-09,Closed
4500000111,1,2023-01-02,B009,S022,PT00874,479-6581,1,EA,4541.54,4541.54,Stock,2023-01-16,1,2023-01-12,Closed
4500000112,1,2023-01-02,B010,S002,PT00526,2K-8811,3,EA,142.61,427.83,Stock,2023-01-04,3,2023-01-03,Closed
4500000112,2,2023-01-02,B010,S002,PT00020,2U-3248,1,EA,193.05,193.05,Stock,2023-01-04,1,2023-01-04,Closed
4500000112,3,2023-01-02,B010,S002,PT01557,320-0711,1,EA,178.83,178.83,Stock,2023-01-04,1,2023-01-04,Closed
4500000112,4,2023-01-02,B010,S002,PT02069,9Y-2316,1,EA,475.88,475.88,Stock,2023-01-04,1,2023-01-04,Closed
4500000112,5,2023-01-02,B010,S002,PT02082,119-1996,1,EA,305.03,305.03,Stock,2023-01-04,1,2023-01-09,Closed
4500000112,6,2023-01-02,B010,S002,PT02619,513-8509,1,EA,4525.44,4525.44,Stock,2023-01-04,1,2023-01-04,Closed
4500000112,7,2023-01-02,B010,S002,PT03149,585-2754,1,EA,109.54,109.54,Stock,2023-01-04,1,2023-01-03,Closed
4500000112,8,2023-01-02,B010,S002,PT01676,346-8694,3,EA,43.42,130.26,Stock,2023-01-04,3,2023-01-04,Closed
4500000112,9,2023-01-02,B010,S002,PT01166,598-4404,1,EA,208.51,208.51,Stock,2023-01-04,1,2023-01-04,Closed
4500000112,10,2023-01-02,B010,S002,PT02723,456-9223,1,EA,10268.48,10268.48,Stock,2023-01-04,1,2023-01-04,Closed
4500000112,11,2023-01-02,B010,S002,PT02211,1M-7499,2,EA,687.29,1374.58,Stock,2023-01-04,2,2023-01-09,Closed
4500000112,12,2023-01-02,B010,S002,PT03343,9R-3862,1,EA,2363.3,2363.3,Stock,2022-11-29,1,2023-01-04,Closed
4500000112,13,2023-01-02,B010,S002,PT00369,210-4985,6,EA,224.46,1346.76,Stock,2023-01-04,6,2023-01-04,Closed
4500000112,14,2023-01-02,B010,S002,PT02418,8T-1447,1,EA,215.96,215.96,Stock,2023-01-04,1,2023-01-04,Closed
4500000112,15,2023-01-02,B010,S002,PT00899,158-7312,1,EA,808.66,808.66,Stock,2023-01-04,1,2023-01-04,Closed
4500000112,16,2023-01-02,B010,S002,PT01442,1V-1384,1,EA,1003.1,1003.1,Stock,2023-01-04,1,2023-01-04,Closed
4500000112,17,2023-01-02,B010,S002,PT01958,3R-2359,1,EA,70.65,70.65,Stock,2023-01-04,1,2023-01-04,Closed
4500000112,18,2023-01-02,B010,S002,PT03530,277-3706,1,EA,30.48,30.48,Stock,2023-01-04,1,2023-01-04,Closed
4500000113,1,2023-01-02,B010,S026,PT00532,574-2897,1,EA,140.97,140.97,Stock,2023-01-17,1,,Closed
4500000114,1,2023-01-02,B010,S003,PT00539,443-9585,1,EA,55.05,55.05,Stock,2023-01-05,1,2023-01-05,Closed
4500000114,2,2023-01-02,B010,S003,PT00036,7B-8059,1,EA,251.14,251.14,Stock,2023-01-05,1,2023-01-05,Closed
4500000114,3,2023-01-02,B010,S003,PT02095,5W-5157,1,EA,313.32,313.32,Stock,2023-01-05,1,2023-01-05,Closed
4500000114,4,2023-01-02,B010,S003,PT01620,153-7445,1,EA,158.88,158.88,Stock,2023-01-05,1,2023-01-04,Closed
4500000114,5,2023-01-02,B010,S003,PT00082,300-0682,1,EA,104.46,104.46,Stock,2023-01-05,1,2023-01-04,Closed
4500000114,6,2023-01-02,B010,S003,PT04181,580-1351,12,EA,0.81,9.72,Stock,2023-01-05,12,2023-01-05,Closed
4500000114,7,2023-01-02,B010,S003,PT01146,551-1304,1,EA,211.82,211.82,Stock,2023-01-05,1,2023-01-09,Closed
4500000114,8,2023-01-02,B010,S003,PT00127,316-3094,1,EA,322.86,322.86,Stock,2023-01-05,1,2023-01-05,Closed
4500000114,9,2023-01-02,B010,S003,PT02177,275-2402,2,EA,1090.39,2180.78,Stock,2023-01-05,2,2023-01-05,Closed
4500000114,10,2023-01-02,B010,S003,PT01728,7D-3197,2,EA,38.1,76.2,Stock,2023-01-05,2,2023-01-04,Closed
4500000114,11,2023-01-02,B010,S003,PT00194,4G-8671,1,EA,1818.87,1818.87,Stock,2023-01-05,1,2023-01-09,Closed
4500000114,12,2023-01-02,B010,S003,PT00222,3V-5242,1,EA,2581.65,2581.65,Stock,2023-01-05,1,2023-01-05,Closed
4500000114,13,2023-01-02,B010,S003,PT02295,137-7034,1,EA,51.83,51.83,Stock,2023-01-05,1,2023-01-04,Closed
4500000114,14,2023-01-02,B010,S003,PT04345,528-8164,1,EA,7428.14,7428.14,Stock,2023-01-05,1,2023-01-05,Closed
4500000114,15,2023-01-02,B010,S003,PT01787,4K-0418,1,EA,69.94,69.94,Stock,2023-01-05,1,2023-01-05,Closed
4500000114,16,2023-01-02,B010,S003,PT02821,171-5130,1,EA,110.42,110.42,Stock,2023-01-05,1,2023-01-09,Closed
4500000114,17,2023-01-02,B010,S003,PT00793,193-5635,1,EA,48.39,48.39,Stock,2023-01-05,1,2023-01-05,Closed
4500000114,18,2023-01-02,B010,S003,PT02369,476-8638,2,EA,4.35,8.7,Stock,2023-01-05,2,2023-01-05,Closed
4500000114,19,2023-01-02,B010,S003,PT01366,415-9656,1,EA,920.55,920.55,Stock,2023-01-05,1,2023-01-09,Closed
4500000114,20,2023-01-02,B010,S003,PT00353,271-5490,1,EA,461.56,461.56,Stock,2023-01-05,1,2023-01-04,Closed
4500000114,21,2023-01-02,B010,S003,PT01909,3C-4618,1,EA,66.62,66.62,Stock,2023-01-05,1,2023-01-09,Closed
4500000114,22,2023-01-02,B010,S003,PT01428,8R-2815,1,EA,1138.22,1138.22,Stock,2023-01-05,1,2023-01-05,Closed
4500000114,23,2023-01-02,B010,S003,PT00454,134-6660,2,EA,154.92,309.84,Stock,2023-01-05,2,2023-01-04,Closed
4500000114,24,2023-01-02,B010,S003,PT00972,2C-8876,1,EA,704.21,704.21,Stock,2023-01-05,1,2023-01-05,Closed
4500000114,25,2023-01-02,B010,S003,PT03040,6U-6775,1,EA,1048.07,1048.07,Stock,2023-01-05,1,2023-01-09,Closed
4500000114,26,2023-01-02,B010,S003,PT00485,3A-7154,1,EA,116.69,116.69,Stock,2023-01-05,1,2023-01-04,Closed
4500000114,27,2023-01-02,B010,S003,PT00508,304-5215,2,EA,64.59,129.18,Stock,2023-01-05,2,2023-01-16,Closed
4500000115,1,2023-01-02,B010,S001,PT04129,9L-8694,2,EA,3.03,6.06,Stock,2023-01-05,2,2023-01-05,Closed
4500000115,2,2023-01-02,B010,S001,PT02623,348-9142,1,EA,10220.91,10220.91,Stock,2023-01-05,1,2023-01-04,Closed
4500000115,3,2023-01-02,B010,S001,PT04165,7D-7168,4,EA,0.58,2.32,Stock,2023-01-05,4,2023-01-05,Closed
4500000115,4,2023-01-02,B010,S001,PT00609,3M-4147,1,EA,161.35,161.35,Stock,2023-01-05,1,2023-01-04,Closed
4500000115,5,2023-01-02,B010,S001,PT01647,3W-3165,1,EA,228.61,228.61,Stock,2023-01-05,1,2023-01-04,Closed
4500000115,6,2023-01-02,B010,S001,PT04231,6U-1383,2,EA,0.55,1.1,Stock,2023-01-05,2,2023-01-05,Closed
4500000115,7,2023-01-02,B010,S001,PT02200,442-2577,1,EA,888.69,888.69,Stock,2023-01-05,1,2023-01-05,Closed
4500000115,8,2023-01-02,B010,S001,PT01706,1L-1323,3,EA,23.61,70.83,Stock,2023-01-05,3,2023-01-05,Closed
4500000115,9,2023-01-02,B010,S001,PT02251,7F-5298,1,EA,35.34,35.34,Stock,2023-01-05,1,2023-01-04,Closed
4500000115,10,2023-01-02,B010,S001,PT01766,287-9188,3,EA,83.34,250.02,Stock,2023-01-05,3,2023-01-09,Closed
4500000115,11,2023-01-02,B010,S001,PT02294,1M-9697,3,EA,94.83,284.49,Stock,2023-01-05,3,2023-01-05,Closed
4500000115,12,2023-01-02,B010,S001,PT01861,109-1388,1,EA,54.58,54.58,Stock,2023-01-05,1,2023-01-05,Closed
4500000115,13,2023-01-02,B010,S001,PT02412,554-4475,2,EA,231.32,462.64,Stock,2023-01-05,2,2023-01-05,Closed
4500000115,14,2023-01-02,B010,S001,PT01920,4I-0069,1,EA,42.25,42.25,Stock,2023-01-05,1,2023-01-04,Closed
4500000115,15,2023-01-02,B010,S001,PT03975,6S-7925,4,EA,2.96,11.84,Stock,2023-01-05,4,2023-01-05,Closed
4500000115,16,2023-01-02,B010,S001,PT00934,392-9801,1,EA,514.4,514.4,Stock,2023-01-05,1,2023-01-05,Closed
4500000115,17,2023-01-02,B010,S001,PT00420,343-6869,2,EA,197.1,394.2,Stock,2023-01-05,2,2023-01-05,Closed
4500000115,18,2023-01-02,B010,S001,PT00939,1W-9619,1,EA,627.62,627.62,Stock,2023-01-05,1,2023-01-05,Closed
4500000115,19,2023-01-02,B010,S001,PT00942,3Y-1763,1,EA,527.65,527.65,Stock,2023-01-05,1,2023-01-05,Closed
4500000115,20,2023-01-02,B010,S001,PT00439,449-5069,2,EA,210.86,421.72,Stock,2023-01-05,2,2023-01-18,Closed
4500000115,21,2023-01-02,B010,S001,PT01979,502-5624,1,EA,51.12,51.12,Stock,2023-01-05,1,2023-01-05,Closed
4500000116,1,2023-01-02,B010,S009,PT02084,5C-6059,1,EA,376.97,376.97,Stock,2023-01-30,1,2023-01-27,Closed
4500000116,2,2023-01-02,B010,S009,PT00137,3E-8073,1,EA,421.08,421.08,Stock,2023-01-30,1,2023-01-27,Closed
4500000116,3,2023-01-02,B010,S009,PT00321,544-6175,1,EA,7213.0,7213.0,Stock,2023-01-30,1,2023-01-30,Closed
4500000116,4,2023-01-02,B010,S009,PT01930,558-1017,1,EA,100.63,100.63,Stock,2023-01-30,1,2023-01-30,Closed
4500000117,1,2023-01-02,B010,S010,PT00060,8X-0114,1,EA,185.53,185.53,Stock,2023-01-23,1,2023-01-19,Closed
4500000117,2,2023-01-02,B010,S010,PT00080,289-9313,1,EA,183.9,183.9,Stock,2023-01-23,1,2023-01-25,Closed
4500000117,3,2023-01-02,B010,S010,PT01919,232-7404,1,EA,86.38,86.38,Stock,2023-01-23,1,2023-01-20,Closed
4500000118,1,2023-01-02,B010,S016,PT04215,8F-6607,6,EA,0.96,5.76,Stock,2023-01-09,6,2023-01-09,Closed
4500000119,1,2023-01-02,B010,S007,PT00654,5N-1744,1,EA,186.06,186.06,Stock,2023-01-16,1,2023-01-13,Closed
4500000119,2,2023-01-02,B010,S007,PT00786,552-1060,1,EA,50.63,50.63,Stock,2023-01-16,1,2023-01-12,Closed
4500000120,1,2023-01-02,B010,S028,PT04243,2B-9246,1,EA,15036.29,15036.29,Stock,2023-02-16,1,2023-02-10,Closed
4500000121,1,2023-01-02,B010,S011,PT02195,6X-1862,11,EA,929.03,10219.33,Stock,2023-01-20,11,2023-01-20,Closed
4500000121,2,2023-01-02,B010,S011,PT02240,1J-5735,3,EA,1189.17,3567.51,Stock,2023-01-20,3,2023-01-17,Closed
4500000121,3,2023-01-02,B010,S011,PT00354,267-2262,2,EA,218.74,437.48,Stock,2023-01-20,2,2023-01-23,Closed
4500000122,1,2023-01-02,B010,S006,PT01775,6J-3805,1,EA,48.86,48.86,Stock,2023-01-12,1,2023-01-10,Closed
4500000123,1,2023-01-02,B010,S034,PT01396,460-0059,1,EA,375.07,375.07,Stock,2023-01-09,1,2023-01-10,Closed
4500000124,1,2023-01-02,B010,S015,PT03488,1A-4224,1,EA,13.31,13.31,Stock,2023-01-09,1,2023-01-09,Closed
4500000125,1,2023-01-02,B010,S022,PT02537,565-0908,1,EA,3552.4,3552.4,Stock,2023-01-16,1,2023-01-17,Closed
4500000126,1,2023-01-02,B011,S029,PT03592,4V-3997,1,EA,109.46,109.46,Stock,2023-01-16,1,2023-01-13,Closed
4500000127,1,2023-01-02,B011,S001,PT01034,169-6359,1,EA,409.09,409.09,Stock,2023-01-05,1,2023-01-04,Closed
4500000127,2,2023-01-02,B011,S001,PT04116,202-9021,6,EA,5.52,33.12,Stock,2023-01-05,6,2023-01-19,Closed
4500000127,3,2023-01-02,B011,S001,PT01575,4J-1038,1,EA,217.15,217.15,Stock,2023-01-05,1,2023-01-05,Closed
4500000127,4,2023-01-02,B011,S001,PT02610,147-9005,1,EA,7819.92,7819.92,Stock,2023-01-05,1,2023-01-05,Closed
4500000127,5,2023-01-02,B011,S001,PT04177,286-0608,2,EA,1.12,2.24,Stock,2023-01-05,2,2023-01-05,Closed
4500000127,6,2023-01-02,B011,S001,PT02161,3X-7130,-1,EA,1570.86,1570.86,Stock,2023-01-05,1,2023-01-05,Closed
4500000127,7,2023-01-02,B011,S001,PT01672,112-9912,1,EA,53.56,53.56,Stock,2023-01-05,1,2023-01-04,Closed
4500000127,8,2023-01-02,B011,S001,PT01687,132-7855,2,EA,52.13,104.26,Stock,2023-01-05,2,2023-01-05,Closed
4500000127,9,2023-01-02,B011,S001,PT01183,164-8590,1,EA,131.92,131.92,Stock,2023-01-05,1,2023-01-05,Closed
4500000127,10,2023-01-02,B011,S001,PT01710,166-3942,2,EA,36.47,72.94,Stock,2023-01-05,2,2023-01-04,Closed
4500000127,11,2023-01-02,B011,S001,PT01731,528-8982,1,EA,42.45,42.45,Stock,2023-01-05,1,2023-01-05,Closed
4500000127,12,2023-01-02,B011,S001,PT04361,277-4413,1,EA,180.87,180.87,Stock,2023-01-05,1,2023-01-04,Closed
4500000127,13,2023-01-02,B011,S001,PT02404,3T-2533,1,EA,3.93,3.93,Stock,,1,2023-01-04,Closed
4500000127,14,2023-01-02,B011,S001,PT02421,6U-5728,1,EA,316.17,316.17,Stock,2023-01-05,1,2023-01-04,Closed
4500000127,15,2023-01-02,B011,S001,PT00388,7R-9705,6,EA,213.02,1278.12,Stock,2023-01-05,6,2023-01-06,Closed
4500000127,16,2023-01-02,B011,S001,PT01954,108-3407,1,EA,93.86,93.86,Stock,2023-01-05,1,2023-01-05,Closed
4500000127,17,2023-01-02,B011,S001,PT00421,4X-4483,1,EA,152.79,152.79,Stock,2023-01-05,1,2023-01-05,Closed
4500000127,18,2023-01-02,B011,S001,PT03520,9W-9937,0,EA,34.63,34.63,Stock,2023-01-05,1,2023-01-04,Closed
4500000127,19,2023-01-02,B011,S001,PT02037,7X-6752,1,EA,321.83,321.83,Stock,2023-01-05,1,2023-01-04,Closed
4500000127,20,2023-01-02,B011,S001,PT04086,8H-6222,1,EA,3.48,3.48,Stock,2023-01-05,1,2023-01-05,Closed
4500000128,1,2023-01-02,B011,S002,PT00526,2K-8811,4,EA,142.61,570.44,Stock,2023-01-04,4,2023-01-04,Closed
4500000128,2,2023-01-02,B011,S002,PT04174,325-6593,1,EA,1.15,1.15,Stock,2023-01-04,1,2023-01-04,Closed
4500000128,3,2023-01-02,B011,S002,PT01619,157-7825,1,EA,254.49,254.49,Stock,2023-01-04,1,2023-01-04,Closed
4500000128,4,2023-01-02,B011,S002,PT03156,6X-2084,1,EA,134.09,134.09,Stock,2023-01-04,1,2023-01-03,Closed
4500000128,5,2023-01-02,B011,S002,PT02152,6P-1035,1,EA,1441.23,1441.23,Stock,2023-01-04,1,2023-01-04,Closed
4500000128,6,2023-01-02,B011,S002,PT00638,9G-3263,1,EA,83.62,83.62,Stock,2022-11-11,1,2023-01-04,Closed
4500000128,7,2023-01-02,B011,S002,PT01673,387-8186,1,EA,43.42,43.42,Stock,2023-01-04,1,2023-01-04,Closed
4500000128,8,2023-01-02,B011,S002,PT01690,7D-1694,2,EA,29.29,58.58,Stock,2023-01-04,2,2023-01-04,Closed
4500000128,9,2023-01-02,B011,S002,PT02218,564-7237,2,EA,755.52,1511.04,Stock,2023-01-04,2,2023-01-13,Closed
4500000128,10,2023-01-02,B011,S002,PT02241,5N-7132,1,EA,1388.89,1388.89,Stock,2023-01-04,1,2023-01-04,Closed
4500000128,11,2023-01-02,B011,S002,PT03342,401-2991,1,EA,2833.78,2833.78,Stock,2023-01-04,1,2023-01-09,Closed
4500000128,12,2023-01-02,B011,S002,PT01870,142-0879,1,EA,41.95,41.95,Stock,2023-01-04,1,2023-01-04,Closed
4500000128,13,2023-01-02,B011,S002,PT00377,527-1509,4,EA,273.21,1092.84,Stock,2023-01-04,4,2023-01-04,Closed
4500000128,14,2023-01-02,B011,S002,PT00433,130-3432,4,EA,121.11,484.44,Stock,2023-01-04,4,2023-01-03,Closed
4500000129,1,2023-01-02,B011,S016,PT04118,3N-8545,5,EA,3.03,15.15,Stock,2023-01-09,5,2023-01-09,Closed
4500000129,2,2023-01-02,B011,S016,PT04008,397-0626,7,EA,2.29,16.03,Stock,2023-01-09,7,2023-01-09,Closed
4500000129,3,2023-01-02,B011,S016,PT04043,117-7452,1,EA,2.5,2.5,Stock,2023-01-09,1,2023-01-09,Closed
4500000129,4,2023-01-02,B011,S016,PT04057,587-7856,7,EA,2.28,15.96,Stock,2023-01-09,7,2023-01-09,Closed
4500000130,1,2023-01-02,B011,S003,PT02592,2B-6038,1,EA,6996.77,6996.77,Stock,2023-01-05,1,2023-01-09,Closed
4500000130,2,2023-01-02,B011,S003,PT00549,3H-1357,2,EA,146.7,293.4,Stock,2023-01-05,2,2023-01-05,Closed
4500000130,3,2023-01-02,B011,S003,PT04172,178-6057,2,EA,0.99,1.98,Stock,2023-01-05,2,2023-01-04,Closed
4500000130,4,2023-01-02,B011,S003,PT04201,3R-5558,13,EA,0.54,7.02,Stock,2023-01-05,13,2023-01-05,Closed
4500000130,5,2023-01-02,B011,S003,PT01149,6H-9176,1,EA,112.95,112.95,Stock,2023-01-05,1,2023-01-04,Closed
4500000130,6,2023-01-02,B011,S003,PT03744,443-8374,1,EA,64.39,64.39,Stock,2023-01-05,1,2023-01-05,Closed
4500000130,7,2023-01-02,B011,S003,PT00178,7G-8873,1,EA,328.85,328.85,Stock,2023-01-05,1,2023-01-04,Closed
4500000130,8,2023-01-02,B011,S003,PT02233,1P-3405,1,EA,1402.95,1402.95,Stock,2023-01-05,1,2023-01-04,Closed
4500000130,9,2023-01-02,B011,S003,PT03771,6G-2962,1,EA,52.27,52.27,Stock,2023-01-05,1,2023-01-05,Closed
4500000130,10,2023-01-02,B011,S003,PT01235,575-8217,1,EA,17.67,17.67,Stock,2023-01-05,1,2023-01-05,Closed
4500000130,11,2023-01-02,B011,S003,PT01767,9W-1718,1,EA,64.07,64.07,Stock,2023-01-05,1,2023-01-05,Closed
4500000130,12,2023-01-02,B011,S003,PT02350,562-8818,9,EA,9.04,81.36,Stock,2023-01-05,9,2023-01-05,Closed
4500000130,13,2023-01-02,B011,S003,PT01349,362-9261,1,EA,831.12,831.12,Stock,2023-01-05,1,2023-01-04,Closed
4500000130,14,2023-01-02,B011,S003,PT00382,342-6053,1,EA,235.43,235.43,Stock,2023-01-05,1,2023-01-05,Closed
4500000130,15,2023-01-02,B011,S003,PT00437,459-1415,1,EA,190.82,190.82,Stock,2023-01-05,1,2023-01-05,Closed
4500000131,1,2023-01-02,B011,S009,PT00132,3M-0943,1,EA,627.51,627.51,Stock,2023-01-30,1,2023-01-23,Closed
4500000131,2,2023-01-02,B011,S009,PT00315,9H-6897,1,EA,5426.53,5426.53,Stock,2023-01-30,1,2023-01-23,Closed
4500000132,1,2023-01-02,B011,S010,PT00160,295-1661,1,EA,279.75,279.75,Stock,2023-01-23,1,2023-01-24,Closed
4500000133,1,2023-01-02,B011,S026,PT02231,163-0546,2,EA,1048.48,2096.96,Stock,2023-01-17,2,2023-01-16,Closed
4500000134,1,2023-01-02,B011,S006,PT01779,1P-9928,1,EA,73.74,73.74,Stock,2023-01-12,1,2023-01-11,Closed
4500000135,1,2023-01-02,B011,S011,PT00375,563-3973,1,EA,254.27,254.27,Stock,2023-01-20,1,2023-01-16,Closed
4500000135,2,2023-01-02,B011,S011,PT00460,9U-9795,2,EA,106.58,213.16,Stock,2023-01-20,2,2023-01-24,Closed
4500000136,1,2023-01-02,B011,S015,PT03526,3R-4613,1,EA,21.03,21.03,Stock,2023-01-09,1,2023-01-16,Closed
4500000137,1,2023-01-02,B012,S029,PT03589,307-5340,1,EA,188.25,188.25,Stock,2023-01-16,1,2023-01-19,Closed
4500000138,1,2023-01-02,B012,S001,PT00522,7A-2656,2,EA,78.0,156.0,Stock,2023-01-05,2,2023-01-04,Closed
4500000138,2,2023-01-02,B012,S001,PT04109,255-1284,2,EA,5.23,10.46,Stock,2023-01-05,2,2023-01-05,Closed
4500000138,3,2023-01-02,B012,S001,PT00009,131-8822,5,EA,86.24,431.2,Stock,2023-01-05,5,2023-01-05,Closed
4500000138,4,2023-01-02,B012,S001,PT04115,5A-8107,1,EA,3.5,3.5,Stock,2023-01-05,1,2023-01-05,Closed
4500000138,5,2023-01-02,B012,S001,PT02114,143-7798,1,EA,538.74,538.74,Stock,2023-01-05,1,2023-01-04,Closed
4500000138,6,2023-01-02,B012,S001,PT01183,164-8590,1,EA,131.92,131.92,Stock,2023-01-05,1,2023-01-05,Closed
4500000138,7,2023-01-02,B012,S001,PT01706,1L-1323,1,EA,23.61,23.61,Stock,2023-01-05,1,2023-01-05,Closed
4500000138,8,2023-01-02,B012,S001,PT01227,557-4299,1,EA,201.78,201.78,Stock,2023-01-05,1,2023-01-05,Closed
4500000138,9,2023-01-02,B012,S001,PT00221,9F-3300,2,EA,1010.61,2021.22,Stock,2023-01-05,2,2023-01-09,Closed
4500000138,10,2023-01-02,B012,S001,PT04333,532-8114,1,EA,7891.42,7891.42,Stock,2023-01-05,1,2023-01-05,Closed
4500000138,11,2023-01-02,B012,S001,PT01789,3G-3233,1,EA,74.45,74.45,Stock,2023-01-05,1,2023-01-04,Closed
4500000138,12,2023-01-02,B012,S001,PT00306,4G-0469,1,EA,360.2,360.2,Stock,,1,2023-01-05,Closed
4500000138,13,2023-01-02,B012,S001,PT02357,9C-8228,2,EA,3.86,7.72,Stock,2023-01-05,2,2023-01-04,Closed
4500000138,14,2023-01-02,B012,S001,PT02379,560-1346,4,EA,4.8,19.2,Stock,2023-01-05,4,2023-01-05,Closed
4500000138,15,2023-01-02,B012,S001,PT02414,4K-8536,1,EA,290.81,290.81,Stock,2023-01-05,1,2023-01-05,Closed
4500000138,16,2023-01-02,B012,S001,PT04032,143-7748,3,EA,1.98,5.94,Stock,2023-01-05,3,2023-01-04,Closed
4500000138,17,2023-01-02,B012,S001,PT04040,4L-9807,5,EA,2.43,12.15,Stock,2023-01-05,5,2023-01-04,Closed
4500000138,18,2023-01-02,B012,S001,PT03021,294-0023,1,EA,815.21,815.21,Stock,2023-01-05,1,2023-01-05,Closed
4500000139,1,2023-01-02,B012,S003,PT01555,234-1675,1,EA,210.38,210.38,Stock,2023-01-05,1,2023-01-05,Closed
4500000139,2,2023-01-02,B012,S003,PT02614,6H-1504,1,EA,10516.54,10516.54,Stock,2023-01-05,1,2023-01-05,Closed
4500000139,3,2023-01-02,B012,S003,PT03649,476-6888,1,EA,273.04,273.04,Stock,,1,2023-01-04,Closed
4500000139,4,2023-01-02,B012,S003,PT02122,1B-1482,1,EA,379.19,379.19,Stock,2023-01-05,1,2023-01-05,Closed
4500000139,5,2023-01-02,B012,S003,PT01655,310-3495,2,EA,55.47,110.94,Stock,2023-01-05,2,2023-01-05,Closed
4500000139,6,2023-01-02,B012,S003,PT00124,3H-8764,1,EA,606.5,606.5,Stock,2023-01-05,1,2023-01-05,Closed
4500000139,7,2023-01-02,B012,S003,PT01671,2J-3646,2,EA,31.97,63.94,Stock,2023-01-05,2,2023-01-12,Closed
4500000139,8,2023-01-02,B012,S003,PT02730,9E-1851,1,EA,8573.16,8573.16,Stock,2023-01-05,1,2023-01-05,Closed
4500000139,9,2023-01-02,B012,S003,PT03245,6W-6998,1,EA,316.09,316.09,Stock,,1,2023-01-05,Closed
4500000139,10,2023-01-02,B012,S003,PT04283,4D-0127,1,EA,5656.11,5656.11,Stock,2023-01-05,1,2023-01-05,Closed
4500000139,11,2023-01-02,B012,S003,PT00249,362-7262,1,EA,1827.88,1827.88,Stock,2023-01-05,1,2023-01-05,Closed
4500000139,12,2023-01-02,B012,S003,PT02311,8D-4205,3,EA,34.1,102.3,Stock,2023-01-05,3,2023-01-05,Closed
4500000139,13,2023-01-02,B012,S003,PT02369,476-8638,2,EA,4.35,8.7,Stock,2023-01-05,2,2023-01-05,Closed
4500000139,14,2023-01-02,B012,S003,PT00880,5J-6405,1,EA,4975.39,4975.39,Stock,,1,2023-01-04,Closed
4500000139,15,2023-01-02,B012,S003,PT03990,503-6765,2,EA,1.23,2.46,Stock,2023-01-05,2,2023-01-09,Closed
4500000139,16,2023-01-02,B012,S003,PT01002,7N-5337,1,EA,274.59,274.59,Stock,2023-01-05,1,2023-01-05,Closed
4500000139,17,2023-01-02,B012,S003,PT01008,6N-6693,1,EA,745.09,745.09,Stock,2023-01-05,1,2023-01-05,Closed
4500000140,1,2023-01-02,B012,S016,PT04124,542-8531,3,EA,6.07,18.21,Stock,2023-01-09,3,2023-01-09,Closed
4500000141,1,2023-01-02,B012,S002,PT01098,6U-7590,1,EA,3811.35,3811.35,Stock,2023-01-04,1,2023-01-04,Closed
4500000141,2,2023-01-02,B012,S002,PT01234,6R-9794,1,EA,23.7,23.7,Stock,2023-01-04,1,2023-01-03,Closed
4500000141,3,2023-01-02,B012,S002,PT01772,5J-4540,7,EA,37.38,261.66,Stock,2023-01-04,7,2023-01-04,Closed
4500000141,4,2023-01-02,B012,S002,PT00758,5A-5351,1,EA,7143.59,7143.59,Stock,2023-01-04,1,2023-01-04,Closed
4500000141,5,2023-01-02,B012,S002,PT02347,1V-1395,2,EA,8.76,17.52,Stock,2023-01-04,2,2023-01-04,Closed
4500000141,6,2023-01-02,B012,S002,PT03397,2F-0984,1,EA,1447.19,1447.19,Stock,2023-01-04,1,2023-01-04,Closed
4500000141,7,2023-01-02,B012,S002,PT02403,595-7361,5,EA,5.56,27.8,Stock,2023-01-04,5,2023-01-04,Closed
4500000141,8,2023-01-02,B012,S002,PT01932,115-5178,1,EA,100.75,100.75,Stock,2023-01-04,1,2023-01-04,Closed
4500000141,9,2023-01-02,B012,S002,PT03046,134-7616,1,EA,688.78,688.78,Stock,2023-01-04,1,2023-01-04,Closed
4500000141,10,2023-01-02,B012,S002,PT04073,435-5934,4,EA,4.02,16.08,Stock,2023-01-04,4,2023-01-04,Closed
4500000141,11,2023-01-02,B012,S002,PT00504,178-8516,1,EA,111.13,111.13,Stock,2023-01-04,1,2023-01-04,Closed
4500000142,1,2023-01-02,B012,S011,PT02207,404-8352,1,EA,830.77,830.77,Stock,2023-01-20,1,2023-01-18,Closed
4500000143,1,2023-01-02,B012,S026,PT02221,503-4685,12,EA,869.39,10432.68,Stock,2023-01-17,12,2023-01-16,Closed
4500000143,2,2023-01-02,B012,S026,PT00362,290-6189,1,EA,209.46,209.46,Stock,2023-01-17,1,2023-01-18,Closed
4500000143,3,2023-01-02,B012,S026,PT02413,2F-3315,1,EA,166.85,166.85,Stock,2023-01-17,1,2023-01-16,Closed
4500000143,4,2023-01-02,B012,S026,PT00425,378-1493,1,EA,89.26,89.26,Stock,2023-01-17,1,2023-01-20,Closed
4500000144,1,2023-01-02,B012,S006,PT01709,207-6854,3,EA,22.65,67.95,Stock,2023-01-12,3,2023-01-10,Closed
4500000145,1,2023-01-02,B012,S003,PT01729,6L-2618,8,EA,73.38,587.04,Emergency,2023-01-03,8,2023-01-03,Closed
4500000146,1,2023-01-02,B012,S010,PT00311,171-5135,1,EA,6845.36,6845.36,Stock,2023-01-23,1,2023-01-18,Closed
4500000146,2,2023-01-02,B012,S010,PT01978,5M-7540,1,EA,42.57,42.57,Stock,2023-01-23,1,2023-01-20,Closed
4500000147,1,2023-01-02,B012,S009,PT00336,8S-8471,1,EA,5307.55,5307.55,Stock,2023-01-30,1,2023-01-24,Closed
4500000148,1,2023-01-02,B012,S015,PT03533,477-5780,1,EA,23.0,23.0,Stock,2023-01-09,1,2023-01-09,Closed
4500000149,1,2023-01-02,B012,S031,PT02518,4X-6389,1,EA,5781.68,5781.68,Stock,2023-01-05,1,2023-01-05,Closed
4500000150,1,2023-01-02,B013,S003,PT00517,102-0522,1,EA,77.64,77.64,Stock,2023-01-05,1,2023-01-05,Closed
4500000150,2,2023-01-02,B013,S003,PT00028,117-9131,1,EA,257.24,257.24,Stock,2023-01-05,1,2023-01-05,Closed
4500000150,3,2023-01-02,B013,S003,PT01137,299-5394,1,EA,3451.34,3451.34,Stock,2023-01-05,1,2023-01-09,Closed
4500000150,4,2023-01-02,B013,S003,PT03707,7B-0985,1,EA,187.43,187.43,Stock,2023-01-05,1,2023-01-05,Closed
4500000150,5,2023-01-02,B013,S003,PT02177,275-2402,1,EA,1090.39,1090.39,Stock,2023-01-05,1,2023-01-04,Closed
4500000150,6,2023-01-02,B013,S003,PT01753,9U-7614,2,EA,86.45,172.9,Stock,2023-01-05,2,2023-01-05,Closed
4500000150,7,2023-01-02,B013,S003,PT00755,200-0324,1,EA,10343.37,10343.37,Stock,2023-01-05,1,2023-01-04,Closed
4500000150,8,2023-01-02,B013,S003,PT01828,570-6191,1,EA,3252.14,3252.14,Stock,2023-01-05,1,2023-01-05,Closed
4500000150,9,2023-01-02,B013,S003,PT03378,2S-3608,1,EA,3724.77,3724.77,Stock,2023-01-05,1,2023-01-04,Closed
4500000150,10,2023-01-02,B013,S003,PT02932,9P-7638,1,EA,432.06,432.06,Stock,2023-01-05,1,2023-01-09,Closed
4500000150,11,2023-01-02,B013,S003,PT02435,6J-8612,2,EA,325.33,650.66,Stock,2023-01-05,2,2023-01-05,Closed
4500000150,12,2023-01-02,B013,S003,PT01924,4I-6174,1,EA,95.81,95.81,Stock,2023-01-05,1,2023-01-05,Closed
4500000150,13,2023-01-02,B013,S003,PT03464,2D-0827,2,EA,14.86,29.72,Stock,2023-01-05,2,2023-01-13,Closed
4500000150,14,2023-01-02,B013,S003,PT01960,8P-9192,1,EA,49.87,49.87,Stock,2023-01-05,1,2023-01-04,Closed
4500000150,15,2023-01-02,B013,S003,PT03577,159-9489,1,EA,243.34,243.34,Stock,2023-01-05,1,2023-01-06,Closed
4500000150,16,2023-01-02,B013,S003,PT04094,9A-9344,3,EA,3.78,11.34,Stock,2023-01-05,3,2023-01-04,Closed
4500000151,1,2023-01-02,B013,S002,PT02570,532-8004,1,EA,4955.11,4955.11,Stock,2023-01-04,1,2023-01-04,Closed
4500000151,2,2023-01-02,B013,S002,PT00562,297-7828,1,EA,113.63,113.63,Stock,2023-01-04,1,2023-01-04,Closed
4500000151,3,2023-01-02,B013,S002,PT04164,261-1711,2,EA,0.84,1.68,Stock,2023-01-04,2,2023-01-04,Closed
4500000151,4,2023-01-02,B013,S002,PT03195,7X-3063,1,EA,704.73,704.73,Stock,2023-01-04,1,2023-01-04,Closed
4500000151,5,2023-01-02,B013,S002,PT02188,5E-3401,6,EA,713.73,4282.38,Stock,2023-01-04,6,2023-01-03,Closed
4500000151,6,2023-01-02,B013,S002,PT01158,509-5435,1,EA,148.68,148.68,Stock,2023-01-04,1,2023-01-03,Closed
4500000151,7,2023-01-02,B013,S002,PT01682,3V-5234,3,EA,37.46,112.38,Stock,2022-11-16,3,2023-01-04,Closed
4500000151,8,2023-01-02,B013,S002,PT02199,456-8837,3,EA,1227.49,3682.47,Stock,2023-01-04,3,2023-01-04,Closed
4500000151,9,2023-01-02,B013,S002,PT01206,362-4374,1,EA,133.24,133.24,Stock,2023-01-04,1,2023-01-04,Closed
4500000151,10,2023-01-02,B013,S002,PT00188,297-8581,1,EA,419.75,419.75,Stock,2023-01-04,1,2023-01-04,Closed
4500000151,11,2023-01-02,B013,S002,PT01747,406-9949,3,EA,90.81,272.43,Stock,2023-01-04,3,2023-01-04,Closed
4500000151,12,2023-01-02,B013,S002,PT02285,2V-6923,4,EA,36.99,147.96,Stock,2023-01-04,4,2023-01-04,Closed
4500000151,13,2023-01-02,B013,S002,PT02316,274-6526,3,EA,59.07,177.21,Stock,2023-01-04,3,2023-01-04,Closed
4500000151,14,2023-01-02,B013,S002,PT00392,5N-8987,3,EA,271.22,813.66,Stock,2023-01-04,3,2023-01-04,Closed
4500000151,15,2023-01-02,B013,S002,PT02448,286-8338,2,EA,287.94,575.88,Stock,2023-01-04,2,2023-01-04,Closed
4500000151,16,2023-01-02,B013,S002,PT02967,277-9095,1,EA,3584.81,3584.81,Stock,2023-01-04,1,2023-01-04,Closed
4500000151,17,2023-01-02,B013,S002,PT01470,422-3411,1,EA,453.41,453.41,Stock,2023-01-04,1,2023-01-04,Closed
4500000151,18,2023-01-02,B013,S002,PT01489,6L-8129,1,EA,688.75,688.75,Stock,2023-01-04,1,2023-01-04,Closed
4500000151,19,2023-01-02,B013,S002,PT00472,7N-8871,2,EA,162.55,325.1,Stock,2023-01-04,2,2023-01-04,Closed
4500000151,20,2023-01-02,B013,S002,PT01500,1U-0621,1,EA,289.54,289.54,Stock,2023-01-04,1,2023-01-04,Closed
4500000151,21,2023-01-02,B013,S002,PT02021,2T-0635,1,EA,50.05,50.05,Stock,2023-01-04,1,2023-01-04,Closed
4500000151,22,2023-01-02,B013,S002,PT02025,3K-4955,1,EA,52.66,52.66,Stock,2023-01-04,1,2023-01-04,Closed
4500000151,23,2023-01-02,B013,S002,PT03064,417-1234,1,EA,1200.71,1200.71,Stock,2023-01-04,1,2023-01-04,Closed
4500000152,1,2023-01-02,B013,S001,PT02067,3H-7669,1,EA,335.09,335.09,Stock,2023-01-05,1,2023-01-05,Closed
4500000152,2,2023-01-02,B013,S001,PT04116,202-9021,1,EA,5.52,5.52,Stock,2023-01-05,1,2023-01-05,Closed
4500000152,3,2023-01-02,B013,S001,PT00024,113-7273,1,EA,237.56,237.56,Stock,2023-01-05,1,2023-01-09,Closed
4500000152,4,2023-01-02,B013,S001,PT00572,276-9821,1,EA,116.24,116.24,Stock,2023-01-05,1,2023-01-05,Closed
4500000152,5,2023-01-02,B013,S001,PT04178,9V-7394,4,EA,0.65,2.6,Stock,2023-01-05,4,2023-01-05,Closed
4500000152,6,2023-01-02,B013,S001,PT03173,575-3313,1,EA,58.79,58.79,Stock,2023-01-05,1,2023-01-05,Closed
4500000152,7,2023-01-02,B013,S001,PT01727,412-6683,5,EA,68.31,341.55,Stock,2023-01-05,5,2023-01-05,Closed
4500000152,8,2023-01-02,B013,S001,PT02261,344-6592,1,EA,48.13,48.13,Stock,2023-01-05,1,2023-01-05,Closed
4500000152,9,2023-01-02,B013,S001,PT00733,4K-9266,1,EA,7435.44,7435.44,Stock,2023-01-05,1,2023-01-05,Closed
4500000152,10,2023-01-02,B013,S001,PT02333,180-8153,2,EA,7.89,15.78,Stock,2023-01-05,2,2023-01-04,Closed
4500000152,11,2023-01-02,B013,S001,PT04382,1U-5966,1,EA,290.24,290.24,Stock,2023-01-05,1,2023-01-05,Closed
4500000152,12,2023-01-02,B013,S001,PT00845,261-8241,1,EA,71.26,71.26,Stock,2023-01-05,1,2023-01-05,Closed
4500000152,13,2023-01-02,B013,S001,PT00872,2Y-8208,0,EA,3592.11,3592.11,Stock,2023-01-05,1,2023-01-05,Closed
4500000152,14,2023-01-02,B013,S001,PT01947,9Y-8852,1,EA,60.49,60.49,Stock,2023-01-05,1,2023-01-05,Closed
4500000152,15,2023-01-02,B013,S001,PT04024,8A-0813,2,EA,2.45,4.9,Stock,2023-01-05,2,2023-01-05,Closed
4500000152,16,2023-01-02,B013,S001,PT00975,5A-6202,1,EA,507.74,507.74,Stock,2023-01-05,1,2023-01-05,Closed
4500000152,17,2023-01-02,B013,S001,PT01014,4T-5303,1,EA,753.01,753.01,Stock,,1,2023-01-09,Closed
4500000152,18,2023-01-02,B013,S001,PT02044,9U-1511,1,EA,448.78,448.78,Stock,2023-01-05,1,2023-01-05,Closed
4500000152,19,2023-01-02,B013,S001,PT02560,3X-2499,1,EA,7597.33,7597.33,Stock,2023-01-05,1,2023-01-05,Closed
4500000153,1,2023-01-02,B013,S034,PT03604,6I-6430,1,EA,178.87,178.87,Stock,2023-01-09,1,2023-01-09,Closed
4500000153,2,2023-01-02,B013,S034,PT01379,3L-5456,1,EA,837.87,837.87,Stock,2023-01-09,1,2023-01-09,Closed
4500000153,3,2023-01-02,B013,S034,PT01431,598-6166,1,EA,709.93,709.93,Stock,2023-01-09,1,2023-01-11,Closed
4500000153,4,2023-01-02,B013,S034,PT03525,7I-2181,1,EA,17.08,17.08,Stock,2023-01-09,1,2023-01-09,Closed
4500000154,1,2023-01-02,B013,S016,PT04117,479-6420,1,EA,3.55,3.55,Stock,2023-01-09,1,2023-01-09,Closed
4500000154,2,2023-01-02,B013,S016,PT04186,5L-4209,6,EA,0.62,3.72,Stock,2023-01-09,6,2023-01-16,Closed
4500000154,3,2023-01-02,B013,S016,PT03998,533-9385,2,EA,1.84,3.68,Stock,2023-01-09,2,2023-01-09,Closed
4500000155,1,2023-01-02,B013,S026,PT00556,437-7715,2,EA,115.17,230.34,Stock,2023-01-17,2,2023-01-16,Closed
4500000155,2,2023-01-02,B013,S026,PT02368,227-4124,7,EA,5.3,37.1,Stock,2023-01-17,7,2023-01-30,Closed
4500000155,3,2023-01-02,B013,S026,PT02442,2K-7884,1,EA,160.59,160.59,Stock,2023-01-17,1,2023-01-16,Closed
4500000156,1,2023-01-02,B013,S010,PT00046,6C-6260,1,EA,148.74,148.74,Stock,2023-01-23,1,2023-01-23,Closed
4500000156,2,2023-01-02,B013,S010,PT00134,4T-3623,1,EA,276.9,276.9,Stock,2023-01-23,1,2023-02-13,Closed
4500000157,1,2023-01-02,B013,S009,PT00137,3E-8073,1,EA,421.08,421.08,Stock,2023-01-30,1,2023-01-24,Closed
4500000157,2,2023-01-02,B013,S009,PT01980,593-4563,1,EA,58.94,58.94,Stock,2023-01-30,1,2023-01-24,Closed
4500000157,3,2023-01-02,B013,S009,PT02014,3R-6319,1,EA,73.47,73.47,Stock,2023-01-30,1,2023-01-31,Closed
4500000158,1,2023-01-02,B013,S011,PT02187,341-0871,2,EA,481.76,963.52,Stock,2023-01-20,2,2023-01-16,Closed
4500000158,2,2023-01-02,B013,S011,PT02238,1V-3241,4,EA,946.26,3785.04,Stock,2023-01-20,4,2023-01-23,Closed
4500000158,3,2023-01-02,B013,S011,PT02240,1J-5735,2,EA,1189.17,2378.34,Stock,2023-01-20,2,2023-01-17,Closed
4500000158,4,2023-01-02,B013,S011,PT02328,7C-1981,1,EA,7.97,7.97,Stock,2023-01-20,1,2023-01-17,Closed
4500000158,5,2023-01-02,B013,S011,PT02354,1E-1583,1,EA,9.05,9.05,Stock,2023-01-20,1,2023-01-23,Closed
4500000158,6,2023-01-02,B013,S011,PT00419,215-3794,1,EA,114.16,114.16,Stock,2023-01-20,1,2023-01-18,Closed
4500000159,1,2023-01-02,B013,S030,PT03806,222-2015,1,EA,639.94,639.94,Stock,2023-01-20,1,2023-01-24,Closed
4500000159,2,2023-01-02,B013,S030,PT03911,6R-4117,1,EA,363.95,363.95,Stock,2023-01-20,1,2023-01-19,Closed
4500000160,1,2023-01-02,B013,S027,PT04339,5W-6967,1,EA,12468.07,12468.07,Stock,2023-02-13,1,2023-01-25,Closed
4500000161,1,2023-01-02,B013,S021,PT01785,443-1603,1,EA,80.01,80.01,Stock,2023-01-11,1,2023-01-11,Closed
4500000162,1,2023-01-02,B013,S023,PT00828,8R-1944,1,EA,93.32,93.32,Stock,2023-01-23,1,2023-01-23,Closed
4500000163,1,2023-01-02,B014,S003,PT00002,1R-0751,1,EA,36.08,36.08,Stock,2023-01-05,1,2023-01-04,Closed
4500000163,2,2023-01-02,B014,S003,PT03078,3R-3413,1,EA,1205.78,1205.78,Stock,2023-01-05,1,2023-01-05,Closed
4500000163,3,2023-01-02,B014,S003,PT02609,326-9730,1,EA,10312.06,10312.06,Stock,2023-01-05,1,2023-01-04,Closed
4500000163,4,2023-01-02,B014,S003,PT00568,5G-0353,1,EA,54.17,54.17,Stock,2023-01-05,1,2023-01-05,Closed
4500000163,5,2023-01-02,B014,S003,PT01146,551-1304,1,EA,211.82,211.82,Stock,2023-01-05,1,2023-01-05,Closed
4500000163,6,2023-01-02,B014,S003,PT01153,283-1523,1,EA,246.22,246.22,Stock,2023-01-05,1,2023-01-05,Closed
4500000163,7,2023-01-02,B014,S003,PT02179,462-9141,1,EA,665.38,665.38,Stock,2023-01-05,1,2023-01-04,Closed
4500000163,8,2023-01-02,B014,S003,PT00661,358-6388,1,EA,5015.21,5015.21,Stock,2023-01-05,1,2023-01-05,Closed
4500000163,9,2023-01-02,B014,S003,PT00679,2C-5386,1,EA,3857.11,3857.11,Stock,2023-01-05,1,2023-01-04,Closed
4500000163,10,2023-01-02,B014,S003,PT01195,482-6601,1,EA,191.43,191.43,Stock,2023-01-05,1,2023-01-05,Closed
4500000163,11,2023-01-02,B014,S003,PT01711,434-8666,1,EA,32.42,32.42,Stock,2023-01-05,1,2023-01-05,Closed
4500000163,12,2023-01-02,B014,S003,PT03248,3R-4014,1,EA,537.93,537.93,Stock,2023-01-05,1,2023-01-05,Closed
4500000163,13,2023-01-02,B014,S003,PT00701,4A-1464,1,EA,10103.92,10103.92,Stock,2023-01-05,1,2023-01-04,Closed
4500000163,14,2023-01-02,B014,S003,PT02242,352-3496,2,EA,75.31,150.62,Stock,2023-01-05,2,2023-01-05,Closed
4500000163,15,2023-01-02,B014,S003,PT01738,9F-6584,2,EA,33.1,66.2,Stock,2023-01-05,2,2023-01-04,Closed
4500000163,16,2023-01-02,B014,S003,PT01748,448-3086,1,EA,78.72,78.72,Stock,2023-01-05,1,2023-01-05,Closed
4500000163,17,2023-01-02,B014,S003,PT00247,6S-9970,1,EA,2532.29,2532.29,Stock,2023-01-05,1,2023-01-05,Closed
4500000163,18,2023-01-02,B014,S003,PT01793,491-2264,4,EA,87.57,350.28,Stock,2023-01-05,4,2023-01-05,Closed
4500000163,19,2023-01-02,B014,S003,PT01360,194-7275,1,EA,367.01,367.01,Stock,2023-01-05,1,2023-01-09,Closed
4500000163,20,2023-01-02,B014,S003,PT03438,234-1469,1,EA,1156.57,1156.57,Stock,2023-01-05,1,2023-01-05,Closed
4500000163,21,2023-01-02,B014,S003,PT03481,9I-8695,1,EA,34.53,34.53,Stock,2023-01-05,1,2023-01-05,Closed
4500000163,22,2023-01-02,B014,S003,PT01963,424-5684,1,EA,76.28,76.28,Stock,2023-01-05,1,2023-01-04,Closed
4500000163,23,2023-01-02,B014,S003,PT00435,8U-1633,3,EA,104.29,312.87,Stock,2023-01-05,3,2023-01-05,Closed
4500000163,24,2023-01-02,B014,S003,PT00948,167-2812,1,EA,629.48,629.48,Stock,2023-01-05,1,2023-01-04,Closed
4500000163,25,2023-01-02,B014,S003,PT04044,4D-0160,2,EA,3.01,6.02,Stock,2023-01-05,2,2023-01-05,Closed
4500000163,26,2023-01-02,B014,S003,PT03045,322-0049,1,EA,1141.62,1141.62,Stock,2023-01-05,1,2023-01-04,Closed
4500000164,1,2023-01-02,B014,S016,PT04107,3M-5827,5,EA,2.74,13.7,Stock,2023-01-09,5,2023-01-09,Closed
4500000164,2,2023-01-02,B014,S016,PT04014,1J-8215,1,EA,1.28,1.28,Stock,2023-01-09,1,2023-01-09,Closed
4500000164,3,2023-01-02,B014,S016,PT04046,379-0804,7,EA,3.03,21.21,Stock,2023-01-09,7,2023-01-09,Closed
4500000165,1,2023-01-02,B014,S015,PT01549,272-2542,1,EA,140.79,140.79,Stock,2023-01-09,1,2023-01-09,Closed
4500000166,1,2023-01-02,B014,S001,PT04115,5A-8107,3,EA,3.5,10.5,Stock,2023-01-05,3,2023-01-05,Closed
4500000166,2,2023-01-02,B014,S001,PT03698,222-4163,1,EA,371.54,371.54,Stock,2023-01-05,1,2023-01-05,Closed
4500000166,3,2023-01-02,B014,S001,PT01650,4C-1005,1,EA,169.36,169.36,Stock,2023-01-05,1,2023-01-04,Closed
4500000166,4,2023-01-02,B014,S001,PT01669,4W-7032,4,EA,56.18,224.72,Stock,2023-01-05,4,2023-01-04,Closed
4500000166,5,2023-01-02,B014,S001,PT04249,8G-0883,1,EA,10287.36,10287.36,Stock,2023-01-05,1,2023-01-09,Closed
4500000166,6,2023-01-02,B014,S001,PT01697,9S-3321,1,EA,25.86,25.86,Stock,2023-01-05,1,2023-01-05,Closed
4500000166,7,2023-01-02,B014,S001,PT04294,480-6937,1,EA,"$5,233.71",5233.71,Stock,2023-01-05,1,2023-01-04,Closed
4500000166,8,2023-01-02,B014,S001,PT01755,3F-1905,4,EA,78.19,312.76,Stock,2023-01-05,4,2023-01-05,Closed
4500000166,9,2023-01-02,B014,S001,PT03315,8F-7447,1,EA,3133.39,3133.39,Stock,2023-01-05,1,2023-01-04,Closed
4500000166,10,2023-01-02,B014,S001,PT02298,3X-3768,2,EA,87.11,174.22,Stock,2023-01-05,2,2023-01-05,Closed
4500000166,11,2023-01-02,B014,S001,PT01798,138-4784,2,EA,56.58,113.16,Stock,2023-01-05,2,2023-01-05,Closed
4500000166,12,2023-01-02,B014,S001,PT02861,1K-0498,1,EA,67.48,67.48,Stock,2023-01-05,1,2023-01-05,Closed
4500000166,13,2023-01-02,B014,S001,PT00834,3D-9727,1,EA,83.16,83.16,Stock,2023-01-05,1,2023-01-04,Closed
4500000166,14,2023-01-02,B014,S001,PT01370,166-3124,1,EA,541.75,541.75,Stock,2023-01-05,1,2023-01-04,Closed
4500000166,15,2023-01-02,B014,S001,PT02395,247-9557,1,EA,8.67,8.67,Stock,2023-01-05,1,2023-01-04,Closed
4500000166,16,2023-01-02,B014,S001,PT00368,526-6745,2,EA,386.05,772.1,Stock,2023-01-05,2,2023-01-05,Closed
4500000166,17,2023-01-02,B014,S001,PT02454,7A-9604,1,EA,204.91,204.91,Stock,2023-01-05,1,2023-01-04,Closed
4500000166,18,2023-01-02,B014,S001,PT02969,442-5460,1,EA,5666.49,5666.49,Stock,2023-01-05,1,2023-01-04,Closed
4500000166,19,2023-01-02,B014,S001,PT02528,3H-5869,1,EA,5986.13,5986.13,Stock,2023-01-05,1,2023-01-04,Closed
4500000166,20,2023-01-02,B014,S001,PT00481,2H-6111,3,EA,205.48,616.44,Stock,2023-01-05,3,2023-01-05,Closed
4500000166,21,2023-01-02,B014,S001,PT04086,8H-6222,3,EA,3.48,10.44,Stock,2023-01-05,3,2023-01-05,Closed
4500000167,1,2023-01-02,B014,S002,PT03118,540-4123,1,EA,807.75,807.75,Stock,2023-01-04,1,2023-01-04,Closed
4500000167,2,2023-01-02,B014,S002,PT00576,7K-9340,1,EA,57.34,57.34,Stock,2023-01-04,1,2023-01-04,Closed
4500000167,3,2023-01-02,B014,S002,PT03145,9N-4101,1,EA,57.02,57.02,Stock,2023-01-04,1,2023-01-04,Closed
4500000167,4,2023-01-02,B014,S002,PT01651,8X-7638,1,EA,64.25,64.25,Stock,2023-01-04,1,2023-01-04,Closed
4500000167,5,2023-01-02,B014,S002,PT00126,148-4118,1,EA,527.23,527.23,Stock,2023-01-04,1,2023-01-04,Closed
4500000167,6,2023-01-02,B014,S002,PT03207,4B-0233,1,EA,258.32,258.32,Stock,2023-01-04,1,2023-01-04,Closed
4500000167,7,2023-01-02,B014,S002,PT04232,318-0201,-5,EA,1.06,5.3,Stock,,5,2023-01-09,Closed
4500000167,8,2023-01-02,B014,S002,PT04241,265-7865,2,EA,1.42,2.84,Stock,2023-01-04,2,2023-01-04,Closed
4500000167,9,2023-01-02,B014,S002,PT00152,404-7957,1,EA,508.14,508.14,Stock,2023-01-04,1,2023-01-04,Closed
4500000167,10,2023-01-02,B014,S002,PT00161,380-9596,1,EA,533.95,533.95,Stock,2023-01-04,1,2023-01-04,Closed
4500000167,11,2023-01-02,B014,S002,PT02275,128-6304,3,EA,79.05,237.15,Stock,2023-01-04,3,2023-01-04,Closed
4500000167,12,2023-01-02,B014,S002,PT03301,303-4203,1,EA,3443.02,3443.02,Stock,2023-01-04,1,2023-01-04,Closed
4500000167,13,2023-01-02,B014,S002,PT01794,7K-3204,1,EA,40.34,40.34,Stock,2023-01-04,1,2023-01-04,Closed
4500000167,14,2023-01-02,B014,S002,PT02316,274-6526,2,EA,59.07,118.14,Stock,2023-01-04,2,2023-01-04,Closed
4500000167,15,2023-01-02,B014,S002,PT02382,7J-5775,3,EA,7.66,22.98,Stock,2023-01-04,3,2023-01-04,Closed
4500000167,16,2023-01-02,B014,S002,PT00904,1K-2641,1,EA,966.35,966.35,Stock,2023-01-04,1,2023-01-04,Closed
4500000167,17,2023-01-02,B014,S002,PT03993,442-4472,1,EA,2.06,2.06,Stock,2023-01-04,1,2023-01-04,Closed
4500000167,18,2023-01-02,B014,S002,PT02462,317-5745,1,EA,242.72,242.72,Stock,2023-01-04,1,2023-01-04,Closed
4500000167,19,2023-01-02,B014,S002,PT01447,1A-1077,1,EA,841.55,841.55,Stock,2023-01-04,1,2023-01-04,Closed
4500000167,20,2023-01-02,B014,S002,PT00433,130-3432,1,EA,121.11,121.11,Stock,2023-01-04,1,2023-01-04,Closed
4500000167,21,2023-01-02,B014,S002,PT00949,5D-8605,1,EA,757.54,757.54,Stock,2023-01-04,1,2023-01-04,Closed
4500000168,1,2023-01-02,B014,S025,PT02668,7W-7750,1,EA,19100.03,19100.03,Stock,2023-02-03,1,2023-02-01,Closed
4500000169,1,2023-01-02,B014,S035,PT03781,565-6577,1,EA,49.49,49.49,Stock,2023-01-10,1,2023-01-09,Closed
4500000170,1,2023-01-02,B014,S036,PT03834,173-5697,1,EA,943.23,943.23,Stock,2023-01-12,1,2023-01-12,Closed
4500000171,1,2023-01-02,B014,S011,PT02327,594-6347,1,EA,3.99,3.99,Stock,2023-01-20,1,2023-01-18,Closed
4500000171,2,2023-01-02,B014,S011,PT02378,435-0564,2,EA,6.21,12.42,Stock,2023-01-20,2,2023-01-16,Closed
4500000172,1,2023-01-02,B014,S007,PT00819,517-3969,1,EA,71.34,71.34,Stock,2023-01-16,1,2023-01-13,Closed
