sales_order_id,so_line,order_timestamp,branch_id,customer_id,customer_name,order_channel,equipment_serial,part_id,part_number,part_description,qty_ordered,unit_price_usd,extended_price_usd,requested_date,qty_shipped,line_status,invoice_date
SO00000001,1,2023-01-01 10:40:29,B021,C00551,Pocahontas Coal Company,Counter,,PT01679,8F-1904,CAB AIR FILTER,5,58.68,293.4,2023-01-01,3,Invoiced - Balance Cancelled,2023-01-01
SO00000002,1,2023-01-02 18:25:29,B001,C00034,James River Data Centers Inc.,Counter,RSX48324,PT00556,437-7715,ADAPTER,6,161.24,967.44,2023-01-02,6,Invoiced,2023-01-02
SO00000002,2,2023-01-02 18:25:29,B001,C00034,James River Data Centers Inc.,Counter,EDH45062,PT04414,4S-5275,HYDO ADVANCED 10 HYDRAULIC OIL,5,32.08,160.4,2023-01-02,5,Invoiced,2023-01-02
SO00000003,1,2023-01-02 12:28:15,B001,C00017,Blue Ridge Utilities,Counter,,PT01801,176-0602,TRANSMISSION FILTER,3,48.04,144.12,2023-01-02,3,Invoiced,2023-01-02
SO00000003,2,2023-01-02 12:28:15,B001,C00017,Blue Ridge Utilities,Counter,,PT00459,369-5880,END BIT,9,191.64,1724.76,2023-01-02,9,Invoiced,2023-01-06
SO00000004,1,2023-01-02 16:56:18,B006,C00158,Allegheny Land Clearing Inc.,Service Work Order,LME33851,PT02178,304-7841,RIPPER SHANK,8,1155.05,9240.4,2023-01-07,8,Invoiced,2023-01-02
SO00000005,1,2023-01-02 12:03:41,B006,C00164,"Tidewater Grading & Paving, Inc.",Service Work Order,FDG61781,PT00008,6I-2502,SECONDARY AIR FILTER,3,94.42,283.26,2023-01-06,3,Invoiced,2023-01-02
SO00000006,1,2023-01-02 08:29:16,B006,C00176,James River Data Centers Inc.,Online,,PT04093,6V-7738,HEX BOLT,9,5.51,49.59,2023-01-03,9,Invoiced,2023-01-02
SO00000006,2,2023-01-02 08:29:16,B006,C00176,James River Data Centers Inc.,Online,,PT01671,2J-3646,CAB AIR FILTER,2,46.36,92.72,2023-01-03,2,Invoiced,2023-01-02
SO00000007,1,2023-01-02 09:08:35,B019,C00476,"James River Grading & Paving, Inc.",Counter,KMN79279,PT01653,2V-2269,CAB AIR FILTER,2,40.28,80.56,2023-01-02,2,Invoiced,2023-01-02
SO00000007,2,2023-01-02 09:08:35,B019,C00476,"James River Grading & Paving, Inc.",Counter,ZBH40226,PT04099,124-9633,HEX BOLT,9,9.67,87.03,2023-01-02,9,Invoiced,2023-01-02
SO00000008,1,2023-01-02 14:47:50,B021,C00540,Shenandoah Construction,Counter,,PT01796,330-2553,TRANSMISSION FILTER,3,67.72,203.16,2023-01-02,3,Invoiced,2023-01-02
SO00000009,1,2023-01-02 13:32:42,B021,C00520,Mountaineer Grading & Paving Inc.,Counter,,PT01758,448-1152,TRANSMISSION FILTER,2,55.94,111.88,2023-01-02,2,Invoiced,2023-01-02
SO00000009,2,2023-01-02 13:32:42,B021,C00520,Mountaineer Grading & Paving Inc.,Counter,YBY81305,PT03967,8U-1407,O-RING SEAL,8,4.08,32.64,2023-01-02,8,Invoiced,2023-01-02
SO00000009,3,2023-01-02 13:32:42,B021,C00520,Mountaineer Grading & Paving Inc.,Counter,FRP66278,PT04168,7T-9190,WASHER HARD,8,1.01,8.08,2023-01-02,8,Invoiced,2023-01-02
SO00000010,1,2023-01-02 07:47:06,B021,C00542,Appalachian Land Clearing LLC,Online,,PT04223,434-5224,WASHER HARD,7,2.18,15.26,2023-01-03,7,Invoiced,2023-01-02
SO00000010,2,2023-01-02 07:47:06,B021,C00542,Appalachian Land Clearing LLC,Online,XHW20053,PT04049,6S-0172,O-RING SEAL,9,2.06,18.54,2023-01-03,9,Invoiced,2023-01-02
SO00000011,1,2023-01-02 11:43:20,B023,C00593,Old Dominion Land Clearing Inc.,Counter,HPZ21952,PT00003,1R-0739,ENGINE OIL FILTER,2,37.0,74.0,2023-01-02,2,Invoiced,2023-01-02
SO00000011,2,2023-01-02 11:43:20,B023,C00593,Old Dominion Land Clearing Inc.,Counter,,PT04228,6G-1179,WASHER HARD,4,1.03,4.12,2023-01-02,4,Invoiced,2023-01-02
SO00000012,1,2023-01-02 09:46:12,B023,C00611,Piedmont Contracting LLC,Counter,ZKJ28443,PT02193,9W-0207,RIPPER SHANK,7,1023.71,7165.97,2023-01-02,7,Invoiced,2023-01-02
SO00000013,1,2023-01-02 18:42:29,B010,C00271,Patriot Coal Company,Online,SRE21158,PT00369,210-4985,CUTTING EDGE,5,314.25,1571.25,2023-01-07,5,Invoiced,2023-01-02
SO00000014,1,2023-01-02 17:31:35,B010,C00274,Southside Marine Services Inc.,Counter,XGE64046,PT04061,8H-4723,O-RING SEAL,6,5.03,30.18,2023-01-02,6,Invoiced,2023-01-02
SO00000015,1,2023-01-02 15:36:48,B026,C00678,Old Dominion Grading & Paving,Service Work Order,ERV14546,PT01713,5G-7485,CAB AIR FILTER,1,53.44,53.44,2023-01-07,1,Invoiced,2023-01-02
SO00000016,1,2023-01-02 15:26:18,B026,C00696,Allegheny Marine Services Inc.,Online,FRP65746,PT00359,534-8508,CUTTING EDGE,4,293.61,1174.44,2023-01-03,4,Invoiced,2023-01-02
SO00000017,1,2023-01-02 17:43:57,B015,C00414,Tri-State Excavating,Service Work Order,MHR09667,PT03987,462-9671,O-RING SEAL,5,3.17,15.85,2023-01-03,5,Invoiced,2023-01-02
SO00000018,1,2023-01-02 18:46:06,B015,C00413,Tri-State Site Works LLC,Service Work Order,XGE22028,PT04061,8H-4723,O-RING SEAL,9,5.03,45.27,2023-01-03,9,Invoiced,2023-01-02
SO00000018,2,2023-01-02 18:46:06,B015,C00413,Tri-State Site Works LLC,Service Work Order,VJF54307,PT01731,528-8982,TRANSMISSION FILTER,2,61.55,123.1,2023-01-03,2,Invoiced,2023-01-02
SO00000019,1,2023-01-02 13:20:21,B025,C00663,Commonwealth Resources,Counter,,PT02441,5P-9922,SIDE CUTTER,6,160.99,965.94,2023-01-02,6,Invoiced,2023-01-02
SO00000019,2,2023-01-02 13:20:21,B025,C00663,Commonwealth Resources,Counter,ZBH85185,PT02194,151-9706,RIPPER SHANK,5,1362.19,6810.95,2023-01-02,5,Invoiced,2023-01-02
SO00000020,1,2023-01-02 08:32:17,B012,C00337,Shenandoah Marine Services LLC,Online,MZZ49768,PT01709,207-6854,CAB AIR FILTER,2,32.84,65.68,2023-01-03,2,Invoiced,2023-01-02
SO00000020,2,2023-01-02 08:32:17,B012,C00337,Shenandoah Marine Services LLC,Online,VWW80126,PT02221,503-4685,RIPPER SHANK,8,1217.14,9737.12,2023-01-03,8,Invoiced,2023-01-02
SO00000020,3,2023-01-02 08:32:17,B012,C00337,Shenandoah Marine Services LLC,Online,LPM69542,PT01729,6L-2618,TRANSMISSION FILTER,4,106.41,425.64,2023-01-03,4,Invoiced,2023-01-03
SO00000021,1,2023-01-02 11:40:34,B012,C00312,"Eastern Shore Utilities, Inc.",Service Work Order,ZJG37555,PT01673,387-8186,CAB AIR FILTER,2,62.96,125.92,2023-01-07,2,Invoiced,2023-01-02
SO00000021,2,2023-01-02 11:40:34,B012,C00312,"Eastern Shore Utilities,",Service Work Order,EDH51606,PT04414,4S-5275,HYDO ADVANCED 10 HYDRAULIC OIL,10,32.08,320.8,2023-01-07,10,Invoiced,2023-01-02
SO00000022,1,2023-01-02 15:46:32,B002,C00062,Ridgeline Data Centers,Service Work Order,EDH61562,PT04414,4S-5275,HYDO ADVANCED 10 HYDRAULIC OIL,15,32.08,481.2,2023-01-06,15,Invoiced,2023-01-02
SO00000023,1,20230102,B002,C00050,Valley Construction LLC,Service Work Order,RHC23406,PT01790,5A-3871,TRANSMISSION FILTER,2,124.7,249.4,2023-01-07,2,Invoiced,2023-01-02
SO00000024,1,2023-01-02 16:27:36,B004,C00116,Eastern Shore Municipal Utilities,Counter,,PT01778,9G-8449,TRANSMISSION FILTER,1,73.66,73.66,2023-01-02,1,Invoiced,2023-01-02
SO00000024,2,2023-01-02 16:27:36,B004,C00116,Eastern Shore Municipal Utilities,Counter,FAF00359,PT02426,318-8514,SIDE CUTTER,7,308.1,2156.7,2023-01-02,7,Invoiced,2023-01-02
SO00000025,1,2023-01-02 11:38:55,B013,C00353,Chesapeake Site Works,Phone,,PT03464,2D-0827,RELAY,1,19.02,19.02,2023-01-04,1,Invoiced,2023-01-02
SO00000026,1,2023-01-02 07:22:40,B013,C00368,Clinch Valley Power Generation,Phone,,PT02321,534-3121,BUCKET TOOTH RETAINER,2,10.42,20.84,2023-01-06,2,Invoiced,2023-01-02
SO00000026,2,2023-01-02 07:22:40,B013,C00368,Clinch Valley Power Generation,Phone,KNJ61895,PT02188,5E-3401,RIPPER SHANK,6,999.23,5995.38,2023-01-06,6,Invoiced,2023-01-02
SO00000026,3,2023-01-02 07:22:40,B013,C00368,Clinch Valley Power Generation,Phone,,PT04178,9V-7394,WASHER HARD,7,1.04,7.28,2023-01-06,7,Invoiced,2023-01-02
SO00000027,1,2023-01-02 11:42:11,B020,C00504,Blue Ridge Demolition LLC,Online,,PT02531,512-0985,CONTROL VALVE,1,7404.65,7404.65,2023-01-03,1,Invoiced,2023-01-02
SO00000027,2,2023-01-02 11:42:11,B020,C00504,Blue Ridge Demolition LLC,Online,BJC80479,PT01784,8Y-3449,TRANSMISSION FILTER,2,49.44,98.88,2023-01-03,2,Invoiced,2023-01-02
SO00000028,1,2023-01-02 16:53:22,B020,C00515,Valley Coal Company LLC,Phone,DXP45473,PT04167,402-8209,WASHER HARD,9,2.48,22.32,2023-01-06,9,Invoiced,2023-01-02
SO00000028,2,2023-01-02 16:53:22,B020,C00515,Valley Coal Company LLC,Phone,,PT02448,286-8338,SIDE CUTTER,4,403.12,1612.48,2023-01-06,4,Invoiced,2023-01-02
SO00000029,1,2023-01-02 07:21:44,B003,C00075,Commonwealth Demolition,Service Work Order,NND98517,PT04416,9I-8063,TDTO TRANSMISSION OIL,5,30.89,154.45,2023-01-03,5,Invoiced,2023-01-02
SO00000029,2,2023-01-02 07:21:44,B003,C00075,Commonwealth Demolition,Service Work Order,DHW65981,PT02460,239-8129,SIDE CUTTER,7,171.09,1197.63,2023-01-03,7,Invoiced,2023-01-03
SO00000030,1,2023-01-02 15:34:23,B003,C00067,Appalachian Land Clearing LLC,Counter,,PT03511,7H-6357,RELAY,1,22.33,22.33,2023-01-02,1,Invoiced,2023-01-02
SO00000030,2,2023-01-02 15:34:23,B003,C00067,Appalachian Land Clearing LLC,Counter,,PT04138,522-8735,HEX BOLT,9,7.77,69.93,2023-01-02,9,Invoiced,2023-01-02
SO00000031,1,2023-01-02 17:34:28,B028,C00741,Commonwealth Demolition Inc.,Service Work Order,KMY20285,PT00545,8C-8423,ADAPTER,3,174.16,522.48,2023-01-06,3,Invoiced,2023-01-02
SO00000032,1,2023-01-02 09:59:58,B028,C00745,James River Utilities,Counter,GJG30958,PT00486,6R-9118,END BIT,1,306.44,306.44,2023-01-02,1,Invoiced,2023-01-02
SO00000033,1,2023-01-02 16:13:40,B028,C00737,Coalfield Construction LLC,Counter,,PT00001,1R-0750,FUEL FILTER,1,48.49,48.49,2023-01-02,1,Invoiced,2023-01-02
SO00000034,1,2023-01-02 13:15:30,B011,C00297,Potomac Mining LLC Inc.,Online,,PT00388,7R-9705,CUTTING EDGE,7,298.23,2087.61,2023-01-03,7,Invoiced,2023-01-02
SO00000035,1,2023-01-02 16:38:31,B018,C00458,Chesapeake Earthworks,Phone,,PT00454,134-6660,END BIT,7,216.88,1518.16,2023-01-03,7,Invoiced,2023-01-03
SO00000036,1,2023-01-02 14:48:53,B008,C00217,Old Dominion Excavating,Counter,,PT00393,4X-9465,CUTTING EDGE,10,241.13,2411.3,2023-01-02,7,Invoiced - Balance Cancelled,2023-01-02
SO00000037,1,2023-01-02 13:27:23,B014,C00386,Clinch Valley Excavating LLC,Online,,PT04046,379-0804,O-RING SEAL,10,4.84,48.4,2023-01-03,10,Invoiced,2023-01-02
SO00000038,1,2023-01-02 08:57:43,B014,C00391,"Chesapeake Excavating, Inc.",Phone,,PT01669,4W-7032,CAB AIR FILTER,3,81.46,244.38,2023-01-03,3,Invoiced,2023-01-02
SO00000039,1,2023-01-02 17:47:17,B005,C00138,Chesapeake Construction,Counter,,PT02374,420-7743,BUCKET TOOTH RETAINER,3,7.22,21.66,2023-01-02,3,Invoiced,2023-01-02
SO00000040,1,2023-01-02 11:47:00,B027,C00710,Valley Grading & Paving LLC,Counter,FGG26466,PT04198,4T-4191,WASHER HARD,9,2.44,21.96,2023-01-02,8,Invoiced - Balance Cancelled,2023-01-02
SO00000040,2,2023-01-02 11:47:00,B027,C00710,Valley Grading & Paving LLC,Counter,,PT01671,2J-3646,CAB AIR FILTER,3,46.36,139.08,2023-01-02,3,Invoiced,2023-01-02
SO00000040,3,2023-01-02 11:47:00,B027,C00710,Valley Grading & Paving LLC,Counter,MXE62503,PT01553,534-1672,SENSOR SPEED,1,129.52,129.52,2023-01-02,1,Invoiced,2023-01-02
SO00000041,1,2023-01-02 18:54:55,B007,C00193,"Rappahannock Land Clearing, Inc.",Online,,PT00152,404-7957,TRACK ROLLER,1,650.42,650.42,2023-01-06,1,Invoiced,2023-01-02
SO00000042,1,2023-01-03 09:22:02,B011,C00292,Clinch Valley Utilities LLC,Phone,SRE35785,PT01739,327-4527,TRANSMISSION FILTER,3,91.6,274.8,2023-01-06,3,Invoiced,2023-01-03
SO00000043,1,2023-01-03 09:48:36,B011,C00296,Commonwealth Aggregates,Counter,JYL75064,PT01796,330-2553,TRANSMISSION FILTER,2,67.72,135.44,2023-01-03,2,Invoiced,2023-01-03
SO00000043,2,2023-01-03 09:48:36,B011,C00296,Commonwealth Aggregates,Counter,,PT01674,6Y-5697,CAB AIR FILTER,4,70.35,281.4,2023-01-03,4,Invoiced,2023-01-03
SO00000044,1,2023-01-03 10:38:46,B011,C00277,Cardinal Utilities,Counter,,PT01687,132-7855,CAB AIR FILTER,3,75.59,226.77,2023-01-03,3,Invoiced,2023-01-03
SO00000045,1,2023-01-03 07:19:56,B014,C00377,Ridgeline Excavating Inc.,Phone,BGR69866,PT04042,8I-6756,O-RING SEAL,8,2.62,20.96,2023-01-05,8,Invoiced,2023-01-03
SO00000046,1,2023-01-03 07:51:28,B014,C00377,Ridgeline Excavating Inc.,Service Work Order,VWW54820,PT03516,2U-2107,RELAY,1,17.29,17.29,2023-01-05,1,Invoiced,2023-01-03
SO00000047,1,2023-01-03 13:11:04,B014,C00397,Patriot Data Centers Inc.,Online,,PT03045,322-0049,PISTON KIT,1,1461.27,1461.27,2023-01-07,1,Invoiced,2023-01-03
SO00000047,2,2023-01-03 13:11:04,B014,C00397,Patriot Data Centers Inc.,Online,CXX75373,PT01725,101-9606,TRANSMISSION FILTER,4,55.91,223.64,2023-01-07,4,Invoiced,2023-01-03
SO00000047,3,2023-01-03 13:11:04,B014,C00397,Patriot Data Centers Inc.,Online,,PT01701,111-9017,CAB AIR FILTER,2,51.12,102.24,2023-01-07,2,Invoiced,2023-01-03
SO00000047,4,44929,B014,C00397,Patriot Data Centers Inc.,Online,,PT00368,526-6745,CUTTING EDGE,9,540.47,4864.23,2023-01-07,9,Invoiced,2023-01-04
SO00000048,1,2023-01-03 16:55:55,B019,C00490,"Clinch Valley Hospital System, Inc.",Online,,PT02451,4F-8010,SIDE CUTTER,4,300.19,1200.76,2023-01-08,4,Invoiced,2023-01-03
SO00000049,1,2023-01-03 14:16:33,B019,C00487,"Commonwealth Resources, Inc.",Phone,ZBX01948,PT01707,255-8810,CAB AIR FILTER,4,81.59,326.36,2023-01-08,4,Invoiced,2023-01-03
SO00000050,1,2023-01-03 11:25:10,B019,C00484,Clinch Valley Grading & Paving,Counter,,PT00606,9N-3284,HYDRAULIC HOSE ASSEMBLY,1,81.81,81.81,2023-01-03,1,Invoiced,2023-01-03
SO00000051,1,2023-01-03 09:00:06,B021,C00529,New River Construction LLC,Counter,,PT01053,310-7042,WATER PUMP,1,1042.96,1042.96,2023-01-03,1,Invoiced,2023-01-03
SO00000051,2,2023-01-03 09:00:06,B021,C00529,New River Construction LLC,Counter,ZCD97680,PT04107,3M-5827,HEX BOLT,9,4.38,39.42,2023-01-03,8,Invoiced - Balance Cancelled,2023-01-03
SO00000052,1,2023-01-03 10:10:46,B021,C00529,New River Construction LLC,Service Work Order,EAC07121,PT04177,286-0608,WASHER HARD,7,1.79,12.53,2023-01-06,7,Invoiced,2023-01-03
SO00000053,1,2023-01-03 16:54:55,B021,C00551,Pocahontas Coal Company,Online,,PT01656,7J-1991,CAB AIR FILTER,2,63.07,126.14,2023-01-05,2,Invoiced,2023-01-03
SO00000053,2,2023-01-03 16:54:55,B021,C00551,Pocahontas Coal Company,Online,,PT04021,1R-1460,O-RING SEAL,9,5.03,45.27,2023-01-05,9,Invoiced,2023-01-03
SO00000054,1,2023-01-03 17:25:51,B021,C00538,Piedmont Utilities,Counter,,PT01676,346-8694,CAB AIR FILTER,5,62.96,314.8,2023-01-03,3,Invoiced - Balance Cancelled,2023-01-03
SO00000055,1,2023-01-03 16:11:15,B009,C00226,Chesapeake Contracting LLC,Counter,,PT04203,5W-8611,WASHER HARD,7,2.41,16.87,2023-01-03,7,Invoiced,2023-01-03
SO00000056,1,2023-01-03 11:10:00,B004,C00091,Allegheny Grading & Paving Inc.,Online,,PT01742,2T-7074,TRANSMISSION FILTER,2,50.39,100.78,2023-01-08,2,Invoiced,2023-01-03
SO00000057,1,2023-01-03 18:01:49,B004,C00098,"Old Dominion Site Works, Inc.",Counter,,PT04042,8I-6756,O-RING SEAL,9,2.62,23.58,2023-01-03,9,Invoiced,2023-01-03
SO00000058,1,2023-01-03 07:34:44,B004,C00104,Tri-State Construction,Online,,PT01655,310-3495,CAB AIR FILTER,3,80.43,241.29,2023-01-07,3,Invoiced,2023-01-03
SO00000059,1,2023-01-03 07:11:49,B025,C00669,Cardinal Data Centers Inc.,Online,,PT01757,103-8421,TRANSMISSION FILTER,2,61.78,123.56,2023-01-07,2,Invoiced,2023-01-03
SO00000060,1,2023-01-03 09:10:14,B022,C00556,Ridgeline Utilities LLC,Online,,PT00321,544-6175,TRACK LINK ASSEMBLY,2,9232.64,18465.28,2023-01-08,2,Invoiced,2023-01-03
SO00000061,1,2023-01-03 12:06:20,B022,C00557,Patriot Earthworks Inc.,Counter,,PT01193,399-2527,GASKET KIT,2,301.15,602.3,2023-01-03,2,Invoiced,2023-01-03
SO00000061,2,2023-01-03 12:06:20,B022,C00557,Patriot Earthworks Inc.,Counter,,PT00092,5066078,TRACK ROLLER,1,368.67,368.67,2023-01-03,1,Invoiced,2023-01-03
SO00000062,1,2023-01-03 10:16:22,B001,C00006,Appalachian Contracting Inc.,Online,JJP14045,PT04226,375-0955,WASHER HARD,9,2.31,20.79,2023-01-07,9,Invoiced,2023-01-03
SO00000062,2,2023-01-03 10:16:22,B001,C00006,Appalachian Contracting Inc.,Online,,PT01801,176-0602,TRANSMISSION FILTER,5,48.04,240.2,2023-01-07,5,Invoiced,2023-01-05
SO00000063,1,2023-01-03 18:24:28,B001,C00032,Piedmont Mining LLC Inc.,Counter,,PT04224,2S-0257,WASHER HARD,4,1.03,4.12,2023-01-03,4,Invoiced,2023-01-03
SO00000064,1,2023-01-03 18:47:15,B001,C00024,Blue Ridge Mining LLC,Service Work Order,CHK47722,PT01758,448-1152,TRANSMISSION FILTER,3,55.94,167.82,2023-01-07,3,Invoiced,2023-01-03
SO00000064,2,2023-01-03 18:47:15,B001,C00024,Blue Ridge Mining LLC,Service Work Order,HPZ21248,PT02454,7A-9604,SIDE CUTTER,5,286.87,1434.35,2023-01-07,5,Invoiced,2023-01-03
SO00000065,1,2023-01-03 07:40:52,B001,C00030,Chesapeake Resources Inc.,Phone,,PT03993,442-4472,O-RING SEAL,5,3.29,16.45,2023-01-06,5,Invoiced,2023-01-03
SO00000066,1,2023-01-03 13:29:35,B001,C00762,City of Virginia Beach Public Works,Online,MCY28049,PT00468,250-4496,END BIT,5,126.51,632.55,2023-01-06,5,Invoiced,2023-01-03
SO00000067,1,2023-01-03 08:08:16,B002,C00040,Appalachian Excavating Inc.,Counter,,PT01772,5J-4540,TRANSMISSION FILTER,4,54.2,216.8,2023-01-03,4,Invoiced,2023-01-03
SO00000067,2,2023-01-03 08:08:16,B002,C00040,Appalachian Excavating Inc.,Counter,,PT04016,4Y-7805,O-RING SEAL,6,4.22,25.32,2023-01-03,6,Invoiced,2023-01-03
SO00000068,1,2023-01-03 15:01:37,B020,C00495,Rappahannock Grading & Paving Inc.,Counter,BBY06759,PT01684,4V-5881,CAB AIR FILTER,1,94.97,94.97,2023-01-03,1,Invoiced,2023-01-03
SO00000069,1,2023-01-03 17:05:27,B010,C00261,Eastern Shore Demolition Inc.,Service Work Order,XRY55083,PT02195,6X-1862,RIPPER SHANK,12,1300.65,15607.8,2023-01-04,12,Invoiced,2023-01-03
SO00000069,2,2023-01-03 17:05:27,B010,C00261,Eastern Shore Demolition Inc.,Service Work Order,LME62909,PT01327,356-7403,V-BELT,1,53.27,53.27,2023-01-04,1,Invoiced,2023-01-03
SO00000069,3,2023-01-03 17:05:27,B010,C00261,Eastern Shore Demolition Inc.,Service Work Order,ZBH11212,PT02177,275-2402,RIPPER SHANK,4,1526.55,6106.2,2023-01-04,4,Invoiced,2023-01-03
SO00000070,1,2023-01-03 15:05:07,B013,C00354,Shenandoah Excavating Inc.,Service Work Order,WEG71717,PT04119,6B-7429,HEX BOLT,15,8.39,125.85,2023-01-07,15,Invoiced,2023-01-03
SO00000071,1,2023-01-03 18:56:19,B013,C00344,New River Land Clearing,Online,YKA36483,PT01757,103-8421,TRANSMISSION FILTER,4,61.78,247.12,2023-01-08,4,Invoiced,2023-01-03
SO00000071,2,2023-01-03 18:56:19,B013,C00344,New River Land Clearing,Online,,PT01785,443-1603,TRANSMISSION FILTER,3,116.01,348.03,2023-01-08,3,Invoiced,2023-01-03
SO00000072,1,2023-01-03 09:54:49,B013,C00363,Clinch Valley Coal Company,Counter,,PT02321,534-3121,BUCKET TOOTH RETAINER,7,10.42,72.94,2023-01-03,7,Invoiced,2023-01-03
SO00000073,1,2023-01-03 18:03:03,B013,C00354,Shenandoah Excavating Inc.,Service Work Order,GSD32193,PT03966,492-9219,O-RING SEAL,7,4.87,34.09,2023-01-07,7,Invoiced,2023-01-03
SO00000074,1,2023-01-03 13:13:02,B023,C00598,Tidewater Construction,Counter,,PT02532,4F-0421,CONTROL VALVE,2,3505.44,7010.88,2023-01-03,2,Invoiced,2023-01-03
SO00000074,2,2023-01-03 13:13:02,B023,C00598,Tidewater Construction,Counter,,PT01913,8F-1320,TRACK PIN,1,66.98,66.98,2023-01-03,1,Invoiced,2023-01-03
SO00000075,1,2023-01-03 15:22:19,B015,C00417,Cardinal Aggregates Co.,Online,,PT04109,255-1284,HEX BOLT,10,8.36,83.6,2023-01-06,8,Invoiced - Balance Cancelled,2023-01-03
SO00000076,1,2023-01-03 14:54:24,B015,C00415,"Coalfield Grading & Paving, Inc.",Counter,JDL43179,PT02298,3X-3768,RIPPER TIP,6,121.96,731.76,2023-01-03,6,Invoiced,2023-01-03
SO00000077,1,2023-01-03 07:02:28,B015,C00402,James River Demolition Inc.,Counter,,PT01677,3L-9455,CAB AIR FILTER,5,38.46,192.3,2023-01-03,3,Invoiced - Balance Cancelled,2023-01-03
SO00000078,1,2023-01-03 11:50:50,B027,C00729,Old Dominion Data Centers Co.,Counter,,PT01662,3H-9460,CAB AIR FILTER,2,75.02,150.04,2023-01-03,2,Invoiced,2023-01-03
SO00000078,2,2023-01-03 11:50:50,B027,C00729,Old Dominion Data Centers Co.,Counter,PCZ98859,PT01576,140-4602,SENSOR SPEED,1,112.26,112.26,2023-01-03,1,Invoiced,2023-01-03
SO00000079,1,2023-01-03 11:50:48,B027,C00704,Tidewater Construction,Online,WMR36664,PT01733,1Y-5014,TRANSMISSION FILTER,4,88.54,354.16,2023-01-05,4,Invoiced,2023-01-11
SO00000080,1,2023-01-03 10:42:19,B027,C00710,Valley Grading & Paving LLC,Service Work Order,GJG67489,PT04086,8H-6222,HEX BOLT,7,5.56,38.92,2023-01-07,7,Invoiced,2023-01-03
SO00000081,1,20230103,B007,C00184,Clinch Valley Construction Inc.,Online,,PT00537,9B-4949,ADAPTER,2,144.9,289.8,2023-01-05,2,Invoiced,2023-01-03
SO00000082,1,2023-01-03 17:34:23,B003,C00082,Appalachian Earthworks Inc.,Online,,PT03970,358-6681,O-RING SEAL,7,3.94,27.58,2023-01-06,7,Invoiced,2023-01-03
SO00000083,1,2023-01-03 15:16:54,B003,C00086,Patriot Mining LLC LLC,Online,,PT04064,313-0432,O-RING SEAL,10,3.8,38.0,2023-01-04,10,Invoiced,2023-01-03
SO00000083,2,2023-01-03 15:16:54,B003,C00086,Patriot Mining LLC LLC,Online,ZCD19549,PT04053,9N-6175,O-RING SEAL,4,2.35,9.4,2023-01-04,4,Invoiced,2023-01-03
SO00000084,1,2023-01-03 09:15:45,B024,C00639,"Mountaineer Marine Services, Inc.",Service Work Order,SRE18305,PT00369,210-4985,CUTTING EDGE,4,314.25,1257.0,2023-01-05,4,Invoiced,2023-01-03
SO00000085,1,2023-01-03 13:27:43,B024,C00637,"Pocahontas Resources, Inc.",Service Work Order,JYL90637,PT04082,9R-5441,HEX BOLT,-7,5.9,41.3,2023-01-08,7,Invoiced,2023-01-03
SO00000085,2,2023-01-03 13:27:43,B024,C00637,"Pocahontas Resources, Inc.",Service Work Order,BSK84641,PT01760,8I-6396,TRANSMISSION FILTER,3,124.55,373.65,2023-01-08,3,Invoiced,2023-01-03
SO00000086,1,2023-01-03 13:52:19,B028,C00752,Valley Grading & Paving LLC,Counter,RES79701,PT00546,407-5064,ADAPTER,9,70.57,635.13,2023-01-03,9,Invoiced,2023-01-03
SO00000087,1,2023-01-03 09:02:51,B028,C00743,"Blue Ridge Excavating, Inc.",Counter,,PT02435,6J-8612,SIDE CUTTER,7,455.46,3188.22,2023-01-03,7,Invoiced,2023-01-03
SO00000088,1,2023-01-03 07:03:50,B028,C00748,James River Site Works,Phone,WMR40971,PT02385,216-3981,BUCKET TOOTH RETAINER,4,12.31,49.24,2023-01-07,4,Invoiced,2023-01-03
SO00000089,1,2023-01-03 15:10:11,B012,C00318,Shenandoah Contracting LLC,Phone,,PT00205,239-5515,IDLER GROUP,1,3826.68,3826.68,2023-01-04,1,Invoiced,2023-01-03
SO00000090,1,2023-01-03 08:19:09,B012,C00336,Rappahannock Municipal Utilities LLC,Online,,PT04160,7M-4059,WASHER HARD,5,1.99,9.95,2023-01-06,5,Invoiced,2023-01-03
SO00000090,2,2023-01-03 08:19:09,B012,C00336,Rappahannock Municipal Utilities LLC,Online,,PT04180,317-0603,WASHER HARD,5,2.35,11.75,2023-01-06,5,Invoiced,2023-01-03
SO00000091,1,2023-01-03 07:46:48,B012,C00330,Potomac Mining LLC,Counter,RES18030,PT02281,438-8068,RIPPER TIP,5,51.16,255.8,2023-01-03,5,Invoiced,2023-01-03
SO00000092,1,2023-01-03 08:33:33,B006,C00175,Clinch Valley Coal Company LLC,Online,HHR58936,PT02496,5Y-7750,CONTROL VALVE,1,5836.61,5836.61,2023-01-04,1,Invoiced,2023-01-03
SO00000092,2,2023-01-03 08:33:33,B006,C00175,Clinch Valley Coal Company LLC,Online,FSC95733,PT02324,5R-2277,BUCKET TOOTH RETAINER,7,9.09,63.63,2023-01-04,7,Invoiced,2023-01-03
SO00000093,1,2023-01-03 14:22:06,B006,C00177,"Chesapeake Power Generation, Inc.",Counter,,PT02236,4X-7684,RIPPER SHANK,7,1349.32,9445.24,2023-01-03,7,Invoiced,2023-01-03
SO00000094,1,2023-01-03 15:31:04,B005,C00136,Pocahontas Construction LLC,Counter,,PT00470,7F-4270,END BIT,10,111.88,1118.8,2023-01-03,10,Invoiced,2023-01-03
SO00000094,2,2023-01-03 15:31:04,B005,C00136,Pocahontas Construction LLC,Counter,,PT04229,553-3948,WASHER HARD,8,1.8,14.4,2023-01-03,8,Invoiced,2023-01-03
SO00000095,1,2023-01-04 14:51:22,B008,C00221,Tri-State Stone & Quarry Inc.,Service Work Order,VWW60563,PT01720,2A-6382,CAB AIR FILTER,2,38.56,77.12,2023-01-08,2,Invoiced,2023-01-04
SO00000096,1,2023-01-04 08:35:37,B012,C00324,Old Dominion Utilities Co.,Counter,,PT01708,3N-2833,CAB AIR FILTER,5,45.53,227.65,2023-01-04,5,Invoiced,2023-01-04
SO00000097,1,2023-01-04 11:38:29,B012,C00323,James River Earthworks LLC,Online,,PT02030,7Y-2881,TRACK BUSHING,5,103.52,517.6,2023-01-05,3,Invoiced - Balance Cancelled,2023-01-04
SO00000098,1,2023-01-04 14:33:17,B028,C00759,Blue Ridge Marine Services LLC,Online,,PT00545,8C-8423,ADAPTER,5,174.16,870.8,2023-01-09,5,Invoiced,2023-01-05
SO00000099,1,2023-01-04 12:54:28,B028,C00758,Eastern Shore Hospital System Inc. ,Counter,,PT03532,196-5706,RELAY,1,27.27,27.27,2023-01-04,1,Invoiced,2023-01-04
SO00000100,1,2023-01-04 17:11:58,B021,C00532,Allegheny Grading & Paving Inc.,Online,,PT01777,579-4245,TRANSMISSION FILTER,3,66.56,199.68,2023-01-08,3,Invoiced,2023-01-04
SO00000100,2,2023-01-04 17:11:58,B021,C00532,Allegheny Grading & Paving Inc.,Online,FAF77244,PT00243,203-9721,IDLER GROUP,3,2631.97,7895.91,2023-01-08,3,Invoiced,2023-01-04
SO00000101,1,2023-01-04 17:05:34,B011,C00289,Shenandoah Demolition Inc.,Online,,PT01687,132-7855,CAB AIR FILTER,3,75.59,226.77,2023-01-09,0,Cancelled,
SO00000101,2,2023-01-04 17:05:34,B011,C00289,Shenandoah Demolition,Online,BSK19780,PT00377,527-1509,CUTTING EDGE,3,382.5,1147.5,2023-01-09,3,Invoiced,2023-01-04
SO00000102,1,2023-01-04 18:28:52,B011,C00279,"Patriot Grading & Paving, Inc.",Online,,PT04098,8G-7619,HEX BOLT,13,9.14,118.82,2023-01-07,10,Invoiced - Balance Cancelled,2023-01-04
SO00000103,1,2023-01-04 10:56:55,B024,C00637,"Pocahontas Resources, Inc.",Counter,,PT04196,297-1414,WASHER HARD,8,1.79,14.32,2023-01-04,8,Invoiced,2023-01-04
SO00000104,1,2023-01-04 18:20:13,B001,C00032,Piedmont Mining LLC Inc.,Service Work Order,DHW58812,PT00456,5C-0033,END BIT,5,132.24,661.2,2023-01-05,5,Invoiced,2023-01-04
SO00000105,1,2023-01-04 18:00:18,B001,C00016,Old Dominion Demolition,Counter,,PT03465,6L-3365,RELAY,2,21.86,43.72,2023-01-04,2,Invoiced,2023-01-04
SO00000106,1,2023-01-04 10:36:31,B001,C00012,Potomac Demolition Inc.,Counter,CTW41466,PT01320,453-5655,V-BELT,3,23.54,70.62,2023-01-04,3,Invoiced,2023-01-04
SO00000107,1,2023-01-04 09:29:19,B001,C00027,Ridgeline Mining LLC LLC,Counter,,PT04170,3T-1571,WASHER HARD,8,1.46,11.68,2023-01-04,8,Invoiced,2023-01-04
SO00000108,1,2023-01-04 15:08:59,B001,C00008,Old Dominion Land Clearing LLC,Online,,PT01758,448-1152,TRANSMISSION FILTER,3,55.94,167.82,2023-01-09,3,Invoiced,2023-01-06
SO00000109,1,2023-01-04 13:14:07,B019,C00491,Tidewater Data Centers LLC,Service Work Order,TVV98653,PT02133,523-1356,RECOIL SPRING,2,1706.46,3412.92,2023-01-08,2,Invoiced,2023-01-04
SO00000110,1,2023-01-04 07:16:37,B019,C00475,Old Dominion Construction LLC,Online,,PT02287,395-5783,RIPPER TIP,4,58.83,235.32,2023-01-06,4,Invoiced,2023-01-04
SO00000111,1,2023-01-04 13:12:31,B025,C00662,James River Demolition,Online,SNW84341,PT00387,227-2524,CUTTING EDGE,7,361.89,2533.23,2023-01-07,7,Invoiced,2023-01-04
SO00000112,1,2023-01-04 10:42:02,B007,C00195,"Tidewater Construction, Inc.",Service Work Order,GBE75910,PT01685,6L-1105,CAB AIR FILTER,1,68.44,68.44,2023-01-05,1,Invoiced,2023-01-04
SO00000113,1,2023-01-04 15:17:06,B007,C00182,Shenandoah Earthworks,Online,,PT04069,484-4883,O-RING SEAL,8,3.32,26.56,2023-01-08,8,Invoiced,2023-01-04
SO00000113,2,2023-01-04 15:17:06,B007,C00182,Shenandoah Earthworks,Online,PSK69935,PT04197,583-7049,WASHER HARD,9,2.06,18.54,2023-01-08,9,Invoiced,2023-01-04
SO00000113,3,2023-01-04 15:17:06,B007,C00182,Shenandoah Earthworks,Online,,PT01727,412-6683,TRANSMISSION FILTER,3,99.04,297.12,2023-01-08,3,Invoiced,2023-01-04
SO00000113,4,2023-01-04 15:17:06,B007,C00182,Shenandoah Earthworks,Online,RHC46899,PT01783,258-3573,TRANSMISSION FILTER,3,132.41,397.23,2023-01-08,3,Invoiced,2023-01-04
SO00000113,5,2023-01-04 15:17:06,B007,C00182,Shenandoah Earthworks,Online,,PT00375,563-3973,CUTTING EDGE,9,355.97,3203.73,2023-01-08,9,Invoiced,2023-01-04
SO00000114,1,2023-01-04 17:00:05,B009,C00224,Allegheny Demolition Inc.,Counter,LFR03366,PT04234,119-2312,WASHER HARD,5,1.53,7.65,2023-01-04,5,Invoiced,2023-01-04
SO00000115,1,2023-01-04 15:14:13,B009,C00224,Allegheny Demolition Inc.,Counter,,PT01692,9B-5922,CAB AIR FILTER,2,57.75,115.5,2023-01-04,2,Invoiced,2023-01-04
SO00000116,1,2023-01-04 11:00:16,B004,C00108,Rappahannock Earthworks,Counter,MCY45818,PT00135,526-6444,TRACK ROLLER,3,731.55,2194.65,2023-01-04,3,Invoiced,2023-01-04
SO00000116,2,2023-01-04 11:00:16,B004,C00108,Rappahannock Earthworks,Counter,,PT02251,7F-5298,RIPPER TIP,7,49.48,346.36,2023-01-04,6,Invoiced - Balance Cancelled,2023-01-04
SO00000117,1,2023-01-04 09:54:54,B004,C00113,"Shenandoah Utilities, Inc.",Counter,,PT03972,400-5573,O-RING SEAL,9,2.06,18.54,2023-01-04,9,Invoiced,2023-01-04
SO00000117,2,2023-01-04 09:54:54,B004,C00113,"Shenandoah Utilities, Inc.",Counter,,PT00545,8C-8423,ADAPTER,4,174.16,696.64,2023-01-04,4,Invoiced,2023-01-04
SO00000118,1,2023-01-04 15:18:09,B004,C00096,Appalachian Earthworks Co.,Counter,VRA55138,PT01730,3X-9055,TRANSMISSION FILTER,1,127.49,127.49,2023-01-04,1,Invoiced,2023-01-04
SO00000119,1,2023-01-04 10:50:32,B022,C00572,Pocahontas Earthworks Inc.,Service Work Order,BSK80459,PT01405,476-8894,ALTERNATOR,1,1180.73,1180.73,2023-01-08,1,Invoiced,2023-01-04
SO00000120,1,2023-01-04 15:11:55,B022,C00555,Ridgeline Excavating,Counter,,PT04193,5N-4284,WASHER HARD,7,2.27,15.89,2023-01-04,7,Invoiced,2023-01-04
SO00000120,2,2023-01-04 15:11:55,B022,C00555,Ridgeline Excavating LLC,Counter,YBY74656,PT04205,205-5027,WASHER HARD,6,0.9,5.4,2023-01-04,6,Invoiced,2023-01-04
SO00000121,1,2023-01-04 18:43:54,B022,C00583,Coalfield Aggregates,Service Work Order,YBY74656,PT04185,9W-2350,WASHER HARD,7,1.86,13.02,2023-01-05,7,Invoiced,2023-01-04
SO00000122,1,2023-01-04 10:59:05,B027,C00725,Mountaineer Power Generation LLC,Service Work Order,CWE77665,PT01932,115-5178,TRACK PIN,2,128.96,257.92,2023-01-05,2,Invoiced,2023-01-04
SO00000123,1,2023-01-04 10:03:26,B006,C00166,Eastern Shore Demolition Inc.,Counter,,PT02435,6J-8612,SIDE CUTTER,3,455.46,1366.38,2023-01-04,3,Invoiced,2023-01-04
SO00000124,1,2023-01-04 08:03:21,B006,C00156,Allegheny Earthworks Inc.,Counter,EAX23340,PT01749,9H-0300,TRANSMISSION FILTER,2,107.34,214.68,2023-01-04,2,Invoiced,2023-01-04
SO00000125,1,2023-01-04 18:19:25,B006,C00160,Clinch Valley Earthworks Inc.,Phone,,PT01773,8M-9527,TRANSMISSION FILTER,6,124.83,748.98,2023-01-09,6,Invoiced,2023-01-04
SO00000126,1,2023-01-04 12:11:59,B026,C00689,Chesapeake Contracting Inc.,Phone,,PT00399,2A-4011,CUTTING EDGE,6,239.75,1438.5,2023-01-05,6,Invoiced,2023-01-04
SO00000127,1,2023-01-04 13:06:21,B026,C00689,Chesapeake Contracting Inc.,Counter,,PT00006,326-1644,FUEL WATER SEPARATOR,3,81.66,244.98,2023-01-04,3,Invoiced,2023-01-04
SO00000128,1,2023-01-04 13:46:10,B026,C00687,Patriot Earthworks LLC,Counter,ERV14546,PT01782,313-9046,TRANSMISSION FILTER,4,50.8,203.2,2023-01-04,4,Invoiced,2023-01-05
SO00000129,1,2023-01-04 16:11:59,B015,C00412,Appalachian Land Clearing,Counter,LWM19349,PT00418,399-0555,END BIT,5,261.09,1305.45,2023-01-04,5,Invoiced,2023-01-04
SO00000129,2,2023-01-04 16:11:59,B015,C00412,Appalachian Land Clearing,Counter,,PT02619,513-8509,SWING MOTOR,3,5792.57,17377.71,2023-01-04,3,Invoiced,2023-01-04
SO00000130,1,2023-01-04 13:01:26,B015,C00416,Valley Contracting,Service Work Order,BJC49186,PT00450,428-2486,END BIT,8,128.12,1024.96,2023-01-06,8,Invoiced,2023-01-04
SO00000131,1,2023-01-04 15:20:53,B005,C00125,Eastern Shore Excavating,Counter,,PT03985,3M-5485,O-RING SEAL,10,3.49,34.9,2023-01-04,10,Invoiced,2023-01-04
SO00000132,1,2023-01-04 18:34:11,B005,C00125,Eastern Shore Excavating,Phone,,PT00013,8E-6208,BOLT PLOW,8,4.93,39.44,2023-01-08,8,Invoiced,2023-01-04
SO00000133,1,2023-01-04 07:10:32,B020,C00513,Clinch Valley Demolition,Service Work Order,FAF87556,PT03984,208-4107,O-RING SEAL,14,4.74,66.36,2023-01-05,11,Invoiced - Balance Cancelled,2023-01-04
SO00000134,1,2023-01-04 11:35:15,B020,C00514,Shenandoah Utilities Inc.,Counter,BBY06759,PT01664,560-8743,CAB AIR FILTER,5,41.75,208.75,2023-01-04,3,Invoiced - Balance Cancelled,2023-01-04
SO00000134,2,2023-01-04 11:35:15,B020,C00514,Shenandoah Utilities Inc.,Counter,KMN74474,PT04242,8W-0289,WASHER HARD,8,1.51,12.08,2023-01-04,8,Invoiced,2023-01-04
SO00000135,1,2023-01-04 10:00:57,B014,C00380,James River Site Works Inc.,Counter,NZV93748,PT01755,3F-1905,TRANSMISSION FILTER,1,113.37,113.37,2023-01-04,1,Invoiced,2023-01-04
SO00000136,1,2023-01-04 11:53:18,B014,C00383,Blue Ridge Demolition Inc.,Service Work Order,MXW77403,PT00903,245-9529,FUEL INJECTOR,2,963.95,1927.9,2023-01-08,2,Invoiced,2023-01-04
SO00000136,2,2023-01-04 11:53:18,B014,C00383,Blue Ridge Demolition Inc.,Service Work Order,FDG88725,PT02230,441-6413,RIPPER SHANK,6,672.06,4032.36,2023-01-08,6,Invoiced,2023-01-04
SO00000137,1,2023-01-04 11:49:19,B014,C00371,Ridgeline Site Works Inc.,Counter,,PT02443,1M-7441,SIDE CUTTER,4,345.58,1382.32,2023-01-04,4,Invoiced,2023-01-04
SO00000138,1,2023-01-04 11:04:45,B003,C00083,Valley Site Works Inc.,Counter,,PT03970,358-6681,O-RING SEAL,10,3.94,39.4,2023-01-04,10,Invoiced,2023-01-04
SO00000139,1,2023-01-04 09:38:49,B003,C00077,Chesapeake Demolition Co.,Phone,,PT02198,254-2360,RIPPER SHANK,4,792.83,3171.32,2023-01-06,4,Invoiced,2023-01-04
SO00000139,2,2023-01-04 09:38:49,B003,C00077,Chesapeake Demolition Co.,Phone,,PT04064,313-0432,O-RING SEAL,9,3.8,34.2,2023-01-06,6,Invoiced - Balance Cancelled,2023-01-04
SO00000140,1,2023-01-04 10:57:53,B010,C00268,Cardinal Grading & Paving Co.,Online,,PT04217,451-5412,WASHER HARD,4,1.24,4.96,2023-01-08,4,Invoiced,2023-01-04
SO00000141,1,2023-01-04 10:17:05,B023,C00596,Clinch Valley Construction,Counter,KNJ57425,PT02287,395-5783,RIPPER TIP,4,58.83,235.32,2023-01-04,4,Invoiced,2023-01-04
SO00000142,1,2023-01-04 11:16:58,B023,C00601,Old Dominion Earthworks,Counter,,PT02350,562-8818,BUCKET TOOTH RETAINER,8,12.65,101.2,2023-01-04,7,Invoiced - Balance Cancelled,2023-01-04
SO00000143,1,2023-01-04 16:35:51,B023,C00607,Coalfield Land Clearing LLC,Service Work Order,VKR34133,PT04095,9F-1966,HEX BOLT,5,7.39,36.95,2023-01-05,5,Invoiced,2023-01-04
SO00000144,1,2023-01-04 09:56:56,B002,C00053,Blue Ridge Construction LLC,Service Work Order,MVL36429,PT04216,517-9888,WASHER HARD,4,2.48,9.92,2023-01-07,4,Invoiced,2023-01-04
SO00000145,1,2023-01-04 09:47:26,B002,C00059,Southside Stone & Quarry,Online,FBY34487,PT00607,170-2482,HYDRAULIC HOSE ASSEMBLY,1,85.49,85.49,2023-01-09,1,Invoiced,2023-01-04
SO00000146,1,2023-01-04 09:12:42,B013,C00354,Shenandoah Excavating Inc.,Counter,,PT04088,214-4542,HEX BOLT,15,5.42,81.3,2023-01-04,10,Invoiced - Balance Cancelled,2023-01-04
SO00000147,1,2023-01-04 07:50:09,B018,C00456,Blue Ridge Contracting,Counter,,PT04180,317-0603,WASHER HARD,6,2.35,14.1,2023-01-04,6,Invoiced,2023-01-04
SO00000148,1,2023-01-05 14:32:14,B009,C00240,Eastern Shore Demolition Inc.,Counter,,PT02253,7I-6443,RIPPER TIP,7,115.51,808.57,2023-01-05,7,Invoiced,2023-01-05
SO00000148,2,2023-01-05 14:32:14,B009,C00240,Eastern Shore Demolition Inc.,Counter,TFN01470,PT04069,484-4883,O-RING SEAL,7,3.32,23.24,2023-01-05,7,Invoiced,2023-01-05
SO00000148,3,2023-01-05 14:32:14,B009,C00240,Eastern Shore Demolition Inc.,Counter,,PT03352,139-9061,ECM CONTROLLER,1,4333.36,4333.36,2023-01-05,1,Invoiced,2023-01-05
SO00000149,1,2023-01-05 12:02:39,B025,C00652,Potomac Site Works Co.,Counter,,PT00469,519-6194,END BIT,6,208.89,1253.34,2023-01-05,6,Invoiced,2023-01-05
SO00000149,2,2023-01-05 12:02:39,B025,C00652,Potomac Site Works Co.,Counter,,PT00486,6R-9118,END BIT,4,306.44,1225.76,2023-01-05,4,Invoiced,2023-01-05
SO00000149,3,2023-01-05 12:02:39,B025,C00652,Potomac Site Works Co.,Counter,XWK56623,PT00354,267-2262,CUTTING EDGE,7,306.24,2143.68,2023-01-05,7,Invoiced,2023-01-05
SO00000150,1,2023-01-05 14:57:35,B001,C00026,Old Dominion Aggregates Co.,Phone,,PT00472,7N-8871,END BIT,2,227.58,455.16,2023-01-10,2,Invoiced,2023-01-05
SO00000150,2,2023-01-05 14:57:35,B001,C00026,Old Dominion Aggregates Co.,Phone,MVL75258,PT00501,5Y-0341,END BIT,2,216.23,432.46,2023-01-10,2,Invoiced,2023-01-05
SO00000151,1,2023-01-05 13:11:41,B001,C00022,Eastern Shore Contracting LLC,Online,,PT04131,9D-6936,HEX BOLT,7,6.38,44.66,2023-01-07,7,Invoiced,2023-01-05
SO00000151,2,2023-01-05 13:11:41,B001,C00022,Eastern Shore Contracting LLC,Online,,PT04005,4X-6633,O-RING SEAL,11,3.96,43.56,2023-01-07,11,Invoiced,2023-01-05
SO00000151,3,2023-01-05 13:11:41,B001,C00022,Eastern Shore Contracting LLC,Online,VKR48868,PT00478,179-8618,END BIT,6,143.36,860.16,2023-01-07,6,Invoiced,2023-01-05
SO00000152,1,2023-01-05 13:28:43,B026,C00697,Old Dominion Power Generation Co.,Counter,,PT03973,1U-6513,O-RING SEAL,4,3.2,12.8,2023-01-05,4,Invoiced,2023-01-05
SO00000152,2,2023-01-05 13:28:43,B026,C00697,Old Dominion Power Generation Co.,Counter,,PT00909,6N-3985,FUEL INJECTOR,1,514.47,514.47,2023-01-05,1,Invoiced,2023-01-05
SO00000152,3,2023-01-05 13:28:43,B026,C00697,Old Dominion Power Generation Co.,Counter,VKP87852,PT01801,176-0602,TRANSMISSION FILTER,6,48.04,288.24,2023-01-05,4,Invoiced - Balance Cancelled,2023-01-05
SO00000153,1,2023-01-05 10:07:09,B003,C00084,"Coalfield Demolition, Inc.",Service Work Order,XRY21017,PT00373,514-9557,CUTTING EDGE,3,664.89,1994.67,2023-01-09,3,Invoiced,2023-01-05
SO00000153,2,2023-01-05 10:07:09,B003,C00084,"Coalfield Demolition, Inc.",Service Work Order,ZCD19549,PT04053,9N-6175,O-RING SEAL,9,2.35,21.15,2023-01-09,9,Invoiced,2023-01-05
SO00000154,1,2023-01-05 11:26:45,B017,C00445,Tri-State Aggregates,Phone,,PT01691,5F-3363,CAB AIR FILTER,3,45.53,136.59,2023-01-08,3,Invoiced,2023-01-05
SO00000155,1,2023-01-05 10:09:07,B020,C00512,Piedmont Demolition Co.,Service Work Order,VRA49261,PT04081,538-1333,HEX BOLT,10,9.64,96.4,2023-01-08,10,Invoiced,2023-01-05
SO00000156,1,2023-01-05 08:33:16,B020,C00500,James River Land Clearing Co.,Service Work Order,DHW83820,PT01738,9F-6584,TRANSMISSION FILTER,4,47.99,191.96,2023-01-06,4,Invoiced,2023-01-05
SO00000157,1,2023-01-05 14:13:14,B020,C00516,Tri-State Coal Company Co.,Counter,XRY76163,PT01743,5E-2917,TRANSMISSION FILTER,2,98.51,197.02,2023-01-05,2,Invoiced,2023-01-05
SO00000158,1,2023-01-05 10:16:33,B028,C00741,Commonwealth Demolition Inc.,Service Work Order,FGG23277,PT01665,7P-1666,CAB AIR FILTER,3,43.4,130.2,2023-01-09,3,Invoiced,2023-01-05
SO00000159,1,2023-01-05 18:04:09,B007,C00205,Piedmont Resources,Service Work Order,DZZ33726,PT04128,553-6981,HEX BOLT,10,8.03,80.3,2023-01-10,10,Invoiced,2023-01-05
SO00000160,1,2023-01-05 09:02:54,B013,C00348,Eastern Shore Earthworks Co.,Counter,,PT01750,8N-2339,TRANSMISSION FILTER,4,83.67,334.68,2023-01-05,4,Invoiced,2023-01-05
SO00000161,1,2023-01-05 17:24:48,B013,C00367,Pocahontas Power Generation,Counter,,PT02376,284-9898,BUCKET TOOTH RETAINER,8,6.11,48.88,2023-01-05,8,Invoiced,2023-01-05
SO00000162,1,2023-01-05 15:40:55,B013,C00349,Piedmont Land Clearing,Service Work Order,MVL79556,PT04415,576-2232,ELC EXTENDED LIFE COOLANT,5,22.57,112.85,2023-01-06,5,Invoiced,2023-01-05
SO00000163,1,2023-01-05 07:27:43,B023,C00618,Blue Ridge Aggregates,Service Work Order,CHK02920,PT04233,4Y-6226,WASHER HARD,10,1.44,14.4,2023-01-09,8,Invoiced - Balance Cancelled,2023-01-05
SO00000163,2,2023-01-05 07:27:43,B023,C00618,Blue Ridge Aggregates,Service Work Order,CHK03064,PT04011,174-1935,O-RING SEAL,9,4.36,39.24,2023-01-09,9,Invoiced,2023-01-05
SO00000164,1,2023-01-05 15:33:45,B023,C00607,Coalfield Land Clearing LLC,Online,,PT02271,1F-9603,RIPPER TIP,3,74.4,223.2,2023-01-10,3,Invoiced,2023-01-05
SO00000164,2,2023-01-05 15:33:45,B023,C00607,Coalfield Land Clearing LLC,Online,,PT04004,2F-6207,O-RING SEAL,8,1.99,15.92,2023-01-10,8,Invoiced,2023-01-05
SO00000165,1,2023-01-05 14:25:50,B023,C00617,Mountaineer Aggregates LLC,Phone,YSD57764,PT04094,9A-9344,HEX BOLT,10,6.05,60.5,2023-01-08,9,Invoiced - Balance Cancelled,2023-01-05
SO00000166,1,2023-01-05 09:50:16,B023,C00592,Mountaineer Land Clearing LLC,Service Work Order,KMY90110,PT01726,283-0099,TRANSMISSION FILTER,2,72.63,145.26,2023-01-06,2,Invoiced,2023-01-05
SO00000167,1,2023-01-05 17:03:20,B012,C00324,Old Dominion Utilities Co.,Counter,,PT01695,9P-3656,CAB AIR FILTER,4,93.99,375.96,2023-01-05,4,Invoiced,2023-01-05
SO00000167,2,2023-01-05 17:03:20,B012,C00324,Old Dominion Utilities Co.,Counter,,PT04081,538-1333,HEX BOLT,11,9.64,106.04,2023-01-05,11,Invoiced,2023-01-05
SO00000168,1,2023-01-05 14:18:23,B012,C00317,Coalfield Excavating Co.,Service Work Order,PJB96615,PT01771,5I-5122,TRANSMISSION FILTER,3,85.48,256.44,2023-01-10,3,Invoiced,2023-01-05
SO00000168,2,2023-01-05 14:18:23,B012,C00317,Coalfield Excavating Co.,Service Work Order,RES18030,PT02281,438-8068,RIPPER TIP,4,51.16,204.64,2023-01-10,4,Invoiced,2023-01-05
SO00000169,1,2023-01-05 11:10:40,B012,C00312,"Eastern Shore Utilities, Inc.",Online,DHW38368,PT00006,326-1644,FUEL WATER SEPARATOR,4,81.66,326.64,2023-01-09,4,Invoiced,2023-01-05
SO00000170,1,2023-01-05 16:18:49,B012,C00332,Mountaineer Mining LLC,Service Work Order,GTZ30830,PT01708,3N-2833,CAB AIR FILTER,2,45.53,91.06,2023-01-08,2,Invoiced,2023-01-05
SO00000170,2,2023-01-05 16:18:49,B012,C00332,Mountaineer Mining LLC,Service Work Order,VNN64211,PT00407,3U 2694,CUTTING EDGE,5,407.25,2036.25,2023-01-08,5,Invoiced,2023-01-05
SO00000170,3,2023-01-05 16:18:49,B012,C00332,Mountaineer Mining LLC,Service Work Order,XRY78251,PT04032,143-7748,O-RING SEAL,8,3.17,25.36,2023-01-08,8,Invoiced,2023-01-05
SO00000170,4,2023-01-05 16:18:49,B012,C00332,Mountaineer Mining LLC,Service Work Order,CTW82985,PT04226,375-0955,WASHER HARD,12,2.31,277.2,2023-01-08,9,Invoiced - Balance Cancelled,2023-01-05
SO00000171,1,2023-01-05 18:27:43,B005,C00123,Allegheny Land Clearing,Service Work Order,BEE29658,PT01688,8A-3578,CAB AIR FILTER,5,77.85,389.25,2023-01-08,5,Invoiced,2023-01-05
SO00000172,1,2023-01-05 16:24:12,B005,C00123,Allegheny Land Clearing,Online,,PT01683,8P-3725,CAB AIR FILTER,4,78.55,314.2,2023-01-06,4,Invoiced,2023-01-05
SO00000173,1,2023-01-05 09:29:52,B005,C00149,Appalachian Marine Services,Counter,,PT04143,1J-1403,WASHER HARD,9,1.46,13.14,2023-01-05,9,Invoiced,2023-01-05
SO00000174,1,2023-01-05 15:58:02,B011,C00283,Chesapeake Earthworks Inc.,Counter,,PT04014,1J-8215,O-RING SEAL,6,2.06,12.36,2023-01-05,6,Invoiced,2023-01-05
SO00000175,1,2023-01-05 18:21:54,B022,C00586,"Cardinal Coal Company, Inc.",Service Work Order,EDH00379,PT02428,2G-5056,SIDE CUTTER,7,182.95,1280.65,2023-01-08,7,Invoiced,2023-01-05
SO00000175,2,2023-01-05 18:21:54,B022,C00586,"Cardinal Coal Company, Inc.",Service Work Order,KNJ37701,PT03359,551-5625,ECM CONTROLLER,2,2379.41,4758.82,2023-01-08,2,Invoiced,2023-01-05
SO00000175,3,2023-01-05 18:21:54,B022,C00586,"Cardinal Coal Company, Inc.",Service Work Order,FRP45868,PT02328,7C-1981,BUCKET TOOTH RETAINER,10,11.16,111.6,2023-01-08,10,Invoiced,2023-01-05
SO00000175,4,2023-01-05 18:21:54,B022,C00586,"Cardinal Coal Company, Inc.",Service Work Order,GTK33399,PT04413,1X-9099,DEO 15W-40 ENGINE OIL,5,28.51,142.55,2023-01-08,5,Invoiced,2023-01-05
SO00000175,5,2023-01-05 18:21:54,B022,C00586,"Cardinal Coal Company, Inc.",Service Work Order,ZWL17837,PT00415,407-1817,END BIT,3,110.29,330.87,2023-01-08,3,Invoiced,2023-01-05
SO00000175,6,2023-01-05 18:21:54,B022,C00586,"Cardinal Coal Company, Inc.",Service Work Order,YKA97597,PT00442,5C-1953,END BIT,8,130.91,1047.28,2023-01-08,8,Invoiced,2023-01-05
SO00000176,1,2023-01-05 11:04:28,B002,C00058,Appalachian Aggregates,Counter,,PT01740,221-0325,TRANSMISSION FILTER,2,67.03,134.06,2023-01-05,2,Invoiced,2023-01-05
SO00000177,1,2023-01-05 15:04:16,B002,C00056,Shenandoah Aggregates,Phone,,PT01790,5A-3871,TRANSMISSION FILTER,3,124.7,374.1,2023-01-06,3,Invoiced,2023-01-05
SO00000177,2,2023-01-05 15:04:16,B002,C00056,Shenandoah Aggregates,Phone,,PT02428,2G-5056,SIDE CUTTER,3,182.95,548.85,2023-01-06,3,Invoiced,2023-01-05
SO00000177,3,2023-01-05 15:04:16,B002,C00056,Shenandoah Aggregates,Phone,,PT04113,146-9671,HEX BOLT,9,8.7,78.3,2023-01-06,9,Invoiced,2023-01-05
SO00000178,1,2023-01-05 17:18:47,B002,C00054,Tidewater Mining LLC,Counter,,PT04016,4Y-7805,O-RING SEAL,11,4.22,46.42,2023-01-05,11,Invoiced,2023-01-05
SO00000178,2,2023-01-05 17:18:47,B002,C00054,Tidewater Mining LLC,Counter,TFN77760,PT02379,560-1346,BUCKET TOOTH RETAINER,8,6.71,53.68,2023-01-05,8,Invoiced,2023-01-05
SO00000179,1,2023-01-05 12:41:55,B021,C00545,"Mountaineer Aggregates, Inc.",Counter,VRA12170,PT02362,3N-3493,BUCKET TOOTH RETAINER,5,11.24,56.2,2023-01-05,5,Invoiced,2023-01-05
SO00000180,1,2023-01-05 07:42:27,B021,C00548,Commonwealth Aggregates,Phone,KMN09594,PT04102,8S-5339,HEX BOLT,13,9.66,125.58,2023-01-07,13,Invoiced,2023-01-05
SO00000180,2,2023-01-05 07:42:27,B021,C00548,Commonwealth Aggregates,Phone,BSK65861,PT02155,481-7739,RECOIL SPRING,1,1033.28,1033.28,2023-01-07,1,Invoiced,2023-01-05
SO00000180,3,2023-01-05 07:42:27,B021,C00548,Commonwealth Aggregates,Phone,,PT01739,327-4527,TRANSMISSION FILTER,5,91.6,458.0,2023-01-07,5,Invoiced,2023-01-05
SO00000180,4,2023-01-05 07:42:27,B021,C00548,Commonwealth Aggregates,Phone,,PT04168,7T-9190,WASHER HARD,13,1.01,13.13,2023-01-07,13,Invoiced,2023-01-05
SO00000181,1,2023-01-05 12:06:38,B021,C00527,Patriot Grading & Paving,Counter,XWK01295,PT04092,6H-3312,HEX BOLT,7,5.89,41.23,2023-01-05,7,Invoiced,2023-01-05
SO00000182,1,2023-01-05 15:20:23,B021,C00546,Piedmont Mining LLC,Phone,YBY42662,PT03967,8U-1407,O-RING SEAL,7,4.08,28.56,2023-01-07,7,Invoiced,2023-01-05
SO00000183,1,2023-01-05 18:17:17,B021,C00540,Shenandoah Construction,Service Work Order,XHW20053,PT01693,480-8325,CAB AIR FILTER,2,77.13,154.26,2023-01-08,2,Invoiced,2023-01-05
SO00000183,2,2023-01-05 18:17:17,B021,C00540,Shenandoah Construction,Service Work Order,MVA89951,PT04131,9D-6936,HEX BOLT,10,6.38,63.8,2023-01-08,9,Invoiced - Balance Cancelled,2023-01-05
SO00000184,1,2023-01-05 09:51:04,B021,C00521,Valley Demolition Co.,Phone,,PT04137,6A-4811,HEX BOLT,7,3.65,25.55,2023-01-09,7,Invoiced,2023-01-05
SO00000185,1,2023-01-05 09:08:49,B027,C00717,Potomac Land Clearing,Online,,PT00558,144-5261,ADAPTER,5,137.18,685.9,2023-01-06,5,Invoiced,2023-01-05
SO00000186,1,2023-01-05 16:44:36,B027,C00721,Blue Ridge Construction LLC,Counter,LPM52258,PT04027,7A-2565,O-RING SEAL,8,1.9,15.2,2023-01-05,8,Invoiced,2023-01-05
SO00000187,1,2023-01-05 13:31:34,B004,C00101,New River Site Works Co.,Service Work Order,PSK66829,PT04237,6D-9015,WASHER HARD,6,2.52,15.12,2023-01-06,6,Invoiced,2023-01-05
SO00000188,1,2023-01-05 11:38:56,B004,C00098,"Old Dominion Site Works, Inc.",Service Work Order,GTK37705,PT04413,1X-9099,DEO 15W-40 ENGINE OIL,5,28.51,142.55,2023-01-10,5,Invoiced,2023-01-05
SO00000189,1,2023-01-05 12:53:29,B024,C00630,Chesapeake Construction LLC,Counter,,PT01798,138-4784,TRANSMISSION FILTER,1,82.05,82.05,2023-01-05,1,Invoiced,2023-01-05
SO00000190,1,2023-01-05 09:24:49,B024,C00627,Blue Ridge Utilities LLC,Counter,,PT02214,172-9167,RIPPER SHANK,7,1441.76,10092.32,2023-01-05,7,Invoiced,2023-01-05
SO00000191,1,2023-01-05 15:15:19,B008,C00218,Allegheny Demolition LLC,Service Work Order,HNE40684,PT01799,1U-3981,TRANSMISSION FILTER,2,107.49,214.98,2023-01-09,2,Invoiced,2023-01-05
SO00000192,1,2023-01-05 13:28:46,B019,C00475,Old Dominion Construction LLC,Phone,,PT02284,9Y-5990,RIPPER TIP,7,45.88,321.16,2023-01-10,7,Invoiced,2023-01-05
SO00000193,1,2023-01-05 08:40:00,B016,C00420,Pocahontas Utilities,Counter,,PT00428,3B-2466,END BIT,4,213.11,852.44,2023-01-05,4,Invoiced,2023-01-05
SO00000194,1,2023-01-05 09:15:57,B016,C00427,Pocahontas Earthworks Co.,Service Work Order,CEJ87553,PT00395,427-3872,CUTTING EDGE,5,511.43,2557.15,2023-01-09,5,Invoiced,2023-01-05
SO00000195,1,2023-01-05 08:08:02,B010,C00266,Southside Excavating LLC,Phone,XRY57014,PT01743,5E-2917,TRANSMISSION FILTER,1,98.51,98.51,2023-01-08,1,Invoiced,2023-01-05
SO00000196,1,2023-01-06 18:11:26,B019,C00480,Southside Utilities,Service Work Order,SRE32151,PT04073,435-5934,HEX BOLT,9,6.43,57.87,2023-01-10,9,Invoiced,2023-01-06
SO00000197,1,2023-01-06 10:22:23,B019,C00480,Southside Utilities,Online,RHC79458,PT04106,326-3789,HEX BOLT,7,8.18,57.26,2023-01-09,7,Invoiced,2023-01-06
SO00000198,1,2023-01-06 13:16:37,B019,C00470,Ridgeline Site Works LLC,Service Work Order,HNE55439,PT01799,1U-3981,TRANSMISSION FILTER,2,107.49,214.98,2023-01-10,2,Invoiced,2023-01-06
SO00000199,1,2023-01-06 07:28:20,B019,C00474,Valley Grading & Paving LLC,Service Work Order,ZBX08610,PT02410,7U-2721,SIDE CUTTER,4,360.84,1443.36,2023-01-08,4,Invoiced,2023-01-06
SO00000200,1,2023-01-06 13:38:10,B022,C00573,Appalachian Land Clearing,Counter,,PT00572,276-9821,ADAPTER,4,162.73,650.92,2023-01-06,4,Invoiced,2023-01-06
SO00000200,2,2023-01-06 13:38:10,B022,C00573,Appalachian Land Clearing,Counter,,PT04006,494-9389,O-RING SEAL,10,3.03,30.3,2023-01-06,10,Invoiced,2023-01-06
SO00000201,1,2023-01-06 13:32:36,B022,C00555,Ridgeline Excavating LLC,Counter,,PT02328,7C-1981,BUCKET TOOTH RETAINER,3,11.16,33.48,2023-01-06,3,Invoiced,2023-01-06
SO00000202,1,2023-01-06 11:44:09,B022,C00569,Pocahontas Utilities,Online,,PT01679,8F-1904,CAB AIR FILTER,7,58.68,410.76,2023-01-07,7,Invoiced,2023-01-06
SO00000203,1,2023-01-06 13:19:08,B022,C00569,Pocahontas Utilities,Counter,,PT02362,3N-3493,BUCKET TOOTH RETAINER,4,11.24,44.96,2023-01-06,4,Invoiced,2023-01-06
SO00000204,1,2023-01-06 12:31:17,B001,C00764,Washington County Public Works,Phone,RYP53534,PT01789,3G-3233,TRANSMISSION FILTER,3,107.95,323.85,2023-01-11,3,Invoiced,2023-01-06
SO00000204,2,2023-01-06 12:31:17,B001,C00764,Washington County Public Works,Phone,,PT04216,517-9888,WASHER HARD,13,2.48,32.24,2023-01-11,13,Invoiced,2023-01-06
SO00000204,3,2023-01-06 12:31:17,B001,C00764,Washington County Public Works,Phone,JJP14045,PT04168,7T-9190,WASHER HARD,4,1.01,4.04,2023-01-11,4,Invoiced,2023-01-06
SO00000205,1,2023-01-06 11:30:47,B003,C00065,Tidewater Grading & Paving Inc.,Counter,ZCD19549,PT01761,4U-9900,TRANSMISSION FILTER,3,111.47,334.41,2023-01-06,3,Invoiced,2023-01-06
SO00000206,1,2023-01-06 17:07:10,B003,C00067,Appalachian Land Clearing LLC,Counter,,PT04054,424-4844,O-RING SEAL,8,3.0,24.0,2023-01-06,8,Invoiced,2023-01-06
SO00000207,1,2023-01-06 11:03:31,B003,C00071,Southside Contracting,Counter,JVM36369,PT04146,2C-5624,WASHER HARD,7,1.91,13.37,2023-01-06,7,Invoiced,2023-01-06
SO00000208,1,2023-01-06 15:15:00,B003,C00089,Pocahontas Power Generation Co.,Service Work Order,DZZ70092,PT04074,509-8769,HEX BOLT,3,5.1,15.3,2023-01-07,3,Invoiced,2023-01-06
SO00000209,1,2023-01-06 09:12:45,B003,C00071,Southside Contracting,Service Work Order,FDG33793,PT03492,8R-9815,RELAY,1,35.31,35.31,2023-01-09,1,Invoiced,2023-01-06
SO00000210,1,2023-01-06 17:50:31,B003,C00070,Southside Land Clearing,Online,RYP96394,PT04137,6A-4811,HEX BOLT,9,3.65,32.85,2023-01-11,9,Invoiced,2023-01-06
SO00000211,1,2023-01-06 09:48:13,B025,C00663,Commonwealth Resources,Phone,,PT01696,3D-0644,CAB AIR FILTER,1,89.26,89.26,2023-01-11,1,Invoiced,2023-01-06
SO00000211,2,2023-01-06 09:48:13,B025,C00663,Commonwealth Resources,Phone,,PT01671,2J-3646,CAB AIR FILTER,4,46.36,185.44,2023-01-11,4,Invoiced,2023-01-06
SO00000212,1,2023-01-06 11:43:09,B006,C00172,Mountaineer Grading & Paving LLC,Counter,,PT00925,315-3840,FUEL INJECTOR,1,1020.86,1020.86,2023-01-06,1,Invoiced,2023-01-06
SO00000213,1,2023-01-06 13:01:00,B006,C00165,Appalachian Contracting LLC,Counter,FSC95733,PT02324,5R-2277,BUCKET TOOTH RETAINER,2,9.09,18.18,2023-01-06,2,Invoiced,2023-01-06
SO00000214,1,2023-01-06 16:01:23,B010,C00251,Patriot Contracting LLC,Counter,EAC75974,PT01672,112-9912,CAB AIR FILTER,1,77.66,77.66,2023-01-06,1,Invoiced,2023-01-06
SO00000215,1,2023-01-06 14:26:47,B018,C00448,Piedmont Grading & Paving LLC,Counter,,PT02382,7J-5775,BUCKET TOOTH RETAINER,4,10.72,42.88,2023-01-06,4,Invoiced,2023-01-06
SO00000215,2,2023-01-06 14:26:47,B018,C00448,Piedmont Grading & Paving LLC,Counter,,PT02271,1F-9603,RIPPER TIP,6,74.4,446.4,2023-01-06,6,Invoiced,2023-01-06
SO00000216,1,2023-01-06 17:37:30,B021,C00522,"Commonwealth Construction, Inc.",Counter,YKH34968,PT04223,434-5224,WASHER HARD,2,2.18,4.36,2023-01-06,2,Invoiced,2023-01-06
SO00000216,2,2023-01-06 17:37:30,B021,C00522,"Commonwealth Construction, Inc.",Counter,,PT02265,394-6636,RIPPER TIP,5,106.33,531.65,2023-01-06,5,Invoiced,2023-01-06
SO00000216,3,2023-01-06 17:37:30,B021,C00522,"Commonwealth Construction, Inc.",Counter,,PT04092,6H-3312,HEX BOLT,6,5.89,35.34,2023-01-06,3,Invoiced - Balance Cancelled,2023-01-06
SO00000217,1,2023-01-06 12:22:59,B004,C00103,Tri-State Construction Inc.,Online,ZDP17988,PT04121,3127347,HEX BOLT,5,4.6,23.0,2023-01-07,5,Invoiced,2023-01-06
SO00000217,2,2023-01-06 12:22:59,B004,C00103,Tri-State Construction Inc.,Online,,PT00006,326-1644,FUEL WATER SEPARATOR,3,81.66,244.98,2023-01-07,3,Invoiced,2023-01-06
SO00000218,1,2023-01-06 16:54:35,B004,C00100,"Pocahontas Demolition, Inc.",Counter,,PT04001,596-9178,O-RING SEAL,6,4.25,25.5,2023-01-06,6,Invoiced,2023-01-06
SO00000219,1,2023-01-06 14:15:27,B004,C00118,Old Dominion Hospital System Co.,Online,TPJ96606,PT01688,8A-3578,CAB AIR FILTER,2,77.85,155.7,2023-01-11,2,Invoiced,2023-01-06
SO00000220,1,2023-01-06 17:24:02,B004,C00103,Tri-State Construction Inc.,Counter,HBE89840,PT00562,297-7828,ADAPTER,7,159.08,1113.56,2023-01-06,7,Invoiced,2023-01-06
SO00000220,2,2023-01-06 17:24:02,B004,C00103,Tri-State Construction Inc.,Counter,DFH59641,PT04142,1S-0348,WASHER HARD,9,1.1,9.9,2023-01-06,9,Invoiced,2023-01-06
SO00000220,3,2023-01-06 17:24:02,B004,C00103,Tri-State Construction Inc.,Counter,BGR76206,PT01943,6S-6575,TRACK PIN,1,77.02,77.02,2023-01-06,1,Invoiced,2023-01-06
SO00000221,1,2023-01-06 16:12:25,B024,C00637,"Pocahontas Resources, Inc.",Counter,,PT01679,8F-1904,CAB AIR FILTER,2,58.68,117.36,2023-01-06,2,Invoiced,2023-01-06
SO00000222,1,2023-01-06 13:56:26,B020,C00513,Clinch Valley Demolition,Online,,PT00462,6N-7396,END BIT,6,175.49,1052.94,2023-01-11,6,Invoiced,2023-01-06
SO00000223,1,2023-01-06 18:36:34,B020,C00502,Pocahontas Contracting Inc.,Counter,,PT00510,5U-9041,ADAPTER,4,78.45,313.8,2023-01-06,4,Invoiced,2023-01-06
SO00000224,1,2023-01-06 15:17:32,B013,C00345,Tidewater Demolition,Online,,PT02376,284-9898,BUCKET TOOTH RETAINER,7,6.11,42.77,2023-01-10,7,Invoiced,2023-01-06
SO00000224,2,2023-01-06 15:17:32,B013,C00345,Tidewater Demolition,Online,,PT03003,3P-1744,CYLINDER HEAD,1,5424.87,5424.87,2023-01-10,1,Invoiced,2023-01-06
SO00000224,3,2023-01-06 15:17:32,B013,C00345,Tidewater Demolition,Online,,PT04413,1X-9099,DEO 15W-40 ENGINE OIL,15,28.51,427.65,2023-01-10,15,Invoiced,2023-01-06
SO00000225,1,2023-01-06 08:04:17,B013,C00359,Cardinal Construction LLC,Service Work Order,RHC34971,PT01683,8P-3725,CAB AIR FILTER,6,78.55,471.3,2023-01-11,5,Invoiced - Balance Cancelled,2023-01-06
SO00000225,2,2023-01-06 08:04:17,B013,C00359,Cardinal Construction LLC,Service Work Order,GJG60125,PT04140,9P-2478,WASHER HARD,8,1.2,9.6,2023-01-11,8,Invoiced,2023-01-06
SO00000225,3,2023-01-06 08:04:17,B013,C00359,Cardinal Construction LLC,Service Work Order,TVV32282,PT04186,5L-4209,WASHER HARD,12,0.99,11.88,2023-01-11,8,Invoiced - Balance Cancelled,2023-01-06
SO00000226,1,2023-01-06 14:46:15,B002,C00036,Mountaineer Demolition LLC,Service Work Order,YBY21559,PT04205,205-5027,WASHER HARD,5,0.9,4.5,2023-01-11,5,Invoiced,2023-01-06
SO00000227,1,2023-01-06 08:47:09,B023,C00590,Rappahannock Site Works Inc.,Counter,,PT04120,6C-3111,HEX BOLT,5,9.14,45.7,2023-01-06,5,Invoiced,2023-01-06
SO00000227,2,2023-01-06 08:47:09,B023,C00590,Rappahannock Site Works Inc.,Counter,WME38115,PT01899,9L-1160,TRACK PIN,1,128.47,128.47,2023-01-06,1,Invoiced,2023-01-06
SO00000228,1,2023-01-06 14:00:14,B023,C00618,Blue Ridge Aggregates,Service Work Order,EPC66084,PT01520,5M-7877,WIRING HARNESS,3,464.37,1393.11,2023-01-10,3,Invoiced,2023-01-06
SO00000229,1,2023-01-06 07:17:38,B023,C00605,"James River Site Works, Inc.",Service Work Order,SYV82702,PT01668,7I-4229,CAB AIR FILTER,4,51.52,206.08,2023-01-09,4,Invoiced,2023-01-06
SO00000230,1,2023-01-06 14:12:25,B023,C00615,Valley Coal Company LLC,Service Work Order,JBS80496,PT02450,8D-5964,SIDE CUTTER,6,267.59,1605.54,2023-01-10,6,Invoiced,2023-01-06
SO00000230,2,2023-01-06 14:12:25,B023,C00615,Valley Coal Company LLC,Service Work Order,EDH89766,PT00428,3B-2466,END BIT,10,213.11,2131.1,2023-01-10,10,Invoiced,2023-01-06
SO00000231,1,2023-01-06 16:47:23,B023,C00607,Coalfield Land Clearing LLC,Counter,,PT04054,424-4844,O-RING SEAL,11,3.0,33.0,2023-01-06,11,Invoiced,2023-01-06
SO00000232,1,2023-01-06 08:41:57,B015,C00410,Chesapeake Excavating Co.,Online,HGZ83139,PT03969,2A-0494,O-RING SEAL,7,2.01,14.07,2023-01-07,7,Invoiced,2023-01-06
SO00000233,1,2023-01-06 18:48:42,B028,C00744,Pocahontas Grading & Paving LLC,Counter,,PT03386,1N-6893,ECM CONTROLLER,1,4345.1,4345.1,2023-01-06,1,Invoiced,2023-01-06
SO00000233,2,2023-01-06 18:48:42,B028,C00744,Pocahontas Grading & Paving LLC,Counter,,PT01469,110-7887,STARTER MOTOR,2,772.23,1544.46,2023-01-06,2,Invoiced,2023-01-06
SO00000234,1,2023-01-06 10:35:12,B028,C00731,Valley Land Clearing LLC,Phone,RYG34630,PT02312,4I-6960,RIPPER TIP,6,94.37,566.22,2023-01-09,6,Invoiced,2023-01-06
SO00000235,1,2023-01-06 08:28:18,B012,C00314,Rappahannock Contracting,Counter,XGE50876,PT02311,8D-4205,RIPPER TIP,2,47.74,95.48,2023-01-06,2,Invoiced,2023-01-06
SO00000235,2,2023-01-06 08:28:18,B012,C00314,Rappahannock Contracting,Counter,,PT01780,7L-8294,TRANSMISSION FILTER,1,120.34,120.34,2023-01-06,1,Invoiced,2023-01-06
SO00000236,1,2023-01-06 15:06:47,B012,C00311,Allegheny Earthworks Inc.,Online,,PT01771,5I-5122,TRANSMISSION FILTER,1,85.48,85.48,2023-01-11,1,Invoiced,2023-01-06
SO00000237,1,2023-01-06 12:43:49,B011,C00766,Raleigh County Public Works,Counter,XHW76330,PT02189,4P-0182,RIPPER SHANK,7,1020.68,7144.76,2023-01-06,7,Invoiced,2023-01-06
SO00000237,2,2023-01-06 12:43:49,B011,C00766,Raleigh County Public Works,Counter,,PT02228,3F-3350,RIPPER SHANK,2,1044.6,2089.2,2023-01-06,2,Invoiced,2023-01-06
SO00000237,3,2023-01-06 12:43:49,B011,C00766,Raleigh County Public Works,Counter,,PT01149,6H-9176,GASKET KIT,2,144.57,289.14,2023-01-06,2,Invoiced,2023-01-06
SO00000238,1,2023-01-06 08:53:32,B027,C00709,Cardinal Construction Inc.,Counter,,PT03958,7G-6787,O-RING SEAL,6,4.21,25.26,2023-01-06,6,Invoiced,2023-01-06
SO00000238,2,2023-01-06 08:53:32,B027,C00709,Cardinal Construction Inc.,Counter,,PT02619,513-8509,SWING MOTOR,1,5792.57,5792.57,2023-01-06,1,Invoiced,2023-01-06
SO00000239,1,2023-01-06 18:43:47,B016,C00423,Piedmont Demolition Inc.,Service Work Order,SNW22274,PT04206,4R-8675,WASHER HARD,9,2.42,21.78,2023-01-10,9,Invoiced,2023-01-06
SO00000240,1,2023-01-06 11:47:53,B005,C00134,Clinch Valley Grading & Paving Inc.,Counter,,PT02206,2Y-6099,RIPPER SHANK,6,695.7,4174.2,2023-01-06,6,Invoiced,2023-01-06
SO00000241,1,2023-01-06 13:51:18,B017,C00442,New River Contracting,Counter,,PT01691,5F-3363,CAB AIR FILTER,4,45.53,182.12,2023-01-06,4,Invoiced,2023-01-06
SO00000242,1,2023-01-07 13:26:10,B002,C00036,Mountaineer Demolition LLC,Online,MZZ58516,PT04155,387-3564,WASHER HARD,11,1.52,16.72,2023-01-11,11,Invoiced,2023-01-07
SO00000243,1,2023-01-07 17:13:57,B011,C00279,"Patriot Grading & Paving, Inc.",Counter,XWK82565,PT04092,6H-3312,HEX BOLT,8,5.89,47.12,2023-01-07,8,Invoiced,2023-01-07
SO00000243,2,2023-01-07 17:13:57,B011,C00279,"Patriot Grading & Paving, Inc.",Counter,MZZ26498,PT01709,207-6854,CAB AIR FILTER,4,32.84,131.36,2023-01-07,4,Invoiced,2023-01-07
SO00000244,1,2023-01-07 10:23:37,B006,C00151,Rappahannock Contracting Inc.,Counter,HGZ63128,PT02356,418-9270,BUCKET TOOTH RETAINER,4,12.11,48.44,2023-01-07,4,Invoiced,2023-01-07
SO00000245,1,2023-01-07 08:34:57,B020,C00505,Blue Ridge Construction Co.,Counter,,PT04168,7T-9190,WASHER HARD,7,1.01,7.07,2023-01-07,7,Invoiced,2023-01-07
SO00000246,1,2023-01-07 16:52:34,B020,C00496,New River Construction,Service Work Order,CTW00773,PT04414,4S-5275,HYDO ADVANCED 10 HYDRAULIC OIL,55,32.08,1764.4,2023-01-09,55,Invoiced,2023-01-10
SO00000247,1,44933,B007,C00210,James River Hospital System Co.,Online,DXP39259,PT02266,9N-8236,RIPPER TIP,3,107.42,322.26,2023-01-10,3,Invoiced,2023-01-07
SO00000248,1,2023-01-07 18:01:31,B023,C00599,Patriot Land Clearing,Phone,YBY87323,PT03493,2X-4935,RELAY,2,26.04,52.08,2023-01-08,2,Invoiced,2023-01-07
SO00000249,1,2023-01-07 10:23:15,B023,C00601,Old Dominion Earthworks,Service Work Order,MVL08906,PT00596,557-8084,HYDRAULIC HOSE ASSEMBLY,2,155.95,311.9,2023-01-09,2,Invoiced,2023-01-07
SO00000250,1,2023-01-07 15:05:26,B018,C00460,Commonwealth Land Clearing,Counter,MLZ60080,PT02344,239-6086,BUCKET TOOTH RETAINER,6,12.58,75.48,2023-01-07,6,Invoiced,2023-01-07
SO00000251,1,2023-01-07 17:49:08,B019,C00489,Pocahontas Hospital System Inc.,Online,VNN23921,PT00260,410-3784,IDLER GROUP,2,1859.12,3718.24,2023-01-10,2,Invoiced,2023-01-07
SO00000252,1,2023-01-07 14:48:03,B022,C00576,Pocahontas Contracting Inc.,Service Work Order,NND05018,PT04048,1X-5544,O-RING SEAL,13,3.52,45.76,2023-01-12,12,Invoiced - Balance Cancelled,2023-01-07
SO00000253,1,2023-01-07 16:16:17,B028,C00732,"Clinch Valley Excavating, Inc.",Phone,EAC52942,PT01713,5G-7485,CAB AIR FILTER,2,53.44,106.88,2023-01-11,2,Invoiced,2023-01-07
SO00000254,1,2023-01-07 18:51:40,B005,C00124,Potomac Site Works,Online,,PT01759,9U-3723,TRANSMISSION FILTER,2,45.03,90.06,2023-01-08,2,Invoiced,2023-01-07
SO00000255,1,2023-01-07 08:53:43,B003,C00084,"Coalfield Demolition, Inc.",Counter,,PT02278,1L-5505,RIPPER TIP,8,55.07,440.56,2023-01-07,7,Invoiced - Balance Cancelled,2023-01-07
SO00000256,1,2023-01-08 18:49:36,B026,C00699,Potomac Municipal Utilities LLC,Phone,EAX93233,PT02430,516-9099,SIDE CUTTER,7,162.53,1137.71,2023-01-11,7,Invoiced,2023-01-08
SO00000257,1,2023-01-08 07:23:19,B020,C00494,Allegheny Earthworks LLC,Online,,PT02242,352-3496,RIPPER TIP,5,105.43,527.15,2023-01-10,5,Invoiced,2023-01-08
SO00000258,1,2023-01-09 18:44:39,B004,C00119,Chesapeake Hospital System LLC,Counter,,PT01638,2T-6473,BATTERY,2,254.77,509.54,2023-01-09,2,Invoiced,2023-01-09
SO00000259,1,2023-01-09 16:18:17,B004,C00119,Chesapeake Hospital System LLC,Counter,ZBX82346,PT01737,192-7585,TRANSMISSION FILTER,2,83.95,167.9,2023-01-09,2,Invoiced,2023-01-09
SO00000260,1,2023-01-09 10:07:17,B004,C00093,Cardinal Excavating LLC,Counter,EBE56758,PT02336,467-2416,BUCKET TOOTH RETAINER,7,7.29,51.03,2023-01-09,7,Invoiced,2023-01-09
SO00000260,2,2023-01-09 10:07:17,B004,C00093,Cardinal Excavating LLC,Counter,AFG67379,PT04014,1J-8215,O-RING SEAL,7,2.06,14.42,2023-01-09,7,Invoiced,2023-01-09
SO00000261,1,2023-01-09 10:10:34,B013,C00359,Cardinal Construction LLC,Online,MLZ91211,PT02376,284-9898,BUCKET TOOTH RETAINER,6,6.11,36.66,2023-01-11,6,Invoiced,2023-01-09
SO00000261,2,2023-01-09 10:10:34,B013,C00359,Cardinal Construction LLC,Online,,PT01980,593-4563,TRACK BUSHING,3,75.45,226.35,2023-01-11,3,Invoiced,2023-01-24
SO00000262,1,2023-01-09 14:14:24,B018,C00466,Tri-State Aggregates Inc.,Online,,PT04040,4L-9807,O-RING SEAL,13,3.89,50.57,2023-01-12,9,Invoiced - Balance Cancelled,2023-01-09
SO00000263,1,2023-01-09 18:12:15,B024,C00631,Ridgeline Excavating LLC,Counter,EDH17561,PT00557,2E-0434,ADAPTER,2,180.3,360.6,2023-01-09,2,Invoiced,2023-01-09
SO00000264,1,2023-01-09 13:28:50,B024,C00638,Old Dominion Resources Co.,Phone,MVL16296,PT01771,5I-5122,TRANSMISSION FILTER,1,85.48,85.48,2023-01-11,1,Invoiced,2023-01-09
SO00000265,1,2023-01-09 12:05:00,B005,C00132,Tri-State Land Clearing Co.,Counter,,PT04187,2H-7584,WASHER HARD,7,1.79,12.53,2023-01-09,7,Invoiced,2023-01-09
SO00000266,1,2023-01-09 16:03:31,B011,C00289,Shenandoah Demolition Inc.,Service Work Order,WMB85714,PT01176,6K-1178,GASKET KIT,1,274.12,274.12,2023-01-13,1,Invoiced,2023-01-09
SO00000267,1,2023-01-09 17:05:15,B011,C00292,Clinch Valley Utilities LLC,Service Work Order,CHK70996,PT04201,3R-5558,WASHER HARD,12,0.86,10.32,2023-01-12,12,Invoiced,2023-01-09
SO00000267,2,2023-01-09 17:05:15,B011,C00292,Clinch Valley Utilities LLC,Service Work Order,CTW58317,PT03980,337-2544,O-RING SEAL,6,4.2,25.2,2023-01-12,6,Invoiced,2023-01-09
SO00000268,1,2023-01-09 13:05:49,B011,C00282,Eastern Shore Grading & Paving,Online,XHW76330,PT04008,397 0626,O-RING SEAL,8,3.66,29.28,2023-01-14,8,Invoiced,2023-01-09
SO00000269,1,2023-01-09 07:41:25,B010,C00254,Pocahontas Excavating LLC,Counter,,PT02301,3B-7031,RIPPER TIP,6,114.26,685.56,2023-01-09,6,Invoiced,2023-01-09
SO00000269,2,2023-01-09 07:41:25,B010,C00254,Pocahontas Excavating LLC,Counter,,PT04235,3E-5094,WASHER HARD,9,2.31,20.79,2023-01-09,9,Invoiced,2023-01-09
SO00000270,1,2023-01-09 08:42:25,B010,C00260,Ridgeline Construction,Phone,,PT04061,8H-4723,O-RING SEAL,9,5.03,45.27,2023-01-11,9,Invoiced,2023-01-09
SO00000271,1,2023-01-09 15:06:03,B028,C00746,Appalachian Construction Co.,Phone,WMR40971,PT01661,336-7119,CAB AIR FILTER,3,49.78,149.34,2023-01-12,3,Invoiced,2023-01-09
SO00000271,2,2023-01-09 15:06:03,B028,C00746,Appalachian Construction Co.,Phone,,PT01691,5F-3363,CAB AIR FILTER,4,45.53,182.12,2023-01-12,4,Invoiced,2023-01-09
SO00000272,1,2023-01-09 14:36:41,B028,C00751,Potomac Grading & Paving Inc.,Service Work Order,VPD08730,PT04158,4H-5725,WASHER HARD,8,0.96,7.68,2023-01-12,8,Invoiced,2023-01-09
SO00000273,1,2023-01-09 12:25:47,B023,C00619,Clinch Valley Stone & Quarry,Online,,PT00428,3B-2466,END BIT,6,213.11,1278.66,2023-01-13,6,Invoiced,2023-01-09
SO00000273,2,2023-01-09 12:25:47,B023,C00619,Clinch Valley Stone & Quarry,Online,,PT01520,5M-7877,WIRING HARNESS,2,464.37,928.74,2023-01-13,2,Invoiced,2023-01-09
SO00000273,3,2023-01-09 12:25:47,B023,C00619,Clinch Valley Stone & Quarry,Online,MXE20813,PT04224,2S-0257,WASHER HARD,9,1.03,9.27,2023-01-13,9,Invoiced,2023-01-09
SO00000274,1,2023-01-09 15:46:41,B023,C00617,Mountaineer Aggregates LLC,Counter,,PT02441,5P-9922,SIDE CUTTER,5,160.99,804.95,2023-01-09,5,Invoiced,2023-01-09
SO00000275,1,2023-01-09 17:41:18,B012,C00336,Rappahannock Municipal Utilities LLC,Counter,,PT04124,542-8531,HEX BOLT,11,9.72,106.92,2023-01-09,11,Invoiced,2023-01-09
SO00000276,1,2023-01-09 08:46:37,B012,C00319,Southside Land Clearing Inc.,Online,,PT02311,8D-4205,RIPPER TIP,7,47.74,334.18,2023-01-11,7,Invoiced,2023-01-09
SO00000276,2,2023-01-09 08:46:37,B012,C00319,Southside Land Clearing Inc.,Online,,PT02221,503-4685,RIPPER SHANK,9,1217.14,10954.26,2023-01-11,2,Invoiced - Balance Cancelled,2023-01-09
SO00000276,3,2023-01-09 08:46:37,B012,C00319,Southside Land Clearing Inc.,Online,,PT04082,9R-5441,HEX BOLT,8,5.9,47.2,2023-01-11,8,Invoiced,2023-01-09
SO00000277,1,2023-01-09 18:50:17,B002,C00046,Rappahannock Site Works Inc.,Online,,PT01729,6L-2618,TRANSMISSION FILTER,1,106.41,106.41,2023-01-13,1,Invoiced,2023-01-09
SO00000278,1,2023-01-09 11:39:21,B002,C00042,Allegheny Demolition,Counter,,PT03961,464-9179,O-RING SEAL,6,2.82,16.92,2023-01-09,6,Invoiced,2023-01-09
SO00000279,1,2023-01-09 08:41:58,B002,C00055,Rappahannock Aggregates LLC,Counter,,PT00403,558-2292,CUTTING EDGE,5,406.33,2031.65,2023-01-09,5,Invoiced,2023-01-09
SO00000280,1,2023-01-09 10:05:44,B002,C00038,Old Dominion Demolition,Counter,,PT04030,2S-4356,O-RING SEAL,10,2.27,22.7,2023-01-09,10,Invoiced,2023-01-09
SO00000280,2,2023-01-09 10:05:44,B002,C00038,Old Dominion Demolition,Counter,GEK60470,PT04201,3R-5558,WASHER HARD,4,0.86,3.44,2023-01-09,4,Invoiced,2023-01-09
SO00000280,3,2023-01-09 10:05:44,B002,C00038,Old Dominion Demolition,Counter,MVL36429,PT04216,517-9888,WASHER HARD,8,2.48,19.84,2023-01-09,8,Invoiced,2023-01-09
SO00000281,1,2023-01-09 18:22:35,B019,C00485,Ridgeline Earthworks,Counter,,PT02202,431-9871,RIPPER SHANK,6,1235.66,7413.96,2023-01-09,6,Invoiced,2023-01-09
SO00000281,2,2023-01-09 18:22:35,B019,C00485,Ridgeline Earthworks,Counter,,PT01731,528-8982,TRANSMISSION FILTER,1,61.55,61.55,2023-01-09,1,Invoiced,2023-01-09
SO00000282,1,2023-01-09 16:15:20,B015,C00417,Cardinal Aggregates Co.,Counter,,PT04014,1J-8215,O-RING SEAL,13,2.06,26.78,2023-01-09,13,Invoiced,2023-01-09
SO00000283,1,2023-01-09 16:53:18,B015,C00419,Tidewater Power Generation Inc.,Counter,,PT02298,3X-3768,RIPPER TIP,5,121.96,609.8,2023-01-09,5,Invoiced,2023-01-09
SO00000284,1,2023-01-09 14:58:57,B015,C00399,Tri-State Utilities,Counter,WEG65988,PT04103,1X-4789,HEX BOLT,12,5.25,63.0,2023-01-09,10,Invoiced - Balance Cancelled,2023-01-09
SO00000285,1,2023-01-09 13:56:16,B022,C00570,Cardinal Earthworks Inc.,Counter,EDH00379,PT04414,4S-5275,HYDO ADVANCED 10 HYDRAULIC OIL,15,32.08,481.2,2023-01-09,15,Invoiced,2023-01-09
SO00000285,2,2023-01-09 13:56:16,B022,C00570,Cardinal Earthworks Inc.,Counter,,PT02396,4G-1925,BUCKET TOOTH RETAINER,2,5.85,11.7,2023-01-09,2,Invoiced,2023-01-09
SO00000286,1,2023-01-09 10:43:40,B022,C00564,Tri-State Demolition,Phone,JJP67174,PT00460,9U-9795,END BIT,5,149.21,746.05,2023-01-12,5,Invoiced,2023-01-09
SO00000287,1,2023-01-09 11:46:03,B020,C00511,Allegheny Grading & Paving Inc.,Service Work Order,EBE28940,PT02290,8R-5950,RIPPER TIP,6,90.66,543.96,2023-01-11,6,Invoiced,2023-01-09
SO00000287,2,2023-01-09 11:46:03,B020,C00511,Allegheny Grading & Paving Inc.,Service Work Order,RYG02816,PT03993,442-4472,O-RING SEAL,9,3.29,29.61,2023-01-11,9,Invoiced,2023-01-09
SO00000288,1,2023-01-09 07:55:11,B014,C00385,"Ridgeline Excavating, Inc.",Counter,,PT01701,111-9017,CAB AIR FILTER,2,51.12,102.24,2023-01-09,2,Invoiced,2023-01-09
SO00000289,1,2023-01-09 14:38:04,B001,C00009,Ridgeline Site Works LLC,Service Work Order,EPC91572,PT00383,397-6076,CUTTING EDGE,8,302.14,2417.12,2023-01-11,8,Invoiced,2023-01-09
SO00000289,2,2023-01-09 14:38:04,B001,C00009,Ridgeline Site Works LLC,Service Work Order,FBY14880,PT04131,9D-6936,HEX BOLT,9,6.38,57.42,2023-01-11,9,Invoiced,2023-01-09
SO00000289,3,2023-01-09 14:38:04,B001,C00009,Ridgeline Site Works LLC,Service Work Order,MCY53046,PT04168,7T-9190,WASHER HARD,7,1.01,7.07,2023-01-11,7,Invoiced,2023-01-09
SO00000289,4,2023-01-09 14:38:04,B001,C00009,Ridgeline Site Works LLC,Service Work Order,MCY10463,PT00468,250-4496,END BIT,5,126.51,632.55,2023-01-11,5,Invoiced,2023-01-09
SO00000290,1,2023-01-09 14:54:06,B001,C00013,Potomac Demolition Inc.,Counter,,PT01792,6X-0708,TRANSMISSION FILTER,1,109.06,109.06,2023-01-09,1,Invoiced,2023-01-09
SO00000290,2,2023-01-09 14:54:06,B001,C00013,Potomac Demolition Inc.,Counter,JYL29623,PT02102,7S-3797,CARRIER ROLLER,1,531.66,531.66,2023-01-09,1,Invoiced,2023-01-09
SO00000290,3,2023-01-09 14:54:06,B001,C00013,Potomac Demolition Inc.,Counter,,PT04218,8W-8214,WASHER HARD,7,1.2,8.4,2023-01-09,7,Invoiced,2023-01-09
SO00000290,4,2023-01-09 14:54:06,B001,C00013,Potomac Demolition Inc.,Counter,,PT04005,4X-6633,O-RING SEAL,7,3.96,27.72,2023-01-09,7,Invoiced,2023-01-09
SO00000291,1,2023-01-09 08:38:43,B009,C00224,Allegheny Demolition Inc.,Counter,,PT03975,6S-7925,O-RING SEAL,4,4.73,18.92,2023-01-09,4,Invoiced,2023-01-09
SO00000291,2,2023-01-09 08:38:43,B009,C00224,Allegheny Demolition Inc.,Counter,,PT02531,512-0985,CONTROL VALVE,1,7404.65,7404.65,2023-01-09,1,Invoiced,2023-01-09
SO00000292,1,2023-01-09 08:43:29,B021,C00541,Pocahontas Utilities Inc.,Counter,CKD35119,PT01758,448-1152,TRANSMISSION FILTER,3,55.94,167.82,2023-01-09,3,Invoiced,2023-01-09
SO00000293,1,2023-01-09 14:20:45,B017,C00439,Allegheny Earthworks,Online,GEK39359,PT02327,594-6347,BUCKET TOOTH RETAINER,5,5.58,27.9,2023-01-12,5,Invoiced,2023-01-09
SO00000294,1,2023-01-09 17:28:30,B008,C00213,Allegheny Contracting LLC,Counter,NZV88209,PT00240,443-9047,IDLER GROUP,3,2004.64,6013.92,2023-01-09,3,Invoiced,2023-01-09
SO00000295,1,2023-01-09 18:10:07,B006,C00180,Blue Ridge Marine Services LLC,Service Work Order,FSC95733,PT02324,5R-2277,BUCKET TOOTH RETAINER,5,9.09,45.45,2023-01-12,5,Invoiced,2023-01-09
SO00000296,1,2023-01-09 08:35:06,B016,C00423,Piedmont Demolition Inc.,Online,,PT00395,427-3872,CUTTING EDGE,11,511.43,5625.73,2023-01-11,11,Invoiced,2023-01-25
SO00000297,1,2023-01-09 18:38:04,B026,C00699,Potomac Municipal Utilities LLC,Online,FBY48077,PT00566,5W-8398,ADAPTER,6,121.86,731.16,2023-01-10,6,Invoiced,2023-01-09
SO00000298,1,2023-01-09 18:08:05,B007,C00191,Mountaineer Land Clearing,Online,XWK84548,PT01787,4K-0418,TRANSMISSION FILTER,2,101.42,202.84,2023-01-13,2,Invoiced,2023-01-09
SO00000298,2,2023-01-09 18:08:05,B007,C00191,Mountaineer Land Clearing,Online,ZBX36161,PT04181,580-1351,WASHER HARD,9,1.3,11.7,2023-01-13,9,Invoiced,2023-01-09
SO00000299,1,2023-01-09 18:58:40,B007,C00188,Piedmont Construction Co.,Online,,PT01745,6V-2966,TRANSMISSION FILTER,2,48.42,96.84,2023-01-12,2,Invoiced,2023-01-09
SO00000300,1,2023-01-09 15:15:52,B025,C00665,Eastern Shore Power Generation Co.,Counter,,PT02192,424-1351,RIPPER SHANK,11,835.43,9189.73,2023-01-09,11,Invoiced,2023-01-09
SO00000301,1,2023-01-09 17:00:03,B003,C00066,Appalachian Grading & Paving Inc.,Counter,ZKJ77665,PT02448,286-8338,SIDE CUTTER,7,403.12,2821.84,2023-01-09,7,Invoiced,2023-01-09
SO00000302,1,2023-01-10 15:18:54,B022,C00558,Patriot Grading & Paving Co.,Counter,,PT01775,6J-3805,TRANSMISSION FILTER,3,70.84,212.52,2023-01-10,3,Invoiced,2023-01-10
SO00000302,2,2023-01-10 15:18:54,B022,C00558,Patriot Grading & Paving Co.,Counter,,PT01756,463-8547,TRANSMISSION FILTER,2,97.26,194.52,2023-01-10,2,Invoiced,2023-01-10
SO00000303,1,2023-01-10 09:08:47,B022,C00571,Pocahontas Excavating,Service Work Order,YBY20223,PT04205,205-5027,WASHER HARD,7,0.9,6.3,2023-01-14,5,Invoiced - Balance Cancelled,2023-01-10
SO00000303,2,2023-01-10 09:08:47,B022,C00571,Pocahontas Excavating,Service Work Order,SYV60853,PT01668,7I-4229,CAB AIR FILTER,2,51.52,103.04,2023-01-14,2,Invoiced,2023-01-10
SO00000304,1,2023-01-10 12:46:46,B022,C00566,Allegheny Construction LLC,Counter,,PT02180,1B-5868,RIPPER SHANK,2,1783.7,3567.4,2023-01-10,2,Invoiced,2023-01-10
SO00000305,1,2023-01-10 15:19:24,B022,C00558,Patriot Grading & Paving Co.,Counter,,PT03966,492-9219,O-RING SEAL,6,4.87,29.22,2023-01-10,6,Invoiced,2023-01-10
SO00000305,2,2023-01-10 15:19:24,B022,C00558,Patriot Grading & Paving Co.,Counter,,PT00572,276-9821,ADAPTER,4,162.73,650.92,2023-01-10,4,Invoiced,2023-01-10
SO00000306,1,2023-01-10 07:08:12,B022,C00563,"Chesapeake Excavating, Inc.",Counter,,PT01405,476-8894,ALTERNATOR,1,1180.73,1180.73,2023-01-10,1,Invoiced,2023-01-10
SO00000307,1,2023-01-10 15:04:11,B022,C00555,Ridgeline Excavating LLC,Online,,PT02399,5S-3577,BUCKET TOOTH RETAINER,5,11.51,57.55,2023-01-14,5,Invoiced,2023-01-10
SO00000308,1,2023-01-10 14:23:31,B022,C00584,Commonwealth Stone & Quarry,Online,,PT02229,5U-3503,RIPPER SHANK,7,1461.47,10230.29,2023-01-15,7,Invoiced,2023-01-10
SO00000308,2,2023-01-10 14:23:31,B022,C00584,Commonwealth Stone & Quarry,Online,,PT02362,3N-3493,BUCKET TOOTH RETAINER,6,11.24,67.44,2023-01-15,6,Invoiced,2023-01-10
SO00000309,1,2023-01-10 11:29:04,B023,C00593,Old Dominion Land Clearing Inc.,Counter,,PT03400,8S-4280,MONITOR DISPLAY,1,1166.65,1166.65,2023-01-10,1,Invoiced,2023-01-10
SO00000310,1,2023-01-10 17:50:01,B023,C00594,Eastern Shore Contracting Inc.,Online,,PT04185,9W-2350,WASHER HARD,9,1.86,16.74,2023-01-14,9,Invoiced,2023-01-10
SO00000311,1,2023-01-10 17:57:45,B004,C00097,Patriot Land Clearing,Online,,PT01749,9H-0300,TRANSMISSION FILTER,2,107.34,214.68,2023-01-11,2,Invoiced,2023-01-10
SO00000311,2,2023-01-10 17:57:45,B004,C00097,Patriot Land Clearing,Online,,PT01795,455-5423,TRANSMISSION FILTER,6,116.24,697.44,2023-01-11,6,Invoiced,2023-01-11
SO00000312,1,2023-01-10 15:57:11,B004,C00091,Allegheny Grading & Paving Inc.,Counter,,PT00530,348-4841,ADAPTER,3,203.83,611.49,2023-01-10,3,Invoiced,2023-01-10
SO00000312,2,2023-01-10 15:57:11,B004,C00091,Allegheny Grading & Paving Inc.,Counter,,PT02339,264-8560,BUCKET TOOTH RETAINER,8,11.86,94.88,2023-01-10,7,Invoiced - Balance Cancelled,2023-01-10
SO00000313,1,2023-01-10 17:11:47,B001,C00003,Tidewater Land Clearing Co.,Counter,HPZ88229,PT02454,7A-9604,SIDE CUTTER,3,286.87,860.61,2023-01-10,3,Invoiced,2023-01-10
SO00000314,1,2023-01-10 08:00:24,B001,C00761,Chesterfield County Public Works,Online,YKH26476,PT00703,4C-9061,HYDRAULIC PUMP,1,8670.89,8670.89,2023-01-13,1,Invoiced,2023-01-10
SO00000315,1,2023-01-10 12:00:58,B001,C00024,Blue Ridge Mining LLC,Counter,,PT00948,167-2812,WATER PUMP,1,805.74,805.74,2023-01-10,1,Invoiced,2023-01-10
SO00000316,1,2023-01-10 18:59:53,B001,C00016,Old Dominion Demolition,Service Work Order,RSX48324,PT04023,460-8996,O-RING SEAL,3,2.31,6.93,2023-01-15,3,Invoiced,2023-01-10
SO00000317,1,2023-01-10 15:36:15,B003,C00082,Appalachian Earthworks Inc.,Phone,,PT04137,6A-4811,HEX BOLT,3,3.65,10.95,2023-01-13,3,Invoiced,2023-01-10
SO00000317,2,2023-01-10 15:36:15,B003,C00082,Appalachian Earthworks Inc.,Phone,JVM85916,PT00223,7Y-8426,IDLER GROUP,1,3354.01,3354.01,2023-01-13,1,Invoiced,2023-01-10
SO00000318,1,2023-01-10 15:50:33,B010,C00256,Ridgeline Earthworks LLC,Counter,RHC92215,PT04026,360-9370,O-RING SEAL,8,2.35,18.8,2023-01-10,8,Invoiced,2023-01-10
SO00000318,2,2023-01-10 15:50:33,B010,C00256,Ridgeline Earthworks LLC,Counter,,PT04061,8H-4723,O-RING SEAL,8,5.03,40.24,2023-01-10,8,Invoiced,2023-01-10
SO00000319,1,2023-01-10 13:30:15,B010,C00275,Coalfield Power Generation Co.,Counter,,PT04059,158-1216,O-RING SEAL,11,2.86,31.46,2023-01-10,10,Invoiced - Balance Cancelled,2023-01-10
SO00000319,2,2023-01-10 13:30:15,B010,C00275,Coalfield Power Generation Co.,Counter,SDS58817,PT04162,564-8991,WASHER HARD,10,0.87,8.7,2023-01-10,10,Invoiced,2023-01-10
SO00000320,1,2023-01-10 18:13:41,B006,C00176,James River Data Centers Inc.,Phone,PJB65040,PT00837,495-0440,SEAL KIT,1,87.08,87.08,2023-01-11,1,Invoiced,2023-01-10
SO00000320,2,2023-01-10 18:13:41,B006,C00176,James River Data Centers Inc.,Phone,,PT03998,533-9385,O-RING SEAL,14,2.94,41.16,2023-01-11,9,Invoiced - Balance Cancelled,2023-01-10
SO00000321,1,2023-01-10 14:40:35,B002,C00061,Allegheny Municipal Utilities Inc.,Counter,EDH61562,PT04016,4Y-7805,O-RING SEAL,11,4.22,46.42,2023-01-10,11,Invoiced,2023-01-10
SO00000321,2,2023-01-10 14:40:35,B002,C00061,Allegheny Municipal Utilities Inc.,Counter,,PT01790,5A-3871,TRANSMISSION FILTER,4,124.7,498.8,2023-01-10,4,Invoiced,2023-01-10
SO00000321,3,2023-01-10 14:40:35,B002,C00061,Allegheny Municipal Utilities Inc.,Counter,MVL92315,PT04415,576-2232,ELC EXTENDED LIFE COOLANT,55,22.57,1241.35,2023-01-10,44,Invoiced - Balance Cancelled,2023-01-10
SO00000321,4,2023-01-10 14:40:35,B002,C00061,Allegheny Municipal Utilities Inc.,Counter,BSK28622,PT04080,8L-6283,HEX BOLT,6,9.48,56.88,2023-01-10,6,Invoiced,2023-01-10
SO00000322,1,2023-01-10 13:18:36,B015,C00400,Chesapeake Earthworks Inc.,Counter,,PT03987,462-9671,O-RING SEAL,10,3.17,31.7,2023-01-10,10,Invoiced,2023-01-10
SO00000322,2,2023-01-10 13:18:36,B015,C00400,Chesapeake Earthworks Inc.,Counter,,PT04232,318-0201,WASHER HARD,3,1.69,5.07,2023-01-10,3,Invoiced,2023-01-10
SO00000323,1,44936,B013,C00363,Clinch Valley Coal Company,Service Work Order,FTD54808,PT04199,6L-1186,WASHER HARD,9,2.27,20.43,2023-01-14,9,Invoiced,2023-01-10
SO00000323,2,2023-01-10 08:56:04,B013,C00363,Clinch Valley Coal Company,Service Work Order,PCZ99776,PT04009,409-5519,O-RING SEAL,10,3.01,30.1,2023-01-14,10,Invoiced,2023-01-10
SO00000324,1,2023-01-10 12:20:49,B011,C00293,Potomac Earthworks LLC,Counter,,PT01771,5I-5122,TRANSMISSION FILTER,1,85.48,85.48,2023-01-10,1,Invoiced,2023-01-10
SO00000325,1,2023-01-10 10:35:30,B021,C00541,Pocahontas Utilities Inc.,Service Work Order,EPC64669,PT02326,365-5245,BUCKET TOOTH RETAINER,3,9.6,28.8,2023-01-15,3,Invoiced,2023-01-10
SO00000326,1,2023-01-10 09:15:23,B021,C00540,Shenandoah Construction,Service Work Order,YBY28524,PT03967,8U-1407,O-RING SEAL,7,4.08,28.56,2023-01-11,7,Invoiced,2023-01-10
SO00000326,2,2023-01-10 09:15:23,B021,C00540,Shenandoah Construction,Service Work Order,EDH96981,PT01772,5J-4540,TRANSMISSION FILTER,3,54.2,162.6,2023-01-11,3,Invoiced,2023-01-10
SO00000326,3,2023-01-10 09:15:23,B021,C00540,Shenandoah Construction,Service Work Order,JMJ84550,PT01952,445-2745,TRACK PIN,3,115.49,346.47,2023-01-11,3,Invoiced,2023-01-24
SO00000326,4,2023-01-10 09:15:23,B021,C00540,Shenandoah Construction,Service Work Order,FRP66278,PT04168,7T-9190,WASHER HARD,8,1.01,8.08,2023-01-11,8,Invoiced,2023-01-10
SO00000327,1,2023-01-10 11:37:06,B012,C00335,Old Dominion Coal Company LLC,Online,VKR58455,PT04415,576-2232,ELC EXTENDED LIFE COOLANT,55,22.57,1241.35,2023-01-14,55,Invoiced,2023-01-10
SO00000328,1,2023-01-10 10:54:07,B012,C00320,Coalfield Utilities,Counter,,PT02062,113-9502,CARRIER ROLLER,2,511.32,1022.64,2023-01-10,2,Invoiced,2023-01-10
SO00000329,1,2023-01-10 18:17:38,B012,C00328,Shenandoah Stone & Quarry Inc.,Online,,PT04196,297-1414,WASHER HARD,8,1.79,14.32,2023-01-13,8,Invoiced,2023-01-10
SO00000329,2,2023-01-10 18:17:38,B012,C00328,Shenandoah Stone & Quarry Inc.,Online,,PT04214,2G-6833,WASHER HARD,6,1.68,10.08,2023-01-13,6,Invoiced,2023-01-10
SO00000330,1,2023-01-10 12:30:34,B012,C00330,Potomac Mining LLC,Online,FTD80623,PT03426,6B-7327,MONITOR DISPLAY,2,2148.57,4297.14,2023-01-13,2,Invoiced,2023-01-10
SO00000331,1,2023-01-10 07:38:41,B012,C00338,"Tidewater Municipal Utilities, Inc.",Service Work Order,EDH60416,PT02394,570-3597,BUCKET TOOTH RETAINER,3,9.01,27.03,2023-01-14,3,Invoiced,2023-01-10
SO00000331,2,2023-01-10 07:38:41,B012,C00338,"Tidewater Municipal Utilities, Inc.",Service Work Order,CXX47697,PT04017,4V-6809,O-RING SEAL,11,2.93,32.23,2023-01-14,11,Invoiced,2023-01-10
SO00000332,1,2023-01-10 13:23:31,B009,C00241,Cardinal Demolition,Online,,PT04103,1X-4789,HEX BOLT,8,5.25,42.0,2023-01-15,8,Invoiced,2023-01-10
SO00000333,1,2023-01-10 10:06:30,B026,C00694,James River Mining LLC,Counter,,PT04073,435-5934,HEX BOLT,5,6.43,32.15,2023-01-10,5,Invoiced,2023-01-10
SO00000333,2,2023-01-10 10:06:30,B026,C00694,James River Mining LLC,Counter,RSX79684,PT01713,5G-7485,CAB AIR FILTER,1,53.44,53.44,2023-01-10,1,Invoiced,2023-01-10
SO00000333,3,2023-01-10 10:06:30,B026,C00694,James River Mining LLC,Counter,VNN22196,PT04046,379-0804,O-RING SEAL,11,4.84,53.24,2023-01-10,11,Invoiced,2023-01-10
SO00000333,4,2023-01-10 10:06:30,B026,C00694,James River Mining LLC,Counter,XWK01910,PT04160,7M-4059,WASHER HARD,6,1.99,11.94,2023-01-10,6,Invoiced,2023-01-10
SO00000334,1,2023-01-10 08:23:21,B026,C00674,"Coalfield Demolition, Inc.",Counter,,PT01794,7K-3204,TRANSMISSION FILTER,4,58.49,233.96,2023-01-10,4,Invoiced,2023-01-10
SO00000335,1,2023-01-10 11:46:58,B026,C00686,Commonwealth Grading & Paving,Online,FRP65746,PT00359,534-8508,CUTTING EDGE,5,293.61,1468.05,2023-01-12,5,Invoiced,2023-01-10
SO00000336,1,2023-01-10 16:34:11,B020,C00516,Tri-State Coal Company Co.,Counter,,PT02213,390-9453,RIPPER SHANK,4,1568.11,6272.44,2023-01-10,4,Invoiced,2023-01-10
SO00000336,2,2023-01-10 16:34:11,B020,C00516,Tri-State Coal Company Co.,Counter,VMM07442,PT04004,2F-6207,O-RING SEAL,11,1.99,21.89,2023-01-10,11,Invoiced,2023-01-10
SO00000337,1,2023-01-10 08:25:38,B020,C00501,Valley Land Clearing LLC,Counter,,PT04133,578-6538,HEX BOLT,5,6.59,32.95,2023-01-10,5,Invoiced,2023-01-10
SO00000338,1,2023-01-10 11:19:28,B018,C00466,Tri-State Aggregates Inc.,Online,,PT02417,3D-0476,SIDE CUTTER,6,426.25,2557.5,2023-01-11,6,Invoiced,2023-01-10
SO00000338,2,2023-01-10 11:19:28,B018,C00466,Tri-State Aggregates Inc.,Online,,PT04414,4S-5275,HYDO ADVANCED 10 HYDRAULIC OIL,55,32.08,1764.4,2023-01-11,55,Invoiced,2023-01-11
SO00000338,3,2023-01-10 11:19:28,B018,C00466,Tri-State Aggregates Inc.,Online,,PT00004,1R-1808,ENGINE OIL FILTER,3,42.11,126.33,2023-01-11,3,Invoiced,2023-01-10
SO00000339,1,2023-01-10 17:10:46,B014,C00379,"Clinch Valley Contracting, Inc.",Counter,,PT01778,9G-8449,TRANSMISSION FILTER,5,73.66,368.3,2023-01-10,5,Invoiced,2023-01-10
SO00000339,2,2023-01-10 17:10:46,B014,C00379,"Clinch Valley Contracting, Inc.",Counter,,PT00834,3D-9727,SEAL KIT,2,106.44,212.88,2023-01-10,2,Invoiced,2023-01-10
SO00000340,1,2023-01-10 11:59:03,B025,C00642,Patriot Construction Co.,Online,,PT04111,399-9029,HEX BOLT,8,9.05,72.4,2023-01-13,8,Invoiced,2023-01-10
SO00000341,1,2023-01-10 13:25:44,B028,C00758,Eastern Shore Hospital System Inc.,Service Work Order,JBS83649,PT02461,176-8028,SIDE CUTTER,3,278.05,834.15,2023-01-11,3,Invoiced,2023-01-10
SO00000341,2,2023-01-10 13:25:44,B028,C00758,Eastern Shore Hospital System Inc.,Service Work Order,MXW01065,PT04076,322-3983,HEX BOLT,12,9.08,108.96,2023-01-11,12,Invoiced,2023-01-10
SO00000342,1,2023-01-10 10:42:06,B028,C00752,Valley Grading & Paving LLC,Counter,VPD41308,PT01716,7Y-6494,CAB AIR FILTER,4,46.37,185.48,2023-01-10,4,Invoiced,2023-01-10
SO00000343,1,2023-01-10 16:19:22,B028,C00746,Appalachian Construction Co.,Service Work Order,VPD08730,PT04158,4H-5725,WASHER HARD,8,0.96,7.68,2023-01-14,8,Invoiced,2023-01-10
SO00000344,1,2023-01-10 12:48:00,B028,C00745,James River Utilities,Online,EAX13939,PT02420,586-8667,SIDE CUTTER,13,184.68,2400.84,2023-01-12,7,Invoiced - Balance Cancelled,2023-01-10
SO00000345,1,2023-01-10 14:58:00,B005,C00129,Valley Contracting,Online,,PT01727,412-6683,TRANSMISSION FILTER,2,99.04,198.08,2023-01-11,2,Invoiced,2023-01-10
SO00000346,1,2023-01-10 11:58:30,B005,C00141,Rappahannock Earthworks LLC,Online,KMD72106,PT04136,6W-7240,HEX BOLT,7,6.63,46.41,2023-01-14,7,Invoiced,2023-01-10
SO00000347,1,2023-01-10 15:17:48,B007,C00202,Southside Construction,Service Work Order,LFR21282,PT04145,367-1947,WASHER HARD,6,1.56,9.36,2023-01-12,6,Invoiced,2023-01-10
SO00000348,1,2023-01-11 11:56:54,B026,C00690,Appalachian Site Works LLC,Service Work Order,NND60845,PT04048,1X-5544,O-RING SEAL,4,3.52,14.08,2023-01-13,4,Invoiced,2023-01-11
SO00000349,1,2023-01-11 13:53:37,B026,C00689,Chesapeake Contracting Inc.,Service Work Order,CKD10049,PT04046,379-0804,O-RING SEAL,6,4.84,29.04,2023-01-15,2,Invoiced - Balance Cancelled,2023-01-11
SO00000349,2,2023-01-11 13:53:37,B026,C00689,Chesapeake Contracting Inc.,Service Work Order,DDH21876,PT04075,590-9845,HEX BOLT,13,9.69,125.97,2023-01-15,13,Invoiced,2023-01-11
SO00000350,1,2023-01-11 07:12:45,B026,C00699,Potomac Municipal Utilities LLC,Service Work Order,JVM28278,PT00264,365-3691,SPROCKET SEGMENT,1,525.94,525.94,2023-01-16,1,Invoiced,2023-01-11
SO00000350,2,2023-01-11 07:12:45,B026,C00699,Potomac Municipal Utilities LLC,Service Work Order,CKD43161,PT04137,6A-4811,HEX BOLT,4,3.65,14.6,2023-01-16,4,Invoiced,2023-01-11
SO00000351,1,2023-01-11 11:09:09,B002,C00060,Old Dominion Aggregates LLC,Counter,YBY55945,PT04205,205-5027,WASHER HARD,8,0.9,7.2,2023-01-11,8,Invoiced,2023-01-11
SO00000351,2,2023-01-11 11:09:09,B002,C00060,Old Dominion Aggregates LLC,Counter,CMC84218,PT00371,102-2838,CUTTING EDGE,6,350.01,2100.06,2023-01-11,6,Invoiced,2023-01-11
SO00000352,1,2023-01-11 12:40:23,B002,C00044,Cardinal Grading & Paving LLC,Counter,MZZ61876,PT04155,387-3564,WASHER HARD,6,1.52,9.12,2023-01-11,2,Invoiced - Balance Cancelled,2023-01-11
SO00000353,1,2023-01-11 17:34:59,B002,C00059,Southside Stone & Quarry,Counter,,PT01729,6L-2618,TRANSMISSION FILTER,6,106.41,638.46,2023-01-11,6,Invoiced,2023-01-11
SO00000354,1,2023-01-11 10:14:46,B022,C00572,Pocahontas Earthworks Inc.,Service Work Order,FDG44360,PT01679,8F-1904,CAB AIR FILTER,2,58.68,117.36,2023-01-15,2,Invoiced,2023-01-11
SO00000354,2,2023-01-11 10:14:46,B022,C00572,Pocahontas Earthworks Inc.,Service Work Order,EDH00379,PT04072,482-9758,HEX BOLT,7,8.0,56.0,2023-01-15,7,Invoiced,2023-01-11
SO00000354,3,2023-01-11 10:14:46,B022,C00572,Pocahontas Earthworks Inc.,Service Work Order,DZZ27133,PT03966,492-9219,O-RING SEAL,6,4.87,29.22,2023-01-15,6,Invoiced,2023-01-11
SO00000355,1,2023-01-11 11:51:11,B022,C00575,Piedmont Utilities Inc.,Counter,,PT02313,389-5773,RIPPER TIP,5,47.0,235.0,2023-01-11,5,Invoiced,2023-01-11
SO00000355,2,2023-01-11 11:51:11,B022,C00575,Piedmont Utilities Inc.,Counter,,PT02229,5U-3503,RIPPER SHANK,6,1461.47,8768.82,2023-01-11,6,Invoiced,2023-01-11
SO00000355,3,2023-01-11 11:51:11,B022,C00575,Piedmont Utilities Inc.,Counter,YKA97597,PT04193,5N-4284,WASHER HARD,10,2.27,22.7,2023-01-11,9,Invoiced - Balance Cancelled,2023-01-11
SO00000356,1,2023-01-11 17:51:34,B022,C00580,Mountaineer Resources Inc.,Online,,PT02241,5N-7132,RIPPER SHANK,8,1944.44,15555.52,2023-01-12,8,Invoiced,2023-01-11
SO00000356,2,2023-01-11 17:51:34,B022,C00580,Mountaineer Resources Inc.,Online,,PT04060,348-4754,O-RING SEAL,7,2.39,16.73,2023-01-12,7,Invoiced,2023-01-11
SO00000357,1,2023-01-11 17:16:50,B022,C00567,Shenandoah Site Works,Online,,PT00261,9X-7154,IDLER GROUP,5,2982.57,14912.85,2023-01-12,5,Invoiced,2023-02-27
SO00000358,1,2023-01-11 15:01:54,B022,C00558,Patriot Grading & Paving Co.,Counter,EDH00379,PT04414,4S-5275,HYDO ADVANCED 10 HYDRAULIC OIL,5,32.08,160.4,2023-01-11,5,Invoiced,2023-01-11
SO00000359,1,2023-01-11 11:09:29,B011,C00298,Coalfield Coal Company,Counter,,PT03972,400-5573,O-RING SEAL,8,2.06,16.48,2023-01-11,8,Invoiced,2023-01-11
SO00000359,2,2023-01-11 11:09:29,B011,C00298,Coalfield Coal Company,Counter,HFA00460,PT00502,558-0010,ADAPTER,3,187.37,562.11,2023-01-11,3,Invoiced,2023-01-11
SO00000360,1,2023-01-11 10:41:23,B011,C00277,Cardinal Utilities,Phone,,PT02311,8D-4205,RIPPER TIP,4,47.74,190.96,2023-01-16,4,Invoiced,2023-01-11
SO00000361,1,2023-01-11 12:35:17,B004,C00092,Rappahannock Utilities Inc.,Phone,JGB61401,PT01742,2T-7074,TRANSMISSION FILTER,1,50.39,50.39,2023-01-15,1,Invoiced,2023-01-11
SO00000362,1,2023-01-11 08:09:20,B004,C00120,James River Data Centers Inc.,Service Work Order,DHW60798,PT00006,326-1644,FUEL WATER SEPARATOR,5,81.66,408.3,2023-01-14,5,Invoiced,2023-01-11
SO00000363,1,2023-01-11 09:55:48,B014,C00390,Tri-State Contracting,Online,RYG38640,PT04220,4D-7924,WASHER HARD,8,1.61,12.88,2023-01-12,8,Invoiced,2023-01-11
SO00000364,1,2023-01-11 08:59:56,B014,C00373,Chesapeake Grading & Paving LLC,Counter,,PT04172,178-6057,WASHER HARD,8,1.59,12.72,2023-01-11,8,Invoiced,2023-01-11
SO00000365,1,2023-01-11 12:26:20,B014,C00372,Southside Site Works,Phone,,PT04089,309-2059,HEX BOLT,8,9.19,73.52,2023-01-16,8,Invoiced,2023-01-11
SO00000366,1,2023-01-11 12:03:07,B014,C00384,Ridgeline Excavating LLC,Phone,,PT04107,3M-5827,HEX BOLT,9,4.38,39.42,2023-01-13,9,Invoiced,2023-01-11
SO00000367,1,2023-01-11 09:45:24,B028,C00741,Commonwealth Demolition Inc.,Phone,,PT00627,424-1688,HYDRAULIC HOSE ASSEMBLY,2,125.62,251.24,2023-01-15,2,Invoiced,2023-01-11
SO00000367,2,2023-01-11 09:45:24,B028,C00741,Commonwealth Demolition Inc.,Phone,SNW56375,PT00010,1R-0777,HYDRAULIC FILTER,2,109.74,219.48,2023-01-15,2,Invoiced,2023-01-11
SO00000368,1,2023-01-11 13:07:34,B028,C00735,Mountaineer Demolition,Counter,KMY42727,PT00484,8E-2698,END BIT,4,262.06,1048.24,2023-01-11,4,Invoiced,2023-01-11
SO00000368,2,2023-01-11 13:07:34,B028,C00735,Mountaineer Demolition,Counter,NVD42320,PT02348,5I-3706,BUCKET TOOTH RETAINER,6,10.87,65.22,2023-01-11,6,Invoiced,2023-01-11
SO00000368,3,2023-01-11 13:07:34,B028,C00735,Mountaineer Demolition,Counter,AFG93544,PT03000,6P-8307,CYLINDER HEAD,1,7252.84,7252.84,2023-01-11,1,Invoiced,2023-01-11
SO00000369,1,2023-01-11 13:26:53,B016,C00422,New River Site Works,Counter,YBY07265,PT04066,400-7975,O-RING SEAL,12,3.21,38.52,2023-01-11,12,Invoiced,2023-01-11
SO00000370,1,2023-01-11 17:06:39,B024,C00625,"Eastern Shore Grading & Paving, Inc.",Online,CXX16751,PT01798,138-4784,TRANSMISSION FILTER,1,82.05,82.05,2023-01-14,1,Invoiced,2023-01-11
SO00000371,1,2023-01-11 15:02:13,B024,C00636,Rappahannock Resources LLC,Phone,,PT01989,143-2109,TRACK BUSHING,2,107.36,214.72,2023-01-12,2,Invoiced,2023-01-11
SO00000372,1,2023-01-11 08:58:31,B025,C00669,Cardinal Data Centers Inc.,Service Work Order,ZBX18450,PT02410,7U-2721,SIDE CUTTER,3,360.84,1082.52,2023-01-12,3,Invoiced,2023-01-11
SO00000373,1,2023-01-11 10:59:55,B025,C00645,Tidewater Utilities,Online,VWW22048,PT01800,276-7397,TRANSMISSION FILTER,2,132.03,264.06,2023-01-14,2,Invoiced,2023-01-11
SO00000373,2,2023-01-11 10:59:55,B025,C00645,Tidewater Utilities,Online,,PT04416,9I-8063,TDTO TRANSMISSION OIL,15,30.89,463.35,2023-01-14,15,Invoiced,2023-01-11
SO00000373,3,2023-01-11 10:59:55,B025,C00645,Tidewater Utilities,Online,ZBH48095,PT02194,151-9706,RIPPER SHANK,3,1362.19,4086.57,2023-01-14,3,Invoiced,2023-01-11
SO00000374,1,2023-01-11 10:03:12,B007,C00191,Mountaineer Land Clearing,Phone,NGD86885,PT01356,9R-0553,ALTERNATOR,2,927.42,1854.84,2023-01-12,2,Invoiced,2023-01-11
SO00000375,1,2023-01-11 11:00:17,B007,C00195,"Tidewater Construction, Inc.",Counter,,PT02324,5R-2277,BUCKET TOOTH RETAINER,5,9.09,45.45,2023-01-11,5,Invoiced,2023-01-11
SO00000376,1,2023-01-11 17:52:24,B012,C00331,Eastern Shore Aggregates Inc.,Service Work Order,FMH94799,PT04124,542-8531,HEX BOLT,9,9.72,87.48,2023-01-15,0,Cancelled,
SO00000376,2,2023-01-11 17:52:24,B012,C00331,Eastern Shore Aggregates Inc.,Service Work Order,ZDP65571,PT03779,4V-6306,COOLANT HOSE,1,36.13,36.13,2023-01-15,1,Invoiced,2023-01-11
SO00000376,3,2023-01-11 17:52:24,B012,C00331,Eastern Shore Aggregates Inc.,Service Work Order,YKH25383,PT00146,7R-6010,TRACK ROLLER,2,571.31,1142.62,2023-01-15,2,Invoiced,2023-01-11
SO00000377,1,2023-01-11 07:05:40,B012,C00313,Chesapeake Site Works LLC,Service Work Order,FPR75051,PT01773,8M-9527,TRANSMISSION FILTER,4,124.83,499.32,2023-01-16,4,Invoiced,2023-01-11
SO00000378,1,2023-01-11 07:26:34,B020,C00510,Patriot Demolition Co.,Phone,,PT04202,377-8246,WASHER HARD,8,1.93,15.44,2023-01-13,8,Invoiced,2023-01-11
SO00000379,1,2023-01-11 16:30:33,B020,C00498,Southside Utilities LLC,Counter,KMN74474,PT04165,7D-7168,WASHER HARD,10,0.93,9.3,2023-01-11,10,Invoiced,2023-01-11
SO00000379,2,2023-01-11 16:30:33,B020,C00498,Southside Utilities LLC,Counter,,PT03352,139-9061,ECM CONTROLLER,1,4333.36,4333.36,2023-01-11,1,Invoiced,2023-01-11
SO00000380,1,2023-01-11 15:49:42,B023,C00608,James River Demolition Inc.,Online,ZJG14130,PT04149,121-0678,WASHER HARD,7,2.32,16.24,2023-01-12,7,Invoiced,2023-01-11
SO00000381,1,2023-01-11 09:48:20,B023,C00594,Eastern Shore Contracting Inc.,Online,,PT02183,3E-8729,RIPPER SHANK,5,1920.9,9604.5,2023-01-14,5,Invoiced,2023-01-11
SO00000382,1,2023-01-11 14:39:18,B005,C00121,Pocahontas Land Clearing Co.,Online,PSK02868,PT00224,392-6885,IDLER GROUP,2,1692.89,3385.78,2023-01-12,2,Invoiced,2023-01-11
SO00000382,2,2023-01-11 14:39:18,B005,C00121,Pocahontas Land Clearing Co.,Online,LFR92281,PT01759,9U-3723,TRANSMISSION FILTER,7,45.03,315.21,2023-01-12,7,Invoiced,2023-01-11
SO00000383,1,2023-01-11 11:39:28,B006,C00180,Blue Ridge Marine Services LLC,Service Work Order,ZKJ44833,PT02193,9W-0207,RIPPER SHANK,5,1023.71,5118.55,2023-01-13,5,Invoiced,2023-01-11
SO00000383,2,2023-01-11 11:39:28,B006,C00180,Blue Ridge Marine Services LLC,Service Work Order,MZZ72136,PT00628,8J-7505,HYDRAULIC HOSE ASSEMBLY,1,132.96,132.96,2023-01-13,1,Invoiced,2023-01-11
SO00000383,3,2023-01-11 11:39:28,B006,C00180,Blue Ridge Marine Services LLC,Service Work Order,PJB51353,PT02337,592-3327,BUCKET TOOTH RETAINER,4,7.45,29.8,2023-01-13,4,Invoiced,2023-01-11
SO00000384,1,2023-01-11 08:06:33,B021,C00527,Patriot Grading & Paving,Counter,KMN09594,PT04102,8S-5339,HEX BOLT,6,9.66,57.96,2023-01-11,6,Invoiced,2023-01-11
SO00000385,1,2023-01-11 12:14:31,B008,C00212,Shenandoah Demolition Inc.,Service Work Order,PCZ73061,PT00736,112-8995,HYDRAULIC PUMP,1,12303.68,12303.68,2023-01-12,1,Invoiced,2023-01-11
SO00000386,1,2023-01-11 17:42:51,B013,C00368,Clinch Valley Power Generation,Online,,PT01750,8N-2339,TRANSMISSION FILTER,4,83.67,334.68,2023-01-14,4,Invoiced,2023-01-11
SO00000387,1,2023-01-11 11:44:29,B013,C00340,James River Utilities Inc.,Phone,,PT04214,2G-6833,WASHER HARD,,1.68,10.08,2023-01-12,6,Invoiced,2023-01-11
SO00000387,2,2023-01-11 11:44:29,B013,C00340,James River Utilities Inc.,Phone,,PT01727,412-6683,TRANSMISSION FILTER,6,99.04,594.24,2023-01-12,6,Invoiced,2023-01-11
SO00000388,1,2023-01-11 14:26:53,B027,C00713,Potomac Demolition LLC,Phone,,PT01662,3H-9460,CAB AIR FILTER,3,75.02,225.06,2023-01-14,3,Invoiced,2023-01-11
SO00000388,2,2023-01-11 14:26:53,B027,C00713,Potomac Demolition LLC,Phone,MCY88978,PT02397,545-9864,BUCKET TOOTH RETAINER,7,7.28,50.96,2023-01-14,7,Invoiced,2023-01-11
SO00000389,1,2023-01-11 07:35:57,B018,C00460,Commonwealth Land Clearing,Online,,PT04061,8H-4723,O-RING SEAL,13,5.03,65.39,2023-01-14,10,Invoiced - Balance Cancelled,2023-01-11
SO00000390,1,2023-01-11 15:49:19,B001,C00032,Piedmont Mining LLC Inc.,Counter,CHK47722,PT03988,100-7705,O-RING SEAL,4,4.77,19.08,2023-01-11,4,Invoiced,2023-01-11
SO00000390,2,2023-01-11 15:49:19,B001,C00032,Piedmont Mining LLC Inc.,Counter,MVL65035,PT04415,576-2232,ELC EXTENDED LIFE COOLANT,5,22.57,112.85,2023-01-11,5,Invoiced,2023-01-11
SO00000391,1,2023-01-11 18:18:44,B001,C00030,Chesapeake Resources Inc.,Counter,,PT01758,448-1152,TRANSMISSION FILTER,4,55.94,223.76,2023-01-11,4,Invoiced,2023-01-11
SO00000392,1,2023-01-11 07:05:08,B001,C00021,Mountaineer Site Works LLC,Online,,PT03963,416-4600,O-RING SEAL,13,3.25,42.25,2023-01-14,12,Invoiced - Balance Cancelled,2023-01-11
SO00000393,1,2023-01-11 18:50:39,B015,C00404,"Pocahontas Contracting, Inc.",Counter,,PT01115,130-8625,TURBOCHARGER,1,4454.73,4454.73,2023-01-11,1,Invoiced,2023-01-11
SO00000393,2,2023-01-11 18:50:39,B015,C00404,"Pocahontas Contracting, Inc.",Counter,,PT01676,346-8694,CAB AIR FILTER,5,62.96,314.8,2023-01-11,4,Invoiced - Balance Cancelled,2023-01-11
SO00000394,1,2023-01-11 14:44:46,B010,C00259,Cardinal Demolition,Online,,PT01743,5E-2917,TRANSMISSION FILTER,6,98.51,591.06,2023-01-15,6,Invoiced,2023-01-12
SO00000394,2,2023-01-11 14:44:46,B010,C00259,Cardinal Demolition,Online,,PT03989,558-2987,O-RING SEAL,8,4.62,36.96,2023-01-15,8,Invoiced,2023-01-11
SO00000395,1,2023-01-11 17:03:49,B010,C00262,New River Excavating LLC,Service Work Order,XRY57014,PT02619,513-8509,SWING MOTOR,2,5792.57,11585.14,2023-01-16,2,Invoiced,2023-01-11
SO00000396,1,2023-01-11 15:03:25,B010,C00264,Southside Excavating LLC,Service Work Order,VMM66495,PT01680,7M-0368,CAB AIR FILTER,4,46.06,184.24,2023-01-12,4,Invoiced,2023-01-11
SO00000397,1,2023-01-12 11:53:15,B002,C00056,Shenandoah Aggregates,Online,EDH61562,PT04016,4Y-7805,O-RING SEAL,8,4.22,33.76,2023-01-13,8,Invoiced,2023-01-12
SO00000397,2,2023-01-12 11:53:15,B002,C00056,Shenandoah Aggregates,Online,,PT04113,146-9671,HEX BOLT,3,8.7,26.1,2023-01-13,3,Invoiced,2023-01-12
SO00000398,1,2023-01-12 12:40:37,B002,C00046,Rappahannock Site Works Inc.,Phone,,PT04205,205-5027,WASHER HARD,7,0.9,6.3,2023-01-16,7,Invoiced,2023-01-12
SO00000399,1,2023-01-12 16:52:19,B002,C00044,Cardinal Grading & Paving LLC,Counter,,PT02402,310-5787,BUCKET TOOTH RETAINER,6,8.01,48.06,2023-01-12,6,Invoiced,2023-01-12
SO00000399,2,2023-01-12 16:52:19,B002,C00044,Cardinal Grading & Paving LLC,Counter,,PT04054,424-4844,O-RING SEAL,5,3.0,15.0,2023-01-12,5,Invoiced,2023-01-12
SO00000400,1,2023-01-12 11:12:05,B002,C00058,Appalachian Aggregates,Counter,WEG74520,PT01661,336-7119,CAB AIR FILTER,4,49.78,199.12,2023-01-12,4,Invoiced,2023-01-12
SO00000401,1,2023-01-12 12:43:05,B002,C00059,Southside Stone & Quarry,Service Work Order,YKA99067,PT02366,159-1107,BUCKET TOOTH RETAINER,9,12.41,111.69,2023-01-13,7,Invoiced - Balance Cancelled,2023-01-12
SO00000401,2,2023-01-12 12:43:05,B002,C00059,Southside Stone & Quarry,Service Work Order,EDH61562,PT01772,5J-4540,TRANSMISSION FILTER,5,54.2,271.0,2023-01-13,5,Invoiced,2023-01-12
SO00000402,1,2023-01-12 08:13:00,B012,C00308,Valley Excavating Inc.,Counter,,PT01772,5J-4540,TRANSMISSION FILTER,2,54.2,108.4,2023-01-12,2,Invoiced,2023-01-12
SO00000402,2,2023-01-12 08:13:00,B012,C00308,Valley Excavating Inc.,Counter,,PT01780,7L-8294,TRANSMISSION FILTER,2,120.34,240.68,2023-01-12,2,Invoiced,2023-01-12
SO00000402,3,2023-01-12 08:13:00,B012,C00308,Valley Excavating Inc.,Counter,SYV37627,PT01663,4X-2943,CAB AIR FILTER,2,95.02,190.04,2023-01-12,2,Invoiced,2023-01-12
SO00000403,1,2023-01-12 07:37:40,B011,C00301,Coalfield Mining LLC,Online,,PT01785,443-1603,TRANSMISSION FILTER,2,116.01,232.02,2023-01-16,2,Invoiced,2023-01-12
SO00000404,1,2023-01-12 10:36:23,B011,C00293,Potomac Earthworks LLC,Online,,PT03317,533-8964,ECM CONTROLLER,1,4947.44,4947.44,2023-01-14,1,Invoiced,2023-01-12
SO00000405,1,2023-01-12 16:15:59,B011,C00292,Clinch Valley Utilities LLC,Counter,MVL99903,PT01771,5I-5122,TRANSMISSION FILTER,5,85.48,427.4,2023-01-12,5,Invoiced,2023-01-12
SO00000405,2,2023-01-12 16:15:59,B011,C00292,Clinch Valley Utilities LLC,Counter,KNJ09808,PT01652,311-5944,CAB AIR FILTER,5,94.5,472.5,2023-01-12,5,Invoiced,2023-01-12
SO00000406,1,2023-01-12 16:07:32,B011,C00288,Clinch Valley Earthworks,Online,,PT03980,337-2544,O-RING SEAL,8,4.2,33.6,2023-01-16,5,Invoiced - Balance Cancelled,2023-01-12
SO00000407,1,2023-01-12 18:51:52,B011,C00278,Coalfield Contracting LLC,Counter,YKH26633,PT04223,434-5224,WASHER HARD,10,2.18,21.8,2023-01-12,10,Invoiced,2023-01-12
SO00000408,1,2023-01-12 16:58:15,B007,C00182,Shenandoah Earthworks,Online,,PT04169,4W-8938,WASHER HARD,8,1.34,10.72,2023-01-14,8,Invoiced,2023-01-12
SO00000408,2,2023-01-12 16:58:15,B007,C00182,Shenandoah Earthworks,Online,,PT04416,9I-8063,TDTO TRANSMISSION OIL,5,30.89,154.45,2023-01-14,5,Invoiced,2023-01-12
SO00000409,1,2023-01-12 07:26:17,B023,C00620,"Cardinal Aggregates, Inc.",Online,,PT04039,8S-8156,O-RING SEAL,11,2.04,22.44,2023-01-13,11,Invoiced,2023-01-12
SO00000410,1,2023-01-12 11:06:45,B023,C00615,Valley Coal Company LLC,Counter,,PT01668,7I-4229,CAB AIR FILTER,2,51.52,103.04,2023-01-12,2,Invoiced,2023-01-12
SO00000411,1,2023-01-12 07:51:13,B027,C00728,Patriot Hospital System LLC,Online,,PT01671,2J-3646,CAB AIR FILTER,1,46.36,46.36,2023-01-13,1,Invoiced,2023-01-12
SO00000411,2,2023-01-12 07:51:13,B027,C00728,Patriot Hospital System LLC,Online,,PT01711,434-8666,CAB AIR FILTER,5,47.01,235.05,2023-01-13,5,Invoiced,2023-01-12
SO00000411,3,2023-01-12 07:51:13,B027,C00728,Patriot Hospital System LLC,Online,,PT03970,358-6681,O-RING SEAL,4,3.94,15.76,2023-01-13,4,Invoiced,2023-01-12
SO00000412,1,2023-01-12 08:46:09,B027,C00727,Piedmont Marine Services,Online,MCL13116,PT01898,2D-1909,TRACK PIN,2,51.88,103.76,2023-01-15,2,Invoiced,2023-01-12
SO00000413,1,2023-01-12 16:24:35,B027,C00716,"Commonwealth Site Works, Inc.",Counter,,PT02309,9A-4147,RIPPER TIP,7,66.98,468.86,2023-01-12,7,Invoiced,2023-01-12
SO00000414,1,2023-01-12 18:37:35,B027,C00724,Mountaineer Mining LLC LLC,Service Work Order,YKA39312,PT01662,3H-9460,CAB AIR FILTER,3,75.02,225.06,2023-01-15,3,Invoiced,2023-01-12
SO00000415,1,2023-01-12 09:59:44,B014,C00371,Ridgeline Site Works Inc.,Counter,,PT04134,578-5732,HEX BOLT,9,7.19,64.71,2023-01-12,9,Invoiced,2023-01-12
SO00000416,1,2023-01-12 07:17:10,B010,C00247,Patriot Construction LLC,Service Work Order,BTJ84937,PT04225,376-0185,WASHER HARD,5,1.11,5.55,2023-01-17,5,Invoiced,2023-01-12
SO00000416,2,2023-01-12 07:17:10,B010,C00247,Patriot Construction LLC,Service Work Order,SRE75113,PT03989,558-2987,O-RING SEAL,11,4.62,50.82,2023-01-17,5,Invoiced - Balance Cancelled,2023-01-12
SO00000417,1,2023-01-12 13:35:13,B010,C00259,Cardinal Demolition,Counter,,PT04413,1X-9099,DEO 15W-40 ENGINE OIL,55,28.51,1568.05,2023-01-12,55,Invoiced,2023-01-16
SO00000417,2,2023-01-12 13:35:13,B010,C00259,Cardinal Demolition,Counter,XWK06240,PT01787,4K-0418,TRANSMISSION FILTER,4,101.42,405.68,2023-01-12,4,Invoiced,2023-01-12
SO00000418,1,2023-01-12 12:15:41,B026,C00690,Appalachian Site Works LLC,Phone,,PT02130,7X-8059,RECOIL SPRING,2,2177.11,4354.22,2023-01-15,2,Invoiced,2023-01-12
SO00000419,1,2023-01-12 15:49:15,B026,C00698,Commonwealth Municipal Utilities LLC,Counter,,PT02453,8X-8177,SIDE CUTTER,10,219.06,2190.6,2023-01-12,10,Invoiced,2023-01-12
SO00000419,2,2023-01-12 15:49:15,B026,C00698,Commonwealth Municipal Utilities LLC,Counter,LPM51281,PT01713,5G-7485,CAB AIR FILTER,3,53.44,160.32,2023-01-12,3,Invoiced,2023-01-12
SO00000420,1,2023-01-12 09:27:26,B025,C00665,Eastern Shore Power Generation Co.,Online,LME00158,PT02016,3J-0928,TRACK BUSHING,3,51.18,153.54,2023-01-13,3,Invoiced,2023-01-25
SO00000421,1,2023-01-12 09:36:01,B025,C00649,Old Dominion Utilities Inc.,Online,,PT04136,6W-7240,HEX BOLT,9,6.63,59.67,2023-01-13,9,Invoiced,2023-01-12
SO00000421,2,2023-01-12 09:36:01,B025,C00649,Old Dominion Utilities Inc.,Online,LPM56855,PT01545,598-4554,SENSOR SPEED,1,114.75,114.75,2023-01-13,1,Invoiced,2023-01-12
SO00000421,3,2023-01-12 09:36:01,B025,C00649,Old Dominion Utilities Inc.,Online,RYG61588,PT02207,404-8352,RIPPER SHANK,3,1163.08,3489.24,2023-01-13,3,Invoiced,2023-01-12
SO00000422,1,2023-01-12 17:57:03,B001,C00013,Potomac Demolition Inc.,Service Work Order,CTW22493,PT02269,7Y-6571,RIPPER TIP,8,44.46,355.68,2023-01-14,8,Invoiced,2023-01-12
SO00000423,1,2023-01-12 15:12:57,B001,C00006,Appalachian Contracting Inc.,Counter,,PT04016,4Y-7805,O-RING SEAL,7,4.22,29.54,2023-01-12,7,Invoiced,2023-01-12
SO00000424,1,2023-01-12 11:42:21,B001,C00030,Chesapeake Resources Inc.,Service Work Order,XWK54323,PT04190,8H-9735,WASHER HARD,11,1.51,16.61,2023-01-13,11,Invoiced,2023-01-12
SO00000425,1,01/12/2023,B001,C00762,City of Virginia Beach Public Works,Service Work Order,WME41807,PT02343,6G-1436,BUCKET TOOTH RETAINER,7,6.11,42.77,2023-01-15,7,Invoiced,2023-01-12
SO00000426,1,2023-01-12 08:23:00,B006,C00176,James River Data Centers Inc.,Online,,PT01703,8V-7043,CAB AIR FILTER,4,81.17,324.68,2023-01-16,4,Invoiced,2023-01-12
SO00000426,2,2023-01-12 08:23:00,B006,C00176,James River Data Centers Inc.,Online,,PT00884,443-1675,HYDRAULIC CYLINDER,1,4019.38,4019.38,2023-01-16,1,Invoiced,2023-01-12
SO00000427,1,2023-01-12 17:18:04,B006,C00173,Tidewater Contracting LLC,Online,,PT04109,255-1284,HEX BOLT,13,8.36,108.68,2023-01-15,11,Invoiced - Balance Cancelled,2023-01-12
SO00000427,2,2023-01-12 17:18:04,B006,C00173,Tidewater Contracting LLC,Online,,PT01773,8M-9527,TRANSMISSION FILTER,3,124.83,374.49,2023-01-15,3,Invoiced,2023-01-13
SO00000428,1,2023-01-12 07:47:01,B006,C00166,Eastern Shore Demolition Inc.,Counter,PJB58619,PT00516,4E-4104,ADAPTER,4,94.68,378.72,2023-01-12,4,Invoiced,2023-01-12
SO00000428,2,2023-01-12 07:47:01,B006,C00166,Eastern Shore Demolition Inc.,Counter,RES88786,PT01704,302-5345,CAB AIR FILTER,1,36.42,36.42,2023-01-12,1,Invoiced,2023-01-12
SO00000429,1,2023-01-12 10:24:17,B009,C00240,Eastern Shore Demolition Inc.,Service Work Order,CMC50841,PT04033,6K-9141,O-RING SEAL,5,3.72,18.6,2023-01-15,5,Invoiced,2023-01-12
SO00000430,1,2023-01-12 15:11:58,B021,C00526,Tidewater Land Clearing Co.,Service Work Order,YBY28524,PT03967,8U-1407,O-RING SEAL,6,4.08,24.48,2023-01-16,6,Invoiced,2023-01-12
SO00000431,1,2023-01-12 07:12:50,B021,C00530,Blue Ridge Land Clearing LLC,Counter,BSK65861,PT02155,481-7739,RECOIL SPRING,2,1033.28,2066.56,2023-01-12,2,Invoiced,2023-01-12
SO00000431,2,2023-01-12 07:12:50,B021,C00530,Blue Ridge Land Clearing LLC,Counter,,PT01776,281-9306,TRANSMISSION FILTER,3,54.1,162.3,2023-01-12,3,Invoiced,2023-01-12
SO00000432,1,2023-01-12 09:56:22,B021,C00523,Rappahannock Contracting LLC,Phone,,PT04196,297-1414,WASHER HARD,8,1.79,14.32,2023-01-17,8,Invoiced,2023-01-12
SO00000432,2,2023-01-12 09:56:22,B021,C00523,Rappahannock Contracting LLC,Phone,RSX52245,PT04216,517-9888,WASHER HARD,6,2.48,14.88,2023-01-17,6,Invoiced,2023-01-12
SO00000432,3,2023-01-12 09:56:22,B021,C00523,Rappahannock Contracting LLC,Phone,,PT01790,5A-3871,TRANSMISSION FILTER,2,124.7,249.4,2023-01-17,2,Invoiced,2023-01-12
SO00000432,4,2023-01-12 09:56:22,B021,C00523,Rappahannock Contracting LLC,Phone,,PT01656,7J-1991,CAB AIR FILTER,1,63.07,63.07,2023-01-17,1,Invoiced,2023-01-12
SO00000433,1,2023-01-12 15:37:55,B018,C00462,Mountaineer Earthworks LLC,Counter,NGD37331,PT04068,6U1881,O-RING SEAL,6,3.75,22.5,2023-01-12,6,Invoiced,2023-01-12
SO00000434,1,2023-01-12 14:03:49,B018,C00459,New River Earthworks Inc.,Phone,NGD11339,PT02238,1V-3241,RIPPER SHANK,4,1324.77,5299.08,2023-01-13,4,Invoiced,2023-01-12
SO00000435,1,2023-01-12 15:18:51,B018,C00458,Chesapeake Earthworks,Service Work Order,LFR55951,PT04416,9I-8063,TDTO TRANSMISSION OIL,15,30.89,463.35,2023-01-17,15,Invoiced,2023-01-12
SO00000436,1,2023-01-12 15:38:10,B018,C00458,Chesapeake Earthworks,Counter,AFG72769,PT01667,6F-3055,CAB AIR FILTER,4,52.29,209.16,2023-01-12,4,Invoiced,2023-01-12
SO00000437,1,2023-01-12 17:39:21,B028,C00742,Allegheny Excavating LLC,Service Work Order,RYP02551,PT01723,473-1556,CAB AIR FILTER,2,63.66,127.32,2023-01-14,2,Invoiced,2023-01-12
SO00000437,2,2023-01-12 17:39:21,B028,C00742,Allegheny Excavating LLC,Service Work Order,TVV46920,PT01769,464-9313,TRANSMISSION FILTER,1,45.17,45.17,2023-01-14,1,Invoiced,2023-01-12
SO00000438,1,2023-01-12 16:33:14,B005,C00124,Potomac Site Works,Counter,,PT00506,315-7531,ADAPTER,3,104.02,312.06,2023-01-12,3,Invoiced,2023-01-12
SO00000439,1,2023-01-12 13:18:14,B005,C00128,"Coalfield Excavating, Inc.",Service Work Order,CXX91147,PT00647,9I-6968,HYDRAULIC HOSE ASSEMBLY,2,150.49,300.98,2023-01-15,2,Invoiced,2023-01-12
SO00000440,1,2023-01-12 07:21:35,B022,C00574,Ridgeline Demolition LLC,Counter,,PT04086,8H-6222,HEX BOLT,13,5.56,72.28,2023-01-12,9,Invoiced - Balance Cancelled,2023-01-12
SO00000441,1,2023-01-12 13:39:21,B022,C00561,Clinch Valley Contracting Co.,Counter,,PT04072,482-9758,HEX BOLT,10,8.0,80.0,2023-01-12,10,Invoiced,2023-01-12
SO00000442,1,2023-01-12 13:11:30,B015,C00419,Tidewater Power Generation Inc.,Service Work Order,SRE16354,PT00480,484-9080,END BIT,4,158.95,635.8,2023-01-15,4,Invoiced,2023-01-12
SO00000442,2,2023-01-12 13:11:30,B015,C00419,Tidewater Power Generation Inc.,Service Work Order,XRY80968,PT01743,5E-2917,TRANSMISSION FILTER,2,98.51,197.02,2023-01-15,2,Invoiced,2023-01-12
SO00000443,1,2023-01-12 10:44:54,B013,C00363,Clinch Valley Coal Company,Counter,BTJ51211,PT02306,276-2675,RIPPER TIP,4,52.25,209.0,2023-01-12,4,Invoiced,2023-01-12
SO00000443,2,2023-01-12 10:44:54,B013,C00363,Clinch Valley Coal Company,Counter,,PT00572,276-9821,ADAPTER,8,162.73,1301.84,2023-01-12,8,Invoiced,2023-01-16
SO00000443,3,2023-01-12 10:44:54,B013,C00363,Clinch Valley Coal Company,Counter,BBY60787,PT01732,327-4983,TRANSMISSION FILTER,5,65.28,326.4,2023-01-12,5,Invoiced,2023-01-12
SO00000444,1,2023-01-12 14:42:32,B020,C00497,Piedmont Land Clearing LLC,Counter,,PT00561,344-8963,ADAPTER,7,165.69,1159.83,2023-01-12,7,Invoiced,2023-01-12
SO00000445,1,2023-01-13 09:27:52,B022,C00557,Patriot Earthworks Inc.,Service Work Order,SNW17496,PT02181,7N-9838,RIPPER SHANK,5,1903.64,9518.2,2023-01-14,5,Invoiced,2023-01-13
SO00000446,1,2023-01-13 13:48:02,B022,C00572,Pocahontas Earthworks Inc.,Counter,,PT00003,1R-0739,ENGINE OIL FILTER,3,37.0,111.0,2023-01-13,3,Invoiced,2023-01-13
SO00000446,2,2023-01-13 13:48:02,B022,C00572,Pocahontas Earthworks Inc.,Counter,WMB45486,PT00572,276-9821,ADAPTER,2,162.73,325.46,2023-01-13,2,Invoiced,2023-01-13
SO00000447,1,2023-01-13 17:14:15,B022,C00561,Clinch Valley Contracting Co.,Online,,PT01692,9B-5922,CAB AIR FILTER,3,57.75,173.25,2023-01-18,3,Invoiced,2023-01-13
SO00000448,1,2023-01-13 11:05:04,B022,C00574,Ridgeline Demolition LLC,Counter,,PT04072,482-9758,HEX BOLT,4,8.0,32.0,2023-01-13,1,Invoiced - Balance Cancelled,2023-01-13
SO00000449,1,2023-01-13 11:38:20,B022,C00583,Coalfield Aggregates,Service Work Order,XGE68125,PT00561,344-8963,ADAPTER,7,165.69,1159.83,2023-01-16,7,Invoiced,2023-01-13
SO00000450,1,2023-01-13 12:16:19,B027,C00717,Potomac Land Clearing,Service Work Order,EXY26745,PT01662,3H-9460,CAB AIR FILTER,7,75.02,525.14,2023-01-15,7,Invoiced,2023-01-13
SO00000451,1,2023-01-13 11:19:35,B027,C00711,Allegheny Demolition Co.,Service Work Order,VMM67046,PT01680,7M-0368,CAB AIR FILTER,3,46.06,138.18,2023-01-18,3,Invoiced,2023-01-13
SO00000452,1,2023-01-13 16:41:31,B027,C00706,Shenandoah Contracting Inc.,Online,ZND57046,PT02322,5P-6655,BUCKET TOOTH RETAINER,10,11.11,111.1,2023-01-14,7,Invoiced - Balance Cancelled,2023-01-13
SO00000453,1,2023-01-13 15:44:38,B024,C00634,Ridgeline Utilities LLC,Phone,,PT02214,172-9167,RIPPER SHANK,7,1441.76,10092.32,2023-01-16,7,Invoiced,2023-01-13
SO00000454,1,2023-01-13 07:51:54,B024,C00638,Old Dominion Resources Co.,Counter,,PT02419,5T-3694,SIDE CUTTER,7,400.28,2801.96,2023-01-13,7,Invoiced,2023-01-13
SO00000455,1,2023-01-13 11:37:59,B010,C00255,Potomac Demolition Inc.,Online,,PT01766,287-9188,TRANSMISSION FILTER,4,120.85,483.4,2023-01-14,4,Invoiced,2023-01-13
SO00000455,2,2023-01-13 11:37:59,B010,C00255,Potomac Demolition Inc.,Online,,PT01680,7M-0368,CAB AIR FILTER,5,46.06,230.3,2023-01-14,5,Invoiced,2023-01-13
SO00000456,1,2023-01-13 15:16:37,B010,C00271,Patriot Coal Company,Counter,XGE64046,PT04061,8H-4723,O-RING SEAL,5,5.03,25.15,2023-01-13,5,Invoiced,2023-01-13
SO00000457,1,2023-01-13 11:40:36,B004,C00103,Tri-State Construction Inc.,Phone,HGZ55817,PT04062,593-2696,O-RING SEAL,9,2.08,18.72,2023-01-16,9,Invoiced,2023-01-13
SO00000457,2,2023-01-13 11:40:36,B004,C00103,Tri-State Construction Inc.,Phone,,PT04076,322-3983,HEX BOLT,9,9.08,81.72,2023-01-16,9,Invoiced,2023-01-13
SO00000458,1,2023-01-13 17:30:11,B004,C00104,Tri-State Construction,Phone,,PT01750,8N-2339,TRANSMISSION FILTER,5,83.67,418.35,2023-01-15,5,Invoiced,2023-01-13
SO00000458,2,2023-01-13 17:30:11,B004,C00104,Tri-State Construction,Phone,HHR61736,PT00431,162-3286,END BIT,9,156.85,1411.65,2023-01-15,9,Invoiced,2023-01-13
SO00000459,1,2023-01-13 09:13:06,B021,C00524,Potomac Utilities Inc.,Counter,,PT01741,9S-0114,TRANSMISSION FILTER,3,107.17,321.51,2023-01-13,3,Invoiced,2023-01-13
SO00000459,2,2023-01-13 09:13:06,B021,C00524,Potomac Utilities Inc.,Counter,,PT04011,174-1935,O-RING SEAL,5,4.36,21.8,2023-01-13,5,Invoiced,2023-01-13
SO00000459,3,2023-01-13 09:13:06,B021,C00524,Potomac Utilities Inc.,Counter,,PT04168,7T-9190,WASHER HARD,8,1.01,8.08,2023-01-13,8,Invoiced,2023-01-13
SO00000459,4,2023-01-13 09:13:06,B021,C00524,Potomac Utilities Inc.,Counter,,PT03967,8U-1407,O-RING SEAL,8,4.08,32.64,2023-01-13,8,Invoiced,2023-01-13
SO00000460,1,2023-01-13 10:25:16,B012,C00329,Valley Stone & Quarry Co.,Phone,,PT01771,5I-5122,TRANSMISSION FILTER,3,85.48,256.44,2023-01-15,3,Invoiced,2023-01-13
SO00000460,2,2023-01-13 10:25:16,B012,C00329,Valley Stone & Quarry Co.,Phone,,PT04181,580-1351,WASHER HARD,9,1.3,11.7,2023-01-15,9,Invoiced,2023-01-13
SO00000461,1,2023-01-13 07:44:20,B012,C00309,Clinch Valley Earthworks Inc.,Service Work Order,GTZ14745,PT01708,3N-2833,CAB AIR FILTER,6,45.53,273.18,2023-01-14,6,Invoiced,2023-01-13
SO00000462,1,2023-01-13 08:41:27,B012,C00305,Appalachian Grading & Paving LLC,Counter,,PT02062,113-9502,CARRIER ROLLER,3,511.32,1533.96,2023-01-13,3,Invoiced,2023-01-13
SO00000463,1,2023-01-13 14:14:22,B012,C00337,Shenandoah Marine Services LLC,Online,,PT02455,360-9041,SIDE CUTTER,6,368.79,2212.74,2023-01-18,6,Invoiced,2023-01-13
SO00000463,2,2023-01-13 14:14:22,B012,C00337,Shenandoah Marine Services LLC,Online,,PT00572,276-9821,ADAPTER,6,162.73,976.38,2023-01-18,6,Invoiced,2023-01-13
SO00000464,1,2023-01-13 17:53:42,B025,C00657,Mountaineer Contracting Co.,Service Work Order,WEG11826,PT01594,214-2749,BATTERY,1,263.03,263.03,2023-01-17,1,Invoiced,2023-01-13
SO00000465,1,2023-01-13 11:24:43,B025,C00650,Commonwealth Site Works Inc.,Counter,,PT03542,6S-6767,RELAY,1,43.61,43.61,2023-01-13,1,Invoiced,2023-01-13
SO00000465,2,2023-01-13 11:24:43,B025,C00650,Commonwealth Site Works Inc.,Counter,,PT01681,360-4865,CAB AIR FILTER,1,36.81,36.81,2023-01-13,1,Invoiced,2023-01-13
SO00000466,1,2023-01-13 09:06:05,B025,C00644,Ridgeline Grading & Paving,Phone,,PT04085,106-5237,HEX BOLT,6,5.32,31.92,2023-01-16,6,Invoiced,2023-01-13
SO00000466,2,2023-01-13 09:06:05,B025,C00644,Ridgeline Grading & Paving,Phone,,PT00354,267-2262,CUTTING EDGE,5,306.24,1531.2,2023-01-16,5,Invoiced,2023-01-23
SO00000467,1,2023-01-13 16:30:36,B006,C00178,Mountaineer Hospital System,Service Work Order,YYZ06638,PT00408,6M-3360,CUTTING EDGE,11,649.49,7144.39,2023-01-17,11,Invoiced,2023-01-27
SO00000468,1,2023-01-13 09:58:48,B023,C00601,Old Dominion Earthworks,Online,BEE49841,PT03423,278-9937,MONITOR DISPLAY,1,1991.25,1991.25,2023-01-18,1,Invoiced,2023-01-13
SO00000469,1,2023-01-13 11:45:08,B023,C00616,Mountaineer Resources Inc.,Service Work Order,SDS58763,PT00434,131-7832,END BIT,6,220.53,1323.18,2023-01-14,6,Invoiced,2023-01-13
SO00000470,1,2023-01-13 13:22:50,B023,C00595,Rappahannock Grading & Paving,Counter,,PT01765,9X-5779,TRANSMISSION FILTER,5,122.78,613.9,2023-01-13,5,Invoiced,2023-01-13
SO00000470,2,2023-01-13 13:22:50,B023,C00595,Rappahannock Grading & Paving,Counter,,PT04238,590-6983,WASHER HARD,10,2.46,24.6,2023-01-13,9,Invoiced - Balance Cancelled,2023-01-13
SO00000471,1,2023-01-13 07:44:36,B023,C00609,Piedmont Earthworks Inc.,Online,SRE21708,PT04054,424-4844,O-RING SEAL,8,3.0,24.0,2023-01-14,8,Invoiced,2023-01-13
SO00000472,1,2023-01-13 10:25:53,B015,C00409,"Piedmont Demolition, Inc.",Counter,,PT00381,9B-6824,CUTTING EDGE,5,420.03,2100.15,2023-01-13,5,Invoiced,2023-01-13
SO00000472,2,2023-01-13 10:25:53,B015,C00409,"Piedmont Demolition, Inc.",Counter,,PT03595,8H-0820,WORK LIGHT LED,2,305.36,610.72,2023-01-13,2,Invoiced,2023-01-13
SO00000473,1,2023-01-13 13:44:10,B015,C00409,"Piedmont Demolition, Inc.",Online,,PT02328,7C-1981,BUCKET TOOTH RETAINER,7,11.16,78.12,2023-01-14,7,Invoiced,2023-01-13
SO00000474,1,2023-01-13 08:25:40,B007,C00184,Clinch Valley Construction Inc.,Service Work Order,BSK25213,PT04163,9T-6834,WASHER HARD,4,1.68,6.72,2023-01-16,4,Invoiced,2023-01-13
SO00000474,2,2023-01-13 08:25:40,B007,C00184,Clinch Valley Construction Inc.,Service Work Order,LFR12694,PT04416,9I-8063,TDTO TRANSMISSION OIL,55,30.89,1698.95,2023-01-16,55,Invoiced,2023-01-16
SO00000475,1,2023-01-13 15:35:44,B028,C00744,Pocahontas Grading & Paving LLC,Online,,PT02230,441-6413,RIPPER SHANK,4,672.06,2688.24,2023-01-15,4,Invoiced,2023-01-13
SO00000475,2,2023-01-13 15:35:44,B028,C00744,Pocahontas Grading & Paving LLC,Online,,PT03989,558-2987,O-RING SEAL,7,4.62,32.34,2023-01-15,7,Invoiced,2023-01-13
SO00000476,1,01/13/2023,B013,C00351,Eastern Shore Excavating Co.,Online,,PT00556,437-7715,ADAPTER,5,161.24,806.2,2023-01-18,5,Invoiced,2023-01-13
SO00000477,1,2023-01-13 18:42:38,B013,C00360,Valley Earthworks Co.,Service Work Order,VPD74775,PT02188,5E-3401,RIPPER SHANK,4,999.23,3996.92,2023-01-14,4,Invoiced,2023-01-13
SO00000478,1,2023-01-13 07:56:58,B011,C00278,Coalfield Contracting LLC,Counter,,PT01679,8F-1904,CAB AIR FILTER,1,58.68,58.68,2023-01-13,1,Invoiced,2023-01-13
SO00000479,1,2023-01-13 10:02:10,B011,C00298,Coalfield Coal Company,Counter,CTW58317,PT04014,1J-8215,O-RING SEAL,9,2.06,18.54,2023-01-13,9,Invoiced,2023-01-13
SO00000480,1,2023-01-13 16:20:20,B011,C00289,Shenandoah Demolition Inc.,Phone,,PT02357,9C-8228,BUCKET TOOTH RETAINER,3,5.41,16.23,2023-01-14,3,Invoiced,2023-01-13
SO00000481,1,2023-01-13 15:51:09,B002,C00059,Southside Stone & Quarry,Online,MVL11794,PT01729,6L-2618,TRANSMISSION FILTER,2,106.41,212.82,2023-01-16,2,Invoiced,2023-01-13
SO00000481,2,2023-01-13 15:51:09,B002,C00059,Southside Stone & Quarry,Online,,PT01740,221-0325,TRANSMISSION FILTER,3,67.03,201.09,2023-01-16,3,Invoiced,2023-01-13
SO00000482,1,2023-01-13 13:15:09,B020,C00502,Pocahontas Contracting Inc.,Service Work Order,XRY76163,PT00391,9H-5308,CUTTING EDGE,7,353.56,2474.92,2023-01-14,7,Invoiced,2023-01-13
SO00000483,1,2023-01-13 14:01:43,B020,C00494,Allegheny Earthworks LLC,Counter,,PT03993,442-4472,O-RING SEAL,8,3.29,26.32,2023-01-13,8,Invoiced,2023-01-13
SO00000483,2,2023-01-13 14:01:43,B020,C00494,Allegheny Earthworks LLC,Counter,TPJ68088,PT04168,7T-9190,WASHER HARD,6,1.01,6.06,2023-01-13,6,Invoiced,2023-01-13
SO00000484,1,2023-01-13 17:58:34,B005,C00132,Tri-State Land Clearing Co.,Online,JGB29805,PT00776,7P-2706,SEAL KIT,1,124.97,124.97,2023-01-17,1,Invoiced,2023-01-13
SO00000484,2,2023-01-13 17:58:34,B005,C00132,Tri-State Land Clearing Co.,Online,,PT00470,7F-4270,END BIT,6,111.88,671.28,2023-01-17,6,Invoiced,2023-01-13
SO00000485,1,2023-01-13 12:38:13,B001,C00030,Chesapeake Resources Inc.,Counter,,PT02981,8L-5980,CYLINDER HEAD,1,6865.28,6865.28,2023-01-13,1,Invoiced,2023-01-13
SO00000485,2,2023-01-13 12:38:13,B001,C00030,Chesapeake Resources Inc.,Counter,,PT04190,8H-9735,WASHER HARD,9,1.51,13.59,2023-01-13,5,Invoiced - Balance Cancelled,2023-01-13
SO00000486,1,2023-01-13 08:25:55,B001,C00762,City of Virginia Beach Public Works,Online,,PT03465,6L-3365,RELAY,1,21.86,21.86,2023-01-16,1,Invoiced,2023-01-13
SO00000487,1,2023-01-13 14:49:11,B014,C00378,Coalfield Demolition Inc.,Service Work Order,RHC92902,PT01766,287-9188,TRANSMISSION FILTER,4,120.85,483.4,2023-01-16,4,Invoiced,2023-01-13
SO00000488,1,2023-01-13 18:13:53,B014,C00393,Allegheny Stone & Quarry,Counter,LPM16555,PT00298,101-5516,SPROCKET SEGMENT,2,180.34,360.68,2023-01-13,2,Invoiced,2023-01-13
SO00000489,1,2023-01-13 14:30:37,B014,C00394,New River Marine Services,Phone,,PT01654,371-8961,CAB AIR FILTER,4,40.92,163.68,2023-01-14,4,Invoiced,2023-01-13
SO00000490,1,2023-01-13 09:35:13,B026,C00680,Southside Excavating Inc.,Service Work Order,JVM28278,PT04146,2C-5624,WASHER HARD,8,1.91,15.28,2023-01-16,8,Invoiced,2023-01-13
SO00000491,1,2023-01-13 17:53:23,B026,C00699,Potomac Municipal Utilities LLC,Counter,,PT04160,7M-4059,WASHER HARD,8,1.99,15.92,2023-01-13,8,Invoiced,2023-01-13
SO00000492,1,2023-01-13 11:14:40,B026,C00672,Coalfield Land Clearing LLC,Online,,PT02257,7B-3852,RIPPER TIP,6,89.1,534.6,2023-01-17,6,Invoiced,2023-01-13
SO00000493,1,2023-01-13 08:45:25,B003,C00086,Patriot Mining LLC LLC,Counter,,PT04137, 6A-4811,HEX BOLT,14,3.65,51.1,2023-01-13,14,Invoiced,2023-01-13
SO00000494,1,2023-01-13 12:21:11,B009,C00235,Old Dominion Excavating,Counter,,PT01748,448-3086,TRANSMISSION FILTER,5,114.14,570.7,2023-01-13,5,Invoiced,2023-01-13
SO00000495,1,2023-01-13 14:54:06,B016,C00424,"Blue Ridge Demolition, Inc.",Counter,,PT04414,4S-5275,HYDO ADVANCED 10 HYDRAULIC OIL,5,32.08,160.4,2023-01-13,5,Invoiced,2023-01-13
SO00000496,1,2023-01-13 10:13:38,B018,C00468,Tri-State Data Centers,Service Work Order,LME85404,PT00482,159-4034,END BIT,9,175.31,1577.79,2023-01-16,7,Invoiced - Balance Cancelled,2023-01-13
SO00000497,1,2023-01-13 07:03:13,B018,C00459,New River Earthworks Inc.,Counter,,PT02271,1F-9603,RIPPER TIP,4,74.4,297.6,2023-01-13,4,Invoiced,2023-01-13
SO00000497,2,2023-01-13 07:03:13,B018,C00459,New River Earthworks Inc.,Counter,FRP00505,PT02328,7C-1981,BUCKET TOOTH RETAINER,5,11.16,55.8,2023-01-13,5,Invoiced,2023-01-13
SO00000498,1,2023-01-13 12:56:09,B008,C00221,Tri-State Stone & Quarry Inc.,Service Work Order,GBE91178,PT01685,6L-1105,CAB AIR FILTER,3,68.44,205.32,2023-01-18,3,Invoiced,2023-01-13
SO00000499,1,2023-01-14 13:44:58,B021,C00540,Shenandoah Construction,Service Work Order,YYZ25920,PT02201,205-2383,RIPPER SHANK,9,1502.52,13522.68,2023-01-17,9,Invoiced,2023-01-14
SO00000499,2,01/14/2023,B021,C00540,Shenandoah Construction,Service Work Order,XHW20053,PT01693,480-8325,CAB AIR FILTER,2,77.13,154.26,2023-01-17,2,Invoiced,2023-01-14
SO00000499,3,2023-01-14 13:44:58,B021,C00540,Shenandoah Construction,Service Work Order,EDH96981,PT01772,5J-4540,TRANSMISSION FILTER,1,54.2,54.2,2023-01-17,1,Invoiced,2023-01-14
SO00000500,1,2023-01-14 11:26:35,B021,C00553,"Eastern Shore Power Generation, Inc.",Online,GTK39741,PT04413,1X-9099,DEO 15W-40 ENGINE OIL,15,28.51,427.65,2023-01-19,15,Invoiced,2023-01-14
SO00000500,2,2023-01-14 11:26:35,B021,C00553,"Eastern Shore Power Generation, Inc.",Online,,PT02265,394-6636,RIPPER TIP,8,106.33,850.64,2023-01-19,8,Invoiced,2023-02-01
SO00000500,3,2023-01-14 11:26:35,B021,C00553,"Eastern Shore Power Generation, Inc.",Online,JYL06900,PT01796,330-2553,TRANSMISSION FILTER,4,67.72,270.88,2023-01-19,4,Invoiced,2023-01-14
SO00000501,1,2023-01-14 16:24:54,B021,C00524,Potomac Utilities Inc.,Online,,PT04075,590-9845,HEX BOLT,9,9.69,87.21,2023-01-16,9,Invoiced,2023-01-14
SO00000502,1,2023-01-14 07:20:59,B014,C00381,Rappahannock Grading & Paving Inc.,Phone,,PT01447,1A-1077,STARTER MOTOR,1,1077.19,1077.19,2023-01-15,1,Invoiced,2023-01-14
SO00000503,1,2023-01-14 09:06:59,B014,C00384,Ridgeline Excavating LLC,Online,EBE33902,PT02352,4X-7628,BUCKET TOOTH RETAINER,2,12.21,24.42,2023-01-16,2,Invoiced,2023-01-14
SO00000504,1,2023-01-14 09:57:58,B019,C00481,Blue Ridge Land Clearing Inc.,Online,EXY48275,PT01692,9B-5922,CAB AIR FILTER,3,57.75,173.25,2023-01-15,3,Invoiced,2023-01-14
SO00000504,2,2023-01-14 09:57:58,B019,C00481,Blue Ridge Land Clearing Inc.,Online,MCY13069,PT00406,5P-6502,CUTTING EDGE,5,313.46,1567.3,2023-01-15,5,Invoiced,2023-01-14
SO00000505,1,2023-01-14 17:09:44,B013,C00352,Tidewater Site Works Inc.,Counter,RSX99034,PT00556,437-7715,ADAPTER,7,161.24,1128.68,2023-01-14,7,Invoiced,2023-02-06
SO00000506,1,2023-01-14 11:45:40,B005,C00139,Southside Contracting,Counter,,PT01759,9U-3723,TRANSMISSION FILTER,6,45.03,270.18,2023-01-14,6,Invoiced,2023-01-14
SO00000507,1,2023-01-14 10:51:42,B028,C00742,Allegheny Excavating LLC,Service Work Order,TPJ98625,PT01688,8A-3578,CAB AIR FILTER,4,77.85,311.4,2023-01-19,4,Invoiced,2023-01-14
SO00000507,2,2023-01-14 10:51:42,B028,C00742,Allegheny Excavating LLC,Service Work Order,SRE78853,PT02271,1F-9603,RIPPER TIP,7,74.4,520.8,2023-01-19,7,Invoiced,2023-01-14
SO00000507,3,2023-01-14 10:51:42,B028,C00742,Allegheny Excavating LLC,Service Work Order,JSY46019,PT04214,2G-6833,WASHER HARD,7,1.68,11.76,2023-01-19,7,Invoiced,2023-01-14
SO00000508,1,2023-01-14 18:12:10,B027,C00719,Potomac Demolition Inc.,Service Work Order,FGG26466,PT04198,4T-4191,WASHER HARD,9,2.44,21.96,2023-01-16,9,Invoiced,2023-01-14
SO00000509,1,2023-01-14 14:25:43,B011,C00280,Valley Earthworks Inc.,Service Work Order,CHK70996,PT03325,5T-5761,ECM CONTROLLER,1,5057.74,5057.74,2023-01-15,1,Invoiced,2023-01-14
SO00000509,2,2023-01-14 14:25:43,B011,C00280,Valley Earthworks Inc.,Service Work Order,FMH06270,PT04176,6R-9574,WASHER HARD,11,2.44,26.84,2023-01-15,9,Invoiced - Balance Cancelled,2023-01-14
SO00000510,1,2023-01-14 13:05:38,B012,C00334,James River Mining LLC,Service Work Order,SRE94085,PT04368,268-6392,TIRE 12-16.5,1,426.5,426.5,2023-01-19,1,Invoiced,2023-01-14
SO00000510,2,2023-01-14 13:05:38,B012,C00334,James River Mining LLC,Service Work Order,EDH60416,PT02394,570-3597,BUCKET TOOTH RETAINER,10,9.01,90.1,2023-01-19,10,Invoiced,2023-01-14
SO00000511,1,2023-01-14 10:34:37,B002,C00048,Tri-State Earthworks LLC,Online,,PT04113,146-9671,HEX BOLT,11,8.7,95.7,2023-01-18,10,Invoiced - Balance Cancelled,2023-01-14
SO00000512,1,2023-01-14 13:56:43,B002,C00060,Old Dominion Aggregates LLC,Service Work Order,HFA41471,PT04006,494-9389,O-RING SEAL,8,3.03,24.24,2023-01-17,8,Invoiced,2023-01-14
SO00000513,1,2023-01-14 12:39:10,B026,C00698,Commonwealth Municipal Utilities LLC,Counter,,PT00011,1U-3352,BUCKET TIP J350,8,56.67,453.36,2023-01-14,8,Invoiced,2023-01-17
SO00000513,2,2023-01-14 12:39:10,B026,C00698,Commonwealth Municipal Utilities LLC,Counter,,PT04150,382-4929,WASHER HARD,8,0.9,7.2,2023-01-14,8,Invoiced,2023-01-14
SO00000514,1,2023-01-14 17:34:04,B010,C00267,Tidewater Land Clearing,Phone,,PT02412,554-4475,SIDE CUTTER,7,323.84,2266.88,2023-01-18,7,Invoiced,2023-01-14
SO00000515,1,2023-01-14 10:35:29,B015,C00414,Tri-State Excavating,Phone,HGZ83139,PT01767,9W-1718,TRANSMISSION FILTER,1,92.91,92.91,2023-01-19,1,Invoiced,2023-01-14
SO00000516,1,2023-01-14 13:14:33,B001,C00009,Ridgeline Site Works LLC,Counter,,PT04218,8W-8214,WASHER HARD,10,1.2,12.0,2023-01-14,10,Invoiced,2023-01-14
SO00000516,2,2023-01-14 13:14:33,B001,C00009,Ridgeline Site Works LLC,Counter,JDL65289,PT02357,9C-8228,BUCKET TOOTH RETAINER,5,5.41,27.05,2023-01-14,5,Invoiced,2023-01-14
SO00000517,1,2023-01-14 09:58:57,B001,C00009,Ridgeline Site Works LLC,Service Work Order,RSX48324,PT04023,460-8996,O-RING SEAL,5,2.31,11.55,2023-01-17,5,Invoiced,2023-01-14
SO00000518,1,2023-01-14 18:15:17,B003,C00081,Tri-State Site Works LLC,Counter,,PT02298,3X-3768,RIPPER TIP,8,121.96,975.68,2023-01-14,8,Invoiced,2023-01-17
SO00000519,1,2023-01-14 16:01:57,B004,C00101,New River Site Works Co.,Online,,PT04190,8H-9735,WASHER HARD,7,1.51,10.57,2023-01-16,7,Invoiced,2023-01-14
SO00000520,1,2023-01-15 10:24:52,B023,C00611,Piedmont Contracting LLC,Service Work Order,EJX27151,PT04224,2S-0257,WASHER HARD,7,1.03,7.21,2023-01-16,7,Invoiced,2023-01-15
SO00000521,1,2023-01-16 15:27:27,B012,C00311,Allegheny Earthworks Inc.,Service Work Order,EDH51606,PT04072,482-9758,HEX BOLT,15,8.0,120.0,2023-01-20,15,Invoiced,2023-01-16
SO00000521,2,2023-01-16 15:27:27,B012,C00311,Allegheny Earthworks Inc.,Service Work Order,GTZ14745,PT01708,3N-2833,CAB AIR FILTER,4,45.53,182.12,2023-01-20,4,Invoiced,2023-01-16
SO00000522,1,2023-01-16 15:03:20,B012,C00332,Mountaineer Mining LLC,Counter,,PT04040,4L-9807,O-RING SEAL,7,3.89,27.23,2023-01-16,7,Invoiced,2023-01-16
SO00000523,1,2023-01-16 12:22:03,B012,C00321,Mountaineer Land Clearing Co.,Counter,,PT01183,164-8590,GASKET KIT,1,168.86,168.86,2023-01-16,1,Invoiced,2023-01-16
SO00000524,1,2023-01-16 17:31:32,B010,C00270,Valley Resources Co.,Service Work Order,FBY85832,PT03959,215-9407,O-RING SEAL,6,2.79,16.74,2023-01-20,6,Invoiced,2023-01-16
SO00000525,1,2023-01-16 17:57:52,B011,C00766,Raleigh County Public Works,Online,FMH06270,PT04145,367-1947,WASHER HARD,8,1.56,12.48,2023-01-19,8,Invoiced,2023-01-16
SO00000525,2,2023-01-16 17:57:52,B011,C00766,Raleigh County Public Works,Online,RHC75915,PT04361,277-4413,TIRE 12-16.5,1,231.51,231.51,2023-01-19,1,Invoiced,2023-01-16
SO00000526,1,2023-01-16 07:49:08,B011,C00765,Mercer County Public Works,Service Work Order,TNH36404,PT03679,3S-2468,FAN BLADE,1,327.22,327.22,2023-01-17,1,Invoiced,2023-01-16
SO00000526,2,2023-01-16 07:49:08,B011,C00765,Mercer County Public Works,Service Work Order,YBY74217,PT02357,9C-8228,BUCKET TOOTH RETAINER,5,5.41,27.05,2023-01-17,5,Invoiced,2023-01-16
SO00000527,1,2023-01-16 17:38:55,B002,C00046,Rappahannock Site Works Inc. ,Service Work Order,YBY21559,PT00415,407-1817,END BIT,5,110.29,551.45,2023-01-17,5,Invoiced,2023-01-16
SO00000527,2,2023-01-16 17:38:55,B002,C00046,Rappahannock Site Works Inc.,Service Work Order,FNB93624,PT00552,225-7273,ADAPTER,4,72.02,288.08,2023-01-17,4,Invoiced,2023-01-16
SO00000528,1,2023-01-16 16:32:08,B002,C00036,Mountaineer Demolition LLC,Counter,GTK81871,PT00407,3U-2694,CUTTING EDGE,10,407.25,4072.5,2023-01-16,10,Invoiced,2023-01-16
SO00000528,2,2023-01-16 16:32:08,B002,C00036,Mountaineer Demolition LLC,Counter,,PT01954,108-3407,TRACK PIN,2,120.14,240.28,2023-01-16,2,Invoiced,2023-01-16
SO00000528,3,2023-01-16 16:32:08,B002,C00036,Mountaineer Demolition LLC,Counter,,PT01729,6L-2618,TRANSMISSION FILTER,5,106.41,532.05,2023-01-16,5,Invoiced,2023-01-16
SO00000528,4,2023-01-16 16:32:08,B002,C00036,Mountaineer Demolition LLC,Counter,,PT00377,527-1509,CUTTING EDGE,5,382.5,1912.5,2023-01-16,5,Invoiced,2023-01-16
SO00000528,5,2023-01-16 16:32:08,B002,C00036,Mountaineer Demolition LLC,Counter,SDS72985,PT04069,484-4883,O-RING SEAL,10,3.32,33.2,2023-01-16,10,Invoiced,2023-01-16
SO00000529,1,2023-01-16 18:02:25,B002,C00041,Rappahannock Contracting,Counter,,PT04216,517-9888,WASHER HARD,8,2.48,19.84,2023-01-16,8,Invoiced,2023-01-16
SO00000530,1,2023-01-16 16:12:07,B023,C00605,"James River Site Works, Inc.",Counter,,PT00502,558-0010,ADAPTER,5,187.37,936.85,2023-01-16,5,Invoiced,2023-01-16
SO00000531,1,2023-01-16 18:20:58,B023,C00610,Blue Ridge Contracting LLC,Online,,PT01726,283-0099,TRANSMISSION FILTER,3,72.63,217.89,2023-01-20,3,Invoiced,2023-01-16
SO00000531,2,2023-01-16 18:20:58,B023,C00610,Blue Ridge Contracting LLC,Online,,PT01899,9L-1160,TRACK PIN,1,128.47,128.47,2023-01-20,1,Invoiced,2023-01-16
SO00000531,3,2023-01-16 18:20:58,B023,C00610,Blue Ridge Contracting LLC,Online,,PT04094,9A-9344,HEX BOLT,12,6.05,72.6,2023-01-20,12,Invoiced,2023-01-16
SO00000531,4,2023-01-16 18:20:58,B023,C00610,Blue Ridge Contracting LLC,Online,VJF60036,PT00230,594-1416,IDLER GROUP,1,2238.26,2238.26,2023-01-20,1,Invoiced,2023-01-16
SO00000532,1,2023-01-16 12:40:34,B023,C00618,Blue Ridge Aggregates,Counter,,PT02350,562-8818,BUCKET TOOTH RETAINER,5,12.65,63.25,2023-01-16,5,Invoiced,2023-01-16
SO00000533,1,2023-01-16 10:26:29,B013,C00367,Pocahontas Power Generation,Phone,,PT01750,8N-2339,TRANSMISSION FILTER,1,83.67,83.67,2023-01-19,1,Invoiced,2023-01-16
SO00000533,2,2023-01-16 10:26:29,B013,C00367,Pocahontas Power Generation,Phone,MCY13273,PT01682,3V-5234,CAB AIR FILTER,3,54.32,162.96,2023-01-19,3,Invoiced,2023-01-16
SO00000534,1,2023-01-16 08:01:34,B001,C00031,Tri-State Mining LLC,Counter,RBK14870,PT00499,394-0225,END BIT,6,169.5,1017.0,2023-01-16,6,Invoiced,2023-01-16
SO00000534,2,2023-01-16 08:01:34,B001,C00031,Tri-State Mining LLC,Counter,EDH45062,PT04113,146-9671,HEX BOLT,10,8.7,87.0,2023-01-16,10,Invoiced,2023-01-16
SO00000534,3,2023-01-16 08:01:34,B001,C00031,Tri-State Mining LLC,Counter,,PT00528,524-2290,ADAPTER,3,155.21,465.63,2023-01-16,3,Invoiced,2023-01-16
SO00000534,4,2023-01-16 08:01:34,B001,C00031,Tri-State Mining LLC,Counter,,PT01792,6X-0708,TRANSMISSION FILTER,3,109.06,327.18,2023-01-16,3,Invoiced,2023-01-16
SO00000535,1,2023-01-16 08:44:43,B009,C00234,Southside Grading & Paving Inc.,Counter,SDS11172,PT00368,526-6745,CUTTING EDGE,2,540.47,1080.94,2023-01-16,2,Invoiced,2023-01-16
SO00000536,1,2023-01-16 18:46:53,B009,C00229,Allegheny Grading & Paving Inc.,Counter,NEE71537,PT02118,396-4662,CARRIER ROLLER,1,614.89,614.89,2023-01-16,1,Invoiced,2023-01-16
SO00000537,1,2023-01-16 08:59:47,B007,C00189,Commonwealth Land Clearing LLC,Counter,,PT04413,1X-9099,DEO 15W-40 ENGINE OIL,5,28.51,142.55,2023-01-16,5,Invoiced,2023-01-16
SO00000538,1,2023-01-16 16:07:20,B007,C00204,Pocahontas Aggregates,Online,EAC23322,PT04203,5W-8611,WASHER HARD,7,2.41,16.87,2023-01-21,7,Invoiced,2023-01-16
SO00000539,1,2023-01-16 08:55:31,B007,C00194,"Rappahannock Earthworks, Inc.",Counter,CWE69785,PT01082,204-6004,TURBOCHARGER,2,2259.23,4518.46,2023-01-16,2,Invoiced,2023-01-16
SO00000539,2,2023-01-16 08:55:31,B007,C00194,"Rappahannock Earthworks, Inc.",Counter,,PT01728,7D-3197,TRANSMISSION FILTER,2,55.25,110.5,2023-01-16,2,Invoiced,2023-01-16
SO00000540,1,2023-01-16 17:35:28,B007,C00186,New River Demolition,Counter,,PT00459,369-5880,END BIT,10,191.64,1916.4,2023-01-16,10,Invoiced,2023-01-17
SO00000541,1,2023-01-16 12:40:45,B014,C00379,"Clinch Valley Contracting, Inc.",Counter,,PT01705,6L-5439,CAB AIR FILTER,1,38.04,38.04,2023-01-16,1,Invoiced,2023-01-16
SO00000542,1,2023-01-16 09:40:05,B014,C00389,Patriot Excavating,Phone,,PT01769,464-9313,TRANSMISSION FILTER,4,45.17,180.68,2023-01-19,4,Invoiced,2023-01-16
SO00000543,1,20230116,B016,C00431,Patriot Coal Company LLC,Counter,,PT00395,427-3872,CUTTING EDGE,3,511.43,1534.29,2023-01-16,3,Invoiced,2023-01-25
SO00000544,1,2023-01-16 09:52:47,B021,C00548,Commonwealth Aggregates,Phone,,PT01772,5J-4540,TRANSMISSION FILTER,2,54.2,108.4,2023-01-18,2,Invoiced,2023-01-16
SO00000545,1,2023-01-16 14:02:44,B021,C00537,Potomac Contracting LLC,Online,YKH34968,PT04223,434-5224,WASHER HARD,6,2.18,13.08,2023-01-17,6,Invoiced,2023-01-16
SO00000546,1,2023-01-16 18:35:16,B021,C00530,Blue Ridge Land Clearing LLC,Online,,PT04102,8S-5339,HEX BOLT,5,9.66,48.3,2023-01-20,5,Invoiced,2023-01-16
SO00000547,1,2023-01-16 13:35:11,B022,C00559,Tri-State Earthworks Inc.,Counter,,PT01756,463-8547,TRANSMISSION FILTER,5,97.26,486.3,2023-01-16,5,Invoiced,2023-01-16
SO00000548,1,2023-01-16 18:21:00,B005,C00141,Rappahannock Earthworks LLC,Service Work Order,CXX19143,PT01798,138-4784,TRANSMISSION FILTER,2,82.05,164.1,2023-01-20,2,Invoiced,2023-01-16
SO00000549,1,2023-01-16 14:28:04,B005,C00139,Southside Contracting,Counter,,PT00444,2V-3491,END BIT,7,304.21,2129.47,2023-01-16,7,Invoiced,2023-01-16
SO00000549,2,2023-01-16 14:28:04,B005,C00139,Southside Contracting,Counter,,PT01718,8X-5006,CAB AIR FILTER,3,32.75,98.25,2023-01-16,3,Invoiced,2023-01-16
SO00000549,3,2023-01-16 14:28:04,B005,C00139,Southside Contracting,Counter,EDH50223,PT02304,2A-9546,RIPPER TIP,2,106.79,213.58,2023-01-16,2,Invoiced,2023-01-16
SO00000549,4,2023-01-16 14:28:04,B005,C00139,Southside Contracting,Counter,,PT02031,2F-8086,CARRIER ROLLER,4,379.69,1518.76,2023-01-16,4,Invoiced,2023-01-16
SO00000550,1,2023-01-16 14:41:00,B005,C00146,Coalfield Hospital System,Phone,GPW67668,PT04153,4K-7161,WASHER HARD,5,1.94,9.7,2023-01-17,5,Invoiced,2023-01-16
SO00000551,1,2023-01-16 10:44:12,B003,C00082,Appalachian Earthworks Inc.,Phone,,PT01784,8Y-3449,TRANSMISSION FILTER,1,49.44,49.44,2023-01-21,1,Invoiced,2023-01-16
SO00000551,2,2023-01-16 10:44:12,B003,C00082,Appalachian Earthworks Inc.,Phone,,PT03966,492-9219,O-RING SEAL,6,4.87,29.22,2023-01-21,6,Invoiced,2023-01-16
SO00000552,1,2023-01-16 16:34:21,B026,C00699,Potomac Municipal Utilities LLC,Online,,PT04117,479-6420,HEX BOLT,4,5.67,22.68,2023-01-18,4,Invoiced,2023-01-16
SO00000552,2,01/16/2023,B026,C00699,Potomac Municipal Utilities LLC,Online,FRP65746,PT04168,7T-9190,WASHER HARD,6,1.01,6.06,2023-01-18,6,Invoiced,2023-01-16
SO00000553,1,2023-01-16 09:55:23,B018,C00453,Coalfield Demolition LLC,Counter,,PT04220,4D-7924,WASHER HARD,8,1.61,12.88,2023-01-16,8,Invoiced,2023-01-16
SO00000554,1,2023-01-16 10:52:36,B018,C00456,Blue Ridge Contracting,Counter,,PT04023,460-8996,O-RING SEAL,10,2.31,23.1,2023-01-16,10,Invoiced,2023-01-16
SO00000555,1,2023-01-16 16:40:33,B015,C00399,Tri-State Utilities,Service Work Order,VJF54307,PT04145,367-1947,WASHER HARD,6,1.56,9.36,2023-01-18,6,Invoiced,2023-01-16
SO00000556,1,2023-01-16 16:01:00,B015,C00408,Southside Earthworks,Online,,PT04019,9M-7219,O-RING SEAL,6,3.25,19.5,2023-01-17,6,Invoiced,2023-01-16
SO00000557,1,2023-01-16 12:53:49,B006,C00151,Rappahannock Contracting Inc.,Online,,PT00426,244-9475,END BIT,8,238.95,1911.6,2023-01-20,8,Invoiced,2023-01-16
SO00000558,1,2023-01-16 09:51:09,B028,C00756,Coalfield Hospital System,Phone,RHC87807,PT01745,6V-2966,TRANSMISSION FILTER,3,48.42,145.26,2023-01-18,3,Invoiced,2023-01-16
SO00000559,1,2023-01-16 18:52:58,B028,C00749,Chesapeake Earthworks,Counter,,PT02190,554-3221,RIPPER SHANK,5,1573.78,7868.9,2023-01-16,5,Invoiced,2023-01-16
SO00000560,1,2023-01-16 15:27:45,B028,C00738,Pocahontas Demolition Co.,Counter,,PT02351,213-4345,BUCKET TOOTH RETAINER,4,10.6,42.4,2023-01-16,4,Invoiced,2023-01-16
SO00000560,2,2023-01-16 15:27:45,B028,C00738,Pocahontas Demolition Co.,Counter,,PT01791,400-9896,TRANSMISSION FILTER,4,74.61,298.44,2023-01-16,4,Invoiced,2023-01-16
SO00000561,1,2023-01-16 10:44:33,B004,C00094,Valley Contracting,Counter,,PT04100,397-8445,HEX BOLT,14,8.28,115.92,2023-01-16,14,Invoiced,2023-01-16
SO00000562,1,2023-01-16 08:29:40,B004,C00112,Rappahannock Grading & Paving LLC,Counter,,PT01988,112-9095,TRACK BUSHING,5,81.38,406.9,2023-01-16,5,Invoiced,2023-01-17
SO00000563,1,2023-01-16 11:43:15,B004,C00109,Piedmont Grading & Paving LLC,Phone,,PT01691,5F-3363,CAB AIR FILTER,4,45.53,182.12,2023-01-17,4,Invoiced,2023-01-16
SO00000563,2,2023-01-16 11:43:15,B004,C00109,Piedmont Grading & Paving LLC,Phone,,PT01688,8A-3578,CAB AIR FILTER,2,77.85,155.7,2023-01-17,2,Invoiced,2023-01-16
SO00000563,3,2023-01-16 11:43:15,B004,C00109,Piedmont Grading & Paving LLC,Phone,,PT02070,6I-5833,CARRIER ROLLER,1,419.31,419.31,2023-01-17,1,Invoiced,2023-01-16
SO00000564,1,2023-01-16 10:23:53,B027,C00710,Valley Grading & Paving LLC,Online,ZND99204,PT01700,168-0107,CAB AIR FILTER,4,36.28,145.12,2023-01-20,4,Invoiced,2023-01-16
SO00000565,1,2023-01-16 15:34:24,B027,C00720,Appalachian Earthworks Co.,Online,CWE77665,PT02306,276-2675,RIPPER TIP,7,52.25,365.75,2023-01-20,7,Invoiced,2023-01-16
SO00000566,1,2023-01-16 09:00:08,B017,C00438,"Blue Ridge Excavating, Inc.",Online,,PT01691,5F-3363,CAB AIR FILTER,1,45.53,45.53,2023-01-21,1,Invoiced,2023-01-16
SO00000567,1,2023-01-16 08:23:34,B025,C00652,Potomac Site Works Co.,Phone,,PT01654,371-8961,CAB AIR FILTER,3,40.92,122.76,2023-01-17,3,Invoiced,2023-01-16
SO00000568,1,2023-01-16 08:39:36,B024,C00638,Old Dominion Resources Co.,Counter,HPZ64073,PT04196,297-1414,WASHER HARD,7,1.79,12.53,2023-01-16,7,Invoiced,2023-01-16
SO00000568,2,2023-01-16 08:39:36,B024,C00638,Old Dominion Resources Co.,Counter,,PT01669,4W-7032,CAB AIR FILTER,5,81.46,407.3,2023-01-16,5,Invoiced,2023-01-16
SO00000569,1,2023-01-16 12:49:24,B020,C00500,James River Land Clearing Co.,Online,,PT03978,460-2105,O-RING SEAL,8,3.79,30.32,2023-01-18,8,Invoiced,2023-01-16
SO00000570,1,2023-01-17 12:30:03,B028,C00739,"Coalfield Earthworks, Inc.",Counter,,PT01688,8A-3578,CAB AIR FILTER,5,77.85,389.25,2023-01-17,5,Invoiced,2023-01-17
SO00000570,2,2023-01-17 12:30:03,B028,C00739,"Coalfield Earthworks, Inc.",Counter,,PT02797,291-7756,TRANSMISSION CLUTCH DISC,1,198.47,198.47,2023-01-17,1,Invoiced,2023-01-17
SO00000570,3,2023-01-17 12:30:03,B028,C00739,"Coalfield Earthworks, Inc.",Counter,GSD89547,PT00002,1R-0751,FUEL FILTER SECONDARY,2,52.32,104.64,2023-01-17,2,Invoiced,2023-01-17
SO00000571,1,2023-01-17 09:45:57,B028,C00749,Chesapeake Earthworks,Online,HFA84844,PT01779,1P-9928,TRANSMISSION FILTER,3,106.93,320.79,2023-01-22,3,Invoiced,2023-01-17
SO00000572,1,2023-01-17 07:30:16,B028,C00741,Commonwealth Demolition Inc.,Service Work Order,TVV31165,PT01769,464-9313,TRANSMISSION FILTER,3,45.17,135.51,2023-01-21,3,Invoiced,2023-01-17
SO00000573,1,2023-01-17 08:44:43,B028,C00759,Blue Ridge Marine Services LLC,Online,,PT01691,5F-3363,CAB AIR FILTER,1,45.53,45.53,2023-01-21,1,Invoiced,2023-01-17
SO00000574,1,2023-01-17 10:51:10,B010,C00251,Patriot Contracting LLC,Online,XGE64884,PT04061,8H-4723,O-RING SEAL,12,5.03,60.36,2023-01-18,12,Invoiced,2023-01-17
SO00000575,1,2023-01-17 14:27:00,B010,C00275,Coalfield Power Generation Co.,Online,VRA62124,PT04060,348-4754,O-RING SEAL,4,2.39,9.56,2023-01-19,4,Invoiced,2023-01-17
SO00000575,2,2023-01-17 14:27:00,B010,C00275,Coalfield Power Generation Co.,Online,,PT01472,488-7793,STARTER MOTOR,1,1511.26,1511.26,2023-01-19,1,Invoiced,2023-01-17
SO00000576,1,2023-01-17 18:51:35,B022,C00555,Ridgeline Excavating LLC,Counter,,PT04415,576-2232,ELC EXTENDED LIFE COOLANT,5,22.57,112.85,2023-01-17,5,Invoiced,2023-01-17
SO00000576,2,2023-01-17 18:51:35,B022,C00555,Ridgeline Excavating LLC,Counter,,PT02313,389-5773,RIPPER TIP,3,47.0,141.0,2023-01-17,3,Invoiced,2023-01-17
SO00000577,1,2023-01-17 09:28:12,B022,C00555,Ridgeline Excavating LLC,Service Work Order,ZCD56735,PT01833,332-0887,RADIATOR,2,2645.69,5291.38,2023-01-22,2,Invoiced,2023-01-17
SO00000578,1,2023-01-17 13:35:24,B022,C00572,Pocahontas Earthworks Inc.,Phone,,PT04006,494-9389,O-RING SEAL,11,3.03,33.33,2023-01-22,11,Invoiced,2023-01-17
SO00000578,2,2023-01-17 13:35:24,B022,C00572,Pocahontas Earthworks Inc.,Phone,BSK60723,PT01785,443-1603,TRANSMISSION FILTER,1,116.01,116.01,2023-01-22,1,Invoiced,2023-01-17
SO00000579,1,2023-01-17 14:43:45,B022,C00584,Commonwealth Stone & Quarry,Counter,EDH00379,PT01652,311-5944,CAB AIR FILTER,2,94.5,189.0,2023-01-17,2,Invoiced,2023-01-17
SO00000580,1,2023-01-17 08:35:30,B026,C00689,Chesapeake Contracting Inc.,Counter,BSK02728,PT02198,254-2360,RIPPER SHANK,5,792.83,3964.15,2023-01-17,5,Invoiced,2023-01-17
SO00000581,1,2023-01-17 18:37:53,B001,C00026,Old Dominion Aggregates Co.,Service Work Order,GPW53774,PT01681,360-4865,CAB AIR FILTER,4,36.81,147.24,2023-01-20,4,Invoiced,2023-01-17
SO00000582,1,2023-01-17 18:01:25,B021,C00551,Pocahontas Coal Company,Counter,DHW98920,PT03570,345-6705,WORK LIGHT LED,1,331.72,331.72,2023-01-17,1,Invoiced,2023-01-17
SO00000583,1,2023-01-17 08:47:42,B021,C00529,New River Construction LLC,Counter,,PT04075,590-9845,HEX BOLT,6,9.69,58.14,2023-01-17,6,Invoiced,2023-01-17
SO00000584,1,2023-01-17 13:42:13,B027,C00700,Tri-State Land Clearing,Phone,WMR19370,PT04231,6U-1383,WASHER HARD,10,0.89,8.9,2023-01-19,10,Invoiced,2023-01-17
SO00000584,2,2023-01-17 13:42:13,B027,C00700,Tri-State Land Clearing,Phone,,PT04086,8H-6222,HEX BOLT,7,5.56,38.92,2023-01-19,7,Invoiced,2023-01-17
SO00000585,1,2023-01-17 07:33:41,B004,C00110,New River Contracting LLC,Phone,,PT04100,397-8445,HEX BOLT,11,8.28,91.08,2023-01-21,10,Invoiced - Balance Cancelled,2023-01-17
SO00000586,1,2023-01-17 10:21:03,B004,C00111,Commonwealth Earthworks,Counter,RHC34665,PT04229,553-3948,WASHER HARD,4,1.8,7.2,2023-01-17,4,Invoiced,2023-01-17
SO00000587,1,2023-01-17 18:53:47,B018,C00468,Tri-State Data Centers,Service Work Order,NEE91602,PT04211,2U-4798,WASHER HARD,11,2.13,23.43,2023-01-22,9,Invoiced - Balance Cancelled,2023-01-17
SO00000588,1,2023-01-17 18:30:32,B014,C00376,Southside Excavating,Online,,PT02230,441-6413,RIPPER SHANK,10,672.06,6720.6,2023-01-18,8,Invoiced - Balance Cancelled,2023-01-17
SO00000588,2,2023-01-17 18:30:32,B014,C00376,Southside Excavating,Online,,PT01651,8X-7638,CAB AIR FILTER,4,93.16,372.64,2023-01-18,4,Invoiced,2023-01-17
SO00000589,1,2023-01-17 16:03:38,B014,C00371,Ridgeline Site Works Inc.,Service Work Order,DHW62376,PT02260,100-4909,RIPPER TIP,5,96.45,482.25,2023-01-19,5,Invoiced,2023-01-17
SO00000590,1,2023-01-17 14:42:55,B015,C00412,Appalachian Land Clearing,Counter,,PT00571,4Y 1198,ADAPTER,8,99.32,794.56,2023-01-17,8,Invoiced,2023-01-17
SO00000590,2,2023-01-17 14:42:55,B015,C00412,Appalachian Land Clearing,Counter,,PT02030,7Y-2881,TRACK BUSHING,1,103.52,103.52,2023-01-17,1,Invoiced,2023-01-17
SO00000591,1,2023-01-17 13:47:58,B025,C00664,Ridgeline Coal Company LLC,Counter,,PT00051,9R-0697,TRACK SHOE,2,266.8,533.6,2023-01-17,2,Invoiced,2023-01-17
SO00000592,1,2023-01-17 12:18:11,B025,C00644,Ridgeline Grading & Paving,Counter,,PT04086,8H-6222,HEX BOLT,7,5.56,38.92,2023-01-17,7,Invoiced,2023-01-17
SO00000592,2,2023-01-17 12:18:11,B025,C00644,Ridgeline Grading & Paving,Counter,,PT01453,404-0325,STARTER MOTOR,1,1359.69,1359.69,2023-01-17,1,Invoiced,2023-01-17
SO00000593,1,2023-01-17 07:04:33,B013,C00367,Pocahontas Power Generation,Online,AVS19300,PT04189,408-3102,WASHER HARD,9,2.21,19.89,2023-01-19,9,Invoiced,2023-01-17
SO00000594,1,2023-01-17 15:21:57,B013,C00364,Eastern Shore Data Centers Co.,Counter,,PT01696,3D-0644,CAB AIR FILTER,2,89.26,178.52,2023-01-17,2,Invoiced,2023-01-17
SO00000594,2,2023-01-17 15:21:57,B013,C00364,Eastern Shore Data Centers Co.,Counter,,PT04042,8I-6756,O-RING SEAL,5,2.62,13.1,2023-01-17,5,Invoiced,2023-01-17
SO00000595,1,2023-01-17 12:59:24,B013,C00350,Appalachian Utilities,Online,,PT03966,492-9219,O-RING SEAL,13,4.87,63.31,2023-01-22,9,Invoiced - Balance Cancelled,2023-01-17
SO00000596,1,2023-01-17 13:23:28,B023,C00611,Piedmont Contracting LLC,Counter,WME28778,PT01899,9L-1160,TRACK PIN,3,128.47,385.41,2023-01-17,3,Invoiced,2023-01-17
SO00000597,1,2023-01-17 12:13:40,B012,C00317,Coalfield Excavating Co.,Phone,,PT02394,570-3597,BUCKET TOOTH RETAINER,3,9.01,27.03,2023-01-19,3,Invoiced,2023-01-17
SO00000598,1,2023-01-17 14:01:02,B012,C00310,"Tidewater Earthworks,",Service Work Order,EDH51606,PT04414,4S-5275,HYDO ADVANCED 10 HYDRAULIC OIL,55,32.08,1764.4,2023-01-19,55,Invoiced,2023-01-18
SO00000598,2,2023-01-17 14:01:02,B012,C00310,"Tidewater Earthworks, Inc.",Service Work Order,XRY78251,PT04201,3R-5558,WASHER HARD,7,0.86,6.02,2023-01-19,7,Invoiced,2023-01-17
SO00000599,1,2023-01-17 17:32:07,B012,C00333,Eastern Shore Aggregates LLC,Online,ZND93760,PT01687,132-7855,CAB AIR FILTER,3,75.59,226.77,2023-01-22,3,Invoiced,2023-01-17
SO00000600,1,2023-01-17 10:07:10,B007,C00210,James River Hospital System Co.,Phone,,PT02324,5R-2277,BUCKET TOOTH RETAINER,5,9.09,45.45,2023-01-20,5,Invoiced,2023-01-17
SO00000601,1,2023-01-17 13:00:51,B011,C00292,Clinch Valley Utilities LLC,Counter,,PT04201,3R-5558,WASHER HARD,10,0.86,8.6,2023-01-17,9,Invoiced - Balance Cancelled,2023-01-17
SO00000602,1,2023-01-17 12:49:28,B009,C00237,Tidewater Earthworks,Counter,,PT02480,4F-4219,CONTROL VALVE,1,7598.35,7598.35,2023-01-17,1,Invoiced,2023-01-17
SO00000603,1,2023-01-17 13:46:12,B016,C00426,Old Dominion Utilities Co.,Online,FMH41049,PT03968,3E-0333,O-RING SEAL,4,1.84,7.36,2023-01-22,4,Invoiced,2023-01-17
SO00000604,1,2023-01-17 15:02:36,B016,C00433,Pocahontas Mining LLC LLC,Service Work Order,SYV45758,PT01663,4X-2943,CAB AIR FILTER,1,95.02,95.02,2023-01-22,1,Invoiced,2023-01-17
SO00000605,1,2023-01-17 12:11:32,B020,C00501,Valley Land Clearing LLC,Counter,,PT00719,385-9576,HYDRAULIC PUMP,1,13671.65,13671.65,2023-01-17,1,Invoiced,2023-01-17
SO00000605,2,2023-01-17 12:11:32,B020,C00501,Valley Land Clearing LLC,Counter,,PT04042,8I-6756,O-RING SEAL,8,2.62,20.96,2023-01-17,8,Invoiced,2023-01-17
SO00000605,3,2023-01-17 12:11:32,B020,C00501,VALLEY LAND CLEARING LLC,Counter,,PT00488,1C-0388,END BIT,7,288.72,2021.04,2023-01-17,7,Invoiced,2023-01-17
SO00000606,1,2023-01-17 08:35:37,B006,C00160,Clinch Valley Earthworks Inc.,Service Work Order,MHR37390,PT01749,9H-0300,TRANSMISSION FILTER,1,107.34,107.34,2023-01-21,1,Invoiced,2023-01-17
SO00000606,2,2023-01-17 08:35:37,B006,C00160,Clinch Valley Earthworks Inc.,Service Work Order,CTW16188,PT01659,7V-3911,CAB AIR FILTER,2,59.4,118.8,2023-01-21,2,Invoiced,2023-01-17
SO00000607,1,2023-01-17 11:09:05,B002,C00060,Old Dominion Aggregates LLC,Service Work Order,MVL92315,PT04415,576-2232,ELC EXTENDED LIFE COOLANT,10,22.57,225.7,2023-01-18,10,Invoiced,2023-01-17
SO00000608,1,2023-01-17 18:19:16,B002,C00039,Eastern Shore Earthworks,Counter,MVL72738,PT01729,6L-2618,TRANSMISSION FILTER,3,106.41,319.23,2023-01-17,3,Invoiced,2023-01-17
SO00000609,1,2023-01-17 11:03:42,B019,C00491,Tidewater Data Centers LLC,Service Work Order,ZWL53420,PT01669,4W-7032,CAB AIR FILTER,2,81.46,16.29,2023-01-22,2,Invoiced,2023-01-17
SO00000610,1,2023-01-18 08:16:52,B021,C00540,Shenandoah Construction,Counter,,PT03978,460-2105,O-RING SEAL,9,3.79,34.11,2023-01-18,9,Invoiced,2023-01-18
SO00000610,2,2023-01-18 08:16:52,B021,C00540,Shenandoah Construction,Counter,JYL06900,PT00624,1J-1006,HYDRAULIC HOSE ASSEMBLY,1,125.21,125.21,2023-01-18,1,Invoiced,2023-01-18
SO00000611,1,2023-01-18 16:53:36,B021,C00543,Patriot Stone & Quarry,Service Work Order,BBY22973,PT04107,3M-5827,HEX BOLT,6,4.38,26.28,2023-01-19,6,Invoiced,2023-01-18
SO00000611,2,2023-01-18 16:53:36,B021,C00543,Patriot Stone & Quarry,Service Work Order,EDH96981,PT01777,579-4245,TRANSMISSION FILTER,4,66.56,266.24,2023-01-19,4,Invoiced,2023-01-18
SO00000612,1,2023-01-18 18:17:34,B021,C00546,Piedmont Mining LLC,Counter,,PT04168,7T-9190,WASHER HARD,8,1.01,8.08,2023-01-18,8,Invoiced,2023-01-18
SO00000612,2,2023-01-18 18:17:34,B021,C00546,Piedmont Mining LLC,Counter,,PT04102,8S-5339,HEX BOLT,8,9.66,77.28,2023-01-18,8,Invoiced,2023-01-18
SO00000612,3,2023-01-18 18:17:34,B021,C00546,Piedmont Mining LLC,Counter,,PT01741,9S-0114,TRANSMISSION FILTER,7,107.17,750.19,2023-01-18,7,Invoiced,2023-01-18
SO00000613,1,2023-01-18 17:55:21,B021,C00524,Potomac Utilities Inc.,Service Work Order,EDH96981,PT01772,5J-4540,TRANSMISSION FILTER,4,54.2,216.8,2023-01-23,4,Invoiced,2023-01-18
SO00000614,1,2023-01-18 11:32:53,B004,C00106,Cardinal Site Works,Counter,,PT01737,192-7585,TRANSMISSION FILTER,3,83.95,251.85,2023-01-18,3,Invoiced,2023-01-18
SO00000615,1,2023-01-18 12:53:54,B004,C00096,Appalachian Earthworks Co.,Counter,,PT04100,397-8445,HEX BOLT,7,8.28,57.96,2023-01-18,7,Invoiced,2023-01-18
SO00000615,2,2023-01-18 12:53:54,B004,C00096,Appalachian Earthworks Co.,Counter,PJB98957,PT04046,379-0804,O-RING SEAL,8,4.84,38.72,2023-01-18,8,Invoiced,2023-01-18
SO00000616,1,2023-01-18 10:07:37,B004,C00108,Rappahannock Earthworks,Phone,,PT00431,162-3286,END BIT,5,156.85,784.25,2023-01-22,5,Invoiced,2023-01-18
SO00000617,1,2023-01-18 07:58:29,B012,C00333,Eastern Shore Aggregates LLC,Counter,,PT00009,131-8822,AIR FILTER ELEMENT,4,125.05,500.2,2023-01-18,4,Invoiced,2023-01-18
SO00000618,1,2023-01-18 09:55:17,B012,C00309,Clinch Valley Earthworks Inc.,Service Work Order,VPD60342,PT02221,503-4685,RIPPER SHANK,6,1217.14,7302.84,2023-01-23,6,Invoiced,2023-01-18
SO00000619,1,2023-01-18 16:51:32,B012,C00318,Shenandoah Contracting LLC,Service Work Order,NVD90940,PT01780,7L-8294,TRANSMISSION FILTER,1,120.34,120.34,2023-01-23,1,Invoiced,2023-01-18
SO00000620,1,2023-01-18 18:15:24,B012,C00314,Rappahannock Contracting,Counter,HPZ70194,PT02204,1H-9883,RIPPER SHANK,4,1273.1,5092.4,2023-01-18,4,Invoiced,2023-01-18
SO00000621,1,2023-01-18 11:35:47,B012,C00324,Old Dominion Utilities Co.,Online,,PT04201,3R-5558,WASHER HARD,9,0.86,7.74,2023-01-21,9,Invoiced,2023-01-18
SO00000622,1,2023-01-18 14:10:49,B012,C00338,"Tidewater Municipal Utilities, Inc.",Online,LPM69542,PT04415,576-2232,ELC EXTENDED LIFE COOLANT,55,22.57,1241.35,2023-01-23,55,Invoiced,2023-01-18
SO00000623,1,2023-01-18 14:55:09,B012,C00334,James River Mining LLC,Phone,,PT04414,4S-5275,HYDO ADVANCED 10 HYDRAULIC OIL,55,32.08,1764.4,2023-01-19,55,Invoiced,2023-01-19
SO00000624,1,2023-01-18 11:41:30,B012,C00313,Chesapeake Site Works LLC,Counter,JGB59808,PT01756,463-8547,TRANSMISSION FILTER,4,97.26,389.04,2023-01-18,4,Invoiced,2023-01-18
SO00000625,1,2023-01-18 18:20:55,B012,C00311,Allegheny Earthworks Inc.,Online,,PT02114,143-7798,CARRIER ROLLER,3,689.59,2068.77,2023-01-23,3,Invoiced,2023-01-18
SO00000625,2,2023-01-18 18:20:55,B012,C00311,Allegheny Earthworks Inc.,Online,,PT02403,595-7361,BUCKET TOOTH RETAINER,6,7.79,46.74,2023-01-23,6,Invoiced,2023-01-18
SO00000626,1,2023-01-18 14:18:41,B012,C00338,"Tidewater Municipal Utilities, Inc.",Counter,JGB59808,PT02413,2F-3315,SIDE CUTTER,7,233.59,1635.13,2023-01-18,7,Invoiced,2023-01-18
SO00000627,1,2023-01-18 14:15:19,B001,C00025,"James River Stone & Quarry, Inc.",Online,,PT00501,5Y-0341,END BIT,6,216.23,1297.38,2023-01-21,6,Invoiced,2023-01-18
SO00000627,2,2023-01-18 14:15:19,B001,C00025,"James River Stone & Quarry, Inc.",Online,,PT02453,8X-8177,SIDE CUTTER,7,219.06,1533.42,2023-01-21,7,Invoiced,2023-01-18
SO00000628,1,2023-01-18 09:48:26,B001,C00028,Piedmont Stone & Quarry LLC,Counter,,PT01545,598-4554,SENSOR SPEED,1,114.75,114.75,2023-01-18,1,Invoiced,2023-01-18
SO00000628,2,2023-01-18 09:48:26,B001,C00028,Piedmont Stone & Quarry LLC,Counter,,PT00468,250-4496,END BIT,7,126.51,885.57,2023-01-18,7,Invoiced,2023-01-18
SO00000629,1,2023-01-18 07:20:16,B001,C00009,Ridgeline Site Works LLC,Service Work Order,FBY17125,PT04131,9D-6936,HEX BOLT,5,6.38,31.9,2023-01-19,5,Invoiced,2023-01-18
SO00000629,2,2023-01-18 07:20:16,B001,C00009,Ridgeline Site Works LLC,Service Work Order,JYL29623,PT04224,2S-0257,WASHER HARD,11,1.03,11.33,2023-01-19,9,Invoiced - Balance Cancelled,2023-01-18
SO00000629,3,2023-01-18 07:20:16,B001,C00009,Ridgeline Site Works LLC,Service Work Order,GTK91256,PT00591,8F-9785,HYDRAULIC HOSE ASSEMBLY,1,234.32,234.32,2023-01-19,1,Invoiced,2023-01-18
SO00000630,1,2023-01-18 14:09:02,B001,C00761,Chesterfield County Public Works,Online,,PT03632,117-3730,FAN BLADE,1,196.48,196.48,2023-01-20,1,Invoiced,2023-01-18
SO00000631,1,2023-01-18 08:31:29,B002,C00061,Allegheny Municipal Utilities Inc.,Service Work Order,ZBH74456,PT00507,239-6082,ADAPTER,7,132.59,928.13,2023-01-19,7,Invoiced,2023-01-18
SO00000632,1,2023-01-18 13:35:41,B002,C00060,Old Dominion Aggregates LLC,Online,,PT04159,5W-3014,WASHER HARD,9,1.28,11.52,2023-01-21,9,Invoiced,2023-01-18
SO00000632,2,2023-01-18 13:35:41,B002,C00060,Old Dominion Aggregates LLC,Online,HFA41471,PT00442,5C-1953,END BIT,5,130.91,654.55,2023-01-21,5,Invoiced,2023-01-18
SO00000632,3,2023-01-18 13:35:41,B002,C00060,Old Dominion Aggregates LLC,Online,BSK28622,PT04080,8L-6283,HEX BOLT,10,9.48,94.8,2023-01-21,10,Invoiced,2023-01-18
SO00000632,4,2023-01-18 13:35:41,B002,C00060,Old Dominion Aggregates LLC,Online,,PT01771,5I-5122,TRANSMISSION FILTER,3,85.48,256.44,2023-01-21,3,Invoiced,2023-01-18
SO00000633,1,2023-01-18 13:25:35,B022,C00582,Eastern Shore Stone & Quarry LLC,Online,,PT00409,155-7536,CUTTING EDGE,7,292.71,2048.97,2023-01-20,7,Invoiced,2023-01-18
SO00000634,1,2023-01-18 15:35:34,B022,C00575,Piedmont Utilities Inc.,Phone,,PT00414,7X-9022,END BIT,7,149.89,1049.23,2023-01-19,7,Invoiced,2023-01-18
SO00000635,1,2023-01-18 14:28:19,B022,C00584,Commonwealth Stone & Quarry,Counter,EDH00379,PT04414,4S-5275,HYDO ADVANCED 10 HYDRAULIC OIL,15,32.08,481.2,2023-01-18,15,Invoiced,2023-01-18
SO00000635,2,2023-01-18 14:28:19,B022,C00584,Commonwealth Stone & Quarry,Counter,,PT00280,342-9412,SPROCKET SEGMENT,2,460.45,920.9,2023-01-18,2,Invoiced,2023-01-18
SO00000635,3,2023-01-18 14:28:19,B022,C00584,Commonwealth Stone & Quarry,Counter,YYZ94953,PT01729,6L-2618,TRANSMISSION FILTER,5,106.41,532.05,2023-01-18,5,Invoiced,2023-01-18
SO00000635,4,2023-01-18 14:28:19,B022,C00584,Commonwealth Stone & Quarry,Counter,,PT02396,4G-1925,BUCKET TOOTH RETAINER,5,5.85,29.25,2023-01-18,5,Invoiced,2023-01-18
SO00000635,5,2023-01-18 14:28:19,B022,C00584,Commonwealth Stone & Quarry,Counter,,PT00415,407-1817,END BIT,6,110.29,661.74,2023-01-18,6,Invoiced,2023-01-18
SO00000636,1,2023-01-18 13:23:39,B028,C00750,Commonwealth Excavating,Service Work Order,AFG93544,PT02463,5K-8490,SIDE CUTTER,4,293.22,1172.88,2023-01-19,4,Invoiced,2023-01-18
SO00000637,1,2023-01-18 08:10:14,B028,C00744,Pocahontas Grading & Paving LLC,Service Work Order,TVV31165,PT01769,464-9313,TRANSMISSION FILTER,3,45.17,135.51,2023-01-19,3,Invoiced,2023-01-18
SO00000638,1,2023-01-18 10:50:51,B028,C00736,Clinch Valley Grading & Paving,Counter,,PT02415,549-9214,SIDE CUTTER,7,183.67,1285.69,2023-01-18,7,Invoiced,2023-01-18
SO00000639,1,2023-01-18 13:19:33,B019,C00487,"Commonwealth Resources, Inc.",Counter,,PT04075,590-9845,HEX BOLT,12,9.69,116.28,2023-01-18,12,Invoiced,2023-01-18
SO00000640,1,2023-01-18 10:20:51,B014,C00393,Allegheny Stone & Quarry,Counter,,PT02252,361-9349,RIPPER TIP,5,101.55,507.75,2023-01-18,5,Invoiced,2023-01-18
SO00000641,1,2023-01-18 18:10:16,B014,C00377,Ridgeline Excavating Inc.,Phone,,PT02298,3X-3768,RIPPER TIP,7,121.96,853.72,2023-01-19,7,Invoiced,2023-01-18
SO00000642,1,2023-01-18 15:00:38,B025,C00661,Rappahannock Demolition LLC,Service Work Order,FSC38825,PT04176,6R-9574,WASHER HARD,11,2.44,26.84,2023-01-20,11,Invoiced,2023-01-18
SO00000643,1,2023-01-18 14:51:46,B025,C00666,"Rappahannock Data Centers, Inc.",Service Work Order,GJG55373,PT04086,8H-6222,HEX BOLT,8,5.56,44.48,2023-01-19,8,Invoiced,2023-01-18
SO00000644,1,2023-01-18 13:59:36,B006,C00164,"Tidewater Grading & Paving, Inc.",Service Work Order,JMJ89796,PT04168,7T-9190,WASHER HARD,8,1.01,8.08,2023-01-21,8,Invoiced,2023-01-18
SO00000645,1,2023-01-18 18:58:39,B006,C00164,"Tidewater Grading & Paving, Inc.",Counter,,PT01749,9H-0300,TRANSMISSION FILTER,4,107.34,429.36,2023-01-18,4,Invoiced,2023-01-18
SO00000645,2,2023-01-18 18:58:39,B006,C00164,"Tidewater Grading & Paving, Inc.",Counter,PZH67801,PT00413,8C-6717,END BIT,8,196.94,1575.52,2023-01-18,8,Invoiced,2023-01-18
SO00000646,1,2023-01-18 12:29:22,B006,C00161,Potomac Earthworks LLC,Phone,,PT03344,3P-2808,ECM CONTROLLER,-1,3933.99,3933.99,2023-01-19,1,Invoiced,2023-01-18
SO00000646,2,2023-01-18 12:29:22,B006,C00161,Potomac Earthworks LLC,Phone,PSK80099,PT01671,2J-3646,CAB AIR FILTER,3,46.36,139.08,2023-01-19,3,Invoiced,2023-01-18
SO00000647,1,2023-01-18 17:16:45,B015,C00406,Cardinal Excavating LLC,Counter,,PT01746,6U-6664,TRANSMISSION FILTER,3,83.74,251.22,2023-01-18,3,Invoiced,2023-01-18
SO00000648,1,2023-01-18 17:03:59,B026,C00678,Old Dominion Grading & Paving,Online,CMC61503,PT04033,6K-9141,O-RING SEAL,4,3.72,14.88,2023-01-23,4,Invoiced,2023-01-18
SO00000649,1,2023-01-18 17:08:03,B003,C00067,Appalachian Land Clearing LLC,Service Work Order,FBY24324,PT00384,5M-7115,CUTTING EDGE,6,558.98,3353.88,2023-01-20,6,Invoiced,2023-01-18
SO00000649,2,2023-01-18 17:08:03,B003,C00067,Appalachian Land Clearing LLC,Service Work Order,HBE98816,PT02198,254-2360,RIPPER SHANK,5,792.83,3964.15,2023-01-20,5,Invoiced,2023-01-18
SO00000649,3,2023-01-18 17:08:03,B003,C00067,Appalachian Land Clearing LLC,Service Work Order,GTK01805,PT04413,1X-9099,DEO 15W-40 ENGINE OIL,55,28.51,1568.05,2023-01-20,55,Invoiced,2023-01-19
SO00000650,1,2023-01-18 08:54:28,B008,C00222,Southside Municipal Utilities Co.,Service Work Order,JGB63632,PT00554,2C-7395,ADAPTER,,207.03,1035.15,2023-01-23,5,Invoiced,2023-01-18
SO00000651,1,2023-01-18 17:14:31,B008,C00223,Blue Ridge Municipal Utilities LLC,Service Work Order,HNE61816,PT01799,1U-3981,TRANSMISSION FILTER,1,107.49,107.49,2023-01-22,1,Invoiced,2023-01-18
SO00000652,1,2023-01-18 08:41:15,B011,C00300,Valley Coal Company,Service Work Order,YKH26633,PT04223,434-5224,WASHER HARD,6,2.18,13.08,2023-01-23,6,Invoiced,2023-01-18
SO00000652,2,2023-01-18 08:41:15,B011,C00300,Valley Coal Company,Service Work Order,ZCD57762,PT00549,3H-1357,ADAPTER,4,205.39,821.56,2023-01-23,4,Invoiced,2023-01-18
SO00000653,1,2023-01-18 08:51:48,B027,C00707,Commonwealth Contracting LLC,Online,,PT01662,3H-9460,CAB AIR FILTER,2,75.02,150.04,2023-01-23,2,Invoiced,2023-01-18
SO00000654,1,2023-01-18 15:54:48,B018,C00454,Tidewater Earthworks LLC,Phone,,PT00482,159-4034,END BIT,8,175.31,1402.48,2023-01-20,8,Invoiced,2023-01-18
SO00000654,2,2023-01-18 15:54:48,B018,C00454,Tidewater Earthworks LLC,Phone,,PT02253,7I-6443,RIPPER TIP,8,115.51,924.08,2023-01-20,8,Invoiced,2023-01-18
SO00000655,1,2023-01-18 09:31:47,B018,C00449,"Eastern Shore Excavating, Inc.",Service Work Order,HGZ84212,PT02202,431-9871,RIPPER SHANK,8,1235.66,9885.28,2023-01-21,8,Invoiced,2023-01-19
SO00000656,1,2023-01-18 10:36:31,B023,C00614,James River Resources LLC,Service Work Order,TFN92128,PT04224,2S-0257,WASHER HARD,7,1.03,7.21,2023-01-20,7,Invoiced,2023-01-18
SO00000657,1,2023-01-18 15:52:04,B005,C00122,James River Contracting,Online,,PT00361,4U-2137,CUTTING EDGE,4,313.57,1254.28,2023-01-20,4,Invoiced,2023-01-18
SO00000658,1,2023-01-18 14:24:15,B010,C00266,Southside Excavating LLC,Counter,,PT04413,1X-9099,DEO 15W-40 ENGINE OIL,5,28.51,142.55,2023-01-18,5,Invoiced,2023-01-18
SO00000659,1,2023-01-18 15:59:53,B007,C00187,"Allegheny Grading & Paving, Inc.",Counter,,PT02273,1C-3020,RIPPER TIP,8,120.24,961.92,2023-01-18,8,Invoiced,2023-01-20
SO00000660,1,2023-01-19 18:57:19,B027,C00721,Blue Ridge Construction LLC,Online,,PT03991,1R-4328,O-RING SEAL,8,5.05,40.4,2023-01-23,8,Invoiced,2023-01-19
SO00000660,2,2023-01-19 18:57:19,B027,C00721,Blue Ridge Construction LLC,Online,,PT04027,7A-2565,O-RING SEAL,11,1.9,20.9,2023-01-23,11,Invoiced,2023-01-19
SO00000660,3,2023-01-19 18:57:19,B027,C00721,Blue Ridge Construction LLC,Online,,PT01762,552-9738,TRANSMISSION FILTER,7,55.65,38.96,2023-01-23,7,Invoiced,2023-01-30
SO00000661,1,2023-01-19 16:06:44,B012,C00329,Valley Stone & Quarry Co.,Counter,GTZ30830,PT01781,487-3653,TRANSMISSION FILTER,4,126.29,505.16,2023-01-19,4,Invoiced,2023-01-19
SO00000662,1,2023-01-19 14:20:28,B012,C00305,Appalachian Grading & Paving LLC,Service Work Order,GEK06412,PT02403,595-7361,BUCKET TOOTH RETAINER,6,7.79,46.74,2023-01-21,5,Invoiced - Balance Cancelled,2023-01-19
SO00000662,2,2023-01-19 14:20:28,B012,C00305,Appalachian Grading & Paving LLC,Service Work Order,YBY20181,PT01569,2I-1991,SENSOR SPEED,2,208.97,417.94,2023-01-21,2,Invoiced,2023-01-19
SO00000663,1,2023-01-19 15:45:29,B012,C00313,Chesapeake Site Works LLC,Counter,,PT03358,3C-6134,ECM CONTROLLER,1,3157.16,3157.16,2023-01-19,1,Invoiced,2023-01-19
SO00000664,1,2023-01-19 16:58:02,B021,C00523,Rappahannock Contracting LLC,Service Work Order,EDH96981,PT01772,5J-4540,TRANSMISSION FILTER,4,54.2,216.8,2023-01-22,4,Invoiced,2023-01-19
SO00000665,1,2023-01-19 17:32:53,B021,C00550,"Ridgeline Mining LLC, Inc.",Service Work Order,XHW20053,PT01693,480-8325,CAB AIR FILTER,6,77.13,462.78,2023-01-20,3,Invoiced - Balance Cancelled,2023-01-19
SO00000666,1,2023-01-19 17:58:12,B021,C00545,"Mountaineer Aggregates, Inc.",Counter,LFR02180,PT04416,9I-8063,TDTO TRANSMISSION OIL,5,30.89,154.45,2023-01-19,5,Invoiced,2023-01-19
SO00000667,1,2023-01-19 17:40:07,B021,C00540,Shenandoah Construction,Counter,,PT02326,365-5245,BUCKET TOOTH RETAINER,6,9.6,57.6,2023-01-19,6,Invoiced,2023-01-19
SO00000668,1,2023-01-19 16:55:03,B001,C00010,James River Land Clearing LLC,Phone,,PT03963,416-4600,O-RING SEAL,6,3.25,19.5,2023-01-24,6,Invoiced,2023-01-19
SO00000668,2,2023-01-19 16:55:03,B001,C00010,James River Land Clearing LLC,Phone,MVL75258,PT04415,576-2232,ELC EXTENDED LIFE COOLANT,5,22.57,112.85,2023-01-24,5,Invoiced,2023-01-19
SO00000668,3,2023-01-19 16:55:03,B001,C00010,James River Land Clearing LLC,Phone,WME41807,PT02343,6G-1436,BUCKET TOOTH RETAINER,8,6.11,48.88,2023-01-24,2,Invoiced - Balance Cancelled,2023-01-19
SO00000668,4,2023-01-19 16:55:03,B001,C00010,James River Land Clearing LLC,Phone,,PT00409,155-7536,CUTTING EDGE,8,292.71,2341.68,2023-01-24,7,Invoiced - Balance Cancelled,2023-01-19
SO00000668,5,2023-01-19 16:55:03,B001,C00010,James River Land Clearing LLC,Phone,,PT01726,283-0099,TRANSMISSION FILTER,3,72.63,217.89,2023-01-24,3,Invoiced,2023-01-19
SO00000669,1,2023-01-19 13:08:41,B001,C00762,City of Virginia Beach Public Works,Counter,WME41807,PT00421,4X-4483,END BIT,3,213.9,641.7,2023-01-19,3,Invoiced,2023-01-19
SO00000670,1,2023-01-19 10:13:05,B018,C00450,Pocahontas Demolition LLC,Online,,PT04146,2C-5624,WASHER HARD,6,1.91,11.46,2023-01-22,6,Invoiced,2023-01-19
SO00000670,2,2023-01-19 10:13:05,B018,C00450,Pocahontas Demolition LLC,Online,,PT02376,284-9898,BUCKET TOOTH RETAINER,7,6.11,42.77,2023-01-22,7,Invoiced,2023-01-19
SO00000671,1,2023-01-19 10:40:19,B018,C00452,Tri-State Site Works LLC,Online,,PT04164,261-1711,WASHER HARD,5,1.35,6.75,2023-01-24,5,Invoiced,2023-01-19
SO00000672,1,2023-01-19 12:04:38,B018,C00467,New River Marine Services Inc.,Counter,LME85404,PT00482,159-4034,END BIT,5,175.31,876.55,2023-01-19,2,Invoiced - Balance Cancelled,2023-01-19
SO00000673,1,2023-01-19 14:17:05,B010,C00270,Valley Resources Co.,Counter,,PT01686,3I-7396,CAB AIR FILTER,4,49.48,197.92,2023-01-19,4,Invoiced,2023-01-19
SO00000674,1,2023-01-19 18:36:43,B010,C00248,Valley Construction LLC,Service Work Order,CTW40002,PT01775,6J-3805,TRANSMISSION FILTER,2,70.84,141.68,2023-01-22,2,Invoiced,2023-01-19
SO00000675,1,2023-01-19 10:00:59,B010,C00259,Cardinal Demolition,Counter,YBY08614,PT01789,3G-3233,TRANSMISSION FILTER,2,107.95,215.9,2023-01-19,2,Invoiced,2023-01-19
SO00000675,2,2023-01-19 10:00:59,B010,C00259,Cardinal Demolition,Counter,MZZ24421,PT00048,6N-2165,TRACK SHOE,3,170.33,510.99,2023-01-19,3,Invoiced,2023-01-19
SO00000676,1,2023-01-19 13:59:49,B010,C00259,Cardinal Demolition,Online,EHE73773,PT04178,9V-7394,WASHER HARD,3,1.04,3.12,2023-01-24,3,Invoiced,2023-01-19
SO00000677,1,2023-01-19 10:24:30,B022,C00571,Pocahontas Excavating,Online,YBY20223,PT04185,9W-2350,WASHER HARD,5,1.86,9.3,2023-01-20,5,Invoiced,2023-01-19
SO00000678,1,2023-01-19 12:37:12,B022,C00558,Patriot Grading & Paving Co.,Service Work Order,FDG44360,PT00008,6I-2502,SECONDARY AIR FILTER,4,94.42,377.68,2023-01-20,4,Invoiced,2023-01-19
SO00000679,1,2023-01-19 13:07:38,B022,C00565,Patriot Contracting Inc.,Counter,,PT00567,354-1372,ADAPTER,7,81.9,573.3,2023-01-19,7,Invoiced,2023-01-19
SO00000680,1,2023-01-19 07:44:59,B022,C00577,Coalfield Land Clearing LLC,Counter,JMJ22578,PT00280,342-9412,SPROCKET SEGMENT,3,460.45,1381.35,2023-01-19,3,Invoiced,2023-01-20
SO00000681,1,2023-01-19 08:57:14,B007,C00202,Southside Construction,Service Work Order,RBK47382,PT02391,2R-8384,BUCKET TOOTH RETAINER,5,8.01,40.05,2023-01-23,5,Invoiced,2023-01-19
SO00000681,2,2023-01-19 08:57:14,B007,C00202,Southside Construction ,Service Work Order,LFR12694,PT04416,9I-8063,TDTO TRANSMISSION OIL,5,30.89,154.45,2023-01-23,5,Invoiced,2023-01-19
SO00000682,1,2023-01-19 15:16:11,B011,C00280,Valley Earthworks Inc.,Counter,HFA00460,PT00502,558-0010,ADAPTER,6,187.37,1124.22,2023-01-19,6,Invoiced,2023-01-19
SO00000682,2,2023-01-19 15:16:11,B011,C00280,Valley Earthworks Inc.,Counter,FMH78831,PT04124,542-8531,HEX BOLT,14,9.72,136.08,2023-01-19,14,Invoiced,2023-01-19
SO00000683,1,2023-01-19 16:31:40,B011,C00303,Allegheny Data Centers,Online,,PT01652,311-5944,CAB AIR FILTER,4,94.5,378.0,2023-01-22,4,Invoiced,2023-01-19
SO00000684,1,2023-01-19 12:40:49,B009,C00240,Eastern Shore Demolition Inc.,Service Work Order,ZJG04132,PT04153,4K-7161,WASHER HARD,6,1.94,11.64,2023-01-20,6,Invoiced,2023-01-19
SO00000685,1,2023-01-19 15:42:13,B026,C00696,Allegheny Marine Services Inc.,Counter,,PT04075,590-9845,HEX BOLT,9,9.69,87.21,2023-01-19,9,Invoiced,2023-01-19
SO00000686,1,2023-01-19 13:07:54,B006,C00160,Clinch Valley Earthworks Inc.,Counter,,PT04020,6L-4885,O-RING SEAL,10,3.44,34.4,2023-01-19,10,Invoiced,2023-01-19
SO00000686,2,2023-01-19 13:07:54,B006,C00160,Clinch Valley Earthworks Inc.,Counter,,PT03982,488-3850,O-RING SEAL,9,2.8,25.2,2023-01-19,9,Invoiced,2023-01-19
SO00000687,1,2023-01-19 17:04:30,B006,C00170,James River Contracting Inc.,Service Work Order,XWK17948,PT04160,7M-4059,WASHER HARD,9,1.99,17.91,2023-01-23,9,Invoiced,2023-01-19
SO00000688,1,2023-01-19 15:42:30,B002,C00045,Ridgeline Grading & Paving,Service Work Order,MVL92315,PT03988,100-7705,O-RING SEAL,5,4.77,23.85,2023-01-21,5,Invoiced,2023-01-19
SO00000688,2,2023-01-19 15:42:30,B002,C00045,Ridgeline Grading & Paving,Service Work Order,LPM82822,PT04030,2S-4356,O-RING SEAL,7,2.27,15.89,2023-01-21,7,Invoiced,2023-01-19
