series_id,series_name,category,geography,frequency,units,date,value,source,retrieved_at
TTLCONS,Total Construction Spending,Construction,US,Monthly,"Millions of USD, SAAR",2018-01-01,1338470.0,FRED,2026-10-03T22:59:43Z
TTLCONS,Total Construction Spending,Construction,US,Monthly,"Millions of USD, SAAR",2018-02-01,1354758.0,FRED,2026-10-03T22:59:43Z
TTLCONS,Total Construction Spending,Construction,US,Monthly,"Millions of USD, SAAR",2018-03-01,1345730.0,FRED,2026-10-03T22:59:43Z
TTLCONS,Total Construction Spending,Construction,US,Monthly,"Millions of USD, SAAR",2018-04-01,1353497.0,FRED,2026-10-03T22:59:43Z
TTLCONS,Total Construction Spending,Construction,US,Monthly,"Millions of USD, SAAR",2018-05-01,1360723.0,FRED,2026-10-03T22:59:43Z
TTLCONS,Total Construction Spending,Construction,US,Monthly,"Millions of USD, SAAR",2018-06-01,1342064.0,FRED,2026-10-03T22:59:43Z
TTLCONS,Total Construction Spending,Construction,US,Monthly,"Millions of USD, SAAR",2018-07-01,1335024.0,FRED,2026-10-03T22:59:43Z
TTLCONS,Total Construction Spending,Construction,US,Monthly,"Millions of USD, SAAR",2018-08-01,1339141.0,FRED,2026-10-03T22:59:43Z
TTLCONS,Total Construction Spending,Construction,US,Monthly,"Millions of USD, SAAR",2018-09-01,1323245.0,FRED,2026-10-03T22:59:43Z
TTLCONS,Total Construction Spending,Construction,US,Monthly,"Millions of USD, SAAR",2018-10-01,1315931.0,FRED,2026-10-03T22:59:43Z
TTLCONS,Total Construction Spending,Construction,US,Monthly,"Millions of USD, SAAR",2018-11-01,1302721.0,FRED,2026-10-03T22:59:43Z
TTLCONS,Total Construction Spending,Construction,US,Monthly,"Millions of USD, SAAR",2018-12-01,1292045.0,FRED,2026-10-03T22:59:43Z
TTLCONS,Total Construction Spending,Construction,US,Monthly,"Millions of USD, SAAR",2019-01-01,1295457.0,FRED,2026-10-03T22:59:43Z
TTLCONS,Total Construction Spending,Construction,US,Monthly,"Millions of USD, SAAR",2019-02-01,1310064.0,FRED,2026-10-03T22:59:43Z
TTLCONS,Total Construction Spending,Construction,US,Monthly,"Millions of USD, SAAR",2019-03-01,1319470.0,FRED,2026-10-03T22:59:43Z
TTLCONS,Total Construction Spending,Construction,US,Monthly,"Millions of USD, SAAR",2019-04-01,1352874.0,FRED,2026-10-03T22:59:43Z
TTLCONS,Total Construction Spending,Construction,US,Monthly,"Millions of USD, SAAR",2019-05-01,1364585.0,FRED,2026-10-03T22:59:43Z
TTLCONS,Total Construction Spending,Construction,US,Monthly,"Millions of USD, SAAR",2019-06-01,1381377.0,FRED,2026-10-03T22:59:43Z
TTLCONS,Total Construction Spending,Construction,US,Monthly,"Millions of USD, SAAR",2019-07-01,1413022.0,FRED,2026-10-03T22:59:43Z
TTLCONS,Total Construction Spending,Construction,US,Monthly,"Millions of USD, SAAR",2019-08-01,1425986.0,FRED,2026-10-03T22:59:43Z
TTLCONS,Total Construction Spending,Construction,US,Monthly,"Millions of USD, SAAR",2019-09-01,1438191.0,FRED,2026-10-03T22:59:43Z
TTLCONS,Total Construction Spending,Construction,US,Monthly,"Millions of USD, SAAR",2019-10-01,1445140.0,FRED,2026-10-03T22:59:43Z
TTLCONS,Total Construction Spending,Construction,US,Monthly,"Millions of USD, SAAR",2019-11-01,1464880.0,FRED,2026-10-03T22:59:43Z
TTLCONS,Total Construction Spending,Construction,US,Monthly,"Millions of USD, SAAR",2019-12-01,1469334.0,FRED,2026-10-03T22:59:43Z
TTLCONS,Total Construction Spending,Construction,US,Monthly,"Millions of USD, SAAR",2020-01-01,1491169.0,FRED,2026-10-03T22:59:43Z
TTLCONS,Total Construction Spending,Construction,US,Monthly,"Millions of USD, SAAR",2020-02-01,1498377.0,FRED,2026-10-03T22:59:43Z
TTLCONS,Total Construction Spending,Construction,US,Monthly,"Millions of USD, SAAR",2020-03-01,1501676.0,FRED,2026-10-03T22:59:43Z
TTLCONS,Total Construction Spending,Construction,US,Monthly,"Millions of USD, SAAR",2020-04-01,1458956.0,FRED,2026-10-03T22:59:43Z
TTLCONS,Total Construction Spending,Construction,US,Monthly,"Millions of USD, SAAR",2020-05-01,1448816.0,FRED,2026-10-03T22:59:43Z
TTLCONS,Total Construction Spending,Construction,US,Monthly,"Millions of USD, SAAR",2020-06-01,1461054.0,FRED,2026-10-03T22:59:43Z
TTLCONS,Total Construction Spending,Construction,US,Monthly,"Millions of USD, SAAR",2020-07-01,1474614.0,FRED,2026-10-03T22:59:43Z
TTLCONS,Total Construction Spending,Construction,US,Monthly,"Millions of USD, SAAR",2020-08-01,1490027.0,FRED,2026-10-03T22:59:43Z
TTLCONS,Total Construction Spending,Construction,US,Monthly,"Millions of USD, SAAR",2020-09-01,1512535.0,FRED,2026-10-03T22:59:43Z
TTLCONS,Total Construction Spending,Construction,US,Monthly,"Millions of USD, SAAR",2020-10-01,1538282.0,FRED,2026-10-03T22:59:43Z
TTLCONS,Total Construction Spending,Construction,US,Monthly,"Millions of USD, SAAR",2020-11-01,1552457.0,FRED,2026-10-03T22:59:43Z
TTLCONS,Total Construction Spending,Construction,US,Monthly,"Millions of USD, SAAR",2020-12-01,1577505.0,FRED,2026-10-03T22:59:43Z
TTLCONS,Total Construction Spending,Construction,US,Monthly,"Millions of USD, SAAR",2021-01-01,1598697.0,FRED,2026-10-03T22:59:43Z
TTLCONS,Total Construction Spending,Construction,US,Monthly,"Millions of USD, SAAR",2021-02-01,1574677.0,FRED,2026-10-03T22:59:43Z
TTLCONS,Total Construction Spending,Construction,US,Monthly,"Millions of USD, SAAR",2021-03-01,1609846.0,FRED,2026-10-03T22:59:43Z
TTLCONS,Total Construction Spending,Construction,US,Monthly,"Millions of USD, SAAR",2021-04-01,1614358.0,FRED,2026-10-03T22:59:43Z
TTLCONS,Total Construction Spending,Construction,US,Monthly,"Millions of USD, SAAR",2021-05-01,1626557.0,FRED,2026-10-03T22:59:43Z
TTLCONS,Total Construction Spending,Construction,US,Monthly,"Millions of USD, SAAR",2021-06-01,1640276.0,FRED,2026-10-03T22:59:43Z
TTLCONS,Total Construction Spending,Construction,US,Monthly,"Millions of USD, SAAR",2021-07-01,1661524.0,FRED,2026-10-03T22:59:43Z
TTLCONS,Total Construction Spending,Construction,US,Monthly,"Millions of USD, SAAR",2021-08-01,1665413.0,FRED,2026-10-03T22:59:43Z
TTLCONS,Total Construction Spending,Construction,US,Monthly,"Millions of USD, SAAR",2021-09-01,1673533.0,FRED,2026-10-03T22:59:43Z
TTLCONS,Total Construction Spending,Construction,US,Monthly,"Millions of USD, SAAR",2021-10-01,1688747.0,FRED,2026-10-03T22:59:43Z
TTLCONS,Total Construction Spending,Construction,US,Monthly,"Millions of USD, SAAR",2021-11-01,1731869.0,FRED,2026-10-03T22:59:43Z
TTLCONS,Total Construction Spending,Construction,US,Monthly,"Millions of USD, SAAR",2021-12-01,1762351.0,FRED,2026-10-03T22:59:43Z
TTLCONS,Total Construction Spending,Construction,US,Monthly,"Millions of USD, SAAR",2022-01-01,1807763.0,FRED,2026-10-03T22:59:43Z
TTLCONS,Total Construction Spending,Construction,US,Monthly,"Millions of USD, SAAR",2022-02-01,1842072.0,FRED,2026-10-03T22:59:43Z
TTLCONS,Total Construction Spending,Construction,US,Monthly,"Millions of USD, SAAR",2022-03-01,1877402.0,FRED,2026-10-03T22:59:43Z
TTLCONS,Total Construction Spending,Construction,US,Monthly,"Millions of USD, SAAR",2022-04-01,1913147.0,FRED,2026-10-03T22:59:43Z
TTLCONS,Total Construction Spending,Construction,US,Monthly,"Millions of USD, SAAR",2022-05-01,1923964.0,FRED,2026-10-03T22:59:43Z
TTLCONS,Total Construction Spending,Construction,US,Monthly,"Millions of USD, SAAR",2022-06-01,1920269.0,FRED,2026-10-03T22:59:43Z
TTLCONS,Total Construction Spending,Construction,US,Monthly,"Millions of USD, SAAR",2022-07-01,1923856.0,FRED,2026-10-03T22:59:43Z
TTLCONS,Total Construction Spending,Construction,US,Monthly,"Millions of USD, SAAR",2022-08-01,1918061.0,FRED,2026-10-03T22:59:43Z
TTLCONS,Total Construction Spending,Construction,US,Monthly,"Millions of USD, SAAR",2022-09-01,1917890.0,FRED,2026-10-03T22:59:43Z
TTLCONS,Total Construction Spending,Construction,US,Monthly,"Millions of USD, SAAR",2022-10-01,1914367.0,FRED,2026-10-03T22:59:43Z
TTLCONS,Total Construction Spending,Construction,US,Monthly,"Millions of USD, SAAR",2022-11-01,1919538.0,FRED,2026-10-03T22:59:43Z
TTLCONS,Total Construction Spending,Construction,US,Monthly,"Millions of USD, SAAR",2022-12-01,1926876.0,FRED,2026-10-03T22:59:43Z
TTLCONS,Total Construction Spending,Construction,US,Monthly,"Millions of USD, SAAR",2023-01-01,1957618.0,FRED,2026-10-03T22:59:43Z
TTLCONS,Total Construction Spending,Construction,US,Monthly,"Millions of USD, SAAR",2023-02-01,1971178.0,FRED,2026-10-03T22:59:43Z
TTLCONS,Total Construction Spending,Construction,US,Monthly,"Millions of USD, SAAR",2023-03-01,2000432.0,FRED,2026-10-03T22:59:43Z
TTLCONS,Total Construction Spending,Construction,US,Monthly,"Millions of USD, SAAR",2023-04-01,2028917.0,FRED,2026-10-03T22:59:43Z
TTLCONS,Total Construction Spending,Construction,US,Monthly,"Millions of USD, SAAR",2023-05-01,2053902.0,FRED,2026-10-03T22:59:43Z
TTLCONS,Total Construction Spending,Construction,US,Monthly,"Millions of USD, SAAR",2023-06-01,2074232.0,FRED,2026-10-03T22:59:43Z
TTLCONS,Total Construction Spending,Construction,US,Monthly,"Millions of USD, SAAR",2023-07-01,2083615.0,FRED,2026-10-03T22:59:43Z
TTLCONS,Total Construction Spending,Construction,US,Monthly,"Millions of USD, SAAR",2023-08-01,2108452.0,FRED,2026-10-03T22:59:43Z
TTLCONS,Total Construction Spending,Construction,US,Monthly,"Millions of USD, SAAR",2023-09-01,2117176.0,FRED,2026-10-03T22:59:43Z
TTLCONS,Total Construction Spending,Construction,US,Monthly,"Millions of USD, SAAR",2023-10-01,2139594.0,FRED,2026-10-03T22:59:43Z
TTLCONS,Total Construction Spending,Construction,US,Monthly,"Millions of USD, SAAR",2023-11-01,2170325.0,FRED,2026-10-03T22:59:43Z
TTLCONS,Total Construction Spending,Construction,US,Monthly,"Millions of USD, SAAR",2023-12-01,2174846.0,FRED,2026-10-03T22:59:43Z
TTLCONS,Total Construction Spending,Construction,US,Monthly,"Millions of USD, SAAR",2024-01-01,2191633.0,FRED,2026-10-03T22:59:43Z
TTLCONS,Total Construction Spending,Construction,US,Monthly,"Millions of USD, SAAR",2024-02-01,2220925.0,FRED,2026-10-03T22:59:43Z
TTLCONS,Total Construction Spending,Construction,US,Monthly,"Millions of USD, SAAR",2024-03-01,2214113.0,FRED,2026-10-03T22:59:43Z
TTLCONS,Total Construction Spending,Construction,US,Monthly,"Millions of USD, SAAR",2024-04-01,2220689.0,FRED,2026-10-03T22:59:43Z
TTLCONS,Total Construction Spending,Construction,US,Monthly,"Millions of USD, SAAR",2024-05-01,2232845.0,FRED,2026-10-03T22:59:43Z
TTLCONS,Total Construction Spending,Construction,US,Monthly,"Millions of USD, SAAR",2024-06-01,2238643.0,FRED,2026-10-03T22:59:43Z
TTLCONS,Total Construction Spending,Construction,US,Monthly,"Millions of USD, SAAR",2024-07-01,2240441.0,FRED,2026-10-03T22:59:43Z
TTLCONS,Total Construction Spending,Construction,US,Monthly,"Millions of USD, SAAR",2024-08-01,2245978.0,FRED,2026-10-03T22:59:43Z
TTLCONS,Total Construction Spending,Construction,US,Monthly,"Millions of USD, SAAR",2024-09-01,2263103.0,FRED,2026-10-03T22:59:43Z
TTLCONS,Total Construction Spending,Construction,US,Monthly,"Millions of USD, SAAR",2024-10-01,2263823.0,FRED,2026-10-03T22:59:43Z
TTLCONS,Total Construction Spending,Construction,US,Monthly,"Millions of USD, SAAR",2024-11-01,2262637.0,FRED,2026-10-03T22:59:43Z
TTLCONS,Total Construction Spending,Construction,US,Monthly,"Millions of USD, SAAR",2024-12-01,2258822.0,FRED,2026-10-03T22:59:43Z
TTLCONS,Total Construction Spending,Construction,US,Monthly,"Millions of USD, SAAR",2025-01-01,2261053.0,FRED,2026-10-03T22:59:43Z
TTLCONS,Total Construction Spending,Construction,US,Monthly,"Millions of USD, SAAR",2025-02-01,2265811.0,FRED,2026-10-03T22:59:43Z
TTLCONS,Total Construction Spending,Construction,US,Monthly,"Millions of USD, SAAR",2025-03-01,2256260.0,FRED,2026-10-03T22:59:43Z
TTLCONS,Total Construction Spending,Construction,US,Monthly,"Millions of USD, SAAR",2025-04-01,2263809.0,FRED,2026-10-03T22:59:43Z
TTLCONS,Total Construction Spending,Construction,US,Monthly,"Millions of USD, SAAR",2025-05-01,2244426.0,FRED,2026-10-03T22:59:43Z
TTLCONS,Total Construction Spending,Construction,US,Monthly,"Millions of USD, SAAR",2025-06-01,2237719.0,FRED,2026-10-03T22:59:43Z
TTLCONS,Total Construction Spending,Construction,US,Monthly,"Millions of USD, SAAR",2025-07-01,2242633.0,FRED,2026-10-03T22:59:43Z
TTLCONS,Total Construction Spending,Construction,US,Monthly,"Millions of USD, SAAR",2025-08-01,2242024.0,FRED,2026-10-03T22:59:43Z
TTLCONS,Total Construction Spending,Construction,US,Monthly,"Millions of USD, SAAR",2025-09-01,2245799.0,FRED,2026-10-03T22:59:43Z
TTLCONS,Total Construction Spending,Construction,US,Monthly,"Millions of USD, SAAR",2025-10-01,2241141.0,FRED,2026-10-03T22:59:43Z
TTLCONS,Total Construction Spending,Construction,US,Monthly,"Millions of USD, SAAR",2025-11-01,2220726.0,FRED,2026-10-03T22:59:43Z
TTLCONS,Total Construction Spending,Construction,US,Monthly,"Millions of USD, SAAR",2025-12-01,2215955.0,FRED,2026-10-03T22:59:43Z
TTLCONS,Total Construction Spending,Construction,US,Monthly,"Millions of USD, SAAR",2026-01-01,2195636.0,FRED,2026-10-03T22:59:43Z
TTLCONS,Total Construction Spending,Construction,US,Monthly,"Millions of USD, SAAR",2026-02-01,2189683.0,FRED,2026-10-03T22:59:43Z
TTLCONS,Total Construction Spending,Construction,US,Monthly,"Millions of USD, SAAR",2026-03-01,2199399.0,FRED,2026-10-03T22:59:43Z
TTLCONS,Total Construction Spending,Construction,US,Monthly,"Millions of USD, SAAR",2026-04-01,2168231.0,FRED,2026-10-03T22:59:43Z
TTLCONS,Total Construction Spending,Construction,US,Monthly,"Millions of USD, SAAR",2026-05-01,2168396.0,FRED,2026-10-03T22:59:43Z
TTLCONS,Total Construction Spending,Construction,US,Monthly,"Millions of USD, SAAR",2026-06-01,2187350.0,FRED,2026-10-03T22:59:43Z
TTLCONS,Total Construction Spending,Construction,US,Monthly,"Millions of USD, SAAR",2026-07-01,2184474.0,FRED,2026-10-03T22:59:43Z
TTLCONS,Total Construction Spending,Construction,US,Monthly,"Millions of USD, SAAR",2026-08-01,2203129.0,FRED,2026-10-03T22:59:43Z
TLNRESCONS,Nonresidential Construction Spending,Construction,US,Monthly,"Millions of USD, SAAR",2018-01-01,759204.0,FRED,2026-10-03T22:59:43Z
TLNRESCONS,Nonresidential Construction Spending,Construction,US,Monthly,"Millions of USD, SAAR",2018-02-01,771081.0,FRED,2026-10-03T22:59:43Z
TLNRESCONS,Nonresidential Construction Spending,Construction,US,Monthly,"Millions of USD, SAAR",2018-03-01,767344.0,FRED,2026-10-03T22:59:43Z
TLNRESCONS,Nonresidential Construction Spending,Construction,US,Monthly,"Millions of USD, SAAR",2018-04-01,774355.0,FRED,2026-10-03T22:59:43Z
TLNRESCONS,Nonresidential Construction Spending,Construction,US,Monthly,"Millions of USD, SAAR",2018-05-01,777455.0,FRED,2026-10-03T22:59:43Z
TLNRESCONS,Nonresidential Construction Spending,Construction,US,Monthly,"Millions of USD, SAAR",2018-06-01,767634.0,FRED,2026-10-03T22:59:43Z
TLNRESCONS,Nonresidential Construction Spending,Construction,US,Monthly,"Millions of USD, SAAR",2018-07-01,769684.0,FRED,2026-10-03T22:59:43Z
TLNRESCONS,Nonresidential Construction Spending,Construction,US,Monthly,"Millions of USD, SAAR",2018-08-01,783913.0,FRED,2026-10-03T22:59:43Z
TLNRESCONS,Nonresidential Construction Spending,Construction,US,Monthly,"Millions of USD, SAAR",2018-09-01,766433.0,FRED,2026-10-03T22:59:43Z
TLNRESCONS,Nonresidential Construction Spending,Construction,US,Monthly,"Millions of USD, SAAR",2018-10-01,769201.0,FRED,2026-10-03T22:59:43Z
TLNRESCONS,Nonresidential Construction Spending,Construction,US,Monthly,"Millions of USD, SAAR",2018-11-01,757745.0,FRED,2026-10-03T22:59:43Z
TLNRESCONS,Nonresidential Construction Spending,Construction,US,Monthly,"Millions of USD, SAAR",2018-12-01,767497.0,FRED,2026-10-03T22:59:43Z
TLNRESCONS,Nonresidential Construction Spending,Construction,US,Monthly,"Millions of USD, SAAR",2019-01-01,771476.0,FRED,2026-10-03T22:59:43Z
TLNRESCONS,Nonresidential Construction Spending,Construction,US,Monthly,"Millions of USD, SAAR",2019-02-01,787427.0,FRED,2026-10-03T22:59:43Z
TLNRESCONS,Nonresidential Construction Spending,Construction,US,Monthly,"Millions of USD, SAAR",2019-03-01,796520.0,FRED,2026-10-03T22:59:43Z
TLNRESCONS,Nonresidential Construction Spending,Construction,US,Monthly,"Millions of USD, SAAR",2019-04-01,825047.0,FRED,2026-10-03T22:59:43Z
TLNRESCONS,Nonresidential Construction Spending,Construction,US,Monthly,"Millions of USD, SAAR",2019-05-01,829533.0,FRED,2026-10-03T22:59:43Z
TLNRESCONS,Nonresidential Construction Spending,Construction,US,Monthly,"Millions of USD, SAAR",2019-06-01,834395.0,FRED,2026-10-03T22:59:43Z
TLNRESCONS,Nonresidential Construction Spending,Construction,US,Monthly,"Millions of USD, SAAR",2019-07-01,854129.0,FRED,2026-10-03T22:59:43Z
TLNRESCONS,Nonresidential Construction Spending,Construction,US,Monthly,"Millions of USD, SAAR",2019-08-01,859494.0,FRED,2026-10-03T22:59:43Z
TLNRESCONS,Nonresidential Construction Spending,Construction,US,Monthly,"Millions of USD, SAAR",2019-09-01,866405.0,FRED,2026-10-03T22:59:43Z
TLNRESCONS,Nonresidential Construction Spending,Construction,US,Monthly,"Millions of USD, SAAR",2019-10-01,866692.0,FRED,2026-10-03T22:59:43Z
TLNRESCONS,Nonresidential Construction Spending,Construction,US,Monthly,"Millions of USD, SAAR",2019-11-01,876219.0,FRED,2026-10-03T22:59:43Z
TLNRESCONS,Nonresidential Construction Spending,Construction,US,Monthly,"Millions of USD, SAAR",2019-12-01,874830.0,FRED,2026-10-03T22:59:43Z
TLNRESCONS,Nonresidential Construction Spending,Construction,US,Monthly,"Millions of USD, SAAR",2020-01-01,884361.0,FRED,2026-10-03T22:59:43Z
TLNRESCONS,Nonresidential Construction Spending,Construction,US,Monthly,"Millions of USD, SAAR",2020-02-01,882381.0,FRED,2026-10-03T22:59:43Z
TLNRESCONS,Nonresidential Construction Spending,Construction,US,Monthly,"Millions of USD, SAAR",2020-03-01,877540.0,FRED,2026-10-03T22:59:43Z
TLNRESCONS,Nonresidential Construction Spending,Construction,US,Monthly,"Millions of USD, SAAR",2020-04-01,855879.0,FRED,2026-10-03T22:59:43Z
TLNRESCONS,Nonresidential Construction Spending,Construction,US,Monthly,"Millions of USD, SAAR",2020-05-01,855676.0,FRED,2026-10-03T22:59:43Z
TLNRESCONS,Nonresidential Construction Spending,Construction,US,Monthly,"Millions of USD, SAAR",2020-06-01,861717.0,FRED,2026-10-03T22:59:43Z
TLNRESCONS,Nonresidential Construction Spending,Construction,US,Monthly,"Millions of USD, SAAR",2020-07-01,854387.0,FRED,2026-10-03T22:59:43Z
TLNRESCONS,Nonresidential Construction Spending,Construction,US,Monthly,"Millions of USD, SAAR",2020-08-01,838925.0,FRED,2026-10-03T22:59:43Z
TLNRESCONS,Nonresidential Construction Spending,Construction,US,Monthly,"Millions of USD, SAAR",2020-09-01,838731.0,FRED,2026-10-03T22:59:43Z
TLNRESCONS,Nonresidential Construction Spending,Construction,US,Monthly,"Millions of USD, SAAR",2020-10-01,841978.0,FRED,2026-10-03T22:59:43Z
TLNRESCONS,Nonresidential Construction Spending,Construction,US,Monthly,"Millions of USD, SAAR",2020-11-01,838188.0,FRED,2026-10-03T22:59:43Z
TLNRESCONS,Nonresidential Construction Spending,Construction,US,Monthly,"Millions of USD, SAAR",2020-12-01,841712.0,FRED,2026-10-03T22:59:43Z
TLNRESCONS,Nonresidential Construction Spending,Construction,US,Monthly,"Millions of USD, SAAR",2021-01-01,842631.0,FRED,2026-10-03T22:59:43Z
TLNRESCONS,Nonresidential Construction Spending,Construction,US,Monthly,"Millions of USD, SAAR",2021-02-01,828135.0,FRED,2026-10-03T22:59:43Z
TLNRESCONS,Nonresidential Construction Spending,Construction,US,Monthly,"Millions of USD, SAAR",2021-03-01,844677.0,FRED,2026-10-03T22:59:43Z
TLNRESCONS,Nonresidential Construction Spending,Construction,US,Monthly,"Millions of USD, SAAR",2021-04-01,837773.0,FRED,2026-10-03T22:59:43Z
TLNRESCONS,Nonresidential Construction Spending,Construction,US,Monthly,"Millions of USD, SAAR",2021-05-01,837434.0,FRED,2026-10-03T22:59:43Z
TLNRESCONS,Nonresidential Construction Spending,Construction,US,Monthly,"Millions of USD, SAAR",2021-06-01,839299.0,FRED,2026-10-03T22:59:43Z
TLNRESCONS,Nonresidential Construction Spending,Construction,US,Monthly,"Millions of USD, SAAR",2021-07-01,844641.0,FRED,2026-10-03T22:59:43Z
TLNRESCONS,Nonresidential Construction Spending,Construction,US,Monthly,"Millions of USD, SAAR",2021-08-01,844011.0,FRED,2026-10-03T22:59:43Z
TLNRESCONS,Nonresidential Construction Spending,Construction,US,Monthly,"Millions of USD, SAAR",2021-09-01,841975.0,FRED,2026-10-03T22:59:43Z
TLNRESCONS,Nonresidential Construction Spending,Construction,US,Monthly,"Millions of USD, SAAR",2021-10-01,845579.0,FRED,2026-10-03T22:59:43Z
TLNRESCONS,Nonresidential Construction Spending,Construction,US,Monthly,"Millions of USD, SAAR",2021-11-01,864658.0,FRED,2026-10-03T22:59:43Z
TLNRESCONS,Nonresidential Construction Spending,Construction,US,Monthly,"Millions of USD, SAAR",2021-12-01,867490.0,FRED,2026-10-03T22:59:43Z
TLNRESCONS,Nonresidential Construction Spending,Construction,US,Monthly,"Millions of USD, SAAR",2022-01-01,884644.0,FRED,2026-10-03T22:59:43Z
TLNRESCONS,Nonresidential Construction Spending,Construction,US,Monthly,"Millions of USD, SAAR",2022-02-01,898071.0,FRED,2026-10-03T22:59:43Z
TLNRESCONS,Nonresidential Construction Spending,Construction,US,Monthly,"Millions of USD, SAAR",2022-03-01,910759.0,FRED,2026-10-03T22:59:43Z
TLNRESCONS,Nonresidential Construction Spending,Construction,US,Monthly,"Millions of USD, SAAR",2022-04-01,935283.0,FRED,2026-10-03T22:59:43Z
TLNRESCONS,Nonresidential Construction Spending,Construction,US,Monthly,"Millions of USD, SAAR",2022-05-01,937509.0,FRED,2026-10-03T22:59:43Z
TLNRESCONS,Nonresidential Construction Spending,Construction,US,Monthly,"Millions of USD, SAAR",2022-06-01,955197.0,FRED,2026-10-03T22:59:43Z
TLNRESCONS,Nonresidential Construction Spending,Construction,US,Monthly,"Millions of USD, SAAR",2022-07-01,982443.0,FRED,2026-10-03T22:59:43Z
TLNRESCONS,Nonresidential Construction Spending,Construction,US,Monthly,"Millions of USD, SAAR",2022-08-01,992061.0,FRED,2026-10-03T22:59:43Z
TLNRESCONS,Nonresidential Construction Spending,Construction,US,Monthly,"Millions of USD, SAAR",2022-09-01,1011933.0,FRED,2026-10-03T22:59:43Z
TLNRESCONS,Nonresidential Construction Spending,Construction,US,Monthly,"Millions of USD, SAAR",2022-10-01,1017812.0,FRED,2026-10-03T22:59:43Z
TLNRESCONS,Nonresidential Construction Spending,Construction,US,Monthly,"Millions of USD, SAAR",2022-11-01,1036064.0,FRED,2026-10-03T22:59:43Z
TLNRESCONS,Nonresidential Construction Spending,Construction,US,Monthly,"Millions of USD, SAAR",2022-12-01,1057267.0,FRED,2026-10-03T22:59:43Z
TLNRESCONS,Nonresidential Construction Spending,Construction,US,Monthly,"Millions of USD, SAAR",2023-01-01,1093560.0,FRED,2026-10-03T22:59:43Z
TLNRESCONS,Nonresidential Construction Spending,Construction,US,Monthly,"Millions of USD, SAAR",2023-02-01,1113923.0,FRED,2026-10-03T22:59:43Z
TLNRESCONS,Nonresidential Construction Spending,Construction,US,Monthly,"Millions of USD, SAAR",2023-03-01,1140495.0,FRED,2026-10-03T22:59:43Z
TLNRESCONS,Nonresidential Construction Spending,Construction,US,Monthly,"Millions of USD, SAAR",2023-04-01,1166719.0,FRED,2026-10-03T22:59:43Z
TLNRESCONS,Nonresidential Construction Spending,Construction,US,Monthly,"Millions of USD, SAAR",2023-05-01,1183442.0,FRED,2026-10-03T22:59:43Z
TLNRESCONS,Nonresidential Construction Spending,Construction,US,Monthly,"Millions of USD, SAAR",2023-06-01,1195977.0,FRED,2026-10-03T22:59:43Z
TLNRESCONS,Nonresidential Construction Spending,Construction,US,Monthly,"Millions of USD, SAAR",2023-07-01,1193798.0,FRED,2026-10-03T22:59:43Z
TLNRESCONS,Nonresidential Construction Spending,Construction,US,Monthly,"Millions of USD, SAAR",2023-08-01,1216346.0,FRED,2026-10-03T22:59:43Z
TLNRESCONS,Nonresidential Construction Spending,Construction,US,Monthly,"Millions of USD, SAAR",2023-09-01,1228075.0,FRED,2026-10-03T22:59:43Z
TLNRESCONS,Nonresidential Construction Spending,Construction,US,Monthly,"Millions of USD, SAAR",2023-10-01,1245564.0,FRED,2026-10-03T22:59:43Z
TLNRESCONS,Nonresidential Construction Spending,Construction,US,Monthly,"Millions of USD, SAAR",2023-11-01,1264984.0,FRED,2026-10-03T22:59:43Z
TLNRESCONS,Nonresidential Construction Spending,Construction,US,Monthly,"Millions of USD, SAAR",2023-12-01,1271409.0,FRED,2026-10-03T22:59:43Z
TLNRESCONS,Nonresidential Construction Spending,Construction,US,Monthly,"Millions of USD, SAAR",2024-01-01,1265159.0,FRED,2026-10-03T22:59:43Z
TLNRESCONS,Nonresidential Construction Spending,Construction,US,Monthly,"Millions of USD, SAAR",2024-02-01,1277879.0,FRED,2026-10-03T22:59:43Z
TLNRESCONS,Nonresidential Construction Spending,Construction,US,Monthly,"Millions of USD, SAAR",2024-03-01,1276535.0,FRED,2026-10-03T22:59:43Z
TLNRESCONS,Nonresidential Construction Spending,Construction,US,Monthly,"Millions of USD, SAAR",2024-04-01,1276453.0,FRED,2026-10-03T22:59:43Z
TLNRESCONS,Nonresidential Construction Spending,Construction,US,Monthly,"Millions of USD, SAAR",2024-05-01,1280362.0,FRED,2026-10-03T22:59:43Z
TLNRESCONS,Nonresidential Construction Spending,Construction,US,Monthly,"Millions of USD, SAAR",2024-06-01,1286300.0,FRED,2026-10-03T22:59:43Z
TLNRESCONS,Nonresidential Construction Spending,Construction,US,Monthly,"Millions of USD, SAAR",2024-07-01,1295377.0,FRED,2026-10-03T22:59:43Z
TLNRESCONS,Nonresidential Construction Spending,Construction,US,Monthly,"Millions of USD, SAAR",2024-08-01,1307471.0,FRED,2026-10-03T22:59:43Z
TLNRESCONS,Nonresidential Construction Spending,Construction,US,Monthly,"Millions of USD, SAAR",2024-09-01,1309166.0,FRED,2026-10-03T22:59:43Z
TLNRESCONS,Nonresidential Construction Spending,Construction,US,Monthly,"Millions of USD, SAAR",2024-10-01,1315972.0,FRED,2026-10-03T22:59:43Z
TLNRESCONS,Nonresidential Construction Spending,Construction,US,Monthly,"Millions of USD, SAAR",2024-11-01,1326268.0,FRED,2026-10-03T22:59:43Z
TLNRESCONS,Nonresidential Construction Spending,Construction,US,Monthly,"Millions of USD, SAAR",2024-12-01,1318434.0,FRED,2026-10-03T22:59:43Z
TLNRESCONS,Nonresidential Construction Spending,Construction,US,Monthly,"Millions of USD, SAAR",2025-01-01,1321746.0,FRED,2026-10-03T22:59:43Z
TLNRESCONS,Nonresidential Construction Spending,Construction,US,Monthly,"Millions of USD, SAAR",2025-02-01,1325441.0,FRED,2026-10-03T22:59:43Z
TLNRESCONS,Nonresidential Construction Spending,Construction,US,Monthly,"Millions of USD, SAAR",2025-03-01,1323286.0,FRED,2026-10-03T22:59:43Z
TLNRESCONS,Nonresidential Construction Spending,Construction,US,Monthly,"Millions of USD, SAAR",2025-04-01,1337809.0,FRED,2026-10-03T22:59:43Z
TLNRESCONS,Nonresidential Construction Spending,Construction,US,Monthly,"Millions of USD, SAAR",2025-05-01,1318010.0,FRED,2026-10-03T22:59:43Z
TLNRESCONS,Nonresidential Construction Spending,Construction,US,Monthly,"Millions of USD, SAAR",2025-06-01,1304452.0,FRED,2026-10-03T22:59:43Z
TLNRESCONS,Nonresidential Construction Spending,Construction,US,Monthly,"Millions of USD, SAAR",2025-07-01,1302674.0,FRED,2026-10-03T22:59:43Z
TLNRESCONS,Nonresidential Construction Spending,Construction,US,Monthly,"Millions of USD, SAAR",2025-08-01,1301989.0,FRED,2026-10-03T22:59:43Z
TLNRESCONS,Nonresidential Construction Spending,Construction,US,Monthly,"Millions of USD, SAAR",2025-09-01,1301557.0,FRED,2026-10-03T22:59:43Z
TLNRESCONS,Nonresidential Construction Spending,Construction,US,Monthly,"Millions of USD, SAAR",2025-10-01,1306332.0,FRED,2026-10-03T22:59:43Z
TLNRESCONS,Nonresidential Construction Spending,Construction,US,Monthly,"Millions of USD, SAAR",2025-11-01,1291762.0,FRED,2026-10-03T22:59:43Z
TLNRESCONS,Nonresidential Construction Spending,Construction,US,Monthly,"Millions of USD, SAAR",2025-12-01,1273524.0,FRED,2026-10-03T22:59:43Z
TLNRESCONS,Nonresidential Construction Spending,Construction,US,Monthly,"Millions of USD, SAAR",2026-01-01,1271078.0,FRED,2026-10-03T22:59:43Z
TLNRESCONS,Nonresidential Construction Spending,Construction,US,Monthly,"Millions of USD, SAAR",2026-02-01,1269938.0,FRED,2026-10-03T22:59:43Z
TLNRESCONS,Nonresidential Construction Spending,Construction,US,Monthly,"Millions of USD, SAAR",2026-03-01,1269153.0,FRED,2026-10-03T22:59:43Z
TLNRESCONS,Nonresidential Construction Spending,Construction,US,Monthly,"Millions of USD, SAAR",2026-04-01,1273990.0,FRED,2026-10-03T22:59:43Z
TLNRESCONS,Nonresidential Construction Spending,Construction,US,Monthly,"Millions of USD, SAAR",2026-05-01,1281118.0,FRED,2026-10-03T22:59:43Z
TLNRESCONS,Nonresidential Construction Spending,Construction,US,Monthly,"Millions of USD, SAAR",2026-06-01,1293022.0,FRED,2026-10-03T22:59:43Z
TLNRESCONS,Nonresidential Construction Spending,Construction,US,Monthly,"Millions of USD, SAAR",2026-07-01,1299479.0,FRED,2026-10-03T22:59:43Z
TLNRESCONS,Nonresidential Construction Spending,Construction,US,Monthly,"Millions of USD, SAAR",2026-08-01,1308532.0,FRED,2026-10-03T22:59:43Z
TLHWYCONS,Highway and Street Construction Spending,Construction,US,Monthly,"Millions of USD, SAAR",2018-01-01,86655.0,FRED,2026-10-03T22:59:43Z
TLHWYCONS,Highway and Street Construction Spending,Construction,US,Monthly,"Millions of USD, SAAR",2018-02-01,86468.0,FRED,2026-10-03T22:59:43Z
TLHWYCONS,Highway and Street Construction Spending,Construction,US,Monthly,"Millions of USD, SAAR",2018-03-01,87469.0,FRED,2026-10-03T22:59:43Z
TLHWYCONS,Highway and Street Construction Spending,Construction,US,Monthly,"Millions of USD, SAAR",2018-04-01,90205.0,FRED,2026-10-03T22:59:43Z
TLHWYCONS,Highway and Street Construction Spending,Construction,US,Monthly,"Millions of USD, SAAR",2018-05-01,91619.0,FRED,2026-10-03T22:59:43Z
TLHWYCONS,Highway and Street Construction Spending,Construction,US,Monthly,"Millions of USD, SAAR",2018-06-01,93230.0,FRED,2026-10-03T22:59:43Z
TLHWYCONS,Highway and Street Construction Spending,Construction,US,Monthly,"Millions of USD, SAAR",2018-07-01,93363.0,FRED,2026-10-03T22:59:43Z
TLHWYCONS,Highway and Street Construction Spending,Construction,US,Monthly,"Millions of USD, SAAR",2018-08-01,97780.0,FRED,2026-10-03T22:59:43Z
TLHWYCONS,Highway and Street Construction Spending,Construction,US,Monthly,"Millions of USD, SAAR",2018-09-01,92984.0,FRED,2026-10-03T22:59:43Z
TLHWYCONS,Highway and Street Construction Spending,Construction,US,Monthly,"Millions of USD, SAAR",2018-10-01,92536.0,FRED,2026-10-03T22:59:43Z
TLHWYCONS,Highway and Street Construction Spending,Construction,US,Monthly,"Millions of USD, SAAR",2018-11-01,92662.0,FRED,2026-10-03T22:59:43Z
TLHWYCONS,Highway and Street Construction Spending,Construction,US,Monthly,"Millions of USD, SAAR",2018-12-01,89171.0,FRED,2026-10-03T22:59:43Z
TLHWYCONS,Highway and Street Construction Spending,Construction,US,Monthly,"Millions of USD, SAAR",2019-01-01,93358.0,FRED,2026-10-03T22:59:43Z
TLHWYCONS,Highway and Street Construction Spending,Construction,US,Monthly,"Millions of USD, SAAR",2019-02-01,99293.0,FRED,2026-10-03T22:59:43Z
TLHWYCONS,Highway and Street Construction Spending,Construction,US,Monthly,"Millions of USD, SAAR",2019-03-01,98575.0,FRED,2026-10-03T22:59:43Z
TLHWYCONS,Highway and Street Construction Spending,Construction,US,Monthly,"Millions of USD, SAAR",2019-04-01,113688.0,FRED,2026-10-03T22:59:43Z
TLHWYCONS,Highway and Street Construction Spending,Construction,US,Monthly,"Millions of USD, SAAR",2019-05-01,105923.0,FRED,2026-10-03T22:59:43Z
TLHWYCONS,Highway and Street Construction Spending,Construction,US,Monthly,"Millions of USD, SAAR",2019-06-01,101445.0,FRED,2026-10-03T22:59:43Z
TLHWYCONS,Highway and Street Construction Spending,Construction,US,Monthly,"Millions of USD, SAAR",2019-07-01,102413.0,FRED,2026-10-03T22:59:43Z
TLHWYCONS,Highway and Street Construction Spending,Construction,US,Monthly,"Millions of USD, SAAR",2019-08-01,97605.0,FRED,2026-10-03T22:59:43Z
TLHWYCONS,Highway and Street Construction Spending,Construction,US,Monthly,"Millions of USD, SAAR",2019-09-01,97764.0,FRED,2026-10-03T22:59:43Z
TLHWYCONS,Highway and Street Construction Spending,Construction,US,Monthly,"Millions of USD, SAAR",2019-10-01,94201.0,FRED,2026-10-03T22:59:43Z
TLHWYCONS,Highway and Street Construction Spending,Construction,US,Monthly,"Millions of USD, SAAR",2019-11-01,91976.0,FRED,2026-10-03T22:59:43Z
TLHWYCONS,Highway and Street Construction Spending,Construction,US,Monthly,"Millions of USD, SAAR",2019-12-01,94893.0,FRED,2026-10-03T22:59:43Z
TLHWYCONS,Highway and Street Construction Spending,Construction,US,Monthly,"Millions of USD, SAAR",2020-01-01,103083.0,FRED,2026-10-03T22:59:43Z
TLHWYCONS,Highway and Street Construction Spending,Construction,US,Monthly,"Millions of USD, SAAR",2020-02-01,105103.0,FRED,2026-10-03T22:59:43Z
TLHWYCONS,Highway and Street Construction Spending,Construction,US,Monthly,"Millions of USD, SAAR",2020-03-01,104867.0,FRED,2026-10-03T22:59:43Z
TLHWYCONS,Highway and Street Construction Spending,Construction,US,Monthly,"Millions of USD, SAAR",2020-04-01,103499.0,FRED,2026-10-03T22:59:43Z
TLHWYCONS,Highway and Street Construction Spending,Construction,US,Monthly,"Millions of USD, SAAR",2020-05-01,104045.0,FRED,2026-10-03T22:59:43Z
TLHWYCONS,Highway and Street Construction Spending,Construction,US,Monthly,"Millions of USD, SAAR",2020-06-01,106037.0,FRED,2026-10-03T22:59:43Z
TLHWYCONS,Highway and Street Construction Spending,Construction,US,Monthly,"Millions of USD, SAAR",2020-07-01,101707.0,FRED,2026-10-03T22:59:43Z
TLHWYCONS,Highway and Street Construction Spending,Construction,US,Monthly,"Millions of USD, SAAR",2020-08-01,98368.0,FRED,2026-10-03T22:59:43Z
TLHWYCONS,Highway and Street Construction Spending,Construction,US,Monthly,"Millions of USD, SAAR",2020-09-01,97150.0,FRED,2026-10-03T22:59:43Z
TLHWYCONS,Highway and Street Construction Spending,Construction,US,Monthly,"Millions of USD, SAAR",2020-10-01,102996.0,FRED,2026-10-03T22:59:43Z
TLHWYCONS,Highway and Street Construction Spending,Construction,US,Monthly,"Millions of USD, SAAR",2020-11-01,101988.0,FRED,2026-10-03T22:59:43Z
TLHWYCONS,Highway and Street Construction Spending,Construction,US,Monthly,"Millions of USD, SAAR",2020-12-01,105776.0,FRED,2026-10-03T22:59:43Z
TLHWYCONS,Highway and Street Construction Spending,Construction,US,Monthly,"Millions of USD, SAAR",2021-01-01,102097.0,FRED,2026-10-03T22:59:43Z
TLHWYCONS,Highway and Street Construction Spending,Construction,US,Monthly,"Millions of USD, SAAR",2021-02-01,99414.0,FRED,2026-10-03T22:59:43Z
TLHWYCONS,Highway and Street Construction Spending,Construction,US,Monthly,"Millions of USD, SAAR",2021-03-01,101838.0,FRED,2026-10-03T22:59:43Z
TLHWYCONS,Highway and Street Construction Spending,Construction,US,Monthly,"Millions of USD, SAAR",2021-04-01,102249.0,FRED,2026-10-03T22:59:43Z
TLHWYCONS,Highway and Street Construction Spending,Construction,US,Monthly,"Millions of USD, SAAR",2021-05-01,106433.0,FRED,2026-10-03T22:59:43Z
TLHWYCONS,Highway and Street Construction Spending,Construction,US,Monthly,"Millions of USD, SAAR",2021-06-01,102630.0,FRED,2026-10-03T22:59:43Z
TLHWYCONS,Highway and Street Construction Spending,Construction,US,Monthly,"Millions of USD, SAAR",2021-07-01,103362.0,FRED,2026-10-03T22:59:43Z
TLHWYCONS,Highway and Street Construction Spending,Construction,US,Monthly,"Millions of USD, SAAR",2021-08-01,103223.0,FRED,2026-10-03T22:59:43Z
TLHWYCONS,Highway and Street Construction Spending,Construction,US,Monthly,"Millions of USD, SAAR",2021-09-01,104901.0,FRED,2026-10-03T22:59:43Z
TLHWYCONS,Highway and Street Construction Spending,Construction,US,Monthly,"Millions of USD, SAAR",2021-10-01,104203.0,FRED,2026-10-03T22:59:43Z
TLHWYCONS,Highway and Street Construction Spending,Construction,US,Monthly,"Millions of USD, SAAR",2021-11-01,103846.0,FRED,2026-10-03T22:59:43Z
TLHWYCONS,Highway and Street Construction Spending,Construction,US,Monthly,"Millions of USD, SAAR",2021-12-01,107196.0,FRED,2026-10-03T22:59:43Z
TLHWYCONS,Highway and Street Construction Spending,Construction,US,Monthly,"Millions of USD, SAAR",2022-01-01,105764.0,FRED,2026-10-03T22:59:43Z
TLHWYCONS,Highway and Street Construction Spending,Construction,US,Monthly,"Millions of USD, SAAR",2022-02-01,106936.0,FRED,2026-10-03T22:59:43Z
TLHWYCONS,Highway and Street Construction Spending,Construction,US,Monthly,"Millions of USD, SAAR",2022-03-01,109107.0,FRED,2026-10-03T22:59:43Z
TLHWYCONS,Highway and Street Construction Spending,Construction,US,Monthly,"Millions of USD, SAAR",2022-04-01,113200.0,FRED,2026-10-03T22:59:43Z
TLHWYCONS,Highway and Street Construction Spending,Construction,US,Monthly,"Millions of USD, SAAR",2022-05-01,107943.0,FRED,2026-10-03T22:59:43Z
TLHWYCONS,Highway and Street Construction Spending,Construction,US,Monthly,"Millions of USD, SAAR",2022-06-01,110459.0,FRED,2026-10-03T22:59:43Z
TLHWYCONS,Highway and Street Construction Spending,Construction,US,Monthly,"Millions of USD, SAAR",2022-07-01,116570.0,FRED,2026-10-03T22:59:43Z
TLHWYCONS,Highway and Street Construction Spending,Construction,US,Monthly,"Millions of USD, SAAR",2022-08-01,121236.0,FRED,2026-10-03T22:59:43Z
TLHWYCONS,Highway and Street Construction Spending,Construction,US,Monthly,"Millions of USD, SAAR",2022-09-01,123433.0,FRED,2026-10-03T22:59:43Z
TLHWYCONS,Highway and Street Construction Spending,Construction,US,Monthly,"Millions of USD, SAAR",2022-10-01,121803.0,FRED,2026-10-03T22:59:43Z
TLHWYCONS,Highway and Street Construction Spending,Construction,US,Monthly,"Millions of USD, SAAR",2022-11-01,119009.0,FRED,2026-10-03T22:59:43Z
TLHWYCONS,Highway and Street Construction Spending,Construction,US,Monthly,"Millions of USD, SAAR",2022-12-01,123175.0,FRED,2026-10-03T22:59:43Z
TLHWYCONS,Highway and Street Construction Spending,Construction,US,Monthly,"Millions of USD, SAAR",2023-01-01,124112.0,FRED,2026-10-03T22:59:43Z
TLHWYCONS,Highway and Street Construction Spending,Construction,US,Monthly,"Millions of USD, SAAR",2023-02-01,125126.0,FRED,2026-10-03T22:59:43Z
TLHWYCONS,Highway and Street Construction Spending,Construction,US,Monthly,"Millions of USD, SAAR",2023-03-01,130190.0,FRED,2026-10-03T22:59:43Z
TLHWYCONS,Highway and Street Construction Spending,Construction,US,Monthly,"Millions of USD, SAAR",2023-04-01,134838.0,FRED,2026-10-03T22:59:43Z
TLHWYCONS,Highway and Street Construction Spending,Construction,US,Monthly,"Millions of USD, SAAR",2023-05-01,138343.0,FRED,2026-10-03T22:59:43Z
TLHWYCONS,Highway and Street Construction Spending,Construction,US,Monthly,"Millions of USD, SAAR",2023-06-01,138935.0,FRED,2026-10-03T22:59:43Z
TLHWYCONS,Highway and Street Construction Spending,Construction,US,Monthly,"Millions of USD, SAAR",2023-07-01,138536.0,FRED,2026-10-03T22:59:43Z
TLHWYCONS,Highway and Street Construction Spending,Construction,US,Monthly,"Millions of USD, SAAR",2023-08-01,141137.0,FRED,2026-10-03T22:59:43Z
TLHWYCONS,Highway and Street Construction Spending,Construction,US,Monthly,"Millions of USD, SAAR",2023-09-01,143959.0,FRED,2026-10-03T22:59:43Z
TLHWYCONS,Highway and Street Construction Spending,Construction,US,Monthly,"Millions of USD, SAAR",2023-10-01,145338.0,FRED,2026-10-03T22:59:43Z
TLHWYCONS,Highway and Street Construction Spending,Construction,US,Monthly,"Millions of USD, SAAR",2023-11-01,151731.0,FRED,2026-10-03T22:59:43Z
TLHWYCONS,Highway and Street Construction Spending,Construction,US,Monthly,"Millions of USD, SAAR",2023-12-01,154246.0,FRED,2026-10-03T22:59:43Z
TLHWYCONS,Highway and Street Construction Spending,Construction,US,Monthly,"Millions of USD, SAAR",2024-01-01,150446.0,FRED,2026-10-03T22:59:43Z
TLHWYCONS,Highway and Street Construction Spending,Construction,US,Monthly,"Millions of USD, SAAR",2024-02-01,151922.0,FRED,2026-10-03T22:59:43Z
TLHWYCONS,Highway and Street Construction Spending,Construction,US,Monthly,"Millions of USD, SAAR",2024-03-01,146145.0,FRED,2026-10-03T22:59:43Z
TLHWYCONS,Highway and Street Construction Spending,Construction,US,Monthly,"Millions of USD, SAAR",2024-04-01,149777.0,FRED,2026-10-03T22:59:43Z
TLHWYCONS,Highway and Street Construction Spending,Construction,US,Monthly,"Millions of USD, SAAR",2024-05-01,147945.0,FRED,2026-10-03T22:59:43Z
TLHWYCONS,Highway and Street Construction Spending,Construction,US,Monthly,"Millions of USD, SAAR",2024-06-01,142236.0,FRED,2026-10-03T22:59:43Z
TLHWYCONS,Highway and Street Construction Spending,Construction,US,Monthly,"Millions of USD, SAAR",2024-07-01,146875.0,FRED,2026-10-03T22:59:43Z
TLHWYCONS,Highway and Street Construction Spending,Construction,US,Monthly,"Millions of USD, SAAR",2024-08-01,150124.0,FRED,2026-10-03T22:59:43Z
TLHWYCONS,Highway and Street Construction Spending,Construction,US,Monthly,"Millions of USD, SAAR",2024-09-01,149081.0,FRED,2026-10-03T22:59:43Z
TLHWYCONS,Highway and Street Construction Spending,Construction,US,Monthly,"Millions of USD, SAAR",2024-10-01,151618.0,FRED,2026-10-03T22:59:43Z
TLHWYCONS,Highway and Street Construction Spending,Construction,US,Monthly,"Millions of USD, SAAR",2024-11-01,150285.0,FRED,2026-10-03T22:59:43Z
TLHWYCONS,Highway and Street Construction Spending,Construction,US,Monthly,"Millions of USD, SAAR",2024-12-01,147576.0,FRED,2026-10-03T22:59:43Z
TLHWYCONS,Highway and Street Construction Spending,Construction,US,Monthly,"Millions of USD, SAAR",2025-01-01,148026.0,FRED,2026-10-03T22:59:43Z
TLHWYCONS,Highway and Street Construction Spending,Construction,US,Monthly,"Millions of USD, SAAR",2025-02-01,148902.0,FRED,2026-10-03T22:59:43Z
TLHWYCONS,Highway and Street Construction Spending,Construction,US,Monthly,"Millions of USD, SAAR",2025-03-01,151024.0,FRED,2026-10-03T22:59:43Z
TLHWYCONS,Highway and Street Construction Spending,Construction,US,Monthly,"Millions of USD, SAAR",2025-04-01,151051.0,FRED,2026-10-03T22:59:43Z
TLHWYCONS,Highway and Street Construction Spending,Construction,US,Monthly,"Millions of USD, SAAR",2025-05-01,147267.0,FRED,2026-10-03T22:59:43Z
TLHWYCONS,Highway and Street Construction Spending,Construction,US,Monthly,"Millions of USD, SAAR",2025-06-01,147730.0,FRED,2026-10-03T22:59:43Z
TLHWYCONS,Highway and Street Construction Spending,Construction,US,Monthly,"Millions of USD, SAAR",2025-07-01,145020.0,FRED,2026-10-03T22:59:43Z
TLHWYCONS,Highway and Street Construction Spending,Construction,US,Monthly,"Millions of USD, SAAR",2025-08-01,145561.0,FRED,2026-10-03T22:59:43Z
TLHWYCONS,Highway and Street Construction Spending,Construction,US,Monthly,"Millions of USD, SAAR",2025-09-01,145297.0,FRED,2026-10-03T22:59:43Z
TLHWYCONS,Highway and Street Construction Spending,Construction,US,Monthly,"Millions of USD, SAAR",2025-10-01,143952.0,FRED,2026-10-03T22:59:43Z
TLHWYCONS,Highway and Street Construction Spending,Construction,US,Monthly,"Millions of USD, SAAR",2025-11-01,146556.0,FRED,2026-10-03T22:59:43Z
TLHWYCONS,Highway and Street Construction Spending,Construction,US,Monthly,"Millions of USD, SAAR",2025-12-01,148642.0,FRED,2026-10-03T22:59:43Z
TLHWYCONS,Highway and Street Construction Spending,Construction,US,Monthly,"Millions of USD, SAAR",2026-01-01,149566.0,FRED,2026-10-03T22:59:43Z
TLHWYCONS,Highway and Street Construction Spending,Construction,US,Monthly,"Millions of USD, SAAR",2026-02-01,150132.0,FRED,2026-10-03T22:59:43Z
TLHWYCONS,Highway and Street Construction Spending,Construction,US,Monthly,"Millions of USD, SAAR",2026-03-01,149947.0,FRED,2026-10-03T22:59:43Z
TLHWYCONS,Highway and Street Construction Spending,Construction,US,Monthly,"Millions of USD, SAAR",2026-04-01,151628.0,FRED,2026-10-03T22:59:43Z
TLHWYCONS,Highway and Street Construction Spending,Construction,US,Monthly,"Millions of USD, SAAR",2026-05-01,151878.0,FRED,2026-10-03T22:59:43Z
TLHWYCONS,Highway and Street Construction Spending,Construction,US,Monthly,"Millions of USD, SAAR",2026-06-01,151992.0,FRED,2026-10-03T22:59:43Z
TLHWYCONS,Highway and Street Construction Spending,Construction,US,Monthly,"Millions of USD, SAAR",2026-07-01,151846.0,FRED,2026-10-03T22:59:43Z
TLHWYCONS,Highway and Street Construction Spending,Construction,US,Monthly,"Millions of USD, SAAR",2026-08-01,152213.0,FRED,2026-10-03T22:59:43Z
HOUST,Housing Starts,Construction,US,Monthly,"Thousands of units, SAAR",2018-01-01,1299.0,FRED,2026-10-03T22:59:43Z
HOUST,Housing Starts,Construction,US,Monthly,"Thousands of units, SAAR",2018-02-01,1277.0,FRED,2026-10-03T22:59:43Z
HOUST,Housing Starts,Construction,US,Monthly,"Thousands of units, SAAR",2018-03-01,1318.0,FRED,2026-10-03T22:59:43Z
HOUST,Housing Starts,Construction,US,Monthly,"Thousands of units, SAAR",2018-04-01,1276.0,FRED,2026-10-03T22:59:43Z
HOUST,Housing Starts,Construction,US,Monthly,"Thousands of units, SAAR",2018-05-01,1357.0,FRED,2026-10-03T22:59:43Z
HOUST,Housing Starts,Construction,US,Monthly,"Thousands of units, SAAR",2018-06-01,1192.0,FRED,2026-10-03T22:59:43Z
HOUST,Housing Starts,Construction,US,Monthly,"Thousands of units, SAAR",2018-07-01,1208.0,FRED,2026-10-03T22:59:43Z
HOUST,Housing Starts,Construction,US,Monthly,"Thousands of units, SAAR",2018-08-01,1288.0,FRED,2026-10-03T22:59:43Z
HOUST,Housing Starts,Construction,US,Monthly,"Thousands of units, SAAR",2018-09-01,1250.0,FRED,2026-10-03T22:59:43Z
HOUST,Housing Starts,Construction,US,Monthly,"Thousands of units, SAAR",2018-10-01,1221.0,FRED,2026-10-03T22:59:43Z
HOUST,Housing Starts,Construction,US,Monthly,"Thousands of units, SAAR",2018-11-01,1181.0,FRED,2026-10-03T22:59:43Z
HOUST,Housing Starts,Construction,US,Monthly,"Thousands of units, SAAR",2018-12-01,1095.0,FRED,2026-10-03T22:59:43Z
HOUST,Housing Starts,Construction,US,Monthly,"Thousands of units, SAAR",2019-01-01,1226.0,FRED,2026-10-03T22:59:43Z
HOUST,Housing Starts,Construction,US,Monthly,"Thousands of units, SAAR",2019-02-01,1121.0,FRED,2026-10-03T22:59:43Z
HOUST,Housing Starts,Construction,US,Monthly,"Thousands of units, SAAR",2019-03-01,1191.0,FRED,2026-10-03T22:59:43Z
HOUST,Housing Starts,Construction,US,Monthly,"Thousands of units, SAAR",2019-04-01,1272.0,FRED,2026-10-03T22:59:43Z
HOUST,Housing Starts,Construction,US,Monthly,"Thousands of units, SAAR",2019-05-01,1293.0,FRED,2026-10-03T22:59:43Z
HOUST,Housing Starts,Construction,US,Monthly,"Thousands of units, SAAR",2019-06-01,1243.0,FRED,2026-10-03T22:59:43Z
HOUST,Housing Starts,Construction,US,Monthly,"Thousands of units, SAAR",2019-07-01,1240.0,FRED,2026-10-03T22:59:43Z
HOUST,Housing Starts,Construction,US,Monthly,"Thousands of units, SAAR",2019-08-01,1375.0,FRED,2026-10-03T22:59:43Z
HOUST,Housing Starts,Construction,US,Monthly,"Thousands of units, SAAR",2019-09-01,1311.0,FRED,2026-10-03T22:59:43Z
HOUST,Housing Starts,Construction,US,Monthly,"Thousands of units, SAAR",2019-10-01,1325.0,FRED,2026-10-03T22:59:43Z
HOUST,Housing Starts,Construction,US,Monthly,"Thousands of units, SAAR",2019-11-01,1353.0,FRED,2026-10-03T22:59:43Z
HOUST,Housing Starts,Construction,US,Monthly,"Thousands of units, SAAR",2019-12-01,1548.0,FRED,2026-10-03T22:59:43Z
HOUST,Housing Starts,Construction,US,Monthly,"Thousands of units, SAAR",2020-01-01,1581.0,FRED,2026-10-03T22:59:43Z
HOUST,Housing Starts,Construction,US,Monthly,"Thousands of units, SAAR",2020-02-01,1549.0,FRED,2026-10-03T22:59:43Z
HOUST,Housing Starts,Construction,US,Monthly,"Thousands of units, SAAR",2020-03-01,1266.0,FRED,2026-10-03T22:59:43Z
HOUST,Housing Starts,Construction,US,Monthly,"Thousands of units, SAAR",2020-04-01,936.0,FRED,2026-10-03T22:59:43Z
HOUST,Housing Starts,Construction,US,Monthly,"Thousands of units, SAAR",2020-05-01,1039.0,FRED,2026-10-03T22:59:43Z
HOUST,Housing Starts,Construction,US,Monthly,"Thousands of units, SAAR",2020-06-01,1266.0,FRED,2026-10-03T22:59:43Z
HOUST,Housing Starts,Construction,US,Monthly,"Thousands of units, SAAR",2020-07-01,1526.0,FRED,2026-10-03T22:59:43Z
HOUST,Housing Starts,Construction,US,Monthly,"Thousands of units, SAAR",2020-08-01,1396.0,FRED,2026-10-03T22:59:43Z
HOUST,Housing Starts,Construction,US,Monthly,"Thousands of units, SAAR",2020-09-01,1473.0,FRED,2026-10-03T22:59:43Z
HOUST,Housing Starts,Construction,US,Monthly,"Thousands of units, SAAR",2020-10-01,1543.0,FRED,2026-10-03T22:59:43Z
HOUST,Housing Starts,Construction,US,Monthly,"Thousands of units, SAAR",2020-11-01,1543.0,FRED,2026-10-03T22:59:43Z
HOUST,Housing Starts,Construction,US,Monthly,"Thousands of units, SAAR",2020-12-01,1614.0,FRED,2026-10-03T22:59:43Z
HOUST,Housing Starts,Construction,US,Monthly,"Thousands of units, SAAR",2021-01-01,1624.0,FRED,2026-10-03T22:59:43Z
HOUST,Housing Starts,Construction,US,Monthly,"Thousands of units, SAAR",2021-02-01,1398.0,FRED,2026-10-03T22:59:43Z
HOUST,Housing Starts,Construction,US,Monthly,"Thousands of units, SAAR",2021-03-01,1688.0,FRED,2026-10-03T22:59:43Z
HOUST,Housing Starts,Construction,US,Monthly,"Thousands of units, SAAR",2021-04-01,1489.0,FRED,2026-10-03T22:59:43Z
HOUST,Housing Starts,Construction,US,Monthly,"Thousands of units, SAAR",2021-05-01,1600.0,FRED,2026-10-03T22:59:43Z
HOUST,Housing Starts,Construction,US,Monthly,"Thousands of units, SAAR",2021-06-01,1664.0,FRED,2026-10-03T22:59:43Z
HOUST,Housing Starts,Construction,US,Monthly,"Thousands of units, SAAR",2021-07-01,1600.0,FRED,2026-10-03T22:59:43Z
HOUST,Housing Starts,Construction,US,Monthly,"Thousands of units, SAAR",2021-08-01,1596.0,FRED,2026-10-03T22:59:43Z
HOUST,Housing Starts,Construction,US,Monthly,"Thousands of units, SAAR",2021-09-01,1576.0,FRED,2026-10-03T22:59:43Z
HOUST,Housing Starts,Construction,US,Monthly,"Thousands of units, SAAR",2021-10-01,1587.0,FRED,2026-10-03T22:59:43Z
HOUST,Housing Starts,Construction,US,Monthly,"Thousands of units, SAAR",2021-11-01,1707.0,FRED,2026-10-03T22:59:43Z
HOUST,Housing Starts,Construction,US,Monthly,"Thousands of units, SAAR",2021-12-01,1711.0,FRED,2026-10-03T22:59:43Z
HOUST,Housing Starts,Construction,US,Monthly,"Thousands of units, SAAR",2022-01-01,1693.0,FRED,2026-10-03T22:59:43Z
HOUST,Housing Starts,Construction,US,Monthly,"Thousands of units, SAAR",2022-02-01,1730.0,FRED,2026-10-03T22:59:43Z
HOUST,Housing Starts,Construction,US,Monthly,"Thousands of units, SAAR",2022-03-01,1700.0,FRED,2026-10-03T22:59:43Z
HOUST,Housing Starts,Construction,US,Monthly,"Thousands of units, SAAR",2022-04-01,1807.0,FRED,2026-10-03T22:59:43Z
HOUST,Housing Starts,Construction,US,Monthly,"Thousands of units, SAAR",2022-05-01,1546.0,FRED,2026-10-03T22:59:43Z
HOUST,Housing Starts,Construction,US,Monthly,"Thousands of units, SAAR",2022-06-01,1556.0,FRED,2026-10-03T22:59:43Z
HOUST,Housing Starts,Construction,US,Monthly,"Thousands of units, SAAR",2022-07-01,1382.0,FRED,2026-10-03T22:59:43Z
HOUST,Housing Starts,Construction,US,Monthly,"Thousands of units, SAAR",2022-08-01,1532.0,FRED,2026-10-03T22:59:43Z
HOUST,Housing Starts,Construction,US,Monthly,"Thousands of units, SAAR",2022-09-01,1481.0,FRED,2026-10-03T22:59:43Z
HOUST,Housing Starts,Construction,US,Monthly,"Thousands of units, SAAR",2022-10-01,1446.0,FRED,2026-10-03T22:59:43Z
HOUST,Housing Starts,Construction,US,Monthly,"Thousands of units, SAAR",2022-11-01,1434.0,FRED,2026-10-03T22:59:43Z
HOUST,Housing Starts,Construction,US,Monthly,"Thousands of units, SAAR",2022-12-01,1296.0,FRED,2026-10-03T22:59:43Z
HOUST,Housing Starts,Construction,US,Monthly,"Thousands of units, SAAR",2023-01-01,1358.0,FRED,2026-10-03T22:59:43Z
HOUST,Housing Starts,Construction,US,Monthly,"Thousands of units, SAAR",2023-02-01,1395.0,FRED,2026-10-03T22:59:43Z
HOUST,Housing Starts,Construction,US,Monthly,"Thousands of units, SAAR",2023-03-01,1366.0,FRED,2026-10-03T22:59:43Z
HOUST,Housing Starts,Construction,US,Monthly,"Thousands of units, SAAR",2023-04-01,1343.0,FRED,2026-10-03T22:59:43Z
HOUST,Housing Starts,Construction,US,Monthly,"Thousands of units, SAAR",2023-05-01,1609.0,FRED,2026-10-03T22:59:43Z
HOUST,Housing Starts,Construction,US,Monthly,"Thousands of units, SAAR",2023-06-01,1420.0,FRED,2026-10-03T22:59:43Z
HOUST,Housing Starts,Construction,US,Monthly,"Thousands of units, SAAR",2023-07-01,1464.0,FRED,2026-10-03T22:59:43Z
HOUST,Housing Starts,Construction,US,Monthly,"Thousands of units, SAAR",2023-08-01,1321.0,FRED,2026-10-03T22:59:43Z
HOUST,Housing Starts,Construction,US,Monthly,"Thousands of units, SAAR",2023-09-01,1369.0,FRED,2026-10-03T22:59:43Z
HOUST,Housing Starts,Construction,US,Monthly,"Thousands of units, SAAR",2023-10-01,1380.0,FRED,2026-10-03T22:59:43Z
HOUST,Housing Starts,Construction,US,Monthly,"Thousands of units, SAAR",2023-11-01,1522.0,FRED,2026-10-03T22:59:43Z
HOUST,Housing Starts,Construction,US,Monthly,"Thousands of units, SAAR",2023-12-01,1504.0,FRED,2026-10-03T22:59:43Z
HOUST,Housing Starts,Construction,US,Monthly,"Thousands of units, SAAR",2024-01-01,1378.0,FRED,2026-10-03T22:59:43Z
HOUST,Housing Starts,Construction,US,Monthly,"Thousands of units, SAAR",2024-02-01,1555.0,FRED,2026-10-03T22:59:43Z
HOUST,Housing Starts,Construction,US,Monthly,"Thousands of units, SAAR",2024-03-01,1297.0,FRED,2026-10-03T22:59:43Z
HOUST,Housing Starts,Construction,US,Monthly,"Thousands of units, SAAR",2024-04-01,1379.0,FRED,2026-10-03T22:59:43Z
HOUST,Housing Starts,Construction,US,Monthly,"Thousands of units, SAAR",2024-05-01,1329.0,FRED,2026-10-03T22:59:43Z
HOUST,Housing Starts,Construction,US,Monthly,"Thousands of units, SAAR",2024-06-01,1318.0,FRED,2026-10-03T22:59:43Z
HOUST,Housing Starts,Construction,US,Monthly,"Thousands of units, SAAR",2024-07-01,1269.0,FRED,2026-10-03T22:59:43Z
HOUST,Housing Starts,Construction,US,Monthly,"Thousands of units, SAAR",2024-08-01,1394.0,FRED,2026-10-03T22:59:43Z
HOUST,Housing Starts,Construction,US,Monthly,"Thousands of units, SAAR",2024-09-01,1357.0,FRED,2026-10-03T22:59:43Z
HOUST,Housing Starts,Construction,US,Monthly,"Thousands of units, SAAR",2024-10-01,1370.0,FRED,2026-10-03T22:59:43Z
HOUST,Housing Starts,Construction,US,Monthly,"Thousands of units, SAAR",2024-11-01,1300.0,FRED,2026-10-03T22:59:43Z
HOUST,Housing Starts,Construction,US,Monthly,"Thousands of units, SAAR",2024-12-01,1494.0,FRED,2026-10-03T22:59:43Z
HOUST,Housing Starts,Construction,US,Monthly,"Thousands of units, SAAR",2025-01-01,1353.0,FRED,2026-10-03T22:59:43Z
HOUST,Housing Starts,Construction,US,Monthly,"Thousands of units, SAAR",2025-02-01,1491.0,FRED,2026-10-03T22:59:43Z
HOUST,Housing Starts,Construction,US,Monthly,"Thousands of units, SAAR",2025-03-01,1346.0,FRED,2026-10-03T22:59:43Z
HOUST,Housing Starts,Construction,US,Monthly,"Thousands of units, SAAR",2025-04-01,1400.0,FRED,2026-10-03T22:59:43Z
HOUST,Housing Starts,Construction,US,Monthly,"Thousands of units, SAAR",2025-05-01,1289.0,FRED,2026-10-03T22:59:43Z
HOUST,Housing Starts,Construction,US,Monthly,"Thousands of units, SAAR",2025-06-01,1379.0,FRED,2026-10-03T22:59:43Z
HOUST,Housing Starts,Construction,US,Monthly,"Thousands of units, SAAR",2025-07-01,1432.0,FRED,2026-10-03T22:59:43Z
HOUST,Housing Starts,Construction,US,Monthly,"Thousands of units, SAAR",2025-08-01,1291.0,FRED,2026-10-03T22:59:43Z
HOUST,Housing Starts,Construction,US,Monthly,"Thousands of units, SAAR",2025-09-01,1319.0,FRED,2026-10-03T22:59:43Z
HOUST,Housing Starts,Construction,US,Monthly,"Thousands of units, SAAR",2025-10-01,1273.0,FRED,2026-10-03T22:59:43Z
HOUST,Housing Starts,Construction,US,Monthly,"Thousands of units, SAAR",2025-11-01,1319.0,FRED,2026-10-03T22:59:43Z
HOUST,Housing Starts,Construction,US,Monthly,"Thousands of units, SAAR",2025-12-01,1378.0,FRED,2026-10-03T22:59:43Z
HOUST,Housing Starts,Construction,US,Monthly,"Thousands of units, SAAR",2026-01-01,1385.0,FRED,2026-10-03T22:59:43Z
HOUST,Housing Starts,Construction,US,Monthly,"Thousands of units, SAAR",2026-02-01,1346.0,FRED,2026-10-03T22:59:43Z
HOUST,Housing Starts,Construction,US,Monthly,"Thousands of units, SAAR",2026-03-01,1522.0,FRED,2026-10-03T22:59:43Z
HOUST,Housing Starts,Construction,US,Monthly,"Thousands of units, SAAR",2026-04-01,1414.0,FRED,2026-10-03T22:59:43Z
HOUST,Housing Starts,Construction,US,Monthly,"Thousands of units, SAAR",2026-05-01,1182.0,FRED,2026-10-03T22:59:43Z
HOUST,Housing Starts,Construction,US,Monthly,"Thousands of units, SAAR",2026-06-01,1439.0,FRED,2026-10-03T22:59:43Z
HOUST,Housing Starts,Construction,US,Monthly,"Thousands of units, SAAR",2026-07-01,1309.0,FRED,2026-10-03T22:59:43Z
HOUST,Housing Starts,Construction,US,Monthly,"Thousands of units, SAAR",2026-08-01,1275.0,FRED,2026-10-03T22:59:43Z
VABPPRIVSA,New Private Housing Units Authorized,Construction,VA,Monthly,"Units, SA",2018-01-01,2539.97819189257,FRED,2026-10-03T22:59:43Z
VABPPRIVSA,New Private Housing Units Authorized,Construction,VA,Monthly,"Units, SA",2018-02-01,3426.36012158564,FRED,2026-10-03T22:59:43Z
VABPPRIVSA,New Private Housing Units Authorized,Construction,VA,Monthly,"Units, SA",2018-03-01,2640.06880144851,FRED,2026-10-03T22:59:43Z
VABPPRIVSA,New Private Housing Units Authorized,Construction,VA,Monthly,"Units, SA",2018-04-01,2643.1931154283,FRED,2026-10-03T22:59:43Z
VABPPRIVSA,New Private Housing Units Authorized,Construction,VA,Monthly,"Units, SA",2018-05-01,2280.70502164598,FRED,2026-10-03T22:59:43Z
VABPPRIVSA,New Private Housing Units Authorized,Construction,VA,Monthly,"Units, SA",2018-06-01,2493.33820561005,FRED,2026-10-03T22:59:43Z
VABPPRIVSA,New Private Housing Units Authorized,Construction,VA,Monthly,"Units, SA",2018-07-01,2681.12253958142,FRED,2026-10-03T22:59:43Z
VABPPRIVSA,New Private Housing Units Authorized,Construction,VA,Monthly,"Units, SA",2018-08-01,2219.72460835764,FRED,2026-10-03T22:59:43Z
VABPPRIVSA,New Private Housing Units Authorized,Construction,VA,Monthly,"Units, SA",2018-09-01,3340.11557394822,FRED,2026-10-03T22:59:43Z
VABPPRIVSA,New Private Housing Units Authorized,Construction,VA,Monthly,"Units, SA",2018-10-01,2725.43254693191,FRED,2026-10-03T22:59:43Z
VABPPRIVSA,New Private Housing Units Authorized,Construction,VA,Monthly,"Units, SA",2018-11-01,2393.97915400015,FRED,2026-10-03T22:59:43Z
VABPPRIVSA,New Private Housing Units Authorized,Construction,VA,Monthly,"Units, SA",2018-12-01,1913.88392424754,FRED,2026-10-03T22:59:43Z
VABPPRIVSA,New Private Housing Units Authorized,Construction,VA,Monthly,"Units, SA",2019-01-01,2909.4037041235,FRED,2026-10-03T22:59:43Z
VABPPRIVSA,New Private Housing Units Authorized,Construction,VA,Monthly,"Units, SA",2019-02-01,2881.56790453347,FRED,2026-10-03T22:59:43Z
VABPPRIVSA,New Private Housing Units Authorized,Construction,VA,Monthly,"Units, SA",2019-03-01,2249.55666054251,FRED,2026-10-03T22:59:43Z
VABPPRIVSA,New Private Housing Units Authorized,Construction,VA,Monthly,"Units, SA",2019-04-01,2935.05085606782,FRED,2026-10-03T22:59:43Z
VABPPRIVSA,New Private Housing Units Authorized,Construction,VA,Monthly,"Units, SA",2019-05-01,2573.11244431786,FRED,2026-10-03T22:59:43Z
VABPPRIVSA,New Private Housing Units Authorized,Construction,VA,Monthly,"Units, SA",2019-06-01,2567.18723837303,FRED,2026-10-03T22:59:43Z
VABPPRIVSA,New Private Housing Units Authorized,Construction,VA,Monthly,"Units, SA",2019-07-01,3021.02155316606,FRED,2026-10-03T22:59:43Z
VABPPRIVSA,New Private Housing Units Authorized,Construction,VA,Monthly,"Units, SA",2019-08-01,3683.75294553295,FRED,2026-10-03T22:59:43Z
VABPPRIVSA,New Private Housing Units Authorized,Construction,VA,Monthly,"Units, SA",2019-09-01,2491.21017926808,FRED,2026-10-03T22:59:43Z
VABPPRIVSA,New Private Housing Units Authorized,Construction,VA,Monthly,"Units, SA",2019-10-01,2153.63284129922,FRED,2026-10-03T22:59:43Z
VABPPRIVSA,New Private Housing Units Authorized,Construction,VA,Monthly,"Units, SA",2019-11-01,2515.21128444945,FRED,2026-10-03T22:59:43Z
VABPPRIVSA,New Private Housing Units Authorized,Construction,VA,Monthly,"Units, SA",2019-12-01,2805.09660033188,FRED,2026-10-03T22:59:43Z
VABPPRIVSA,New Private Housing Units Authorized,Construction,VA,Monthly,"Units, SA",2020-01-01,2612.74189821667,FRED,2026-10-03T22:59:43Z
VABPPRIVSA,New Private Housing Units Authorized,Construction,VA,Monthly,"Units, SA",2020-02-01,2781.58672161446,FRED,2026-10-03T22:59:43Z
VABPPRIVSA,New Private Housing Units Authorized,Construction,VA,Monthly,"Units, SA",2020-03-01,2380.53343491803,FRED,2026-10-03T22:59:43Z
VABPPRIVSA,New Private Housing Units Authorized,Construction,VA,Monthly,"Units, SA",2020-04-01,2470.54851434452,FRED,2026-10-03T22:59:43Z
VABPPRIVSA,New Private Housing Units Authorized,Construction,VA,Monthly,"Units, SA",2020-05-01,3007.0398424394,FRED,2026-10-03T22:59:43Z
VABPPRIVSA,New Private Housing Units Authorized,Construction,VA,Monthly,"Units, SA",2020-06-01,2717.33074672817,FRED,2026-10-03T22:59:43Z
VABPPRIVSA,New Private Housing Units Authorized,Construction,VA,Monthly,"Units, SA",2020-07-01,4114.36260764668,FRED,2026-10-03T22:59:43Z
VABPPRIVSA,New Private Housing Units Authorized,Construction,VA,Monthly,"Units, SA",2020-08-01,2232.68300507746,FRED,2026-10-03T22:59:43Z
VABPPRIVSA,New Private Housing Units Authorized,Construction,VA,Monthly,"Units, SA",2020-09-01,3228.81386069277,FRED,2026-10-03T22:59:43Z
VABPPRIVSA,New Private Housing Units Authorized,Construction,VA,Monthly,"Units, SA",2020-10-01,2513.00645337556,FRED,2026-10-03T22:59:43Z
VABPPRIVSA,New Private Housing Units Authorized,Construction,VA,Monthly,"Units, SA",2020-11-01,2928.41800059039,FRED,2026-10-03T22:59:43Z
VABPPRIVSA,New Private Housing Units Authorized,Construction,VA,Monthly,"Units, SA",2020-12-01,2963.70789441545,FRED,2026-10-03T22:59:43Z
VABPPRIVSA,New Private Housing Units Authorized,Construction,VA,Monthly,"Units, SA",2021-01-01,3102.28520452489,FRED,2026-10-03T22:59:43Z
VABPPRIVSA,New Private Housing Units Authorized,Construction,VA,Monthly,"Units, SA",2021-02-01,2933.28398332158,FRED,2026-10-03T22:59:43Z
VABPPRIVSA,New Private Housing Units Authorized,Construction,VA,Monthly,"Units, SA",2021-03-01,4026.78275785401,FRED,2026-10-03T22:59:43Z
VABPPRIVSA,New Private Housing Units Authorized,Construction,VA,Monthly,"Units, SA",2021-04-01,3904.06259695376,FRED,2026-10-03T22:59:43Z
VABPPRIVSA,New Private Housing Units Authorized,Construction,VA,Monthly,"Units, SA",2021-05-01,2873.03388354424,FRED,2026-10-03T22:59:43Z
VABPPRIVSA,New Private Housing Units Authorized,Construction,VA,Monthly,"Units, SA",2021-06-01,3245.09046888568,FRED,2026-10-03T22:59:43Z
VABPPRIVSA,New Private Housing Units Authorized,Construction,VA,Monthly,"Units, SA",2021-07-01,2802.96191371295,FRED,2026-10-03T22:59:43Z
VABPPRIVSA,New Private Housing Units Authorized,Construction,VA,Monthly,"Units, SA",2021-08-01,3195.80773269721,FRED,2026-10-03T22:59:43Z
VABPPRIVSA,New Private Housing Units Authorized,Construction,VA,Monthly,"Units, SA",2021-09-01,3365.00459489184,FRED,2026-10-03T22:59:43Z
VABPPRIVSA,New Private Housing Units Authorized,Construction,VA,Monthly,"Units, SA",2021-10-01,2689.0479464764,FRED,2026-10-03T22:59:43Z
VABPPRIVSA,New Private Housing Units Authorized,Construction,VA,Monthly,"Units, SA",2021-11-01,3982.50406562299,FRED,2026-10-03T22:59:43Z
VABPPRIVSA,New Private Housing Units Authorized,Construction,VA,Monthly,"Units, SA",2021-12-01,3760.88763854067,FRED,2026-10-03T22:59:43Z
VABPPRIVSA,New Private Housing Units Authorized,Construction,VA,Monthly,"Units, SA",2022-01-01,2467.52332985534,FRED,2026-10-03T22:59:43Z
VABPPRIVSA,New Private Housing Units Authorized,Construction,VA,Monthly,"Units, SA",2022-02-01,2984.65825656833,FRED,2026-10-03T22:59:43Z
VABPPRIVSA,New Private Housing Units Authorized,Construction,VA,Monthly,"Units, SA",2022-03-01,4714.77430147901,FRED,2026-10-03T22:59:43Z
VABPPRIVSA,New Private Housing Units Authorized,Construction,VA,Monthly,"Units, SA",2022-04-01,3271.55861865243,FRED,2026-10-03T22:59:43Z
VABPPRIVSA,New Private Housing Units Authorized,Construction,VA,Monthly,"Units, SA",2022-05-01,3643.49305879067,FRED,2026-10-03T22:59:43Z
VABPPRIVSA,New Private Housing Units Authorized,Construction,VA,Monthly,"Units, SA",2022-06-01,3202.06152090811,FRED,2026-10-03T22:59:43Z
VABPPRIVSA,New Private Housing Units Authorized,Construction,VA,Monthly,"Units, SA",2022-07-01,3367.86646068405,FRED,2026-10-03T22:59:43Z
VABPPRIVSA,New Private Housing Units Authorized,Construction,VA,Monthly,"Units, SA",2022-08-01,3138.8897893028,FRED,2026-10-03T22:59:43Z
VABPPRIVSA,New Private Housing Units Authorized,Construction,VA,Monthly,"Units, SA",2022-09-01,3230.77984517893,FRED,2026-10-03T22:59:43Z
VABPPRIVSA,New Private Housing Units Authorized,Construction,VA,Monthly,"Units, SA",2022-10-01,3497.34932617813,FRED,2026-10-03T22:59:43Z
VABPPRIVSA,New Private Housing Units Authorized,Construction,VA,Monthly,"Units, SA",2022-11-01,2402.5689993528,FRED,2026-10-03T22:59:43Z
VABPPRIVSA,New Private Housing Units Authorized,Construction,VA,Monthly,"Units, SA",2022-12-01,3020.07659415795,FRED,2026-10-03T22:59:43Z
VABPPRIVSA,New Private Housing Units Authorized,Construction,VA,Monthly,"Units, SA",2023-01-01,2913.16835009716,FRED,2026-10-03T22:59:43Z
VABPPRIVSA,New Private Housing Units Authorized,Construction,VA,Monthly,"Units, SA",2023-02-01,2730.57796624866,FRED,2026-10-03T22:59:43Z
VABPPRIVSA,New Private Housing Units Authorized,Construction,VA,Monthly,"Units, SA",2023-03-01,3105.11272739408,FRED,2026-10-03T22:59:43Z
VABPPRIVSA,New Private Housing Units Authorized,Construction,VA,Monthly,"Units, SA",2023-04-01,2548.81472927099,FRED,2026-10-03T22:59:43Z
VABPPRIVSA,New Private Housing Units Authorized,Construction,VA,Monthly,"Units, SA",2023-05-01,2830.41678181711,FRED,2026-10-03T22:59:43Z
VABPPRIVSA,New Private Housing Units Authorized,Construction,VA,Monthly,"Units, SA",2023-06-01,3053.94639499441,FRED,2026-10-03T22:59:43Z
VABPPRIVSA,New Private Housing Units Authorized,Construction,VA,Monthly,"Units, SA",2023-07-01,2461.41785950491,FRED,2026-10-03T22:59:43Z
VABPPRIVSA,New Private Housing Units Authorized,Construction,VA,Monthly,"Units, SA",2023-08-01,3208.8597486099,FRED,2026-10-03T22:59:43Z
VABPPRIVSA,New Private Housing Units Authorized,Construction,VA,Monthly,"Units, SA",2023-09-01,3023.9276750687,FRED,2026-10-03T22:59:43Z
VABPPRIVSA,New Private Housing Units Authorized,Construction,VA,Monthly,"Units, SA",2023-10-01,3601.90512521008,FRED,2026-10-03T22:59:43Z
VABPPRIVSA,New Private Housing Units Authorized,Construction,VA,Monthly,"Units, SA",2023-11-01,3241.99882800874,FRED,2026-10-03T22:59:43Z
VABPPRIVSA,New Private Housing Units Authorized,Construction,VA,Monthly,"Units, SA",2023-12-01,3416.54393118946,FRED,2026-10-03T22:59:43Z
VABPPRIVSA,New Private Housing Units Authorized,Construction,VA,Monthly,"Units, SA",2024-01-01,2675.1046349126,FRED,2026-10-03T22:59:43Z
VABPPRIVSA,New Private Housing Units Authorized,Construction,VA,Monthly,"Units, SA",2024-02-01,3266.25948270941,FRED,2026-10-03T22:59:43Z
VABPPRIVSA,New Private Housing Units Authorized,Construction,VA,Monthly,"Units, SA",2024-03-01,2421.57086273584,FRED,2026-10-03T22:59:43Z
VABPPRIVSA,New Private Housing Units Authorized,Construction,VA,Monthly,"Units, SA",2024-04-01,2310.08169188266,FRED,2026-10-03T22:59:43Z
VABPPRIVSA,New Private Housing Units Authorized,Construction,VA,Monthly,"Units, SA",2024-05-01,3002.00296510048,FRED,2026-10-03T22:59:43Z
VABPPRIVSA,New Private Housing Units Authorized,Construction,VA,Monthly,"Units, SA",2024-06-01,2532.27142412992,FRED,2026-10-03T22:59:43Z
VABPPRIVSA,New Private Housing Units Authorized,Construction,VA,Monthly,"Units, SA",2024-07-01,3133.31870373665,FRED,2026-10-03T22:59:43Z
VABPPRIVSA,New Private Housing Units Authorized,Construction,VA,Monthly,"Units, SA",2024-08-01,2937.38302735198,FRED,2026-10-03T22:59:43Z
VABPPRIVSA,New Private Housing Units Authorized,Construction,VA,Monthly,"Units, SA",2024-09-01,2356.16620769299,FRED,2026-10-03T22:59:43Z
VABPPRIVSA,New Private Housing Units Authorized,Construction,VA,Monthly,"Units, SA",2024-10-01,2856.54314236304,FRED,2026-10-03T22:59:43Z
VABPPRIVSA,New Private Housing Units Authorized,Construction,VA,Monthly,"Units, SA",2024-11-01,4104.1102780158,FRED,2026-10-03T22:59:43Z
VABPPRIVSA,New Private Housing Units Authorized,Construction,VA,Monthly,"Units, SA",2024-12-01,2972.63694179335,FRED,2026-10-03T22:59:43Z
VABPPRIVSA,New Private Housing Units Authorized,Construction,VA,Monthly,"Units, SA",2025-01-01,3451.29315500806,FRED,2026-10-03T22:59:43Z
VABPPRIVSA,New Private Housing Units Authorized,Construction,VA,Monthly,"Units, SA",2025-02-01,2719.87239198574,FRED,2026-10-03T22:59:43Z
VABPPRIVSA,New Private Housing Units Authorized,Construction,VA,Monthly,"Units, SA",2025-03-01,2618.31989892649,FRED,2026-10-03T22:59:43Z
VABPPRIVSA,New Private Housing Units Authorized,Construction,VA,Monthly,"Units, SA",2025-04-01,2827.01898207121,FRED,2026-10-03T22:59:43Z
VABPPRIVSA,New Private Housing Units Authorized,Construction,VA,Monthly,"Units, SA",2025-05-01,2296.61535431085,FRED,2026-10-03T22:59:43Z
VABPPRIVSA,New Private Housing Units Authorized,Construction,VA,Monthly,"Units, SA",2025-06-01,2476.85382720106,FRED,2026-10-03T22:59:43Z
VABPPRIVSA,New Private Housing Units Authorized,Construction,VA,Monthly,"Units, SA",2025-07-01,2525.22777232671,FRED,2026-10-03T22:59:43Z
VABPPRIVSA,New Private Housing Units Authorized,Construction,VA,Monthly,"Units, SA",2025-08-01,2470.71681207968,FRED,2026-10-03T22:59:43Z
VABPPRIVSA,New Private Housing Units Authorized,Construction,VA,Monthly,"Units, SA",2025-09-01,2180.67227707928,FRED,2026-10-03T22:59:43Z
VABPPRIVSA,New Private Housing Units Authorized,Construction,VA,Monthly,"Units, SA",2025-10-01,3289.7889696916,FRED,2026-10-03T22:59:43Z
VABPPRIVSA,New Private Housing Units Authorized,Construction,VA,Monthly,"Units, SA",2025-11-01,2368.11745528472,FRED,2026-10-03T22:59:43Z
VABPPRIVSA,New Private Housing Units Authorized,Construction,VA,Monthly,"Units, SA",2025-12-01,2241.47600286917,FRED,2026-10-03T22:59:43Z
VABPPRIVSA,New Private Housing Units Authorized,Construction,VA,Monthly,"Units, SA",2026-01-01,3214.57494012539,FRED,2026-10-03T22:59:43Z
VABPPRIVSA,New Private Housing Units Authorized,Construction,VA,Monthly,"Units, SA",2026-02-01,3241.29722558388,FRED,2026-10-03T22:59:43Z
VABPPRIVSA,New Private Housing Units Authorized,Construction,VA,Monthly,"Units, SA",2026-03-01,2938.0470450238,FRED,2026-10-03T22:59:43Z
VABPPRIVSA,New Private Housing Units Authorized,Construction,VA,Monthly,"Units, SA",2026-04-01,3355.73675463776,FRED,2026-10-03T22:59:43Z
VABPPRIVSA,New Private Housing Units Authorized,Construction,VA,Monthly,"Units, SA",2026-05-01,3719.40924716114,FRED,2026-10-03T22:59:43Z
VABPPRIVSA,New Private Housing Units Authorized,Construction,VA,Monthly,"Units, SA",2026-06-01,3328.62039475885,FRED,2026-10-03T22:59:43Z
VABPPRIVSA,New Private Housing Units Authorized,Construction,VA,Monthly,"Units, SA",2026-07-01,3158.81132296301,FRED,2026-10-03T22:59:43Z
VABPPRIVSA,New Private Housing Units Authorized,Construction,VA,Monthly,"Units, SA",2026-08-01,3895.59783369269,FRED,2026-10-03T22:59:43Z
WVBPPRIVSA,New Private Housing Units Authorized,Construction,WV,Monthly,"Units, SA",2018-01-01,205.695567149827,FRED,2026-10-03T22:59:43Z
WVBPPRIVSA,New Private Housing Units Authorized,Construction,WV,Monthly,"Units, SA",2018-02-01,246.801699110782,FRED,2026-10-03T22:59:43Z
WVBPPRIVSA,New Private Housing Units Authorized,Construction,WV,Monthly,"Units, SA",2018-03-01,238.967958689308,FRED,2026-10-03T22:59:43Z
WVBPPRIVSA,New Private Housing Units Authorized,Construction,WV,Monthly,"Units, SA",2018-04-01,250.980256444658,FRED,2026-10-03T22:59:43Z
WVBPPRIVSA,New Private Housing Units Authorized,Construction,WV,Monthly,"Units, SA",2018-05-01,256.435071583053,FRED,2026-10-03T22:59:43Z
WVBPPRIVSA,New Private Housing Units Authorized,Construction,WV,Monthly,"Units, SA",2018-06-01,266.887546052415,FRED,2026-10-03T22:59:43Z
WVBPPRIVSA,New Private Housing Units Authorized,Construction,WV,Monthly,"Units, SA",2018-07-01,190.679987363008,FRED,2026-10-03T22:59:43Z
WVBPPRIVSA,New Private Housing Units Authorized,Construction,WV,Monthly,"Units, SA",2018-08-01,435.528449904109,FRED,2026-10-03T22:59:43Z
WVBPPRIVSA,New Private Housing Units Authorized,Construction,WV,Monthly,"Units, SA",2018-09-01,254.094628759818,FRED,2026-10-03T22:59:43Z
WVBPPRIVSA,New Private Housing Units Authorized,Construction,WV,Monthly,"Units, SA",2018-10-01,219.58051608451,FRED,2026-10-03T22:59:43Z
WVBPPRIVSA,New Private Housing Units Authorized,Construction,WV,Monthly,"Units, SA",2018-11-01,277.958739971351,FRED,2026-10-03T22:59:43Z
WVBPPRIVSA,New Private Housing Units Authorized,Construction,WV,Monthly,"Units, SA",2018-12-01,283.077977574383,FRED,2026-10-03T22:59:43Z
WVBPPRIVSA,New Private Housing Units Authorized,Construction,WV,Monthly,"Units, SA",2019-01-01,367.419436070154,FRED,2026-10-03T22:59:43Z
WVBPPRIVSA,New Private Housing Units Authorized,Construction,WV,Monthly,"Units, SA",2019-02-01,332.459427402735,FRED,2026-10-03T22:59:43Z
WVBPPRIVSA,New Private Housing Units Authorized,Construction,WV,Monthly,"Units, SA",2019-03-01,286.29324768533,FRED,2026-10-03T22:59:43Z
WVBPPRIVSA,New Private Housing Units Authorized,Construction,WV,Monthly,"Units, SA",2019-04-01,197.833790712877,FRED,2026-10-03T22:59:43Z
WVBPPRIVSA,New Private Housing Units Authorized,Construction,WV,Monthly,"Units, SA",2019-05-01,443.296737603403,FRED,2026-10-03T22:59:43Z
WVBPPRIVSA,New Private Housing Units Authorized,Construction,WV,Monthly,"Units, SA",2019-06-01,241.030889606873,FRED,2026-10-03T22:59:43Z
WVBPPRIVSA,New Private Housing Units Authorized,Construction,WV,Monthly,"Units, SA",2019-07-01,297.67999457202,FRED,2026-10-03T22:59:43Z
WVBPPRIVSA,New Private Housing Units Authorized,Construction,WV,Monthly,"Units, SA",2019-08-01,272.663200296904,FRED,2026-10-03T22:59:43Z
WVBPPRIVSA,New Private Housing Units Authorized,Construction,WV,Monthly,"Units, SA",2019-09-01,261.682246443809,FRED,2026-10-03T22:59:43Z
WVBPPRIVSA,New Private Housing Units Authorized,Construction,WV,Monthly,"Units, SA",2019-10-01,244.362817368769,FRED,2026-10-03T22:59:43Z
WVBPPRIVSA,New Private Housing Units Authorized,Construction,WV,Monthly,"Units, SA",2019-11-01,332.316259692568,FRED,2026-10-03T22:59:43Z
WVBPPRIVSA,New Private Housing Units Authorized,Construction,WV,Monthly,"Units, SA",2019-12-01,260.852521119543,FRED,2026-10-03T22:59:43Z
WVBPPRIVSA,New Private Housing Units Authorized,Construction,WV,Monthly,"Units, SA",2020-01-01,340.25459976979,FRED,2026-10-03T22:59:43Z
WVBPPRIVSA,New Private Housing Units Authorized,Construction,WV,Monthly,"Units, SA",2020-02-01,242.066793892957,FRED,2026-10-03T22:59:43Z
WVBPPRIVSA,New Private Housing Units Authorized,Construction,WV,Monthly,"Units, SA",2020-03-01,255.076414920108,FRED,2026-10-03T22:59:43Z
WVBPPRIVSA,New Private Housing Units Authorized,Construction,WV,Monthly,"Units, SA",2020-04-01,284.292112738499,FRED,2026-10-03T22:59:43Z
WVBPPRIVSA,New Private Housing Units Authorized,Construction,WV,Monthly,"Units, SA",2020-05-01,245.738880449619,FRED,2026-10-03T22:59:43Z
WVBPPRIVSA,New Private Housing Units Authorized,Construction,WV,Monthly,"Units, SA",2020-06-01,314.600524722016,FRED,2026-10-03T22:59:43Z
WVBPPRIVSA,New Private Housing Units Authorized,Construction,WV,Monthly,"Units, SA",2020-07-01,341.805884780808,FRED,2026-10-03T22:59:43Z
WVBPPRIVSA,New Private Housing Units Authorized,Construction,WV,Monthly,"Units, SA",2020-08-01,450.469333583012,FRED,2026-10-03T22:59:43Z
WVBPPRIVSA,New Private Housing Units Authorized,Construction,WV,Monthly,"Units, SA",2020-09-01,327.923757670867,FRED,2026-10-03T22:59:43Z
WVBPPRIVSA,New Private Housing Units Authorized,Construction,WV,Monthly,"Units, SA",2020-10-01,349.490639029433,FRED,2026-10-03T22:59:43Z
WVBPPRIVSA,New Private Housing Units Authorized,Construction,WV,Monthly,"Units, SA",2020-11-01,335.476997880897,FRED,2026-10-03T22:59:43Z
WVBPPRIVSA,New Private Housing Units Authorized,Construction,WV,Monthly,"Units, SA",2020-12-01,323.217715506655,FRED,2026-10-03T22:59:43Z
WVBPPRIVSA,New Private Housing Units Authorized,Construction,WV,Monthly,"Units, SA",2021-01-01,239.703739074254,FRED,2026-10-03T22:59:43Z
WVBPPRIVSA,New Private Housing Units Authorized,Construction,WV,Monthly,"Units, SA",2021-02-01,698.624221255989,FRED,2026-10-03T22:59:43Z
WVBPPRIVSA,New Private Housing Units Authorized,Construction,WV,Monthly,"Units, SA",2021-03-01,391.08668174151,FRED,2026-10-03T22:59:43Z
WVBPPRIVSA,New Private Housing Units Authorized,Construction,WV,Monthly,"Units, SA",2021-04-01,241.574298814745,FRED,2026-10-03T22:59:43Z
WVBPPRIVSA,New Private Housing Units Authorized,Construction,WV,Monthly,"Units, SA",2021-05-01,273.923877322603,FRED,2026-10-03T22:59:43Z
WVBPPRIVSA,New Private Housing Units Authorized,Construction,WV,Monthly,"Units, SA",2021-06-01,380.447268228825,FRED,2026-10-03T22:59:43Z
WVBPPRIVSA,New Private Housing Units Authorized,Construction,WV,Monthly,"Units, SA",2021-07-01,221.320335585751,FRED,2026-10-03T22:59:43Z
WVBPPRIVSA,New Private Housing Units Authorized,Construction,WV,Monthly,"Units, SA",2021-08-01,285.744160512464,FRED,2026-10-03T22:59:43Z
WVBPPRIVSA,New Private Housing Units Authorized,Construction,WV,Monthly,"Units, SA",2021-09-01,277.775984153919,FRED,2026-10-03T22:59:43Z
WVBPPRIVSA,New Private Housing Units Authorized,Construction,WV,Monthly,"Units, SA",2021-10-01,272.904474829211,FRED,2026-10-03T22:59:43Z
WVBPPRIVSA,New Private Housing Units Authorized,Construction,WV,Monthly,"Units, SA",2021-11-01,327.177682687009,FRED,2026-10-03T22:59:43Z
WVBPPRIVSA,New Private Housing Units Authorized,Construction,WV,Monthly,"Units, SA",2021-12-01,319.779402480788,FRED,2026-10-03T22:59:43Z
WVBPPRIVSA,New Private Housing Units Authorized,Construction,WV,Monthly,"Units, SA",2022-01-01,322.856665194052,FRED,2026-10-03T22:59:43Z
WVBPPRIVSA,New Private Housing Units Authorized,Construction,WV,Monthly,"Units, SA",2022-02-01,318.002129936843,FRED,2026-10-03T22:59:43Z
WVBPPRIVSA,New Private Housing Units Authorized,Construction,WV,Monthly,"Units, SA",2022-03-01,306.647454131045,FRED,2026-10-03T22:59:43Z
WVBPPRIVSA,New Private Housing Units Authorized,Construction,WV,Monthly,"Units, SA",2022-04-01,359.174947944242,FRED,2026-10-03T22:59:43Z
WVBPPRIVSA,New Private Housing Units Authorized,Construction,WV,Monthly,"Units, SA",2022-05-01,342.288379139544,FRED,2026-10-03T22:59:43Z
WVBPPRIVSA,New Private Housing Units Authorized,Construction,WV,Monthly,"Units, SA",2022-06-01,315.131543785835,FRED,2026-10-03T22:59:43Z
WVBPPRIVSA,New Private Housing Units Authorized,Construction,WV,Monthly,"Units, SA",2022-07-01,268.794718838855,FRED,2026-10-03T22:59:43Z
WVBPPRIVSA,New Private Housing Units Authorized,Construction,WV,Monthly,"Units, SA",2022-08-01,287.34599396719,FRED,2026-10-03T22:59:43Z
WVBPPRIVSA,New Private Housing Units Authorized,Construction,WV,Monthly,"Units, SA",2022-09-01,206.518220234316,FRED,2026-10-03T22:59:43Z
WVBPPRIVSA,New Private Housing Units Authorized,Construction,WV,Monthly,"Units, SA",2022-10-01,244.250482706942,FRED,2026-10-03T22:59:43Z
WVBPPRIVSA,New Private Housing Units Authorized,Construction,WV,Monthly,"Units, SA",2022-11-01,225.527948448483,FRED,2026-10-03T22:59:43Z
WVBPPRIVSA,New Private Housing Units Authorized,Construction,WV,Monthly,"Units, SA",2022-12-01,240.465828415976,FRED,2026-10-03T22:59:43Z
WVBPPRIVSA,New Private Housing Units Authorized,Construction,WV,Monthly,"Units, SA",2023-01-01,236.87793230314,FRED,2026-10-03T22:59:43Z
WVBPPRIVSA,New Private Housing Units Authorized,Construction,WV,Monthly,"Units, SA",2023-02-01,269.248360185578,FRED,2026-10-03T22:59:43Z
WVBPPRIVSA,New Private Housing Units Authorized,Construction,WV,Monthly,"Units, SA",2023-03-01,294.722083362598,FRED,2026-10-03T22:59:43Z
WVBPPRIVSA,New Private Housing Units Authorized,Construction,WV,Monthly,"Units, SA",2023-04-01,253.391576589599,FRED,2026-10-03T22:59:43Z
WVBPPRIVSA,New Private Housing Units Authorized,Construction,WV,Monthly,"Units, SA",2023-05-01,286.524359080498,FRED,2026-10-03T22:59:43Z
WVBPPRIVSA,New Private Housing Units Authorized,Construction,WV,Monthly,"Units, SA",2023-06-01,287.192789780828,FRED,2026-10-03T22:59:43Z
WVBPPRIVSA,New Private Housing Units Authorized,Construction,WV,Monthly,"Units, SA",2023-07-01,299.735649546165,FRED,2026-10-03T22:59:43Z
WVBPPRIVSA,New Private Housing Units Authorized,Construction,WV,Monthly,"Units, SA",2023-08-01,254.255815310837,FRED,2026-10-03T22:59:43Z
WVBPPRIVSA,New Private Housing Units Authorized,Construction,WV,Monthly,"Units, SA",2023-09-01,318.366165578545,FRED,2026-10-03T22:59:43Z
WVBPPRIVSA,New Private Housing Units Authorized,Construction,WV,Monthly,"Units, SA",2023-10-01,286.448650777823,FRED,2026-10-03T22:59:43Z
WVBPPRIVSA,New Private Housing Units Authorized,Construction,WV,Monthly,"Units, SA",2023-11-01,255.94857742928,FRED,2026-10-03T22:59:43Z
WVBPPRIVSA,New Private Housing Units Authorized,Construction,WV,Monthly,"Units, SA",2023-12-01,290.552252962527,FRED,2026-10-03T22:59:43Z
WVBPPRIVSA,New Private Housing Units Authorized,Construction,WV,Monthly,"Units, SA",2024-01-01,373.504376754644,FRED,2026-10-03T22:59:43Z
WVBPPRIVSA,New Private Housing Units Authorized,Construction,WV,Monthly,"Units, SA",2024-02-01,357.149385099272,FRED,2026-10-03T22:59:43Z
WVBPPRIVSA,New Private Housing Units Authorized,Construction,WV,Monthly,"Units, SA",2024-03-01,323.410409694955,FRED,2026-10-03T22:59:43Z
WVBPPRIVSA,New Private Housing Units Authorized,Construction,WV,Monthly,"Units, SA",2024-04-01,294.354066990479,FRED,2026-10-03T22:59:43Z
WVBPPRIVSA,New Private Housing Units Authorized,Construction,WV,Monthly,"Units, SA",2024-05-01,330.30957849877,FRED,2026-10-03T22:59:43Z
WVBPPRIVSA,New Private Housing Units Authorized,Construction,WV,Monthly,"Units, SA",2024-06-01,285.440618398706,FRED,2026-10-03T22:59:43Z
WVBPPRIVSA,New Private Housing Units Authorized,Construction,WV,Monthly,"Units, SA",2024-07-01,334.358645800942,FRED,2026-10-03T22:59:43Z
WVBPPRIVSA,New Private Housing Units Authorized,Construction,WV,Monthly,"Units, SA",2024-08-01,381.723016160954,FRED,2026-10-03T22:59:43Z
WVBPPRIVSA,New Private Housing Units Authorized,Construction,WV,Monthly,"Units, SA",2024-09-01,347.015564108998,FRED,2026-10-03T22:59:43Z
WVBPPRIVSA,New Private Housing Units Authorized,Construction,WV,Monthly,"Units, SA",2024-10-01,336.762418055546,FRED,2026-10-03T22:59:43Z
WVBPPRIVSA,New Private Housing Units Authorized,Construction,WV,Monthly,"Units, SA",2024-11-01,329.980880901255,FRED,2026-10-03T22:59:43Z
WVBPPRIVSA,New Private Housing Units Authorized,Construction,WV,Monthly,"Units, SA",2024-12-01,318.711378085478,FRED,2026-10-03T22:59:43Z
WVBPPRIVSA,New Private Housing Units Authorized,Construction,WV,Monthly,"Units, SA",2025-01-01,302.445177096359,FRED,2026-10-03T22:59:43Z
WVBPPRIVSA,New Private Housing Units Authorized,Construction,WV,Monthly,"Units, SA",2025-02-01,301.169366481678,FRED,2026-10-03T22:59:43Z
WVBPPRIVSA,New Private Housing Units Authorized,Construction,WV,Monthly,"Units, SA",2025-03-01,301.748384746609,FRED,2026-10-03T22:59:43Z
WVBPPRIVSA,New Private Housing Units Authorized,Construction,WV,Monthly,"Units, SA",2025-04-01,335.91963521008,FRED,2026-10-03T22:59:43Z
WVBPPRIVSA,New Private Housing Units Authorized,Construction,WV,Monthly,"Units, SA",2025-05-01,338.882382973316,FRED,2026-10-03T22:59:43Z
WVBPPRIVSA,New Private Housing Units Authorized,Construction,WV,Monthly,"Units, SA",2025-06-01,320.375822038422,FRED,2026-10-03T22:59:43Z
WVBPPRIVSA,New Private Housing Units Authorized,Construction,WV,Monthly,"Units, SA",2025-07-01,372.982576448227,FRED,2026-10-03T22:59:43Z
WVBPPRIVSA,New Private Housing Units Authorized,Construction,WV,Monthly,"Units, SA",2025-08-01,292.1866861771,FRED,2026-10-03T22:59:43Z
WVBPPRIVSA,New Private Housing Units Authorized,Construction,WV,Monthly,"Units, SA",2025-09-01,409.498696409112,FRED,2026-10-03T22:59:43Z
WVBPPRIVSA,New Private Housing Units Authorized,Construction,WV,Monthly,"Units, SA",2025-10-01,292.231023434775,FRED,2026-10-03T22:59:43Z
WVBPPRIVSA,New Private Housing Units Authorized,Construction,WV,Monthly,"Units, SA",2025-11-01,243.533415749935,FRED,2026-10-03T22:59:43Z
WVBPPRIVSA,New Private Housing Units Authorized,Construction,WV,Monthly,"Units, SA",2025-12-01,490.165378238014,FRED,2026-10-03T22:59:43Z
WVBPPRIVSA,New Private Housing Units Authorized,Construction,WV,Monthly,"Units, SA",2026-01-01,347.112278191033,FRED,2026-10-03T22:59:43Z
WVBPPRIVSA,New Private Housing Units Authorized,Construction,WV,Monthly,"Units, SA",2026-02-01,357.004072382076,FRED,2026-10-03T22:59:43Z
WVBPPRIVSA,New Private Housing Units Authorized,Construction,WV,Monthly,"Units, SA",2026-03-01,314.753157742083,FRED,2026-10-03T22:59:43Z
WVBPPRIVSA,New Private Housing Units Authorized,Construction,WV,Monthly,"Units, SA",2026-04-01,401.442879511675,FRED,2026-10-03T22:59:43Z
WVBPPRIVSA,New Private Housing Units Authorized,Construction,WV,Monthly,"Units, SA",2026-05-01,273.286029233917,FRED,2026-10-03T22:59:43Z
WVBPPRIVSA,New Private Housing Units Authorized,Construction,WV,Monthly,"Units, SA",2026-06-01,311.784980585685,FRED,2026-10-03T22:59:43Z
WVBPPRIVSA,New Private Housing Units Authorized,Construction,WV,Monthly,"Units, SA",2026-07-01,305.368893897153,FRED,2026-10-03T22:59:43Z
WVBPPRIVSA,New Private Housing Units Authorized,Construction,WV,Monthly,"Units, SA",2026-08-01,267.234393123813,FRED,2026-10-03T22:59:43Z
MDBPPRIVSA,New Private Housing Units Authorized,Construction,MD,Monthly,"Units, SA",2018-01-01,1428.95934447209,FRED,2026-10-03T22:59:43Z
MDBPPRIVSA,New Private Housing Units Authorized,Construction,MD,Monthly,"Units, SA",2018-02-01,1280.60158366045,FRED,2026-10-03T22:59:43Z
MDBPPRIVSA,New Private Housing Units Authorized,Construction,MD,Monthly,"Units, SA",2018-03-01,1715.9490938516,FRED,2026-10-03T22:59:43Z
MDBPPRIVSA,New Private Housing Units Authorized,Construction,MD,Monthly,"Units, SA",2018-04-01,1494.2240827202,FRED,2026-10-03T22:59:43Z
MDBPPRIVSA,New Private Housing Units Authorized,Construction,MD,Monthly,"Units, SA",2018-05-01,1164.58125594317,FRED,2026-10-03T22:59:43Z
MDBPPRIVSA,New Private Housing Units Authorized,Construction,MD,Monthly,"Units, SA",2018-06-01,1187.75078790431,FRED,2026-10-03T22:59:43Z
MDBPPRIVSA,New Private Housing Units Authorized,Construction,MD,Monthly,"Units, SA",2018-07-01,1924.28022111943,FRED,2026-10-03T22:59:43Z
MDBPPRIVSA,New Private Housing Units Authorized,Construction,MD,Monthly,"Units, SA",2018-08-01,2100.31780100958,FRED,2026-10-03T22:59:43Z
MDBPPRIVSA,New Private Housing Units Authorized,Construction,MD,Monthly,"Units, SA",2018-09-01,1416.28939952398,FRED,2026-10-03T22:59:43Z
MDBPPRIVSA,New Private Housing Units Authorized,Construction,MD,Monthly,"Units, SA",2018-10-01,1448.94327849778,FRED,2026-10-03T22:59:43Z
MDBPPRIVSA,New Private Housing Units Authorized,Construction,MD,Monthly,"Units, SA",2018-11-01,1763.28211592969,FRED,2026-10-03T22:59:43Z
MDBPPRIVSA,New Private Housing Units Authorized,Construction,MD,Monthly,"Units, SA",2018-12-01,1451.20617500662,FRED,2026-10-03T22:59:43Z
MDBPPRIVSA,New Private Housing Units Authorized,Construction,MD,Monthly,"Units, SA",2019-01-01,1758.50422302389,FRED,2026-10-03T22:59:43Z
MDBPPRIVSA,New Private Housing Units Authorized,Construction,MD,Monthly,"Units, SA",2019-02-01,1069.27600112214,FRED,2026-10-03T22:59:43Z
MDBPPRIVSA,New Private Housing Units Authorized,Construction,MD,Monthly,"Units, SA",2019-03-01,1512.53070855538,FRED,2026-10-03T22:59:43Z
MDBPPRIVSA,New Private Housing Units Authorized,Construction,MD,Monthly,"Units, SA",2019-04-01,1760.67696960239,FRED,2026-10-03T22:59:43Z
MDBPPRIVSA,New Private Housing Units Authorized,Construction,MD,Monthly,"Units, SA",2019-05-01,1964.50210086274,FRED,2026-10-03T22:59:43Z
MDBPPRIVSA,New Private Housing Units Authorized,Construction,MD,Monthly,"Units, SA",2019-06-01,1598.60293607697,FRED,2026-10-03T22:59:43Z
MDBPPRIVSA,New Private Housing Units Authorized,Construction,MD,Monthly,"Units, SA",2019-07-01,1381.42499247648,FRED,2026-10-03T22:59:43Z
MDBPPRIVSA,New Private Housing Units Authorized,Construction,MD,Monthly,"Units, SA",2019-08-01,1272.01740874241,FRED,2026-10-03T22:59:43Z
MDBPPRIVSA,New Private Housing Units Authorized,Construction,MD,Monthly,"Units, SA",2019-09-01,1314.27839421232,FRED,2026-10-03T22:59:43Z
MDBPPRIVSA,New Private Housing Units Authorized,Construction,MD,Monthly,"Units, SA",2019-10-01,1704.96215895334,FRED,2026-10-03T22:59:43Z
MDBPPRIVSA,New Private Housing Units Authorized,Construction,MD,Monthly,"Units, SA",2019-11-01,1401.27608564159,FRED,2026-10-03T22:59:43Z
MDBPPRIVSA,New Private Housing Units Authorized,Construction,MD,Monthly,"Units, SA",2019-12-01,1675.59584746886,FRED,2026-10-03T22:59:43Z
MDBPPRIVSA,New Private Housing Units Authorized,Construction,MD,Monthly,"Units, SA",2020-01-01,1404.70460204832,FRED,2026-10-03T22:59:43Z
MDBPPRIVSA,New Private Housing Units Authorized,Construction,MD,Monthly,"Units, SA",2020-02-01,1357.73731629463,FRED,2026-10-03T22:59:43Z
MDBPPRIVSA,New Private Housing Units Authorized,Construction,MD,Monthly,"Units, SA",2020-03-01,1400.38421707219,FRED,2026-10-03T22:59:43Z
MDBPPRIVSA,New Private Housing Units Authorized,Construction,MD,Monthly,"Units, SA",2020-04-01,1116.50543552211,FRED,2026-10-03T22:59:43Z
MDBPPRIVSA,New Private Housing Units Authorized,Construction,MD,Monthly,"Units, SA",2020-05-01,1391.40110684172,FRED,2026-10-03T22:59:43Z
MDBPPRIVSA,New Private Housing Units Authorized,Construction,MD,Monthly,"Units, SA",2020-06-01,1308.92782064975,FRED,2026-10-03T22:59:43Z
MDBPPRIVSA,New Private Housing Units Authorized,Construction,MD,Monthly,"Units, SA",2020-07-01,1414.19854955338,FRED,2026-10-03T22:59:43Z
MDBPPRIVSA,New Private Housing Units Authorized,Construction,MD,Monthly,"Units, SA",2020-08-01,1676.19201735921,FRED,2026-10-03T22:59:43Z
MDBPPRIVSA,New Private Housing Units Authorized,Construction,MD,Monthly,"Units, SA",2020-09-01,1768.12140515986,FRED,2026-10-03T22:59:43Z
MDBPPRIVSA,New Private Housing Units Authorized,Construction,MD,Monthly,"Units, SA",2020-10-01,1981.91571630643,FRED,2026-10-03T22:59:43Z
MDBPPRIVSA,New Private Housing Units Authorized,Construction,MD,Monthly,"Units, SA",2020-11-01,1729.49056761776,FRED,2026-10-03T22:59:43Z
MDBPPRIVSA,New Private Housing Units Authorized,Construction,MD,Monthly,"Units, SA",2020-12-01,1903.86436992681,FRED,2026-10-03T22:59:43Z
MDBPPRIVSA,New Private Housing Units Authorized,Construction,MD,Monthly,"Units, SA",2021-01-01,1233.49886120734,FRED,2026-10-03T22:59:43Z
MDBPPRIVSA,New Private Housing Units Authorized,Construction,MD,Monthly,"Units, SA",2021-02-01,1867.28716213922,FRED,2026-10-03T22:59:43Z
MDBPPRIVSA,New Private Housing Units Authorized,Construction,MD,Monthly,"Units, SA",2021-03-01,1441.3159005925,FRED,2026-10-03T22:59:43Z
MDBPPRIVSA,New Private Housing Units Authorized,Construction,MD,Monthly,"Units, SA",2021-04-01,1331.3617439819,FRED,2026-10-03T22:59:43Z
MDBPPRIVSA,New Private Housing Units Authorized,Construction,MD,Monthly,"Units, SA",2021-05-01,1250.51981005628,FRED,2026-10-03T22:59:43Z
MDBPPRIVSA,New Private Housing Units Authorized,Construction,MD,Monthly,"Units, SA",2021-06-01,1675.54865475154,FRED,2026-10-03T22:59:43Z
MDBPPRIVSA,New Private Housing Units Authorized,Construction,MD,Monthly,"Units, SA",2021-07-01,1343.41987536197,FRED,2026-10-03T22:59:43Z
MDBPPRIVSA,New Private Housing Units Authorized,Construction,MD,Monthly,"Units, SA",2021-08-01,1620.71138676189,FRED,2026-10-03T22:59:43Z
MDBPPRIVSA,New Private Housing Units Authorized,Construction,MD,Monthly,"Units, SA",2021-09-01,1676.9278159737,FRED,2026-10-03T22:59:43Z
MDBPPRIVSA,New Private Housing Units Authorized,Construction,MD,Monthly,"Units, SA",2021-10-01,1321.32853268066,FRED,2026-10-03T22:59:43Z
MDBPPRIVSA,New Private Housing Units Authorized,Construction,MD,Monthly,"Units, SA",2021-11-01,1340.33275870085,FRED,2026-10-03T22:59:43Z
MDBPPRIVSA,New Private Housing Units Authorized,Construction,MD,Monthly,"Units, SA",2021-12-01,1268.57025273753,FRED,2026-10-03T22:59:43Z
MDBPPRIVSA,New Private Housing Units Authorized,Construction,MD,Monthly,"Units, SA",2022-01-01,1892.80905378135,FRED,2026-10-03T22:59:43Z
MDBPPRIVSA,New Private Housing Units Authorized,Construction,MD,Monthly,"Units, SA",2022-02-01,1652.69522502004,FRED,2026-10-03T22:59:43Z
MDBPPRIVSA,New Private Housing Units Authorized,Construction,MD,Monthly,"Units, SA",2022-03-01,2072.52475963803,FRED,2026-10-03T22:59:43Z
MDBPPRIVSA,New Private Housing Units Authorized,Construction,MD,Monthly,"Units, SA",2022-04-01,1925.77819166185,FRED,2026-10-03T22:59:43Z
MDBPPRIVSA,New Private Housing Units Authorized,Construction,MD,Monthly,"Units, SA",2022-05-01,1394.36909607884,FRED,2026-10-03T22:59:43Z
MDBPPRIVSA,New Private Housing Units Authorized,Construction,MD,Monthly,"Units, SA",2022-06-01,1898.0803637136,FRED,2026-10-03T22:59:43Z
MDBPPRIVSA,New Private Housing Units Authorized,Construction,MD,Monthly,"Units, SA",2022-07-01,2122.86206495821,FRED,2026-10-03T22:59:43Z
MDBPPRIVSA,New Private Housing Units Authorized,Construction,MD,Monthly,"Units, SA",2022-08-01,1135.27547906057,FRED,2026-10-03T22:59:43Z
MDBPPRIVSA,New Private Housing Units Authorized,Construction,MD,Monthly,"Units, SA",2022-09-01,1622.59922886985,FRED,2026-10-03T22:59:43Z
MDBPPRIVSA,New Private Housing Units Authorized,Construction,MD,Monthly,"Units, SA",2022-10-01,1003.72613813943,FRED,2026-10-03T22:59:43Z
MDBPPRIVSA,New Private Housing Units Authorized,Construction,MD,Monthly,"Units, SA",2022-11-01,1405.8249330863,FRED,2026-10-03T22:59:43Z
MDBPPRIVSA,New Private Housing Units Authorized,Construction,MD,Monthly,"Units, SA",2022-12-01,1419.60733153266,FRED,2026-10-03T22:59:43Z
MDBPPRIVSA,New Private Housing Units Authorized,Construction,MD,Monthly,"Units, SA",2023-01-01,1329.98958982199,FRED,2026-10-03T22:59:43Z
MDBPPRIVSA,New Private Housing Units Authorized,Construction,MD,Monthly,"Units, SA",2023-02-01,1304.69549274728,FRED,2026-10-03T22:59:43Z
MDBPPRIVSA,New Private Housing Units Authorized,Construction,MD,Monthly,"Units, SA",2023-03-01,999.920706148209,FRED,2026-10-03T22:59:43Z
MDBPPRIVSA,New Private Housing Units Authorized,Construction,MD,Monthly,"Units, SA",2023-04-01,1066.96986111822,FRED,2026-10-03T22:59:43Z
MDBPPRIVSA,New Private Housing Units Authorized,Construction,MD,Monthly,"Units, SA",2023-05-01,1637.6219384013,FRED,2026-10-03T22:59:43Z
MDBPPRIVSA,New Private Housing Units Authorized,Construction,MD,Monthly,"Units, SA",2023-06-01,1171.21019627455,FRED,2026-10-03T22:59:43Z
MDBPPRIVSA,New Private Housing Units Authorized,Construction,MD,Monthly,"Units, SA",2023-07-01,1389.10450451512,FRED,2026-10-03T22:59:43Z
MDBPPRIVSA,New Private Housing Units Authorized,Construction,MD,Monthly,"Units, SA",2023-08-01,1613.67562411425,FRED,2026-10-03T22:59:43Z
MDBPPRIVSA,New Private Housing Units Authorized,Construction,MD,Monthly,"Units, SA",2023-09-01,981.609454290686,FRED,2026-10-03T22:59:43Z
MDBPPRIVSA,New Private Housing Units Authorized,Construction,MD,Monthly,"Units, SA",2023-10-01,1727.64716673128,FRED,2026-10-03T22:59:43Z
MDBPPRIVSA,New Private Housing Units Authorized,Construction,MD,Monthly,"Units, SA",2023-11-01,1623.66861173968,FRED,2026-10-03T22:59:43Z
MDBPPRIVSA,New Private Housing Units Authorized,Construction,MD,Monthly,"Units, SA",2023-12-01,1466.18627263524,FRED,2026-10-03T22:59:43Z
MDBPPRIVSA,New Private Housing Units Authorized,Construction,MD,Monthly,"Units, SA",2024-01-01,874.406797132137,FRED,2026-10-03T22:59:43Z
MDBPPRIVSA,New Private Housing Units Authorized,Construction,MD,Monthly,"Units, SA",2024-02-01,1347.18581480145,FRED,2026-10-03T22:59:43Z
MDBPPRIVSA,New Private Housing Units Authorized,Construction,MD,Monthly,"Units, SA",2024-03-01,1654.95024280762,FRED,2026-10-03T22:59:43Z
MDBPPRIVSA,New Private Housing Units Authorized,Construction,MD,Monthly,"Units, SA",2024-04-01,1813.01738326399,FRED,2026-10-03T22:59:43Z
MDBPPRIVSA,New Private Housing Units Authorized,Construction,MD,Monthly,"Units, SA",2024-05-01,1491.73482963904,FRED,2026-10-03T22:59:43Z
MDBPPRIVSA,New Private Housing Units Authorized,Construction,MD,Monthly,"Units, SA",2024-06-01,1368.17259889931,FRED,2026-10-03T22:59:43Z
MDBPPRIVSA,New Private Housing Units Authorized,Construction,MD,Monthly,"Units, SA",2024-07-01,1362.48502967023,FRED,2026-10-03T22:59:43Z
MDBPPRIVSA,New Private Housing Units Authorized,Construction,MD,Monthly,"Units, SA",2024-08-01,1499.19889946739,FRED,2026-10-03T22:59:43Z
MDBPPRIVSA,New Private Housing Units Authorized,Construction,MD,Monthly,"Units, SA",2024-09-01,1432.99256378849,FRED,2026-10-03T22:59:43Z
MDBPPRIVSA,New Private Housing Units Authorized,Construction,MD,Monthly,"Units, SA",2024-10-01,1400.49993105373,FRED,2026-10-03T22:59:43Z
MDBPPRIVSA,New Private Housing Units Authorized,Construction,MD,Monthly,"Units, SA",2024-11-01,1157.87544185137,FRED,2026-10-03T22:59:43Z
MDBPPRIVSA,New Private Housing Units Authorized,Construction,MD,Monthly,"Units, SA",2024-12-01,1253.69469900001,FRED,2026-10-03T22:59:43Z
MDBPPRIVSA,New Private Housing Units Authorized,Construction,MD,Monthly,"Units, SA",2025-01-01,1207.7448128875,FRED,2026-10-03T22:59:43Z
MDBPPRIVSA,New Private Housing Units Authorized,Construction,MD,Monthly,"Units, SA",2025-02-01,1397.20263844663,FRED,2026-10-03T22:59:43Z
MDBPPRIVSA,New Private Housing Units Authorized,Construction,MD,Monthly,"Units, SA",2025-03-01,1002.83934855808,FRED,2026-10-03T22:59:43Z
MDBPPRIVSA,New Private Housing Units Authorized,Construction,MD,Monthly,"Units, SA",2025-04-01,983.957199131086,FRED,2026-10-03T22:59:43Z
MDBPPRIVSA,New Private Housing Units Authorized,Construction,MD,Monthly,"Units, SA",2025-05-01,1630.05593312651,FRED,2026-10-03T22:59:43Z
MDBPPRIVSA,New Private Housing Units Authorized,Construction,MD,Monthly,"Units, SA",2025-06-01,1055.49178164296,FRED,2026-10-03T22:59:43Z
MDBPPRIVSA,New Private Housing Units Authorized,Construction,MD,Monthly,"Units, SA",2025-07-01,1182.30849892583,FRED,2026-10-03T22:59:43Z
MDBPPRIVSA,New Private Housing Units Authorized,Construction,MD,Monthly,"Units, SA",2025-08-01,949.206976535366,FRED,2026-10-03T22:59:43Z
MDBPPRIVSA,New Private Housing Units Authorized,Construction,MD,Monthly,"Units, SA",2025-09-01,821.067907286326,FRED,2026-10-03T22:59:43Z
MDBPPRIVSA,New Private Housing Units Authorized,Construction,MD,Monthly,"Units, SA",2025-10-01,1019.82918280815,FRED,2026-10-03T22:59:43Z
MDBPPRIVSA,New Private Housing Units Authorized,Construction,MD,Monthly,"Units, SA",2025-11-01,1802.62128735173,FRED,2026-10-03T22:59:43Z
MDBPPRIVSA,New Private Housing Units Authorized,Construction,MD,Monthly,"Units, SA",2025-12-01,697.173361818423,FRED,2026-10-03T22:59:43Z
MDBPPRIVSA,New Private Housing Units Authorized,Construction,MD,Monthly,"Units, SA",2026-01-01,1290.24844580341,FRED,2026-10-03T22:59:43Z
MDBPPRIVSA,New Private Housing Units Authorized,Construction,MD,Monthly,"Units, SA",2026-02-01,1129.9968386179,FRED,2026-10-03T22:59:43Z
MDBPPRIVSA,New Private Housing Units Authorized,Construction,MD,Monthly,"Units, SA",2026-03-01,1148.98368244253,FRED,2026-10-03T22:59:43Z
MDBPPRIVSA,New Private Housing Units Authorized,Construction,MD,Monthly,"Units, SA",2026-04-01,1381.70535731986,FRED,2026-10-03T22:59:43Z
MDBPPRIVSA,New Private Housing Units Authorized,Construction,MD,Monthly,"Units, SA",2026-05-01,925.005898958212,FRED,2026-10-03T22:59:43Z
MDBPPRIVSA,New Private Housing Units Authorized,Construction,MD,Monthly,"Units, SA",2026-06-01,1057.17383553956,FRED,2026-10-03T22:59:43Z
MDBPPRIVSA,New Private Housing Units Authorized,Construction,MD,Monthly,"Units, SA",2026-07-01,1041.54841143097,FRED,2026-10-03T22:59:43Z
MDBPPRIVSA,New Private Housing Units Authorized,Construction,MD,Monthly,"Units, SA",2026-08-01,1021.65577203572,FRED,2026-10-03T22:59:43Z
DEBPPRIVSA,New Private Housing Units Authorized,Construction,DE,Monthly,"Units, SA",2018-01-01,549.078952496298,FRED,2026-10-03T22:59:43Z
DEBPPRIVSA,New Private Housing Units Authorized,Construction,DE,Monthly,"Units, SA",2018-02-01,476.663499170594,FRED,2026-10-03T22:59:43Z
DEBPPRIVSA,New Private Housing Units Authorized,Construction,DE,Monthly,"Units, SA",2018-03-01,495.07813421719,FRED,2026-10-03T22:59:43Z
DEBPPRIVSA,New Private Housing Units Authorized,Construction,DE,Monthly,"Units, SA",2018-04-01,508.096103802221,FRED,2026-10-03T22:59:43Z
DEBPPRIVSA,New Private Housing Units Authorized,Construction,DE,Monthly,"Units, SA",2018-05-01,608.01655328852,FRED,2026-10-03T22:59:43Z
DEBPPRIVSA,New Private Housing Units Authorized,Construction,DE,Monthly,"Units, SA",2018-06-01,467.283457516367,FRED,2026-10-03T22:59:43Z
DEBPPRIVSA,New Private Housing Units Authorized,Construction,DE,Monthly,"Units, SA",2018-07-01,490.424068131719,FRED,2026-10-03T22:59:43Z
DEBPPRIVSA,New Private Housing Units Authorized,Construction,DE,Monthly,"Units, SA",2018-08-01,496.407480310422,FRED,2026-10-03T22:59:43Z
DEBPPRIVSA,New Private Housing Units Authorized,Construction,DE,Monthly,"Units, SA",2018-09-01,482.886221296268,FRED,2026-10-03T22:59:43Z
DEBPPRIVSA,New Private Housing Units Authorized,Construction,DE,Monthly,"Units, SA",2018-10-01,562.845685774455,FRED,2026-10-03T22:59:43Z
DEBPPRIVSA,New Private Housing Units Authorized,Construction,DE,Monthly,"Units, SA",2018-11-01,580.59664933214,FRED,2026-10-03T22:59:43Z
DEBPPRIVSA,New Private Housing Units Authorized,Construction,DE,Monthly,"Units, SA",2018-12-01,533.669380935702,FRED,2026-10-03T22:59:43Z
DEBPPRIVSA,New Private Housing Units Authorized,Construction,DE,Monthly,"Units, SA",2019-01-01,646.790087787729,FRED,2026-10-03T22:59:43Z
DEBPPRIVSA,New Private Housing Units Authorized,Construction,DE,Monthly,"Units, SA",2019-02-01,562.49798091968,FRED,2026-10-03T22:59:43Z
DEBPPRIVSA,New Private Housing Units Authorized,Construction,DE,Monthly,"Units, SA",2019-03-01,492.121417582273,FRED,2026-10-03T22:59:43Z
DEBPPRIVSA,New Private Housing Units Authorized,Construction,DE,Monthly,"Units, SA",2019-04-01,402.205635664973,FRED,2026-10-03T22:59:43Z
DEBPPRIVSA,New Private Housing Units Authorized,Construction,DE,Monthly,"Units, SA",2019-05-01,518.546354807683,FRED,2026-10-03T22:59:43Z
DEBPPRIVSA,New Private Housing Units Authorized,Construction,DE,Monthly,"Units, SA",2019-06-01,605.024192448701,FRED,2026-10-03T22:59:43Z
DEBPPRIVSA,New Private Housing Units Authorized,Construction,DE,Monthly,"Units, SA",2019-07-01,630.437345815561,FRED,2026-10-03T22:59:43Z
DEBPPRIVSA,New Private Housing Units Authorized,Construction,DE,Monthly,"Units, SA",2019-08-01,478.325793780989,FRED,2026-10-03T22:59:43Z
DEBPPRIVSA,New Private Housing Units Authorized,Construction,DE,Monthly,"Units, SA",2019-09-01,597.495544173107,FRED,2026-10-03T22:59:43Z
DEBPPRIVSA,New Private Housing Units Authorized,Construction,DE,Monthly,"Units, SA",2019-10-01,507.856027252455,FRED,2026-10-03T22:59:43Z
DEBPPRIVSA,New Private Housing Units Authorized,Construction,DE,Monthly,"Units, SA",2019-11-01,494.594503271685,FRED,2026-10-03T22:59:43Z
DEBPPRIVSA,New Private Housing Units Authorized,Construction,DE,Monthly,"Units, SA",2019-12-01,491.338823540075,FRED,2026-10-03T22:59:43Z
DEBPPRIVSA,New Private Housing Units Authorized,Construction,DE,Monthly,"Units, SA",2020-01-01,572.366933565681,FRED,2026-10-03T22:59:43Z
DEBPPRIVSA,New Private Housing Units Authorized,Construction,DE,Monthly,"Units, SA",2020-02-01,613.043424184198,FRED,2026-10-03T22:59:43Z
DEBPPRIVSA,New Private Housing Units Authorized,Construction,DE,Monthly,"Units, SA",2020-03-01,572.792215357857,FRED,2026-10-03T22:59:43Z
DEBPPRIVSA,New Private Housing Units Authorized,Construction,DE,Monthly,"Units, SA",2020-04-01,531.946721878326,FRED,2026-10-03T22:59:43Z
DEBPPRIVSA,New Private Housing Units Authorized,Construction,DE,Monthly,"Units, SA",2020-05-01,383.259213274994,FRED,2026-10-03T22:59:43Z
DEBPPRIVSA,New Private Housing Units Authorized,Construction,DE,Monthly,"Units, SA",2020-06-01,586.045851346352,FRED,2026-10-03T22:59:43Z
DEBPPRIVSA,New Private Housing Units Authorized,Construction,DE,Monthly,"Units, SA",2020-07-01,841.188129730015,FRED,2026-10-03T22:59:43Z
DEBPPRIVSA,New Private Housing Units Authorized,Construction,DE,Monthly,"Units, SA",2020-08-01,1043.31816218576,FRED,2026-10-03T22:59:43Z
DEBPPRIVSA,New Private Housing Units Authorized,Construction,DE,Monthly,"Units, SA",2020-09-01,893.84491900367,FRED,2026-10-03T22:59:43Z
DEBPPRIVSA,New Private Housing Units Authorized,Construction,DE,Monthly,"Units, SA",2020-10-01,949.303576824425,FRED,2026-10-03T22:59:43Z
DEBPPRIVSA,New Private Housing Units Authorized,Construction,DE,Monthly,"Units, SA",2020-11-01,571.492213800212,FRED,2026-10-03T22:59:43Z
DEBPPRIVSA,New Private Housing Units Authorized,Construction,DE,Monthly,"Units, SA",2020-12-01,901.258649993741,FRED,2026-10-03T22:59:43Z
DEBPPRIVSA,New Private Housing Units Authorized,Construction,DE,Monthly,"Units, SA",2021-01-01,713.801698212794,FRED,2026-10-03T22:59:43Z
DEBPPRIVSA,New Private Housing Units Authorized,Construction,DE,Monthly,"Units, SA",2021-02-01,823.049558768188,FRED,2026-10-03T22:59:43Z
DEBPPRIVSA,New Private Housing Units Authorized,Construction,DE,Monthly,"Units, SA",2021-03-01,799.321044831305,FRED,2026-10-03T22:59:43Z
DEBPPRIVSA,New Private Housing Units Authorized,Construction,DE,Monthly,"Units, SA",2021-04-01,869.744384267193,FRED,2026-10-03T22:59:43Z
DEBPPRIVSA,New Private Housing Units Authorized,Construction,DE,Monthly,"Units, SA",2021-05-01,815.050535396003,FRED,2026-10-03T22:59:43Z
DEBPPRIVSA,New Private Housing Units Authorized,Construction,DE,Monthly,"Units, SA",2021-06-01,644.474494230511,FRED,2026-10-03T22:59:43Z
DEBPPRIVSA,New Private Housing Units Authorized,Construction,DE,Monthly,"Units, SA",2021-07-01,941.667221650171,FRED,2026-10-03T22:59:43Z
DEBPPRIVSA,New Private Housing Units Authorized,Construction,DE,Monthly,"Units, SA",2021-08-01,578.80401164517,FRED,2026-10-03T22:59:43Z
DEBPPRIVSA,New Private Housing Units Authorized,Construction,DE,Monthly,"Units, SA",2021-09-01,690.812543293239,FRED,2026-10-03T22:59:43Z
DEBPPRIVSA,New Private Housing Units Authorized,Construction,DE,Monthly,"Units, SA",2021-10-01,586.4372259497,FRED,2026-10-03T22:59:43Z
DEBPPRIVSA,New Private Housing Units Authorized,Construction,DE,Monthly,"Units, SA",2021-11-01,714.087451537198,FRED,2026-10-03T22:59:43Z
DEBPPRIVSA,New Private Housing Units Authorized,Construction,DE,Monthly,"Units, SA",2021-12-01,599.641061371323,FRED,2026-10-03T22:59:43Z
DEBPPRIVSA,New Private Housing Units Authorized,Construction,DE,Monthly,"Units, SA",2022-01-01,623.679099770414,FRED,2026-10-03T22:59:43Z
DEBPPRIVSA,New Private Housing Units Authorized,Construction,DE,Monthly,"Units, SA",2022-02-01,608.815107372201,FRED,2026-10-03T22:59:43Z
DEBPPRIVSA,New Private Housing Units Authorized,Construction,DE,Monthly,"Units, SA",2022-03-01,588.807083493845,FRED,2026-10-03T22:59:43Z
DEBPPRIVSA,New Private Housing Units Authorized,Construction,DE,Monthly,"Units, SA",2022-04-01,548.506726385703,FRED,2026-10-03T22:59:43Z
DEBPPRIVSA,New Private Housing Units Authorized,Construction,DE,Monthly,"Units, SA",2022-05-01,520.136522628424,FRED,2026-10-03T22:59:43Z
DEBPPRIVSA,New Private Housing Units Authorized,Construction,DE,Monthly,"Units, SA",2022-06-01,504.930188724155,FRED,2026-10-03T22:59:43Z
DEBPPRIVSA,New Private Housing Units Authorized,Construction,DE,Monthly,"Units, SA",2022-07-01,460.529700360757,FRED,2026-10-03T22:59:43Z
DEBPPRIVSA,New Private Housing Units Authorized,Construction,DE,Monthly,"Units, SA",2022-08-01,551.747007560381,FRED,2026-10-03T22:59:43Z
DEBPPRIVSA,New Private Housing Units Authorized,Construction,DE,Monthly,"Units, SA",2022-09-01,472.823577899772,FRED,2026-10-03T22:59:43Z
DEBPPRIVSA,New Private Housing Units Authorized,Construction,DE,Monthly,"Units, SA",2022-10-01,566.933468354272,FRED,2026-10-03T22:59:43Z
DEBPPRIVSA,New Private Housing Units Authorized,Construction,DE,Monthly,"Units, SA",2022-11-01,517.71805596216,FRED,2026-10-03T22:59:43Z
DEBPPRIVSA,New Private Housing Units Authorized,Construction,DE,Monthly,"Units, SA",2022-12-01,408.528505464124,FRED,2026-10-03T22:59:43Z
DEBPPRIVSA,New Private Housing Units Authorized,Construction,DE,Monthly,"Units, SA",2023-01-01,431.526153441371,FRED,2026-10-03T22:59:43Z
DEBPPRIVSA,New Private Housing Units Authorized,Construction,DE,Monthly,"Units, SA",2023-02-01,394.354830629205,FRED,2026-10-03T22:59:43Z
DEBPPRIVSA,New Private Housing Units Authorized,Construction,DE,Monthly,"Units, SA",2023-03-01,501.296282029715,FRED,2026-10-03T22:59:43Z
DEBPPRIVSA,New Private Housing Units Authorized,Construction,DE,Monthly,"Units, SA",2023-04-01,487.44357634753,FRED,2026-10-03T22:59:43Z
DEBPPRIVSA,New Private Housing Units Authorized,Construction,DE,Monthly,"Units, SA",2023-05-01,557.175632578221,FRED,2026-10-03T22:59:43Z
DEBPPRIVSA,New Private Housing Units Authorized,Construction,DE,Monthly,"Units, SA",2023-06-01,573.012325474236,FRED,2026-10-03T22:59:43Z
DEBPPRIVSA,New Private Housing Units Authorized,Construction,DE,Monthly,"Units, SA",2023-07-01,562.499602521952,FRED,2026-10-03T22:59:43Z
DEBPPRIVSA,New Private Housing Units Authorized,Construction,DE,Monthly,"Units, SA",2023-08-01,616.118831788766,FRED,2026-10-03T22:59:43Z
DEBPPRIVSA,New Private Housing Units Authorized,Construction,DE,Monthly,"Units, SA",2023-09-01,551.052786742131,FRED,2026-10-03T22:59:43Z
DEBPPRIVSA,New Private Housing Units Authorized,Construction,DE,Monthly,"Units, SA",2023-10-01,573.819702892207,FRED,2026-10-03T22:59:43Z
DEBPPRIVSA,New Private Housing Units Authorized,Construction,DE,Monthly,"Units, SA",2023-11-01,505.676300066404,FRED,2026-10-03T22:59:43Z
DEBPPRIVSA,New Private Housing Units Authorized,Construction,DE,Monthly,"Units, SA",2023-12-01,854.227646864274,FRED,2026-10-03T22:59:43Z
DEBPPRIVSA,New Private Housing Units Authorized,Construction,DE,Monthly,"Units, SA",2024-01-01,644.589151643923,FRED,2026-10-03T22:59:43Z
DEBPPRIVSA,New Private Housing Units Authorized,Construction,DE,Monthly,"Units, SA",2024-02-01,628.08621602869,FRED,2026-10-03T22:59:43Z
DEBPPRIVSA,New Private Housing Units Authorized,Construction,DE,Monthly,"Units, SA",2024-03-01,558.681233570577,FRED,2026-10-03T22:59:43Z
DEBPPRIVSA,New Private Housing Units Authorized,Construction,DE,Monthly,"Units, SA",2024-04-01,502.258861249636,FRED,2026-10-03T22:59:43Z
DEBPPRIVSA,New Private Housing Units Authorized,Construction,DE,Monthly,"Units, SA",2024-05-01,498.118655496467,FRED,2026-10-03T22:59:43Z
DEBPPRIVSA,New Private Housing Units Authorized,Construction,DE,Monthly,"Units, SA",2024-06-01,513.853041695062,FRED,2026-10-03T22:59:43Z
DEBPPRIVSA,New Private Housing Units Authorized,Construction,DE,Monthly,"Units, SA",2024-07-01,469.612199636729,FRED,2026-10-03T22:59:43Z
DEBPPRIVSA,New Private Housing Units Authorized,Construction,DE,Monthly,"Units, SA",2024-08-01,504.773517817498,FRED,2026-10-03T22:59:43Z
DEBPPRIVSA,New Private Housing Units Authorized,Construction,DE,Monthly,"Units, SA",2024-09-01,466.495537894584,FRED,2026-10-03T22:59:43Z
DEBPPRIVSA,New Private Housing Units Authorized,Construction,DE,Monthly,"Units, SA",2024-10-01,540.598161200648,FRED,2026-10-03T22:59:43Z
DEBPPRIVSA,New Private Housing Units Authorized,Construction,DE,Monthly,"Units, SA",2024-11-01,529.645084902714,FRED,2026-10-03T22:59:43Z
DEBPPRIVSA,New Private Housing Units Authorized,Construction,DE,Monthly,"Units, SA",2024-12-01,558.317788022933,FRED,2026-10-03T22:59:43Z
DEBPPRIVSA,New Private Housing Units Authorized,Construction,DE,Monthly,"Units, SA",2025-01-01,407.66602795281,FRED,2026-10-03T22:59:43Z
DEBPPRIVSA,New Private Housing Units Authorized,Construction,DE,Monthly,"Units, SA",2025-02-01,695.573577567257,FRED,2026-10-03T22:59:43Z
DEBPPRIVSA,New Private Housing Units Authorized,Construction,DE,Monthly,"Units, SA",2025-03-01,479.899517967662,FRED,2026-10-03T22:59:43Z
DEBPPRIVSA,New Private Housing Units Authorized,Construction,DE,Monthly,"Units, SA",2025-04-01,559.435976834417,FRED,2026-10-03T22:59:43Z
DEBPPRIVSA,New Private Housing Units Authorized,Construction,DE,Monthly,"Units, SA",2025-05-01,533.276853099493,FRED,2026-10-03T22:59:43Z
DEBPPRIVSA,New Private Housing Units Authorized,Construction,DE,Monthly,"Units, SA",2025-06-01,540.676933756187,FRED,2026-10-03T22:59:43Z
DEBPPRIVSA,New Private Housing Units Authorized,Construction,DE,Monthly,"Units, SA",2025-07-01,592.252187344156,FRED,2026-10-03T22:59:43Z
DEBPPRIVSA,New Private Housing Units Authorized,Construction,DE,Monthly,"Units, SA",2025-08-01,459.961936225027,FRED,2026-10-03T22:59:43Z
DEBPPRIVSA,New Private Housing Units Authorized,Construction,DE,Monthly,"Units, SA",2025-09-01,554.680336184592,FRED,2026-10-03T22:59:43Z
DEBPPRIVSA,New Private Housing Units Authorized,Construction,DE,Monthly,"Units, SA",2025-10-01,419.954305820647,FRED,2026-10-03T22:59:43Z
DEBPPRIVSA,New Private Housing Units Authorized,Construction,DE,Monthly,"Units, SA",2025-11-01,417.748732863836,FRED,2026-10-03T22:59:43Z
DEBPPRIVSA,New Private Housing Units Authorized,Construction,DE,Monthly,"Units, SA",2025-12-01,583.19497565814,FRED,2026-10-03T22:59:43Z
DEBPPRIVSA,New Private Housing Units Authorized,Construction,DE,Monthly,"Units, SA",2026-01-01,581.556120024559,FRED,2026-10-03T22:59:43Z
DEBPPRIVSA,New Private Housing Units Authorized,Construction,DE,Monthly,"Units, SA",2026-02-01,462.612343718414,FRED,2026-10-03T22:59:43Z
DEBPPRIVSA,New Private Housing Units Authorized,Construction,DE,Monthly,"Units, SA",2026-03-01,598.35617253453,FRED,2026-10-03T22:59:43Z
DEBPPRIVSA,New Private Housing Units Authorized,Construction,DE,Monthly,"Units, SA",2026-04-01,532.76565972227,FRED,2026-10-03T22:59:43Z
DEBPPRIVSA,New Private Housing Units Authorized,Construction,DE,Monthly,"Units, SA",2026-05-01,546.255041866939,FRED,2026-10-03T22:59:43Z
DEBPPRIVSA,New Private Housing Units Authorized,Construction,DE,Monthly,"Units, SA",2026-06-01,583.279493644971,FRED,2026-10-03T22:59:43Z
DEBPPRIVSA,New Private Housing Units Authorized,Construction,DE,Monthly,"Units, SA",2026-07-01,583.611765484226,FRED,2026-10-03T22:59:43Z
DEBPPRIVSA,New Private Housing Units Authorized,Construction,DE,Monthly,"Units, SA",2026-08-01,569.568495029972,FRED,2026-10-03T22:59:43Z
VACONS,Construction Employment,Labor,VA,Monthly,"Thousands of persons, SA",2018-01-01,196.0,FRED,2026-10-03T22:59:43Z
VACONS,Construction Employment,Labor,VA,Monthly,"Thousands of persons, SA",2018-02-01,196.7,FRED,2026-10-03T22:59:43Z
VACONS,Construction Employment,Labor,VA,Monthly,"Thousands of persons, SA",2018-03-01,197.1,FRED,2026-10-03T22:59:43Z
VACONS,Construction Employment,Labor,VA,Monthly,"Thousands of persons, SA",2018-04-01,197.1,FRED,2026-10-03T22:59:43Z
VACONS,Construction Employment,Labor,VA,Monthly,"Thousands of persons, SA",2018-05-01,197.4,FRED,2026-10-03T22:59:43Z
VACONS,Construction Employment,Labor,VA,Monthly,"Thousands of persons, SA",2018-06-01,198.6,FRED,2026-10-03T22:59:43Z
VACONS,Construction Employment,Labor,VA,Monthly,"Thousands of persons, SA",2018-07-01,199.3,FRED,2026-10-03T22:59:43Z
VACONS,Construction Employment,Labor,VA,Monthly,"Thousands of persons, SA",2018-08-01,199.8,FRED,2026-10-03T22:59:43Z
VACONS,Construction Employment,Labor,VA,Monthly,"Thousands of persons, SA",2018-09-01,198.4,FRED,2026-10-03T22:59:43Z
VACONS,Construction Employment,Labor,VA,Monthly,"Thousands of persons, SA",2018-10-01,199.6,FRED,2026-10-03T22:59:43Z
VACONS,Construction Employment,Labor,VA,Monthly,"Thousands of persons, SA",2018-11-01,200.5,FRED,2026-10-03T22:59:43Z
VACONS,Construction Employment,Labor,VA,Monthly,"Thousands of persons, SA",2018-12-01,200.2,FRED,2026-10-03T22:59:43Z
VACONS,Construction Employment,Labor,VA,Monthly,"Thousands of persons, SA",2019-01-01,202.4,FRED,2026-10-03T22:59:43Z
VACONS,Construction Employment,Labor,VA,Monthly,"Thousands of persons, SA",2019-02-01,201.8,FRED,2026-10-03T22:59:43Z
VACONS,Construction Employment,Labor,VA,Monthly,"Thousands of persons, SA",2019-03-01,202.2,FRED,2026-10-03T22:59:43Z
VACONS,Construction Employment,Labor,VA,Monthly,"Thousands of persons, SA",2019-04-01,202.5,FRED,2026-10-03T22:59:43Z
VACONS,Construction Employment,Labor,VA,Monthly,"Thousands of persons, SA",2019-05-01,203.2,FRED,2026-10-03T22:59:43Z
VACONS,Construction Employment,Labor,VA,Monthly,"Thousands of persons, SA",2019-06-01,203.6,FRED,2026-10-03T22:59:43Z
VACONS,Construction Employment,Labor,VA,Monthly,"Thousands of persons, SA",2019-07-01,203.7,FRED,2026-10-03T22:59:43Z
VACONS,Construction Employment,Labor,VA,Monthly,"Thousands of persons, SA",2019-08-01,204.1,FRED,2026-10-03T22:59:43Z
VACONS,Construction Employment,Labor,VA,Monthly,"Thousands of persons, SA",2019-09-01,204.2,FRED,2026-10-03T22:59:43Z
VACONS,Construction Employment,Labor,VA,Monthly,"Thousands of persons, SA",2019-10-01,204.6,FRED,2026-10-03T22:59:43Z
VACONS,Construction Employment,Labor,VA,Monthly,"Thousands of persons, SA",2019-11-01,204.7,FRED,2026-10-03T22:59:43Z
VACONS,Construction Employment,Labor,VA,Monthly,"Thousands of persons, SA",2019-12-01,204.3,FRED,2026-10-03T22:59:43Z
VACONS,Construction Employment,Labor,VA,Monthly,"Thousands of persons, SA",2020-01-01,205.8,FRED,2026-10-03T22:59:43Z
VACONS,Construction Employment,Labor,VA,Monthly,"Thousands of persons, SA",2020-02-01,206.7,FRED,2026-10-03T22:59:43Z
VACONS,Construction Employment,Labor,VA,Monthly,"Thousands of persons, SA",2020-03-01,206.1,FRED,2026-10-03T22:59:43Z
VACONS,Construction Employment,Labor,VA,Monthly,"Thousands of persons, SA",2020-04-01,195.3,FRED,2026-10-03T22:59:43Z
VACONS,Construction Employment,Labor,VA,Monthly,"Thousands of persons, SA",2020-05-01,198.2,FRED,2026-10-03T22:59:43Z
VACONS,Construction Employment,Labor,VA,Monthly,"Thousands of persons, SA",2020-06-01,200.2,FRED,2026-10-03T22:59:43Z
VACONS,Construction Employment,Labor,VA,Monthly,"Thousands of persons, SA",2020-07-01,200.2,FRED,2026-10-03T22:59:43Z
VACONS,Construction Employment,Labor,VA,Monthly,"Thousands of persons, SA",2020-08-01,202.4,FRED,2026-10-03T22:59:43Z
VACONS,Construction Employment,Labor,VA,Monthly,"Thousands of persons, SA",2020-09-01,203.6,FRED,2026-10-03T22:59:43Z
VACONS,Construction Employment,Labor,VA,Monthly,"Thousands of persons, SA",2020-10-01,204.3,FRED,2026-10-03T22:59:43Z
VACONS,Construction Employment,Labor,VA,Monthly,"Thousands of persons, SA",2020-11-01,204.7,FRED,2026-10-03T22:59:43Z
VACONS,Construction Employment,Labor,VA,Monthly,"Thousands of persons, SA",2020-12-01,205.5,FRED,2026-10-03T22:59:43Z
VACONS,Construction Employment,Labor,VA,Monthly,"Thousands of persons, SA",2021-01-01,205.8,FRED,2026-10-03T22:59:43Z
VACONS,Construction Employment,Labor,VA,Monthly,"Thousands of persons, SA",2021-02-01,205.1,FRED,2026-10-03T22:59:43Z
VACONS,Construction Employment,Labor,VA,Monthly,"Thousands of persons, SA",2021-03-01,205.6,FRED,2026-10-03T22:59:43Z
VACONS,Construction Employment,Labor,VA,Monthly,"Thousands of persons, SA",2021-04-01,207.0,FRED,2026-10-03T22:59:43Z
VACONS,Construction Employment,Labor,VA,Monthly,"Thousands of persons, SA",2021-05-01,207.4,FRED,2026-10-03T22:59:43Z
VACONS,Construction Employment,Labor,VA,Monthly,"Thousands of persons, SA",2021-06-01,206.7,FRED,2026-10-03T22:59:43Z
VACONS,Construction Employment,Labor,VA,Monthly,"Thousands of persons, SA",2021-07-01,207.3,FRED,2026-10-03T22:59:43Z
VACONS,Construction Employment,Labor,VA,Monthly,"Thousands of persons, SA",2021-08-01,206.7,FRED,2026-10-03T22:59:43Z
VACONS,Construction Employment,Labor,VA,Monthly,"Thousands of persons, SA",2021-09-01,205.8,FRED,2026-10-03T22:59:43Z
VACONS,Construction Employment,Labor,VA,Monthly,"Thousands of persons, SA",2021-10-01,207.6,FRED,2026-10-03T22:59:43Z
VACONS,Construction Employment,Labor,VA,Monthly,"Thousands of persons, SA",2021-11-01,207.8,FRED,2026-10-03T22:59:43Z
VACONS,Construction Employment,Labor,VA,Monthly,"Thousands of persons, SA",2021-12-01,208.0,FRED,2026-10-03T22:59:43Z
VACONS,Construction Employment,Labor,VA,Monthly,"Thousands of persons, SA",2022-01-01,206.2,FRED,2026-10-03T22:59:43Z
VACONS,Construction Employment,Labor,VA,Monthly,"Thousands of persons, SA",2022-02-01,207.8,FRED,2026-10-03T22:59:43Z
VACONS,Construction Employment,Labor,VA,Monthly,"Thousands of persons, SA",2022-03-01,208.1,FRED,2026-10-03T22:59:43Z
VACONS,Construction Employment,Labor,VA,Monthly,"Thousands of persons, SA",2022-04-01,209.6,FRED,2026-10-03T22:59:43Z
VACONS,Construction Employment,Labor,VA,Monthly,"Thousands of persons, SA",2022-05-01,209.1,FRED,2026-10-03T22:59:43Z
VACONS,Construction Employment,Labor,VA,Monthly,"Thousands of persons, SA",2022-06-01,209.4,FRED,2026-10-03T22:59:43Z
VACONS,Construction Employment,Labor,VA,Monthly,"Thousands of persons, SA",2022-07-01,210.7,FRED,2026-10-03T22:59:43Z
VACONS,Construction Employment,Labor,VA,Monthly,"Thousands of persons, SA",2022-08-01,211.1,FRED,2026-10-03T22:59:43Z
VACONS,Construction Employment,Labor,VA,Monthly,"Thousands of persons, SA",2022-09-01,212.0,FRED,2026-10-03T22:59:43Z
VACONS,Construction Employment,Labor,VA,Monthly,"Thousands of persons, SA",2022-10-01,212.6,FRED,2026-10-03T22:59:43Z
VACONS,Construction Employment,Labor,VA,Monthly,"Thousands of persons, SA",2022-11-01,212.9,FRED,2026-10-03T22:59:43Z
VACONS,Construction Employment,Labor,VA,Monthly,"Thousands of persons, SA",2022-12-01,213.2,FRED,2026-10-03T22:59:43Z
VACONS,Construction Employment,Labor,VA,Monthly,"Thousands of persons, SA",2023-01-01,215.1,FRED,2026-10-03T22:59:43Z
VACONS,Construction Employment,Labor,VA,Monthly,"Thousands of persons, SA",2023-02-01,214.8,FRED,2026-10-03T22:59:43Z
VACONS,Construction Employment,Labor,VA,Monthly,"Thousands of persons, SA",2023-03-01,214.9,FRED,2026-10-03T22:59:43Z
VACONS,Construction Employment,Labor,VA,Monthly,"Thousands of persons, SA",2023-04-01,213.5,FRED,2026-10-03T22:59:43Z
VACONS,Construction Employment,Labor,VA,Monthly,"Thousands of persons, SA",2023-05-01,213.5,FRED,2026-10-03T22:59:43Z
VACONS,Construction Employment,Labor,VA,Monthly,"Thousands of persons, SA",2023-06-01,213.9,FRED,2026-10-03T22:59:43Z
VACONS,Construction Employment,Labor,VA,Monthly,"Thousands of persons, SA",2023-07-01,213.7,FRED,2026-10-03T22:59:43Z
VACONS,Construction Employment,Labor,VA,Monthly,"Thousands of persons, SA",2023-08-01,214.8,FRED,2026-10-03T22:59:43Z
VACONS,Construction Employment,Labor,VA,Monthly,"Thousands of persons, SA",2023-09-01,216.0,FRED,2026-10-03T22:59:43Z
VACONS,Construction Employment,Labor,VA,Monthly,"Thousands of persons, SA",2023-10-01,216.0,FRED,2026-10-03T22:59:43Z
VACONS,Construction Employment,Labor,VA,Monthly,"Thousands of persons, SA",2023-11-01,216.7,FRED,2026-10-03T22:59:43Z
VACONS,Construction Employment,Labor,VA,Monthly,"Thousands of persons, SA",2023-12-01,216.7,FRED,2026-10-03T22:59:43Z
VACONS,Construction Employment,Labor,VA,Monthly,"Thousands of persons, SA",2024-01-01,216.8,FRED,2026-10-03T22:59:43Z
VACONS,Construction Employment,Labor,VA,Monthly,"Thousands of persons, SA",2024-02-01,217.2,FRED,2026-10-03T22:59:43Z
VACONS,Construction Employment,Labor,VA,Monthly,"Thousands of persons, SA",2024-03-01,217.4,FRED,2026-10-03T22:59:43Z
VACONS,Construction Employment,Labor,VA,Monthly,"Thousands of persons, SA",2024-04-01,217.5,FRED,2026-10-03T22:59:43Z
VACONS,Construction Employment,Labor,VA,Monthly,"Thousands of persons, SA",2024-05-01,217.8,FRED,2026-10-03T22:59:43Z
VACONS,Construction Employment,Labor,VA,Monthly,"Thousands of persons, SA",2024-06-01,218.8,FRED,2026-10-03T22:59:43Z
VACONS,Construction Employment,Labor,VA,Monthly,"Thousands of persons, SA",2024-07-01,219.9,FRED,2026-10-03T22:59:43Z
VACONS,Construction Employment,Labor,VA,Monthly,"Thousands of persons, SA",2024-08-01,220.1,FRED,2026-10-03T22:59:43Z
VACONS,Construction Employment,Labor,VA,Monthly,"Thousands of persons, SA",2024-09-01,220.4,FRED,2026-10-03T22:59:43Z
VACONS,Construction Employment,Labor,VA,Monthly,"Thousands of persons, SA",2024-10-01,220.8,FRED,2026-10-03T22:59:43Z
VACONS,Construction Employment,Labor,VA,Monthly,"Thousands of persons, SA",2024-11-01,221.8,FRED,2026-10-03T22:59:43Z
VACONS,Construction Employment,Labor,VA,Monthly,"Thousands of persons, SA",2024-12-01,222.7,FRED,2026-10-03T22:59:43Z
VACONS,Construction Employment,Labor,VA,Monthly,"Thousands of persons, SA",2025-01-01,223.3,FRED,2026-10-03T22:59:43Z
VACONS,Construction Employment,Labor,VA,Monthly,"Thousands of persons, SA",2025-02-01,225.3,FRED,2026-10-03T22:59:43Z
VACONS,Construction Employment,Labor,VA,Monthly,"Thousands of persons, SA",2025-03-01,226.8,FRED,2026-10-03T22:59:43Z
VACONS,Construction Employment,Labor,VA,Monthly,"Thousands of persons, SA",2025-04-01,228.3,FRED,2026-10-03T22:59:43Z
VACONS,Construction Employment,Labor,VA,Monthly,"Thousands of persons, SA",2025-05-01,229.8,FRED,2026-10-03T22:59:43Z
VACONS,Construction Employment,Labor,VA,Monthly,"Thousands of persons, SA",2025-06-01,231.2,FRED,2026-10-03T22:59:43Z
VACONS,Construction Employment,Labor,VA,Monthly,"Thousands of persons, SA",2025-07-01,230.6,FRED,2026-10-03T22:59:43Z
VACONS,Construction Employment,Labor,VA,Monthly,"Thousands of persons, SA",2025-08-01,231.6,FRED,2026-10-03T22:59:43Z
VACONS,Construction Employment,Labor,VA,Monthly,"Thousands of persons, SA",2025-09-01,231.7,FRED,2026-10-03T22:59:43Z
VACONS,Construction Employment,Labor,VA,Monthly,"Thousands of persons, SA",2025-10-01,227.0,FRED,2026-10-03T22:59:43Z
VACONS,Construction Employment,Labor,VA,Monthly,"Thousands of persons, SA",2025-11-01,226.7,FRED,2026-10-03T22:59:43Z
VACONS,Construction Employment,Labor,VA,Monthly,"Thousands of persons, SA",2025-12-01,226.8,FRED,2026-10-03T22:59:43Z
VACONS,Construction Employment,Labor,VA,Monthly,"Thousands of persons, SA",2026-01-01,227.5,FRED,2026-10-03T22:59:43Z
VACONS,Construction Employment,Labor,VA,Monthly,"Thousands of persons, SA",2026-02-01,225.8,FRED,2026-10-03T22:59:43Z
VACONS,Construction Employment,Labor,VA,Monthly,"Thousands of persons, SA",2026-03-01,228.3,FRED,2026-10-03T22:59:43Z
VACONS,Construction Employment,Labor,VA,Monthly,"Thousands of persons, SA",2026-04-01,228.7,FRED,2026-10-03T22:59:43Z
VACONS,Construction Employment,Labor,VA,Monthly,"Thousands of persons, SA",2026-05-01,227.0,FRED,2026-10-03T22:59:43Z
VACONS,Construction Employment,Labor,VA,Monthly,"Thousands of persons, SA",2026-06-01,226.1,FRED,2026-10-03T22:59:43Z
VACONS,Construction Employment,Labor,VA,Monthly,"Thousands of persons, SA",2026-07-01,224.9,FRED,2026-10-03T22:59:43Z
VACONS,Construction Employment,Labor,VA,Monthly,"Thousands of persons, SA",2026-08-01,227.3,FRED,2026-10-03T22:59:43Z
WVCONS,Construction Employment,Labor,WV,Monthly,"Thousands of persons, SA",2018-01-01,34.4,FRED,2026-10-03T22:59:43Z
WVCONS,Construction Employment,Labor,WV,Monthly,"Thousands of persons, SA",2018-02-01,34.9,FRED,2026-10-03T22:59:43Z
WVCONS,Construction Employment,Labor,WV,Monthly,"Thousands of persons, SA",2018-03-01,35.7,FRED,2026-10-03T22:59:43Z
WVCONS,Construction Employment,Labor,WV,Monthly,"Thousands of persons, SA",2018-04-01,36.2,FRED,2026-10-03T22:59:43Z
WVCONS,Construction Employment,Labor,WV,Monthly,"Thousands of persons, SA",2018-05-01,37.9,FRED,2026-10-03T22:59:43Z
WVCONS,Construction Employment,Labor,WV,Monthly,"Thousands of persons, SA",2018-06-01,40.3,FRED,2026-10-03T22:59:43Z
WVCONS,Construction Employment,Labor,WV,Monthly,"Thousands of persons, SA",2018-07-01,42.8,FRED,2026-10-03T22:59:43Z
WVCONS,Construction Employment,Labor,WV,Monthly,"Thousands of persons, SA",2018-08-01,44.1,FRED,2026-10-03T22:59:43Z
WVCONS,Construction Employment,Labor,WV,Monthly,"Thousands of persons, SA",2018-09-01,45.0,FRED,2026-10-03T22:59:43Z
WVCONS,Construction Employment,Labor,WV,Monthly,"Thousands of persons, SA",2018-10-01,45.2,FRED,2026-10-03T22:59:43Z
WVCONS,Construction Employment,Labor,WV,Monthly,"Thousands of persons, SA",2018-11-01,43.3,FRED,2026-10-03T22:59:43Z
WVCONS,Construction Employment,Labor,WV,Monthly,"Thousands of persons, SA",2018-12-01,41.3,FRED,2026-10-03T22:59:43Z
WVCONS,Construction Employment,Labor,WV,Monthly,"Thousands of persons, SA",2019-01-01,38.4,FRED,2026-10-03T22:59:43Z
WVCONS,Construction Employment,Labor,WV,Monthly,"Thousands of persons, SA",2019-02-01,37.2,FRED,2026-10-03T22:59:43Z
WVCONS,Construction Employment,Labor,WV,Monthly,"Thousands of persons, SA",2019-03-01,36.5,FRED,2026-10-03T22:59:43Z
WVCONS,Construction Employment,Labor,WV,Monthly,"Thousands of persons, SA",2019-04-01,36.8,FRED,2026-10-03T22:59:43Z
WVCONS,Construction Employment,Labor,WV,Monthly,"Thousands of persons, SA",2019-05-01,37.1,FRED,2026-10-03T22:59:43Z
WVCONS,Construction Employment,Labor,WV,Monthly,"Thousands of persons, SA",2019-06-01,36.8,FRED,2026-10-03T22:59:43Z
WVCONS,Construction Employment,Labor,WV,Monthly,"Thousands of persons, SA",2019-07-01,36.3,FRED,2026-10-03T22:59:43Z
WVCONS,Construction Employment,Labor,WV,Monthly,"Thousands of persons, SA",2019-08-01,35.6,FRED,2026-10-03T22:59:43Z
WVCONS,Construction Employment,Labor,WV,Monthly,"Thousands of persons, SA",2019-09-01,34.5,FRED,2026-10-03T22:59:43Z
WVCONS,Construction Employment,Labor,WV,Monthly,"Thousands of persons, SA",2019-10-01,33.1,FRED,2026-10-03T22:59:43Z
WVCONS,Construction Employment,Labor,WV,Monthly,"Thousands of persons, SA",2019-11-01,31.5,FRED,2026-10-03T22:59:43Z
WVCONS,Construction Employment,Labor,WV,Monthly,"Thousands of persons, SA",2019-12-01,31.8,FRED,2026-10-03T22:59:43Z
WVCONS,Construction Employment,Labor,WV,Monthly,"Thousands of persons, SA",2020-01-01,32.5,FRED,2026-10-03T22:59:43Z
WVCONS,Construction Employment,Labor,WV,Monthly,"Thousands of persons, SA",2020-02-01,32.3,FRED,2026-10-03T22:59:43Z
WVCONS,Construction Employment,Labor,WV,Monthly,"Thousands of persons, SA",2020-03-01,32.3,FRED,2026-10-03T22:59:43Z
WVCONS,Construction Employment,Labor,WV,Monthly,"Thousands of persons, SA",2020-04-01,26.1,FRED,2026-10-03T22:59:43Z
WVCONS,Construction Employment,Labor,WV,Monthly,"Thousands of persons, SA",2020-05-01,28.2,FRED,2026-10-03T22:59:43Z
WVCONS,Construction Employment,Labor,WV,Monthly,"Thousands of persons, SA",2020-06-01,28.9,FRED,2026-10-03T22:59:43Z
WVCONS,Construction Employment,Labor,WV,Monthly,"Thousands of persons, SA",2020-07-01,28.7,FRED,2026-10-03T22:59:43Z
WVCONS,Construction Employment,Labor,WV,Monthly,"Thousands of persons, SA",2020-08-01,28.9,FRED,2026-10-03T22:59:43Z
WVCONS,Construction Employment,Labor,WV,Monthly,"Thousands of persons, SA",2020-09-01,29.3,FRED,2026-10-03T22:59:43Z
WVCONS,Construction Employment,Labor,WV,Monthly,"Thousands of persons, SA",2020-10-01,29.7,FRED,2026-10-03T22:59:43Z
WVCONS,Construction Employment,Labor,WV,Monthly,"Thousands of persons, SA",2020-11-01,30.1,FRED,2026-10-03T22:59:43Z
WVCONS,Construction Employment,Labor,WV,Monthly,"Thousands of persons, SA",2020-12-01,30.2,FRED,2026-10-03T22:59:43Z
WVCONS,Construction Employment,Labor,WV,Monthly,"Thousands of persons, SA",2021-01-01,30.5,FRED,2026-10-03T22:59:43Z
WVCONS,Construction Employment,Labor,WV,Monthly,"Thousands of persons, SA",2021-02-01,30.2,FRED,2026-10-03T22:59:43Z
WVCONS,Construction Employment,Labor,WV,Monthly,"Thousands of persons, SA",2021-03-01,31.0,FRED,2026-10-03T22:59:43Z
WVCONS,Construction Employment,Labor,WV,Monthly,"Thousands of persons, SA",2021-04-01,30.4,FRED,2026-10-03T22:59:43Z
WVCONS,Construction Employment,Labor,WV,Monthly,"Thousands of persons, SA",2021-05-01,30.1,FRED,2026-10-03T22:59:43Z
WVCONS,Construction Employment,Labor,WV,Monthly,"Thousands of persons, SA",2021-06-01,30.1,FRED,2026-10-03T22:59:43Z
WVCONS,Construction Employment,Labor,WV,Monthly,"Thousands of persons, SA",2021-07-01,30.8,FRED,2026-10-03T22:59:43Z
WVCONS,Construction Employment,Labor,WV,Monthly,"Thousands of persons, SA",2021-08-01,30.7,FRED,2026-10-03T22:59:43Z
WVCONS,Construction Employment,Labor,WV,Monthly,"Thousands of persons, SA",2021-09-01,30.9,FRED,2026-10-03T22:59:43Z
WVCONS,Construction Employment,Labor,WV,Monthly,"Thousands of persons, SA",2021-10-01,31.6,FRED,2026-10-03T22:59:43Z
WVCONS,Construction Employment,Labor,WV,Monthly,"Thousands of persons, SA",2021-11-01,32.1,FRED,2026-10-03T22:59:43Z
WVCONS,Construction Employment,Labor,WV,Monthly,"Thousands of persons, SA",2021-12-01,32.4,FRED,2026-10-03T22:59:43Z
WVCONS,Construction Employment,Labor,WV,Monthly,"Thousands of persons, SA",2022-01-01,32.4,FRED,2026-10-03T22:59:43Z
WVCONS,Construction Employment,Labor,WV,Monthly,"Thousands of persons, SA",2022-02-01,33.0,FRED,2026-10-03T22:59:43Z
WVCONS,Construction Employment,Labor,WV,Monthly,"Thousands of persons, SA",2022-03-01,32.5,FRED,2026-10-03T22:59:43Z
WVCONS,Construction Employment,Labor,WV,Monthly,"Thousands of persons, SA",2022-04-01,31.9,FRED,2026-10-03T22:59:43Z
WVCONS,Construction Employment,Labor,WV,Monthly,"Thousands of persons, SA",2022-05-01,31.6,FRED,2026-10-03T22:59:43Z
WVCONS,Construction Employment,Labor,WV,Monthly,"Thousands of persons, SA",2022-06-01,31.6,FRED,2026-10-03T22:59:43Z
WVCONS,Construction Employment,Labor,WV,Monthly,"Thousands of persons, SA",2022-07-01,31.3,FRED,2026-10-03T22:59:43Z
WVCONS,Construction Employment,Labor,WV,Monthly,"Thousands of persons, SA",2022-08-01,31.4,FRED,2026-10-03T22:59:43Z
WVCONS,Construction Employment,Labor,WV,Monthly,"Thousands of persons, SA",2022-09-01,31.5,FRED,2026-10-03T22:59:43Z
WVCONS,Construction Employment,Labor,WV,Monthly,"Thousands of persons, SA",2022-10-01,31.3,FRED,2026-10-03T22:59:43Z
WVCONS,Construction Employment,Labor,WV,Monthly,"Thousands of persons, SA",2022-11-01,31.5,FRED,2026-10-03T22:59:43Z
WVCONS,Construction Employment,Labor,WV,Monthly,"Thousands of persons, SA",2022-12-01,31.6,FRED,2026-10-03T22:59:43Z
WVCONS,Construction Employment,Labor,WV,Monthly,"Thousands of persons, SA",2023-01-01,33.0,FRED,2026-10-03T22:59:43Z
WVCONS,Construction Employment,Labor,WV,Monthly,"Thousands of persons, SA",2023-02-01,32.8,FRED,2026-10-03T22:59:43Z
WVCONS,Construction Employment,Labor,WV,Monthly,"Thousands of persons, SA",2023-03-01,32.2,FRED,2026-10-03T22:59:43Z
WVCONS,Construction Employment,Labor,WV,Monthly,"Thousands of persons, SA",2023-04-01,32.3,FRED,2026-10-03T22:59:43Z
WVCONS,Construction Employment,Labor,WV,Monthly,"Thousands of persons, SA",2023-05-01,32.0,FRED,2026-10-03T22:59:43Z
WVCONS,Construction Employment,Labor,WV,Monthly,"Thousands of persons, SA",2023-06-01,32.2,FRED,2026-10-03T22:59:43Z
WVCONS,Construction Employment,Labor,WV,Monthly,"Thousands of persons, SA",2023-07-01,32.5,FRED,2026-10-03T22:59:43Z
WVCONS,Construction Employment,Labor,WV,Monthly,"Thousands of persons, SA",2023-08-01,32.9,FRED,2026-10-03T22:59:43Z
WVCONS,Construction Employment,Labor,WV,Monthly,"Thousands of persons, SA",2023-09-01,33.7,FRED,2026-10-03T22:59:43Z
WVCONS,Construction Employment,Labor,WV,Monthly,"Thousands of persons, SA",2023-10-01,34.0,FRED,2026-10-03T22:59:43Z
WVCONS,Construction Employment,Labor,WV,Monthly,"Thousands of persons, SA",2023-11-01,34.2,FRED,2026-10-03T22:59:43Z
WVCONS,Construction Employment,Labor,WV,Monthly,"Thousands of persons, SA",2023-12-01,34.4,FRED,2026-10-03T22:59:43Z
WVCONS,Construction Employment,Labor,WV,Monthly,"Thousands of persons, SA",2024-01-01,34.4,FRED,2026-10-03T22:59:43Z
WVCONS,Construction Employment,Labor,WV,Monthly,"Thousands of persons, SA",2024-02-01,34.7,FRED,2026-10-03T22:59:43Z
WVCONS,Construction Employment,Labor,WV,Monthly,"Thousands of persons, SA",2024-03-01,33.9,FRED,2026-10-03T22:59:43Z
WVCONS,Construction Employment,Labor,WV,Monthly,"Thousands of persons, SA",2024-04-01,33.4,FRED,2026-10-03T22:59:43Z
WVCONS,Construction Employment,Labor,WV,Monthly,"Thousands of persons, SA",2024-05-01,33.5,FRED,2026-10-03T22:59:43Z
WVCONS,Construction Employment,Labor,WV,Monthly,"Thousands of persons, SA",2024-06-01,33.7,FRED,2026-10-03T22:59:43Z
WVCONS,Construction Employment,Labor,WV,Monthly,"Thousands of persons, SA",2024-07-01,33.6,FRED,2026-10-03T22:59:43Z
WVCONS,Construction Employment,Labor,WV,Monthly,"Thousands of persons, SA",2024-08-01,33.5,FRED,2026-10-03T22:59:43Z
WVCONS,Construction Employment,Labor,WV,Monthly,"Thousands of persons, SA",2024-09-01,33.1,FRED,2026-10-03T22:59:43Z
WVCONS,Construction Employment,Labor,WV,Monthly,"Thousands of persons, SA",2024-10-01,33.0,FRED,2026-10-03T22:59:43Z
WVCONS,Construction Employment,Labor,WV,Monthly,"Thousands of persons, SA",2024-11-01,33.4,FRED,2026-10-03T22:59:43Z
WVCONS,Construction Employment,Labor,WV,Monthly,"Thousands of persons, SA",2024-12-01,33.5,FRED,2026-10-03T22:59:43Z
WVCONS,Construction Employment,Labor,WV,Monthly,"Thousands of persons, SA",2025-01-01,32.7,FRED,2026-10-03T22:59:43Z
WVCONS,Construction Employment,Labor,WV,Monthly,"Thousands of persons, SA",2025-02-01,34.1,FRED,2026-10-03T22:59:43Z
WVCONS,Construction Employment,Labor,WV,Monthly,"Thousands of persons, SA",2025-03-01,34.8,FRED,2026-10-03T22:59:43Z
WVCONS,Construction Employment,Labor,WV,Monthly,"Thousands of persons, SA",2025-04-01,35.1,FRED,2026-10-03T22:59:43Z
WVCONS,Construction Employment,Labor,WV,Monthly,"Thousands of persons, SA",2025-05-01,35.6,FRED,2026-10-03T22:59:43Z
WVCONS,Construction Employment,Labor,WV,Monthly,"Thousands of persons, SA",2025-06-01,35.0,FRED,2026-10-03T22:59:43Z
WVCONS,Construction Employment,Labor,WV,Monthly,"Thousands of persons, SA",2025-07-01,35.0,FRED,2026-10-03T22:59:43Z
WVCONS,Construction Employment,Labor,WV,Monthly,"Thousands of persons, SA",2025-08-01,35.3,FRED,2026-10-03T22:59:43Z
WVCONS,Construction Employment,Labor,WV,Monthly,"Thousands of persons, SA",2025-09-01,35.4,FRED,2026-10-03T22:59:43Z
WVCONS,Construction Employment,Labor,WV,Monthly,"Thousands of persons, SA",2025-10-01,35.5,FRED,2026-10-03T22:59:43Z
WVCONS,Construction Employment,Labor,WV,Monthly,"Thousands of persons, SA",2025-11-01,35.6,FRED,2026-10-03T22:59:43Z
WVCONS,Construction Employment,Labor,WV,Monthly,"Thousands of persons, SA",2025-12-01,35.5,FRED,2026-10-03T22:59:43Z
WVCONS,Construction Employment,Labor,WV,Monthly,"Thousands of persons, SA",2026-01-01,37.6,FRED,2026-10-03T22:59:43Z
WVCONS,Construction Employment,Labor,WV,Monthly,"Thousands of persons, SA",2026-02-01,36.6,FRED,2026-10-03T22:59:43Z
WVCONS,Construction Employment,Labor,WV,Monthly,"Thousands of persons, SA",2026-03-01,36.5,FRED,2026-10-03T22:59:43Z
WVCONS,Construction Employment,Labor,WV,Monthly,"Thousands of persons, SA",2026-04-01,37.5,FRED,2026-10-03T22:59:43Z
WVCONS,Construction Employment,Labor,WV,Monthly,"Thousands of persons, SA",2026-05-01,36.3,FRED,2026-10-03T22:59:43Z
WVCONS,Construction Employment,Labor,WV,Monthly,"Thousands of persons, SA",2026-06-01,36.1,FRED,2026-10-03T22:59:43Z
WVCONS,Construction Employment,Labor,WV,Monthly,"Thousands of persons, SA",2026-07-01,35.0,FRED,2026-10-03T22:59:43Z
WVCONS,Construction Employment,Labor,WV,Monthly,"Thousands of persons, SA",2026-08-01,34.6,FRED,2026-10-03T22:59:43Z
SMS24000002000000001,Construction Employment,Labor,MD,Monthly,"Thousands of persons, SA",2018-01-01,161.4,FRED,2026-10-03T22:59:43Z
SMS24000002000000001,Construction Employment,Labor,MD,Monthly,"Thousands of persons, SA",2018-02-01,163.2,FRED,2026-10-03T22:59:43Z
SMS24000002000000001,Construction Employment,Labor,MD,Monthly,"Thousands of persons, SA",2018-03-01,163.2,FRED,2026-10-03T22:59:43Z
SMS24000002000000001,Construction Employment,Labor,MD,Monthly,"Thousands of persons, SA",2018-04-01,162.6,FRED,2026-10-03T22:59:43Z
SMS24000002000000001,Construction Employment,Labor,MD,Monthly,"Thousands of persons, SA",2018-05-01,162.7,FRED,2026-10-03T22:59:43Z
SMS24000002000000001,Construction Employment,Labor,MD,Monthly,"Thousands of persons, SA",2018-06-01,162.8,FRED,2026-10-03T22:59:43Z
SMS24000002000000001,Construction Employment,Labor,MD,Monthly,"Thousands of persons, SA",2018-07-01,163.7,FRED,2026-10-03T22:59:43Z
SMS24000002000000001,Construction Employment,Labor,MD,Monthly,"Thousands of persons, SA",2018-08-01,164.0,FRED,2026-10-03T22:59:43Z
SMS24000002000000001,Construction Employment,Labor,MD,Monthly,"Thousands of persons, SA",2018-09-01,164.1,FRED,2026-10-03T22:59:43Z
SMS24000002000000001,Construction Employment,Labor,MD,Monthly,"Thousands of persons, SA",2018-10-01,164.4,FRED,2026-10-03T22:59:43Z
SMS24000002000000001,Construction Employment,Labor,MD,Monthly,"Thousands of persons, SA",2018-11-01,164.2,FRED,2026-10-03T22:59:43Z
SMS24000002000000001,Construction Employment,Labor,MD,Monthly,"Thousands of persons, SA",2018-12-01,164.2,FRED,2026-10-03T22:59:43Z
SMS24000002000000001,Construction Employment,Labor,MD,Monthly,"Thousands of persons, SA",2019-01-01,166.8,FRED,2026-10-03T22:59:43Z
SMS24000002000000001,Construction Employment,Labor,MD,Monthly,"Thousands of persons, SA",2019-02-01,164.7,FRED,2026-10-03T22:59:43Z
SMS24000002000000001,Construction Employment,Labor,MD,Monthly,"Thousands of persons, SA",2019-03-01,165.3,FRED,2026-10-03T22:59:43Z
SMS24000002000000001,Construction Employment,Labor,MD,Monthly,"Thousands of persons, SA",2019-04-01,165.6,FRED,2026-10-03T22:59:43Z
SMS24000002000000001,Construction Employment,Labor,MD,Monthly,"Thousands of persons, SA",2019-05-01,165.8,FRED,2026-10-03T22:59:43Z
SMS24000002000000001,Construction Employment,Labor,MD,Monthly,"Thousands of persons, SA",2019-06-01,166.2,FRED,2026-10-03T22:59:43Z
SMS24000002000000001,Construction Employment,Labor,MD,Monthly,"Thousands of persons, SA",2019-07-01,166.6,FRED,2026-10-03T22:59:43Z
SMS24000002000000001,Construction Employment,Labor,MD,Monthly,"Thousands of persons, SA",2019-08-01,166.9,FRED,2026-10-03T22:59:43Z
SMS24000002000000001,Construction Employment,Labor,MD,Monthly,"Thousands of persons, SA",2019-09-01,167.4,FRED,2026-10-03T22:59:43Z
SMS24000002000000001,Construction Employment,Labor,MD,Monthly,"Thousands of persons, SA",2019-10-01,167.5,FRED,2026-10-03T22:59:43Z
SMS24000002000000001,Construction Employment,Labor,MD,Monthly,"Thousands of persons, SA",2019-11-01,167.3,FRED,2026-10-03T22:59:43Z
SMS24000002000000001,Construction Employment,Labor,MD,Monthly,"Thousands of persons, SA",2019-12-01,166.9,FRED,2026-10-03T22:59:43Z
SMS24000002000000001,Construction Employment,Labor,MD,Monthly,"Thousands of persons, SA",2020-01-01,166.8,FRED,2026-10-03T22:59:43Z
SMS24000002000000001,Construction Employment,Labor,MD,Monthly,"Thousands of persons, SA",2020-02-01,166.4,FRED,2026-10-03T22:59:43Z
SMS24000002000000001,Construction Employment,Labor,MD,Monthly,"Thousands of persons, SA",2020-03-01,165.6,FRED,2026-10-03T22:59:43Z
SMS24000002000000001,Construction Employment,Labor,MD,Monthly,"Thousands of persons, SA",2020-04-01,150.5,FRED,2026-10-03T22:59:43Z
SMS24000002000000001,Construction Employment,Labor,MD,Monthly,"Thousands of persons, SA",2020-05-01,154.9,FRED,2026-10-03T22:59:43Z
SMS24000002000000001,Construction Employment,Labor,MD,Monthly,"Thousands of persons, SA",2020-06-01,158.0,FRED,2026-10-03T22:59:43Z
SMS24000002000000001,Construction Employment,Labor,MD,Monthly,"Thousands of persons, SA",2020-07-01,158.5,FRED,2026-10-03T22:59:43Z
SMS24000002000000001,Construction Employment,Labor,MD,Monthly,"Thousands of persons, SA",2020-08-01,158.7,FRED,2026-10-03T22:59:43Z
SMS24000002000000001,Construction Employment,Labor,MD,Monthly,"Thousands of persons, SA",2020-09-01,160.1,FRED,2026-10-03T22:59:43Z
SMS24000002000000001,Construction Employment,Labor,MD,Monthly,"Thousands of persons, SA",2020-10-01,160.2,FRED,2026-10-03T22:59:43Z
SMS24000002000000001,Construction Employment,Labor,MD,Monthly,"Thousands of persons, SA",2020-11-01,160.6,FRED,2026-10-03T22:59:43Z
SMS24000002000000001,Construction Employment,Labor,MD,Monthly,"Thousands of persons, SA",2020-12-01,161.4,FRED,2026-10-03T22:59:43Z
SMS24000002000000001,Construction Employment,Labor,MD,Monthly,"Thousands of persons, SA",2021-01-01,161.4,FRED,2026-10-03T22:59:43Z
SMS24000002000000001,Construction Employment,Labor,MD,Monthly,"Thousands of persons, SA",2021-02-01,160.5,FRED,2026-10-03T22:59:43Z
SMS24000002000000001,Construction Employment,Labor,MD,Monthly,"Thousands of persons, SA",2021-03-01,161.0,FRED,2026-10-03T22:59:43Z
SMS24000002000000001,Construction Employment,Labor,MD,Monthly,"Thousands of persons, SA",2021-04-01,160.7,FRED,2026-10-03T22:59:43Z
SMS24000002000000001,Construction Employment,Labor,MD,Monthly,"Thousands of persons, SA",2021-05-01,160.4,FRED,2026-10-03T22:59:43Z
SMS24000002000000001,Construction Employment,Labor,MD,Monthly,"Thousands of persons, SA",2021-06-01,159.6,FRED,2026-10-03T22:59:43Z
SMS24000002000000001,Construction Employment,Labor,MD,Monthly,"Thousands of persons, SA",2021-07-01,160.0,FRED,2026-10-03T22:59:43Z
SMS24000002000000001,Construction Employment,Labor,MD,Monthly,"Thousands of persons, SA",2021-08-01,159.7,FRED,2026-10-03T22:59:43Z
SMS24000002000000001,Construction Employment,Labor,MD,Monthly,"Thousands of persons, SA",2021-09-01,159.9,FRED,2026-10-03T22:59:43Z
SMS24000002000000001,Construction Employment,Labor,MD,Monthly,"Thousands of persons, SA",2021-10-01,160.5,FRED,2026-10-03T22:59:43Z
SMS24000002000000001,Construction Employment,Labor,MD,Monthly,"Thousands of persons, SA",2021-11-01,161.2,FRED,2026-10-03T22:59:43Z
SMS24000002000000001,Construction Employment,Labor,MD,Monthly,"Thousands of persons, SA",2021-12-01,161.5,FRED,2026-10-03T22:59:43Z
SMS24000002000000001,Construction Employment,Labor,MD,Monthly,"Thousands of persons, SA",2022-01-01,160.4,FRED,2026-10-03T22:59:43Z
SMS24000002000000001,Construction Employment,Labor,MD,Monthly,"Thousands of persons, SA",2022-02-01,161.9,FRED,2026-10-03T22:59:43Z
SMS24000002000000001,Construction Employment,Labor,MD,Monthly,"Thousands of persons, SA",2022-03-01,161.6,FRED,2026-10-03T22:59:43Z
SMS24000002000000001,Construction Employment,Labor,MD,Monthly,"Thousands of persons, SA",2022-04-01,161.4,FRED,2026-10-03T22:59:43Z
SMS24000002000000001,Construction Employment,Labor,MD,Monthly,"Thousands of persons, SA",2022-05-01,161.2,FRED,2026-10-03T22:59:43Z
SMS24000002000000001,Construction Employment,Labor,MD,Monthly,"Thousands of persons, SA",2022-06-01,160.5,FRED,2026-10-03T22:59:43Z
SMS24000002000000001,Construction Employment,Labor,MD,Monthly,"Thousands of persons, SA",2022-07-01,161.1,FRED,2026-10-03T22:59:43Z
SMS24000002000000001,Construction Employment,Labor,MD,Monthly,"Thousands of persons, SA",2022-08-01,161.2,FRED,2026-10-03T22:59:43Z
SMS24000002000000001,Construction Employment,Labor,MD,Monthly,"Thousands of persons, SA",2022-09-01,161.4,FRED,2026-10-03T22:59:43Z
SMS24000002000000001,Construction Employment,Labor,MD,Monthly,"Thousands of persons, SA",2022-10-01,161.0,FRED,2026-10-03T22:59:43Z
SMS24000002000000001,Construction Employment,Labor,MD,Monthly,"Thousands of persons, SA",2022-11-01,160.5,FRED,2026-10-03T22:59:43Z
SMS24000002000000001,Construction Employment,Labor,MD,Monthly,"Thousands of persons, SA",2022-12-01,160.4,FRED,2026-10-03T22:59:43Z
SMS24000002000000001,Construction Employment,Labor,MD,Monthly,"Thousands of persons, SA",2023-01-01,161.3,FRED,2026-10-03T22:59:43Z
SMS24000002000000001,Construction Employment,Labor,MD,Monthly,"Thousands of persons, SA",2023-02-01,161.7,FRED,2026-10-03T22:59:43Z
SMS24000002000000001,Construction Employment,Labor,MD,Monthly,"Thousands of persons, SA",2023-03-01,161.3,FRED,2026-10-03T22:59:43Z
SMS24000002000000001,Construction Employment,Labor,MD,Monthly,"Thousands of persons, SA",2023-04-01,161.5,FRED,2026-10-03T22:59:43Z
SMS24000002000000001,Construction Employment,Labor,MD,Monthly,"Thousands of persons, SA",2023-05-01,161.5,FRED,2026-10-03T22:59:43Z
SMS24000002000000001,Construction Employment,Labor,MD,Monthly,"Thousands of persons, SA",2023-06-01,161.3,FRED,2026-10-03T22:59:43Z
SMS24000002000000001,Construction Employment,Labor,MD,Monthly,"Thousands of persons, SA",2023-07-01,161.1,FRED,2026-10-03T22:59:43Z
SMS24000002000000001,Construction Employment,Labor,MD,Monthly,"Thousands of persons, SA",2023-08-01,160.7,FRED,2026-10-03T22:59:43Z
SMS24000002000000001,Construction Employment,Labor,MD,Monthly,"Thousands of persons, SA",2023-09-01,160.4,FRED,2026-10-03T22:59:43Z
SMS24000002000000001,Construction Employment,Labor,MD,Monthly,"Thousands of persons, SA",2023-10-01,160.6,FRED,2026-10-03T22:59:43Z
SMS24000002000000001,Construction Employment,Labor,MD,Monthly,"Thousands of persons, SA",2023-11-01,160.2,FRED,2026-10-03T22:59:43Z
SMS24000002000000001,Construction Employment,Labor,MD,Monthly,"Thousands of persons, SA",2023-12-01,160.3,FRED,2026-10-03T22:59:43Z
SMS24000002000000001,Construction Employment,Labor,MD,Monthly,"Thousands of persons, SA",2024-01-01,164.4,FRED,2026-10-03T22:59:43Z
SMS24000002000000001,Construction Employment,Labor,MD,Monthly,"Thousands of persons, SA",2024-02-01,164.3,FRED,2026-10-03T22:59:43Z
SMS24000002000000001,Construction Employment,Labor,MD,Monthly,"Thousands of persons, SA",2024-03-01,164.2,FRED,2026-10-03T22:59:43Z
SMS24000002000000001,Construction Employment,Labor,MD,Monthly,"Thousands of persons, SA",2024-04-01,164.0,FRED,2026-10-03T22:59:43Z
SMS24000002000000001,Construction Employment,Labor,MD,Monthly,"Thousands of persons, SA",2024-05-01,164.0,FRED,2026-10-03T22:59:43Z
SMS24000002000000001,Construction Employment,Labor,MD,Monthly,"Thousands of persons, SA",2024-06-01,164.5,FRED,2026-10-03T22:59:43Z
SMS24000002000000001,Construction Employment,Labor,MD,Monthly,"Thousands of persons, SA",2024-07-01,164.5,FRED,2026-10-03T22:59:43Z
SMS24000002000000001,Construction Employment,Labor,MD,Monthly,"Thousands of persons, SA",2024-08-01,164.2,FRED,2026-10-03T22:59:43Z
SMS24000002000000001,Construction Employment,Labor,MD,Monthly,"Thousands of persons, SA",2024-09-01,164.4,FRED,2026-10-03T22:59:43Z
SMS24000002000000001,Construction Employment,Labor,MD,Monthly,"Thousands of persons, SA",2024-10-01,164.0,FRED,2026-10-03T22:59:43Z
SMS24000002000000001,Construction Employment,Labor,MD,Monthly,"Thousands of persons, SA",2024-11-01,164.7,FRED,2026-10-03T22:59:43Z
SMS24000002000000001,Construction Employment,Labor,MD,Monthly,"Thousands of persons, SA",2024-12-01,164.0,FRED,2026-10-03T22:59:43Z
SMS24000002000000001,Construction Employment,Labor,MD,Monthly,"Thousands of persons, SA",2025-01-01,162.5,FRED,2026-10-03T22:59:43Z
SMS24000002000000001,Construction Employment,Labor,MD,Monthly,"Thousands of persons, SA",2025-02-01,164.0,FRED,2026-10-03T22:59:43Z
SMS24000002000000001,Construction Employment,Labor,MD,Monthly,"Thousands of persons, SA",2025-03-01,165.2,FRED,2026-10-03T22:59:43Z
SMS24000002000000001,Construction Employment,Labor,MD,Monthly,"Thousands of persons, SA",2025-04-01,164.5,FRED,2026-10-03T22:59:43Z
SMS24000002000000001,Construction Employment,Labor,MD,Monthly,"Thousands of persons, SA",2025-05-01,164.3,FRED,2026-10-03T22:59:43Z
SMS24000002000000001,Construction Employment,Labor,MD,Monthly,"Thousands of persons, SA",2025-06-01,164.6,FRED,2026-10-03T22:59:43Z
SMS24000002000000001,Construction Employment,Labor,MD,Monthly,"Thousands of persons, SA",2025-07-01,164.3,FRED,2026-10-03T22:59:43Z
SMS24000002000000001,Construction Employment,Labor,MD,Monthly,"Thousands of persons, SA",2025-08-01,164.7,FRED,2026-10-03T22:59:43Z
SMS24000002000000001,Construction Employment,Labor,MD,Monthly,"Thousands of persons, SA",2025-09-01,164.9,FRED,2026-10-03T22:59:43Z
SMS24000002000000001,Construction Employment,Labor,MD,Monthly,"Thousands of persons, SA",2025-10-01,165.4,FRED,2026-10-03T22:59:43Z
SMS24000002000000001,Construction Employment,Labor,MD,Monthly,"Thousands of persons, SA",2025-11-01,167.1,FRED,2026-10-03T22:59:43Z
SMS24000002000000001,Construction Employment,Labor,MD,Monthly,"Thousands of persons, SA",2025-12-01,166.8,FRED,2026-10-03T22:59:43Z
SMS24000002000000001,Construction Employment,Labor,MD,Monthly,"Thousands of persons, SA",2026-01-01,169.1,FRED,2026-10-03T22:59:43Z
SMS24000002000000001,Construction Employment,Labor,MD,Monthly,"Thousands of persons, SA",2026-02-01,165.1,FRED,2026-10-03T22:59:43Z
SMS24000002000000001,Construction Employment,Labor,MD,Monthly,"Thousands of persons, SA",2026-03-01,167.2,FRED,2026-10-03T22:59:43Z
SMS24000002000000001,Construction Employment,Labor,MD,Monthly,"Thousands of persons, SA",2026-04-01,167.5,FRED,2026-10-03T22:59:43Z
SMS24000002000000001,Construction Employment,Labor,MD,Monthly,"Thousands of persons, SA",2026-05-01,166.5,FRED,2026-10-03T22:59:43Z
SMS24000002000000001,Construction Employment,Labor,MD,Monthly,"Thousands of persons, SA",2026-06-01,165.9,FRED,2026-10-03T22:59:43Z
SMS24000002000000001,Construction Employment,Labor,MD,Monthly,"Thousands of persons, SA",2026-07-01,165.0,FRED,2026-10-03T22:59:43Z
SMS24000002000000001,Construction Employment,Labor,MD,Monthly,"Thousands of persons, SA",2026-08-01,163.0,FRED,2026-10-03T22:59:43Z
WPU112,PPI - Construction Machinery and Equipment,Prices,US,Monthly,Index 1982=100,2018-01-01,217.9,FRED,2026-10-03T22:59:43Z
WPU112,PPI - Construction Machinery and Equipment,Prices,US,Monthly,Index 1982=100,2018-02-01,218.1,FRED,2026-10-03T22:59:43Z
WPU112,PPI - Construction Machinery and Equipment,Prices,US,Monthly,Index 1982=100,2018-03-01,219.1,FRED,2026-10-03T22:59:43Z
WPU112,PPI - Construction Machinery and Equipment,Prices,US,Monthly,Index 1982=100,2018-04-01,219.2,FRED,2026-10-03T22:59:43Z
WPU112,PPI - Construction Machinery and Equipment,Prices,US,Monthly,Index 1982=100,2018-05-01,219.3,FRED,2026-10-03T22:59:43Z
WPU112,PPI - Construction Machinery and Equipment,Prices,US,Monthly,Index 1982=100,2018-06-01,219.6,FRED,2026-10-03T22:59:43Z
WPU112,PPI - Construction Machinery and Equipment,Prices,US,Monthly,Index 1982=100,2018-07-01,220.6,FRED,2026-10-03T22:59:43Z
WPU112,PPI - Construction Machinery and Equipment,Prices,US,Monthly,Index 1982=100,2018-08-01,228.0,FRED,2026-10-03T22:59:43Z
WPU112,PPI - Construction Machinery and Equipment,Prices,US,Monthly,Index 1982=100,2018-09-01,228.7,FRED,2026-10-03T22:59:43Z
WPU112,PPI - Construction Machinery and Equipment,Prices,US,Monthly,Index 1982=100,2018-10-01,228.7,FRED,2026-10-03T22:59:43Z
WPU112,PPI - Construction Machinery and Equipment,Prices,US,Monthly,Index 1982=100,2018-11-01,228.8,FRED,2026-10-03T22:59:43Z
WPU112,PPI - Construction Machinery and Equipment,Prices,US,Monthly,Index 1982=100,2018-12-01,228.9,FRED,2026-10-03T22:59:43Z
WPU112,PPI - Construction Machinery and Equipment,Prices,US,Monthly,Index 1982=100,2019-01-01,231.1,FRED,2026-10-03T22:59:43Z
WPU112,PPI - Construction Machinery and Equipment,Prices,US,Monthly,Index 1982=100,2019-02-01,231.6,FRED,2026-10-03T22:59:43Z
WPU112,PPI - Construction Machinery and Equipment,Prices,US,Monthly,Index 1982=100,2019-03-01,231.6,FRED,2026-10-03T22:59:43Z
WPU112,PPI - Construction Machinery and Equipment,Prices,US,Monthly,Index 1982=100,2019-04-01,231.7,FRED,2026-10-03T22:59:43Z
WPU112,PPI - Construction Machinery and Equipment,Prices,US,Monthly,Index 1982=100,2019-05-01,232.3,FRED,2026-10-03T22:59:43Z
WPU112,PPI - Construction Machinery and Equipment,Prices,US,Monthly,Index 1982=100,2019-06-01,232.4,FRED,2026-10-03T22:59:43Z
WPU112,PPI - Construction Machinery and Equipment,Prices,US,Monthly,Index 1982=100,2019-07-01,232.6,FRED,2026-10-03T22:59:43Z
WPU112,PPI - Construction Machinery and Equipment,Prices,US,Monthly,Index 1982=100,2019-08-01,232.7,FRED,2026-10-03T22:59:43Z
WPU112,PPI - Construction Machinery and Equipment,Prices,US,Monthly,Index 1982=100,2019-09-01,233.7,FRED,2026-10-03T22:59:43Z
WPU112,PPI - Construction Machinery and Equipment,Prices,US,Monthly,Index 1982=100,2019-10-01,233.7,FRED,2026-10-03T22:59:43Z
WPU112,PPI - Construction Machinery and Equipment,Prices,US,Monthly,Index 1982=100,2019-11-01,234.0,FRED,2026-10-03T22:59:43Z
WPU112,PPI - Construction Machinery and Equipment,Prices,US,Monthly,Index 1982=100,2019-12-01,234.2,FRED,2026-10-03T22:59:43Z
WPU112,PPI - Construction Machinery and Equipment,Prices,US,Monthly,Index 1982=100,2020-01-01,236.3,FRED,2026-10-03T22:59:43Z
WPU112,PPI - Construction Machinery and Equipment,Prices,US,Monthly,Index 1982=100,2020-02-01,236.5,FRED,2026-10-03T22:59:43Z
WPU112,PPI - Construction Machinery and Equipment,Prices,US,Monthly,Index 1982=100,2020-03-01,236.5,FRED,2026-10-03T22:59:43Z
WPU112,PPI - Construction Machinery and Equipment,Prices,US,Monthly,Index 1982=100,2020-04-01,236.6,FRED,2026-10-03T22:59:43Z
WPU112,PPI - Construction Machinery and Equipment,Prices,US,Monthly,Index 1982=100,2020-05-01,236.6,FRED,2026-10-03T22:59:43Z
WPU112,PPI - Construction Machinery and Equipment,Prices,US,Monthly,Index 1982=100,2020-06-01,236.6,FRED,2026-10-03T22:59:43Z
WPU112,PPI - Construction Machinery and Equipment,Prices,US,Monthly,Index 1982=100,2020-07-01,236.5,FRED,2026-10-03T22:59:43Z
WPU112,PPI - Construction Machinery and Equipment,Prices,US,Monthly,Index 1982=100,2020-08-01,236.5,FRED,2026-10-03T22:59:43Z
WPU112,PPI - Construction Machinery and Equipment,Prices,US,Monthly,Index 1982=100,2020-09-01,236.5,FRED,2026-10-03T22:59:43Z
WPU112,PPI - Construction Machinery and Equipment,Prices,US,Monthly,Index 1982=100,2020-10-01,236.7,FRED,2026-10-03T22:59:43Z
WPU112,PPI - Construction Machinery and Equipment,Prices,US,Monthly,Index 1982=100,2020-11-01,236.7,FRED,2026-10-03T22:59:43Z
WPU112,PPI - Construction Machinery and Equipment,Prices,US,Monthly,Index 1982=100,2020-12-01,236.8,FRED,2026-10-03T22:59:43Z
WPU112,PPI - Construction Machinery and Equipment,Prices,US,Monthly,Index 1982=100,2021-01-01,240.8,FRED,2026-10-03T22:59:43Z
WPU112,PPI - Construction Machinery and Equipment,Prices,US,Monthly,Index 1982=100,2021-02-01,241.1,FRED,2026-10-03T22:59:43Z
WPU112,PPI - Construction Machinery and Equipment,Prices,US,Monthly,Index 1982=100,2021-03-01,241.3,FRED,2026-10-03T22:59:43Z
WPU112,PPI - Construction Machinery and Equipment,Prices,US,Monthly,Index 1982=100,2021-04-01,241.5,FRED,2026-10-03T22:59:43Z
WPU112,PPI - Construction Machinery and Equipment,Prices,US,Monthly,Index 1982=100,2021-05-01,243.4,FRED,2026-10-03T22:59:43Z
WPU112,PPI - Construction Machinery and Equipment,Prices,US,Monthly,Index 1982=100,2021-06-01,246.9,FRED,2026-10-03T22:59:43Z
WPU112,PPI - Construction Machinery and Equipment,Prices,US,Monthly,Index 1982=100,2021-07-01,247.682,FRED,2026-10-03T22:59:43Z
WPU112,PPI - Construction Machinery and Equipment,Prices,US,Monthly,Index 1982=100,2021-08-01,248.835,FRED,2026-10-03T22:59:43Z
WPU112,PPI - Construction Machinery and Equipment,Prices,US,Monthly,Index 1982=100,2021-09-01,249.86,FRED,2026-10-03T22:59:43Z
WPU112,PPI - Construction Machinery and Equipment,Prices,US,Monthly,Index 1982=100,2021-10-01,257.313,FRED,2026-10-03T22:59:43Z
WPU112,PPI - Construction Machinery and Equipment,Prices,US,Monthly,Index 1982=100,2021-11-01,258.281,FRED,2026-10-03T22:59:43Z
WPU112,PPI - Construction Machinery and Equipment,Prices,US,Monthly,Index 1982=100,2021-12-01,260.38,FRED,2026-10-03T22:59:43Z
WPU112,PPI - Construction Machinery and Equipment,Prices,US,Monthly,Index 1982=100,2022-01-01,261.208,FRED,2026-10-03T22:59:43Z
WPU112,PPI - Construction Machinery and Equipment,Prices,US,Monthly,Index 1982=100,2022-02-01,262.762,FRED,2026-10-03T22:59:43Z
WPU112,PPI - Construction Machinery and Equipment,Prices,US,Monthly,Index 1982=100,2022-03-01,263.433,FRED,2026-10-03T22:59:43Z
WPU112,PPI - Construction Machinery and Equipment,Prices,US,Monthly,Index 1982=100,2022-04-01,270.673,FRED,2026-10-03T22:59:43Z
WPU112,PPI - Construction Machinery and Equipment,Prices,US,Monthly,Index 1982=100,2022-05-01,271.423,FRED,2026-10-03T22:59:43Z
WPU112,PPI - Construction Machinery and Equipment,Prices,US,Monthly,Index 1982=100,2022-06-01,274.14,FRED,2026-10-03T22:59:43Z
WPU112,PPI - Construction Machinery and Equipment,Prices,US,Monthly,Index 1982=100,2022-07-01,275.184,FRED,2026-10-03T22:59:43Z
WPU112,PPI - Construction Machinery and Equipment,Prices,US,Monthly,Index 1982=100,2022-08-01,282.317,FRED,2026-10-03T22:59:43Z
WPU112,PPI - Construction Machinery and Equipment,Prices,US,Monthly,Index 1982=100,2022-09-01,282.714,FRED,2026-10-03T22:59:43Z
WPU112,PPI - Construction Machinery and Equipment,Prices,US,Monthly,Index 1982=100,2022-10-01,282.777,FRED,2026-10-03T22:59:43Z
WPU112,PPI - Construction Machinery and Equipment,Prices,US,Monthly,Index 1982=100,2022-11-01,283.298,FRED,2026-10-03T22:59:43Z
WPU112,PPI - Construction Machinery and Equipment,Prices,US,Monthly,Index 1982=100,2022-12-01,283.37,FRED,2026-10-03T22:59:43Z
WPU112,PPI - Construction Machinery and Equipment,Prices,US,Monthly,Index 1982=100,2023-01-01,293.057,FRED,2026-10-03T22:59:43Z
WPU112,PPI - Construction Machinery and Equipment,Prices,US,Monthly,Index 1982=100,2023-02-01,294.047,FRED,2026-10-03T22:59:43Z
WPU112,PPI - Construction Machinery and Equipment,Prices,US,Monthly,Index 1982=100,2023-03-01,294.9,FRED,2026-10-03T22:59:43Z
WPU112,PPI - Construction Machinery and Equipment,Prices,US,Monthly,Index 1982=100,2023-04-01,295.79,FRED,2026-10-03T22:59:43Z
WPU112,PPI - Construction Machinery and Equipment,Prices,US,Monthly,Index 1982=100,2023-05-01,295.959,FRED,2026-10-03T22:59:43Z
WPU112,PPI - Construction Machinery and Equipment,Prices,US,Monthly,Index 1982=100,2023-06-01,296.072,FRED,2026-10-03T22:59:43Z
WPU112,PPI - Construction Machinery and Equipment,Prices,US,Monthly,Index 1982=100,2023-07-01,300.789,FRED,2026-10-03T22:59:43Z
WPU112,PPI - Construction Machinery and Equipment,Prices,US,Monthly,Index 1982=100,2023-08-01,300.774,FRED,2026-10-03T22:59:43Z
WPU112,PPI - Construction Machinery and Equipment,Prices,US,Monthly,Index 1982=100,2023-09-01,301.307,FRED,2026-10-03T22:59:43Z
WPU112,PPI - Construction Machinery and Equipment,Prices,US,Monthly,Index 1982=100,2023-10-01,301.308,FRED,2026-10-03T22:59:43Z
WPU112,PPI - Construction Machinery and Equipment,Prices,US,Monthly,Index 1982=100,2023-11-01,304.092,FRED,2026-10-03T22:59:43Z
WPU112,PPI - Construction Machinery and Equipment,Prices,US,Monthly,Index 1982=100,2023-12-01,304.493,FRED,2026-10-03T22:59:43Z
WPU112,PPI - Construction Machinery and Equipment,Prices,US,Monthly,Index 1982=100,2024-01-01,306.102,FRED,2026-10-03T22:59:43Z
WPU112,PPI - Construction Machinery and Equipment,Prices,US,Monthly,Index 1982=100,2024-02-01,306.62,FRED,2026-10-03T22:59:43Z
WPU112,PPI - Construction Machinery and Equipment,Prices,US,Monthly,Index 1982=100,2024-03-01,306.279,FRED,2026-10-03T22:59:43Z
WPU112,PPI - Construction Machinery and Equipment,Prices,US,Monthly,Index 1982=100,2024-04-01,306.901,FRED,2026-10-03T22:59:43Z
WPU112,PPI - Construction Machinery and Equipment,Prices,US,Monthly,Index 1982=100,2024-05-01,307.083,FRED,2026-10-03T22:59:43Z
WPU112,PPI - Construction Machinery and Equipment,Prices,US,Monthly,Index 1982=100,2024-06-01,307.27,FRED,2026-10-03T22:59:43Z
WPU112,PPI - Construction Machinery and Equipment,Prices,US,Monthly,Index 1982=100,2024-07-01,307.808,FRED,2026-10-03T22:59:43Z
WPU112,PPI - Construction Machinery and Equipment,Prices,US,Monthly,Index 1982=100,2024-08-01,307.627,FRED,2026-10-03T22:59:43Z
WPU112,PPI - Construction Machinery and Equipment,Prices,US,Monthly,Index 1982=100,2024-09-01,307.144,FRED,2026-10-03T22:59:43Z
WPU112,PPI - Construction Machinery and Equipment,Prices,US,Monthly,Index 1982=100,2024-10-01,307.294,FRED,2026-10-03T22:59:43Z
WPU112,PPI - Construction Machinery and Equipment,Prices,US,Monthly,Index 1982=100,2024-11-01,307.945,FRED,2026-10-03T22:59:43Z
WPU112,PPI - Construction Machinery and Equipment,Prices,US,Monthly,Index 1982=100,2024-12-01,307.7,FRED,2026-10-03T22:59:43Z
WPU112,PPI - Construction Machinery and Equipment,Prices,US,Monthly,Index 1982=100,2025-01-01,307.768,FRED,2026-10-03T22:59:43Z
WPU112,PPI - Construction Machinery and Equipment,Prices,US,Monthly,Index 1982=100,2025-02-01,308.355,FRED,2026-10-03T22:59:43Z
WPU112,PPI - Construction Machinery and Equipment,Prices,US,Monthly,Index 1982=100,2025-03-01,308.74,FRED,2026-10-03T22:59:43Z
WPU112,PPI - Construction Machinery and Equipment,Prices,US,Monthly,Index 1982=100,2025-04-01,311.284,FRED,2026-10-03T22:59:43Z
WPU112,PPI - Construction Machinery and Equipment,Prices,US,Monthly,Index 1982=100,2025-05-01,313.391,FRED,2026-10-03T22:59:43Z
WPU112,PPI - Construction Machinery and Equipment,Prices,US,Monthly,Index 1982=100,2025-06-01,316.401,FRED,2026-10-03T22:59:43Z
WPU112,PPI - Construction Machinery and Equipment,Prices,US,Monthly,Index 1982=100,2025-07-01,318.274,FRED,2026-10-03T22:59:43Z
WPU112,PPI - Construction Machinery and Equipment,Prices,US,Monthly,Index 1982=100,2025-08-01,319.667,FRED,2026-10-03T22:59:43Z
WPU112,PPI - Construction Machinery and Equipment,Prices,US,Monthly,Index 1982=100,2025-09-01,320.87,FRED,2026-10-03T22:59:43Z
WPU112,PPI - Construction Machinery and Equipment,Prices,US,Monthly,Index 1982=100,2025-10-01,322.397,FRED,2026-10-03T22:59:43Z
WPU112,PPI - Construction Machinery and Equipment,Prices,US,Monthly,Index 1982=100,2025-11-01,322.398,FRED,2026-10-03T22:59:43Z
WPU112,PPI - Construction Machinery and Equipment,Prices,US,Monthly,Index 1982=100,2025-12-01,323.988,FRED,2026-10-03T22:59:43Z
WPU112,PPI - Construction Machinery and Equipment,Prices,US,Monthly,Index 1982=100,2026-01-01,322.601,FRED,2026-10-03T22:59:43Z
WPU112,PPI - Construction Machinery and Equipment,Prices,US,Monthly,Index 1982=100,2026-02-01,323.487,FRED,2026-10-03T22:59:43Z
WPU112,PPI - Construction Machinery and Equipment,Prices,US,Monthly,Index 1982=100,2026-03-01,323.487,FRED,2026-10-03T22:59:43Z
WPU112,PPI - Construction Machinery and Equipment,Prices,US,Monthly,Index 1982=100,2026-04-01,323.759,FRED,2026-10-03T22:59:43Z
WPU112,PPI - Construction Machinery and Equipment,Prices,US,Monthly,Index 1982=100,2026-05-01,324.443,FRED,2026-10-03T22:59:43Z
WPU112,PPI - Construction Machinery and Equipment,Prices,US,Monthly,Index 1982=100,2026-06-01,324.575,FRED,2026-10-03T22:59:43Z
WPU112,PPI - Construction Machinery and Equipment,Prices,US,Monthly,Index 1982=100,2026-07-01,326.671,FRED,2026-10-03T22:59:43Z
WPU112,PPI - Construction Machinery and Equipment,Prices,US,Monthly,Index 1982=100,2026-08-01,326.798,FRED,2026-10-03T22:59:43Z
PCU333120333120,PPI - Construction Machinery Manufacturing,Prices,US,Monthly,Index Dec 1984=100,2018-01-01,245.1,FRED,2026-10-03T22:59:43Z
PCU333120333120,PPI - Construction Machinery Manufacturing,Prices,US,Monthly,Index Dec 1984=100,2018-02-01,245.4,FRED,2026-10-03T22:59:43Z
PCU333120333120,PPI - Construction Machinery Manufacturing,Prices,US,Monthly,Index Dec 1984=100,2018-03-01,245.7,FRED,2026-10-03T22:59:43Z
PCU333120333120,PPI - Construction Machinery Manufacturing,Prices,US,Monthly,Index Dec 1984=100,2018-04-01,245.9,FRED,2026-10-03T22:59:43Z
PCU333120333120,PPI - Construction Machinery Manufacturing,Prices,US,Monthly,Index Dec 1984=100,2018-05-01,246.2,FRED,2026-10-03T22:59:43Z
PCU333120333120,PPI - Construction Machinery Manufacturing,Prices,US,Monthly,Index Dec 1984=100,2018-06-01,246.7,FRED,2026-10-03T22:59:43Z
PCU333120333120,PPI - Construction Machinery Manufacturing,Prices,US,Monthly,Index Dec 1984=100,2018-07-01,247.9,FRED,2026-10-03T22:59:43Z
PCU333120333120,PPI - Construction Machinery Manufacturing,Prices,US,Monthly,Index Dec 1984=100,2018-08-01,256.6,FRED,2026-10-03T22:59:43Z
PCU333120333120,PPI - Construction Machinery Manufacturing,Prices,US,Monthly,Index Dec 1984=100,2018-09-01,257.5,FRED,2026-10-03T22:59:43Z
PCU333120333120,PPI - Construction Machinery Manufacturing,Prices,US,Monthly,Index Dec 1984=100,2018-10-01,257.5,FRED,2026-10-03T22:59:43Z
PCU333120333120,PPI - Construction Machinery Manufacturing,Prices,US,Monthly,Index Dec 1984=100,2018-11-01,257.8,FRED,2026-10-03T22:59:43Z
PCU333120333120,PPI - Construction Machinery Manufacturing,Prices,US,Monthly,Index Dec 1984=100,2018-12-01,257.9,FRED,2026-10-03T22:59:43Z
PCU333120333120,PPI - Construction Machinery Manufacturing,Prices,US,Monthly,Index Dec 1984=100,2019-01-01,260.6,FRED,2026-10-03T22:59:43Z
PCU333120333120,PPI - Construction Machinery Manufacturing,Prices,US,Monthly,Index Dec 1984=100,2019-02-01,261.0,FRED,2026-10-03T22:59:43Z
PCU333120333120,PPI - Construction Machinery Manufacturing,Prices,US,Monthly,Index Dec 1984=100,2019-03-01,261.0,FRED,2026-10-03T22:59:43Z
PCU333120333120,PPI - Construction Machinery Manufacturing,Prices,US,Monthly,Index Dec 1984=100,2019-04-01,261.2,FRED,2026-10-03T22:59:43Z
PCU333120333120,PPI - Construction Machinery Manufacturing,Prices,US,Monthly,Index Dec 1984=100,2019-05-01,261.6,FRED,2026-10-03T22:59:43Z
PCU333120333120,PPI - Construction Machinery Manufacturing,Prices,US,Monthly,Index Dec 1984=100,2019-06-01,261.7,FRED,2026-10-03T22:59:43Z
PCU333120333120,PPI - Construction Machinery Manufacturing,Prices,US,Monthly,Index Dec 1984=100,2019-07-01,261.8,FRED,2026-10-03T22:59:43Z
PCU333120333120,PPI - Construction Machinery Manufacturing,Prices,US,Monthly,Index Dec 1984=100,2019-08-01,261.9,FRED,2026-10-03T22:59:43Z
PCU333120333120,PPI - Construction Machinery Manufacturing,Prices,US,Monthly,Index Dec 1984=100,2019-09-01,263.2,FRED,2026-10-03T22:59:43Z
PCU333120333120,PPI - Construction Machinery Manufacturing,Prices,US,Monthly,Index Dec 1984=100,2019-10-01,263.1,FRED,2026-10-03T22:59:43Z
PCU333120333120,PPI - Construction Machinery Manufacturing,Prices,US,Monthly,Index Dec 1984=100,2019-11-01,263.9,FRED,2026-10-03T22:59:43Z
PCU333120333120,PPI - Construction Machinery Manufacturing,Prices,US,Monthly,Index Dec 1984=100,2019-12-01,264.3,FRED,2026-10-03T22:59:43Z
PCU333120333120,PPI - Construction Machinery Manufacturing,Prices,US,Monthly,Index Dec 1984=100,2020-01-01,266.2,FRED,2026-10-03T22:59:43Z
PCU333120333120,PPI - Construction Machinery Manufacturing,Prices,US,Monthly,Index Dec 1984=100,2020-02-01,266.6,FRED,2026-10-03T22:59:43Z
PCU333120333120,PPI - Construction Machinery Manufacturing,Prices,US,Monthly,Index Dec 1984=100,2020-03-01,266.6,FRED,2026-10-03T22:59:43Z
PCU333120333120,PPI - Construction Machinery Manufacturing,Prices,US,Monthly,Index Dec 1984=100,2020-04-01,266.8,FRED,2026-10-03T22:59:43Z
PCU333120333120,PPI - Construction Machinery Manufacturing,Prices,US,Monthly,Index Dec 1984=100,2020-05-01,266.8,FRED,2026-10-03T22:59:43Z
PCU333120333120,PPI - Construction Machinery Manufacturing,Prices,US,Monthly,Index Dec 1984=100,2020-06-01,266.8,FRED,2026-10-03T22:59:43Z
PCU333120333120,PPI - Construction Machinery Manufacturing,Prices,US,Monthly,Index Dec 1984=100,2020-07-01,266.7,FRED,2026-10-03T22:59:43Z
PCU333120333120,PPI - Construction Machinery Manufacturing,Prices,US,Monthly,Index Dec 1984=100,2020-08-01,266.7,FRED,2026-10-03T22:59:43Z
PCU333120333120,PPI - Construction Machinery Manufacturing,Prices,US,Monthly,Index Dec 1984=100,2020-09-01,266.7,FRED,2026-10-03T22:59:43Z
PCU333120333120,PPI - Construction Machinery Manufacturing,Prices,US,Monthly,Index Dec 1984=100,2020-10-01,266.9,FRED,2026-10-03T22:59:43Z
PCU333120333120,PPI - Construction Machinery Manufacturing,Prices,US,Monthly,Index Dec 1984=100,2020-11-01,266.9,FRED,2026-10-03T22:59:43Z
PCU333120333120,PPI - Construction Machinery Manufacturing,Prices,US,Monthly,Index Dec 1984=100,2020-12-01,267.4,FRED,2026-10-03T22:59:43Z
PCU333120333120,PPI - Construction Machinery Manufacturing,Prices,US,Monthly,Index Dec 1984=100,2021-01-01,271.3,FRED,2026-10-03T22:59:43Z
PCU333120333120,PPI - Construction Machinery Manufacturing,Prices,US,Monthly,Index Dec 1984=100,2021-02-01,271.9,FRED,2026-10-03T22:59:43Z
PCU333120333120,PPI - Construction Machinery Manufacturing,Prices,US,Monthly,Index Dec 1984=100,2021-03-01,272.2,FRED,2026-10-03T22:59:43Z
PCU333120333120,PPI - Construction Machinery Manufacturing,Prices,US,Monthly,Index Dec 1984=100,2021-04-01,272.4,FRED,2026-10-03T22:59:43Z
PCU333120333120,PPI - Construction Machinery Manufacturing,Prices,US,Monthly,Index Dec 1984=100,2021-05-01,273.6,FRED,2026-10-03T22:59:43Z
PCU333120333120,PPI - Construction Machinery Manufacturing,Prices,US,Monthly,Index Dec 1984=100,2021-06-01,277.0,FRED,2026-10-03T22:59:43Z
PCU333120333120,PPI - Construction Machinery Manufacturing,Prices,US,Monthly,Index Dec 1984=100,2021-07-01,277.356,FRED,2026-10-03T22:59:43Z
PCU333120333120,PPI - Construction Machinery Manufacturing,Prices,US,Monthly,Index Dec 1984=100,2021-08-01,278.263,FRED,2026-10-03T22:59:43Z
PCU333120333120,PPI - Construction Machinery Manufacturing,Prices,US,Monthly,Index Dec 1984=100,2021-09-01,279.552,FRED,2026-10-03T22:59:43Z
PCU333120333120,PPI - Construction Machinery Manufacturing,Prices,US,Monthly,Index Dec 1984=100,2021-10-01,289.054,FRED,2026-10-03T22:59:43Z
PCU333120333120,PPI - Construction Machinery Manufacturing,Prices,US,Monthly,Index Dec 1984=100,2021-11-01,290.326,FRED,2026-10-03T22:59:43Z
PCU333120333120,PPI - Construction Machinery Manufacturing,Prices,US,Monthly,Index Dec 1984=100,2021-12-01,292.563,FRED,2026-10-03T22:59:43Z
PCU333120333120,PPI - Construction Machinery Manufacturing,Prices,US,Monthly,Index Dec 1984=100,2022-01-01,293.518,FRED,2026-10-03T22:59:43Z
PCU333120333120,PPI - Construction Machinery Manufacturing,Prices,US,Monthly,Index Dec 1984=100,2022-02-01,293.693,FRED,2026-10-03T22:59:43Z
PCU333120333120,PPI - Construction Machinery Manufacturing,Prices,US,Monthly,Index Dec 1984=100,2022-03-01,294.221,FRED,2026-10-03T22:59:43Z
PCU333120333120,PPI - Construction Machinery Manufacturing,Prices,US,Monthly,Index Dec 1984=100,2022-04-01,302.832,FRED,2026-10-03T22:59:43Z
PCU333120333120,PPI - Construction Machinery Manufacturing,Prices,US,Monthly,Index Dec 1984=100,2022-05-01,304.699,FRED,2026-10-03T22:59:43Z
PCU333120333120,PPI - Construction Machinery Manufacturing,Prices,US,Monthly,Index Dec 1984=100,2022-06-01,305.899,FRED,2026-10-03T22:59:43Z
PCU333120333120,PPI - Construction Machinery Manufacturing,Prices,US,Monthly,Index Dec 1984=100,2022-07-01,308.245,FRED,2026-10-03T22:59:43Z
PCU333120333120,PPI - Construction Machinery Manufacturing,Prices,US,Monthly,Index Dec 1984=100,2022-08-01,316.722,FRED,2026-10-03T22:59:43Z
PCU333120333120,PPI - Construction Machinery Manufacturing,Prices,US,Monthly,Index Dec 1984=100,2022-09-01,317.622,FRED,2026-10-03T22:59:43Z
PCU333120333120,PPI - Construction Machinery Manufacturing,Prices,US,Monthly,Index Dec 1984=100,2022-10-01,317.637,FRED,2026-10-03T22:59:43Z
PCU333120333120,PPI - Construction Machinery Manufacturing,Prices,US,Monthly,Index Dec 1984=100,2022-11-01,318.94,FRED,2026-10-03T22:59:43Z
PCU333120333120,PPI - Construction Machinery Manufacturing,Prices,US,Monthly,Index Dec 1984=100,2022-12-01,319.016,FRED,2026-10-03T22:59:43Z
PCU333120333120,PPI - Construction Machinery Manufacturing,Prices,US,Monthly,Index Dec 1984=100,2023-01-01,330.716,FRED,2026-10-03T22:59:43Z
PCU333120333120,PPI - Construction Machinery Manufacturing,Prices,US,Monthly,Index Dec 1984=100,2023-02-01,331.467,FRED,2026-10-03T22:59:43Z
PCU333120333120,PPI - Construction Machinery Manufacturing,Prices,US,Monthly,Index Dec 1984=100,2023-03-01,332.046,FRED,2026-10-03T22:59:43Z
PCU333120333120,PPI - Construction Machinery Manufacturing,Prices,US,Monthly,Index Dec 1984=100,2023-04-01,333.156,FRED,2026-10-03T22:59:43Z
PCU333120333120,PPI - Construction Machinery Manufacturing,Prices,US,Monthly,Index Dec 1984=100,2023-05-01,333.233,FRED,2026-10-03T22:59:43Z
PCU333120333120,PPI - Construction Machinery Manufacturing,Prices,US,Monthly,Index Dec 1984=100,2023-06-01,333.362,FRED,2026-10-03T22:59:43Z
PCU333120333120,PPI - Construction Machinery Manufacturing,Prices,US,Monthly,Index Dec 1984=100,2023-07-01,339.443,FRED,2026-10-03T22:59:43Z
PCU333120333120,PPI - Construction Machinery Manufacturing,Prices,US,Monthly,Index Dec 1984=100,2023-08-01,339.486,FRED,2026-10-03T22:59:43Z
PCU333120333120,PPI - Construction Machinery Manufacturing,Prices,US,Monthly,Index Dec 1984=100,2023-09-01,340.175,FRED,2026-10-03T22:59:43Z
PCU333120333120,PPI - Construction Machinery Manufacturing,Prices,US,Monthly,Index Dec 1984=100,2023-10-01,340.148,FRED,2026-10-03T22:59:43Z
PCU333120333120,PPI - Construction Machinery Manufacturing,Prices,US,Monthly,Index Dec 1984=100,2023-11-01,343.543,FRED,2026-10-03T22:59:43Z
PCU333120333120,PPI - Construction Machinery Manufacturing,Prices,US,Monthly,Index Dec 1984=100,2023-12-01,343.548,FRED,2026-10-03T22:59:43Z
PCU333120333120,PPI - Construction Machinery Manufacturing,Prices,US,Monthly,Index Dec 1984=100,2024-01-01,345.628,FRED,2026-10-03T22:59:43Z
PCU333120333120,PPI - Construction Machinery Manufacturing,Prices,US,Monthly,Index Dec 1984=100,2024-02-01,346.363,FRED,2026-10-03T22:59:43Z
PCU333120333120,PPI - Construction Machinery Manufacturing,Prices,US,Monthly,Index Dec 1984=100,2024-03-01,346.288,FRED,2026-10-03T22:59:43Z
PCU333120333120,PPI - Construction Machinery Manufacturing,Prices,US,Monthly,Index Dec 1984=100,2024-04-01,347.071,FRED,2026-10-03T22:59:43Z
PCU333120333120,PPI - Construction Machinery Manufacturing,Prices,US,Monthly,Index Dec 1984=100,2024-05-01,347.297,FRED,2026-10-03T22:59:43Z
PCU333120333120,PPI - Construction Machinery Manufacturing,Prices,US,Monthly,Index Dec 1984=100,2024-06-01,347.541,FRED,2026-10-03T22:59:43Z
PCU333120333120,PPI - Construction Machinery Manufacturing,Prices,US,Monthly,Index Dec 1984=100,2024-07-01,348.25,FRED,2026-10-03T22:59:43Z
PCU333120333120,PPI - Construction Machinery Manufacturing,Prices,US,Monthly,Index Dec 1984=100,2024-08-01,348.08,FRED,2026-10-03T22:59:43Z
PCU333120333120,PPI - Construction Machinery Manufacturing,Prices,US,Monthly,Index Dec 1984=100,2024-09-01,347.474,FRED,2026-10-03T22:59:43Z
PCU333120333120,PPI - Construction Machinery Manufacturing,Prices,US,Monthly,Index Dec 1984=100,2024-10-01,347.608,FRED,2026-10-03T22:59:43Z
PCU333120333120,PPI - Construction Machinery Manufacturing,Prices,US,Monthly,Index Dec 1984=100,2024-11-01,348.45,FRED,2026-10-03T22:59:43Z
PCU333120333120,PPI - Construction Machinery Manufacturing,Prices,US,Monthly,Index Dec 1984=100,2024-12-01,347.895,FRED,2026-10-03T22:59:43Z
PCU333120333120,PPI - Construction Machinery Manufacturing,Prices,US,Monthly,Index Dec 1984=100,2025-01-01,348.008,FRED,2026-10-03T22:59:43Z
PCU333120333120,PPI - Construction Machinery Manufacturing,Prices,US,Monthly,Index Dec 1984=100,2025-02-01,348.425,FRED,2026-10-03T22:59:43Z
PCU333120333120,PPI - Construction Machinery Manufacturing,Prices,US,Monthly,Index Dec 1984=100,2025-03-01,348.93,FRED,2026-10-03T22:59:43Z
PCU333120333120,PPI - Construction Machinery Manufacturing,Prices,US,Monthly,Index Dec 1984=100,2025-04-01,352.096,FRED,2026-10-03T22:59:43Z
PCU333120333120,PPI - Construction Machinery Manufacturing,Prices,US,Monthly,Index Dec 1984=100,2025-05-01,354.483,FRED,2026-10-03T22:59:43Z
PCU333120333120,PPI - Construction Machinery Manufacturing,Prices,US,Monthly,Index Dec 1984=100,2025-06-01,358.357,FRED,2026-10-03T22:59:43Z
PCU333120333120,PPI - Construction Machinery Manufacturing,Prices,US,Monthly,Index Dec 1984=100,2025-07-01,359.759,FRED,2026-10-03T22:59:43Z
PCU333120333120,PPI - Construction Machinery Manufacturing,Prices,US,Monthly,Index Dec 1984=100,2025-08-01,361.598,FRED,2026-10-03T22:59:43Z
PCU333120333120,PPI - Construction Machinery Manufacturing,Prices,US,Monthly,Index Dec 1984=100,2025-09-01,362.886,FRED,2026-10-03T22:59:43Z
PCU333120333120,PPI - Construction Machinery Manufacturing,Prices,US,Monthly,Index Dec 1984=100,2025-10-01,364.819,FRED,2026-10-03T22:59:43Z
PCU333120333120,PPI - Construction Machinery Manufacturing,Prices,US,Monthly,Index Dec 1984=100,2025-11-01,364.818,FRED,2026-10-03T22:59:43Z
PCU333120333120,PPI - Construction Machinery Manufacturing,Prices,US,Monthly,Index Dec 1984=100,2025-12-01,366.294,FRED,2026-10-03T22:59:43Z
PCU333120333120,PPI - Construction Machinery Manufacturing,Prices,US,Monthly,Index Dec 1984=100,2026-01-01,364.834,FRED,2026-10-03T22:59:43Z
PCU333120333120,PPI - Construction Machinery Manufacturing,Prices,US,Monthly,Index Dec 1984=100,2026-02-01,365.933,FRED,2026-10-03T22:59:43Z
PCU333120333120,PPI - Construction Machinery Manufacturing,Prices,US,Monthly,Index Dec 1984=100,2026-03-01,365.933,FRED,2026-10-03T22:59:43Z
PCU333120333120,PPI - Construction Machinery Manufacturing,Prices,US,Monthly,Index Dec 1984=100,2026-04-01,366.299,FRED,2026-10-03T22:59:43Z
PCU333120333120,PPI - Construction Machinery Manufacturing,Prices,US,Monthly,Index Dec 1984=100,2026-05-01,366.772,FRED,2026-10-03T22:59:43Z
PCU333120333120,PPI - Construction Machinery Manufacturing,Prices,US,Monthly,Index Dec 1984=100,2026-06-01,366.93,FRED,2026-10-03T22:59:43Z
PCU333120333120,PPI - Construction Machinery Manufacturing,Prices,US,Monthly,Index Dec 1984=100,2026-07-01,369.598,FRED,2026-10-03T22:59:43Z
PCU333120333120,PPI - Construction Machinery Manufacturing,Prices,US,Monthly,Index Dec 1984=100,2026-08-01,369.734,FRED,2026-10-03T22:59:43Z
CPIAUCSL,Consumer Price Index,Prices,US,Monthly,"Index 1982-84=100, SA",2018-01-01,248.859,FRED,2026-10-03T22:59:43Z
CPIAUCSL,Consumer Price Index,Prices,US,Monthly,"Index 1982-84=100, SA",2018-02-01,249.529,FRED,2026-10-03T22:59:43Z
CPIAUCSL,Consumer Price Index,Prices,US,Monthly,"Index 1982-84=100, SA",2018-03-01,249.577,FRED,2026-10-03T22:59:43Z
CPIAUCSL,Consumer Price Index,Prices,US,Monthly,"Index 1982-84=100, SA",2018-04-01,250.227,FRED,2026-10-03T22:59:43Z
CPIAUCSL,Consumer Price Index,Prices,US,Monthly,"Index 1982-84=100, SA",2018-05-01,250.792,FRED,2026-10-03T22:59:43Z
CPIAUCSL,Consumer Price Index,Prices,US,Monthly,"Index 1982-84=100, SA",2018-06-01,251.018,FRED,2026-10-03T22:59:43Z
CPIAUCSL,Consumer Price Index,Prices,US,Monthly,"Index 1982-84=100, SA",2018-07-01,251.214,FRED,2026-10-03T22:59:43Z
CPIAUCSL,Consumer Price Index,Prices,US,Monthly,"Index 1982-84=100, SA",2018-08-01,251.663,FRED,2026-10-03T22:59:43Z
CPIAUCSL,Consumer Price Index,Prices,US,Monthly,"Index 1982-84=100, SA",2018-09-01,252.182,FRED,2026-10-03T22:59:43Z
CPIAUCSL,Consumer Price Index,Prices,US,Monthly,"Index 1982-84=100, SA",2018-10-01,252.772,FRED,2026-10-03T22:59:43Z
CPIAUCSL,Consumer Price Index,Prices,US,Monthly,"Index 1982-84=100, SA",2018-11-01,252.594,FRED,2026-10-03T22:59:43Z
CPIAUCSL,Consumer Price Index,Prices,US,Monthly,"Index 1982-84=100, SA",2018-12-01,252.767,FRED,2026-10-03T22:59:43Z
CPIAUCSL,Consumer Price Index,Prices,US,Monthly,"Index 1982-84=100, SA",2019-01-01,252.561,FRED,2026-10-03T22:59:43Z
CPIAUCSL,Consumer Price Index,Prices,US,Monthly,"Index 1982-84=100, SA",2019-02-01,253.319,FRED,2026-10-03T22:59:43Z
CPIAUCSL,Consumer Price Index,Prices,US,Monthly,"Index 1982-84=100, SA",2019-03-01,254.277,FRED,2026-10-03T22:59:43Z
CPIAUCSL,Consumer Price Index,Prices,US,Monthly,"Index 1982-84=100, SA",2019-04-01,255.233,FRED,2026-10-03T22:59:43Z
CPIAUCSL,Consumer Price Index,Prices,US,Monthly,"Index 1982-84=100, SA",2019-05-01,255.296,FRED,2026-10-03T22:59:43Z
CPIAUCSL,Consumer Price Index,Prices,US,Monthly,"Index 1982-84=100, SA",2019-06-01,255.213,FRED,2026-10-03T22:59:43Z
CPIAUCSL,Consumer Price Index,Prices,US,Monthly,"Index 1982-84=100, SA",2019-07-01,255.802,FRED,2026-10-03T22:59:43Z
CPIAUCSL,Consumer Price Index,Prices,US,Monthly,"Index 1982-84=100, SA",2019-08-01,256.036,FRED,2026-10-03T22:59:43Z
CPIAUCSL,Consumer Price Index,Prices,US,Monthly,"Index 1982-84=100, SA",2019-09-01,256.43,FRED,2026-10-03T22:59:43Z
CPIAUCSL,Consumer Price Index,Prices,US,Monthly,"Index 1982-84=100, SA",2019-10-01,257.155,FRED,2026-10-03T22:59:43Z
CPIAUCSL,Consumer Price Index,Prices,US,Monthly,"Index 1982-84=100, SA",2019-11-01,257.879,FRED,2026-10-03T22:59:43Z
CPIAUCSL,Consumer Price Index,Prices,US,Monthly,"Index 1982-84=100, SA",2019-12-01,258.63,FRED,2026-10-03T22:59:43Z
CPIAUCSL,Consumer Price Index,Prices,US,Monthly,"Index 1982-84=100, SA",2020-01-01,259.127,FRED,2026-10-03T22:59:43Z
CPIAUCSL,Consumer Price Index,Prices,US,Monthly,"Index 1982-84=100, SA",2020-02-01,259.25,FRED,2026-10-03T22:59:43Z
CPIAUCSL,Consumer Price Index,Prices,US,Monthly,"Index 1982-84=100, SA",2020-03-01,258.076,FRED,2026-10-03T22:59:43Z
CPIAUCSL,Consumer Price Index,Prices,US,Monthly,"Index 1982-84=100, SA",2020-04-01,256.032,FRED,2026-10-03T22:59:43Z
CPIAUCSL,Consumer Price Index,Prices,US,Monthly,"Index 1982-84=100, SA",2020-05-01,255.802,FRED,2026-10-03T22:59:43Z
CPIAUCSL,Consumer Price Index,Prices,US,Monthly,"Index 1982-84=100, SA",2020-06-01,257.042,FRED,2026-10-03T22:59:43Z
CPIAUCSL,Consumer Price Index,Prices,US,Monthly,"Index 1982-84=100, SA",2020-07-01,258.352,FRED,2026-10-03T22:59:43Z
CPIAUCSL,Consumer Price Index,Prices,US,Monthly,"Index 1982-84=100, SA",2020-08-01,259.316,FRED,2026-10-03T22:59:43Z
CPIAUCSL,Consumer Price Index,Prices,US,Monthly,"Index 1982-84=100, SA",2020-09-01,259.997,FRED,2026-10-03T22:59:43Z
CPIAUCSL,Consumer Price Index,Prices,US,Monthly,"Index 1982-84=100, SA",2020-10-01,260.319,FRED,2026-10-03T22:59:43Z
CPIAUCSL,Consumer Price Index,Prices,US,Monthly,"Index 1982-84=100, SA",2020-11-01,260.911,FRED,2026-10-03T22:59:43Z
CPIAUCSL,Consumer Price Index,Prices,US,Monthly,"Index 1982-84=100, SA",2020-12-01,262.045,FRED,2026-10-03T22:59:43Z
CPIAUCSL,Consumer Price Index,Prices,US,Monthly,"Index 1982-84=100, SA",2021-01-01,262.687,FRED,2026-10-03T22:59:43Z
CPIAUCSL,Consumer Price Index,Prices,US,Monthly,"Index 1982-84=100, SA",2021-02-01,263.579,FRED,2026-10-03T22:59:43Z
CPIAUCSL,Consumer Price Index,Prices,US,Monthly,"Index 1982-84=100, SA",2021-03-01,264.961,FRED,2026-10-03T22:59:43Z
CPIAUCSL,Consumer Price Index,Prices,US,Monthly,"Index 1982-84=100, SA",2021-04-01,266.614,FRED,2026-10-03T22:59:43Z
CPIAUCSL,Consumer Price Index,Prices,US,Monthly,"Index 1982-84=100, SA",2021-05-01,268.383,FRED,2026-10-03T22:59:43Z
CPIAUCSL,Consumer Price Index,Prices,US,Monthly,"Index 1982-84=100, SA",2021-06-01,270.654,FRED,2026-10-03T22:59:43Z
CPIAUCSL,Consumer Price Index,Prices,US,Monthly,"Index 1982-84=100, SA",2021-07-01,271.903,FRED,2026-10-03T22:59:43Z
CPIAUCSL,Consumer Price Index,Prices,US,Monthly,"Index 1982-84=100, SA",2021-08-01,272.676,FRED,2026-10-03T22:59:43Z
CPIAUCSL,Consumer Price Index,Prices,US,Monthly,"Index 1982-84=100, SA",2021-09-01,273.91,FRED,2026-10-03T22:59:43Z
CPIAUCSL,Consumer Price Index,Prices,US,Monthly,"Index 1982-84=100, SA",2021-10-01,276.55,FRED,2026-10-03T22:59:43Z
CPIAUCSL,Consumer Price Index,Prices,US,Monthly,"Index 1982-84=100, SA",2021-11-01,278.919,FRED,2026-10-03T22:59:43Z
CPIAUCSL,Consumer Price Index,Prices,US,Monthly,"Index 1982-84=100, SA",2021-12-01,280.845,FRED,2026-10-03T22:59:43Z
CPIAUCSL,Consumer Price Index,Prices,US,Monthly,"Index 1982-84=100, SA",2022-01-01,282.543,FRED,2026-10-03T22:59:43Z
CPIAUCSL,Consumer Price Index,Prices,US,Monthly,"Index 1982-84=100, SA",2022-02-01,284.5,FRED,2026-10-03T22:59:43Z
CPIAUCSL,Consumer Price Index,Prices,US,Monthly,"Index 1982-84=100, SA",2022-03-01,287.674,FRED,2026-10-03T22:59:43Z
CPIAUCSL,Consumer Price Index,Prices,US,Monthly,"Index 1982-84=100, SA",2022-04-01,288.561,FRED,2026-10-03T22:59:43Z
CPIAUCSL,Consumer Price Index,Prices,US,Monthly,"Index 1982-84=100, SA",2022-05-01,291.298,FRED,2026-10-03T22:59:43Z
CPIAUCSL,Consumer Price Index,Prices,US,Monthly,"Index 1982-84=100, SA",2022-06-01,294.957,FRED,2026-10-03T22:59:43Z
CPIAUCSL,Consumer Price Index,Prices,US,Monthly,"Index 1982-84=100, SA",2022-07-01,294.913,FRED,2026-10-03T22:59:43Z
CPIAUCSL,Consumer Price Index,Prices,US,Monthly,"Index 1982-84=100, SA",2022-08-01,295.097,FRED,2026-10-03T22:59:43Z
CPIAUCSL,Consumer Price Index,Prices,US,Monthly,"Index 1982-84=100, SA",2022-09-01,296.349,FRED,2026-10-03T22:59:43Z
CPIAUCSL,Consumer Price Index,Prices,US,Monthly,"Index 1982-84=100, SA",2022-10-01,298.007,FRED,2026-10-03T22:59:43Z
CPIAUCSL,Consumer Price Index,Prices,US,Monthly,"Index 1982-84=100, SA",2022-11-01,298.786,FRED,2026-10-03T22:59:43Z
CPIAUCSL,Consumer Price Index,Prices,US,Monthly,"Index 1982-84=100, SA",2022-12-01,298.832,FRED,2026-10-03T22:59:43Z
CPIAUCSL,Consumer Price Index,Prices,US,Monthly,"Index 1982-84=100, SA",2023-01-01,300.42,FRED,2026-10-03T22:59:43Z
CPIAUCSL,Consumer Price Index,Prices,US,Monthly,"Index 1982-84=100, SA",2023-02-01,301.45,FRED,2026-10-03T22:59:43Z
CPIAUCSL,Consumer Price Index,Prices,US,Monthly,"Index 1982-84=100, SA",2023-03-01,301.821,FRED,2026-10-03T22:59:43Z
CPIAUCSL,Consumer Price Index,Prices,US,Monthly,"Index 1982-84=100, SA",2023-04-01,302.845,FRED,2026-10-03T22:59:43Z
CPIAUCSL,Consumer Price Index,Prices,US,Monthly,"Index 1982-84=100, SA",2023-05-01,303.334,FRED,2026-10-03T22:59:43Z
CPIAUCSL,Consumer Price Index,Prices,US,Monthly,"Index 1982-84=100, SA",2023-06-01,304.014,FRED,2026-10-03T22:59:43Z
CPIAUCSL,Consumer Price Index,Prices,US,Monthly,"Index 1982-84=100, SA",2023-07-01,304.609,FRED,2026-10-03T22:59:43Z
CPIAUCSL,Consumer Price Index,Prices,US,Monthly,"Index 1982-84=100, SA",2023-08-01,306.082,FRED,2026-10-03T22:59:43Z
CPIAUCSL,Consumer Price Index,Prices,US,Monthly,"Index 1982-84=100, SA",2023-09-01,307.276,FRED,2026-10-03T22:59:43Z
CPIAUCSL,Consumer Price Index,Prices,US,Monthly,"Index 1982-84=100, SA",2023-10-01,307.696,FRED,2026-10-03T22:59:43Z
CPIAUCSL,Consumer Price Index,Prices,US,Monthly,"Index 1982-84=100, SA",2023-11-01,308.148,FRED,2026-10-03T22:59:43Z
CPIAUCSL,Consumer Price Index,Prices,US,Monthly,"Index 1982-84=100, SA",2023-12-01,308.741,FRED,2026-10-03T22:59:43Z
CPIAUCSL,Consumer Price Index,Prices,US,Monthly,"Index 1982-84=100, SA",2024-01-01,309.698,FRED,2026-10-03T22:59:43Z
CPIAUCSL,Consumer Price Index,Prices,US,Monthly,"Index 1982-84=100, SA",2024-02-01,310.967,FRED,2026-10-03T22:59:43Z
CPIAUCSL,Consumer Price Index,Prices,US,Monthly,"Index 1982-84=100, SA",2024-03-01,312.345,FRED,2026-10-03T22:59:43Z
CPIAUCSL,Consumer Price Index,Prices,US,Monthly,"Index 1982-84=100, SA",2024-04-01,313.023,FRED,2026-10-03T22:59:43Z
CPIAUCSL,Consumer Price Index,Prices,US,Monthly,"Index 1982-84=100, SA",2024-05-01,313.175,FRED,2026-10-03T22:59:43Z
CPIAUCSL,Consumer Price Index,Prices,US,Monthly,"Index 1982-84=100, SA",2024-06-01,313.044,FRED,2026-10-03T22:59:43Z
CPIAUCSL,Consumer Price Index,Prices,US,Monthly,"Index 1982-84=100, SA",2024-07-01,313.569,FRED,2026-10-03T22:59:43Z
CPIAUCSL,Consumer Price Index,Prices,US,Monthly,"Index 1982-84=100, SA",2024-08-01,314.062,FRED,2026-10-03T22:59:43Z
CPIAUCSL,Consumer Price Index,Prices,US,Monthly,"Index 1982-84=100, SA",2024-09-01,314.732,FRED,2026-10-03T22:59:43Z
CPIAUCSL,Consumer Price Index,Prices,US,Monthly,"Index 1982-84=100, SA",2024-10-01,315.631,FRED,2026-10-03T22:59:43Z
CPIAUCSL,Consumer Price Index,Prices,US,Monthly,"Index 1982-84=100, SA",2024-11-01,316.528,FRED,2026-10-03T22:59:43Z
CPIAUCSL,Consumer Price Index,Prices,US,Monthly,"Index 1982-84=100, SA",2024-12-01,317.604,FRED,2026-10-03T22:59:43Z
CPIAUCSL,Consumer Price Index,Prices,US,Monthly,"Index 1982-84=100, SA",2025-01-01,318.961,FRED,2026-10-03T22:59:43Z
CPIAUCSL,Consumer Price Index,Prices,US,Monthly,"Index 1982-84=100, SA",2025-02-01,319.679,FRED,2026-10-03T22:59:43Z
CPIAUCSL,Consumer Price Index,Prices,US,Monthly,"Index 1982-84=100, SA",2025-03-01,319.785,FRED,2026-10-03T22:59:43Z
CPIAUCSL,Consumer Price Index,Prices,US,Monthly,"Index 1982-84=100, SA",2025-04-01,320.302,FRED,2026-10-03T22:59:43Z
CPIAUCSL,Consumer Price Index,Prices,US,Monthly,"Index 1982-84=100, SA",2025-05-01,320.62,FRED,2026-10-03T22:59:43Z
CPIAUCSL,Consumer Price Index,Prices,US,Monthly,"Index 1982-84=100, SA",2025-06-01,321.435,FRED,2026-10-03T22:59:43Z
CPIAUCSL,Consumer Price Index,Prices,US,Monthly,"Index 1982-84=100, SA",2025-07-01,322.169,FRED,2026-10-03T22:59:43Z
CPIAUCSL,Consumer Price Index,Prices,US,Monthly,"Index 1982-84=100, SA",2025-08-01,323.291,FRED,2026-10-03T22:59:43Z
CPIAUCSL,Consumer Price Index,Prices,US,Monthly,"Index 1982-84=100, SA",2025-09-01,324.245,FRED,2026-10-03T22:59:43Z
CPIAUCSL,Consumer Price Index,Prices,US,Monthly,"Index 1982-84=100, SA",2025-11-01,325.063,FRED,2026-10-03T22:59:43Z
CPIAUCSL,Consumer Price Index,Prices,US,Monthly,"Index 1982-84=100, SA",2025-12-01,326.031,FRED,2026-10-03T22:59:43Z
CPIAUCSL,Consumer Price Index,Prices,US,Monthly,"Index 1982-84=100, SA",2026-01-01,326.588,FRED,2026-10-03T22:59:43Z
CPIAUCSL,Consumer Price Index,Prices,US,Monthly,"Index 1982-84=100, SA",2026-02-01,327.46,FRED,2026-10-03T22:59:43Z
CPIAUCSL,Consumer Price Index,Prices,US,Monthly,"Index 1982-84=100, SA",2026-03-01,330.293,FRED,2026-10-03T22:59:43Z
CPIAUCSL,Consumer Price Index,Prices,US,Monthly,"Index 1982-84=100, SA",2026-04-01,332.407,FRED,2026-10-03T22:59:43Z
CPIAUCSL,Consumer Price Index,Prices,US,Monthly,"Index 1982-84=100, SA",2026-05-01,333.979,FRED,2026-10-03T22:59:43Z
CPIAUCSL,Consumer Price Index,Prices,US,Monthly,"Index 1982-84=100, SA",2026-06-01,332.568,FRED,2026-10-03T22:59:43Z
CPIAUCSL,Consumer Price Index,Prices,US,Monthly,"Index 1982-84=100, SA",2026-07-01,332.813,FRED,2026-10-03T22:59:43Z
CPIAUCSL,Consumer Price Index,Prices,US,Monthly,"Index 1982-84=100, SA",2026-08-01,334.131,FRED,2026-10-03T22:59:43Z
IPN2121N,Industrial Production - Coal Mining,Mining,US,Monthly,"Index 2017=100, NSA",2018-01-01,93.0025,FRED,2026-10-03T22:59:43Z
IPN2121N,Industrial Production - Coal Mining,Mining,US,Monthly,"Index 2017=100, NSA",2018-02-01,102.1433,FRED,2026-10-03T22:59:43Z
IPN2121N,Industrial Production - Coal Mining,Mining,US,Monthly,"Index 2017=100, NSA",2018-03-01,100.6077,FRED,2026-10-03T22:59:43Z
IPN2121N,Industrial Production - Coal Mining,Mining,US,Monthly,"Index 2017=100, NSA",2018-04-01,93.4961,FRED,2026-10-03T22:59:43Z
IPN2121N,Industrial Production - Coal Mining,Mining,US,Monthly,"Index 2017=100, NSA",2018-05-01,92.5724,FRED,2026-10-03T22:59:43Z
IPN2121N,Industrial Production - Coal Mining,Mining,US,Monthly,"Index 2017=100, NSA",2018-06-01,99.1756,FRED,2026-10-03T22:59:43Z
IPN2121N,Industrial Production - Coal Mining,Mining,US,Monthly,"Index 2017=100, NSA",2018-07-01,96.0745,FRED,2026-10-03T22:59:43Z
IPN2121N,Industrial Production - Coal Mining,Mining,US,Monthly,"Index 2017=100, NSA",2018-08-01,103.3534,FRED,2026-10-03T22:59:43Z
IPN2121N,Industrial Production - Coal Mining,Mining,US,Monthly,"Index 2017=100, NSA",2018-09-01,101.6189,FRED,2026-10-03T22:59:43Z
IPN2121N,Industrial Production - Coal Mining,Mining,US,Monthly,"Index 2017=100, NSA",2018-10-01,99.4264,FRED,2026-10-03T22:59:43Z
IPN2121N,Industrial Production - Coal Mining,Mining,US,Monthly,"Index 2017=100, NSA",2018-11-01,97.6624,FRED,2026-10-03T22:59:43Z
IPN2121N,Industrial Production - Coal Mining,Mining,US,Monthly,"Index 2017=100, NSA",2018-12-01,99.4089,FRED,2026-10-03T22:59:43Z
IPN2121N,Industrial Production - Coal Mining,Mining,US,Monthly,"Index 2017=100, NSA",2019-01-01,99.8323,FRED,2026-10-03T22:59:43Z
IPN2121N,Industrial Production - Coal Mining,Mining,US,Monthly,"Index 2017=100, NSA",2019-02-01,99.8622,FRED,2026-10-03T22:59:43Z
IPN2121N,Industrial Production - Coal Mining,Mining,US,Monthly,"Index 2017=100, NSA",2019-03-01,88.4645,FRED,2026-10-03T22:59:43Z
IPN2121N,Industrial Production - Coal Mining,Mining,US,Monthly,"Index 2017=100, NSA",2019-04-01,96.7586,FRED,2026-10-03T22:59:43Z
IPN2121N,Industrial Production - Coal Mining,Mining,US,Monthly,"Index 2017=100, NSA",2019-05-01,94.0512,FRED,2026-10-03T22:59:43Z
IPN2121N,Industrial Production - Coal Mining,Mining,US,Monthly,"Index 2017=100, NSA",2019-06-01,94.1156,FRED,2026-10-03T22:59:43Z
IPN2121N,Industrial Production - Coal Mining,Mining,US,Monthly,"Index 2017=100, NSA",2019-07-01,88.025,FRED,2026-10-03T22:59:43Z
IPN2121N,Industrial Production - Coal Mining,Mining,US,Monthly,"Index 2017=100, NSA",2019-08-01,97.2956,FRED,2026-10-03T22:59:43Z
IPN2121N,Industrial Production - Coal Mining,Mining,US,Monthly,"Index 2017=100, NSA",2019-09-01,93.002,FRED,2026-10-03T22:59:43Z
IPN2121N,Industrial Production - Coal Mining,Mining,US,Monthly,"Index 2017=100, NSA",2019-10-01,86.3025,FRED,2026-10-03T22:59:43Z
IPN2121N,Industrial Production - Coal Mining,Mining,US,Monthly,"Index 2017=100, NSA",2019-11-01,87.3878,FRED,2026-10-03T22:59:43Z
IPN2121N,Industrial Production - Coal Mining,Mining,US,Monthly,"Index 2017=100, NSA",2019-12-01,82.9554,FRED,2026-10-03T22:59:43Z
IPN2121N,Industrial Production - Coal Mining,Mining,US,Monthly,"Index 2017=100, NSA",2020-01-01,83.1481,FRED,2026-10-03T22:59:43Z
IPN2121N,Industrial Production - Coal Mining,Mining,US,Monthly,"Index 2017=100, NSA",2020-02-01,78.6418,FRED,2026-10-03T22:59:43Z
IPN2121N,Industrial Production - Coal Mining,Mining,US,Monthly,"Index 2017=100, NSA",2020-03-01,70.4814,FRED,2026-10-03T22:59:43Z
IPN2121N,Industrial Production - Coal Mining,Mining,US,Monthly,"Index 2017=100, NSA",2020-04-01,60.3262,FRED,2026-10-03T22:59:43Z
IPN2121N,Industrial Production - Coal Mining,Mining,US,Monthly,"Index 2017=100, NSA",2020-05-01,57.5883,FRED,2026-10-03T22:59:43Z
IPN2121N,Industrial Production - Coal Mining,Mining,US,Monthly,"Index 2017=100, NSA",2020-06-01,60.7273,FRED,2026-10-03T22:59:43Z
IPN2121N,Industrial Production - Coal Mining,Mining,US,Monthly,"Index 2017=100, NSA",2020-07-01,64.1626,FRED,2026-10-03T22:59:43Z
IPN2121N,Industrial Production - Coal Mining,Mining,US,Monthly,"Index 2017=100, NSA",2020-08-01,73.9417,FRED,2026-10-03T22:59:43Z
IPN2121N,Industrial Production - Coal Mining,Mining,US,Monthly,"Index 2017=100, NSA",2020-09-01,69.6787,FRED,2026-10-03T22:59:43Z
IPN2121N,Industrial Production - Coal Mining,Mining,US,Monthly,"Index 2017=100, NSA",2020-10-01,68.6904,FRED,2026-10-03T22:59:43Z
IPN2121N,Industrial Production - Coal Mining,Mining,US,Monthly,"Index 2017=100, NSA",2020-11-01,70.4604,FRED,2026-10-03T22:59:43Z
IPN2121N,Industrial Production - Coal Mining,Mining,US,Monthly,"Index 2017=100, NSA",2020-12-01,66.8418,FRED,2026-10-03T22:59:43Z
IPN2121N,Industrial Production - Coal Mining,Mining,US,Monthly,"Index 2017=100, NSA",2021-01-01,77.1671,FRED,2026-10-03T22:59:43Z
IPN2121N,Industrial Production - Coal Mining,Mining,US,Monthly,"Index 2017=100, NSA",2021-02-01,69.9882,FRED,2026-10-03T22:59:43Z
IPN2121N,Industrial Production - Coal Mining,Mining,US,Monthly,"Index 2017=100, NSA",2021-03-01,77.1586,FRED,2026-10-03T22:59:43Z
IPN2121N,Industrial Production - Coal Mining,Mining,US,Monthly,"Index 2017=100, NSA",2021-04-01,70.8528,FRED,2026-10-03T22:59:43Z
IPN2121N,Industrial Production - Coal Mining,Mining,US,Monthly,"Index 2017=100, NSA",2021-05-01,76.6428,FRED,2026-10-03T22:59:43Z
IPN2121N,Industrial Production - Coal Mining,Mining,US,Monthly,"Index 2017=100, NSA",2021-06-01,76.2936,FRED,2026-10-03T22:59:43Z
IPN2121N,Industrial Production - Coal Mining,Mining,US,Monthly,"Index 2017=100, NSA",2021-07-01,73.2951,FRED,2026-10-03T22:59:43Z
IPN2121N,Industrial Production - Coal Mining,Mining,US,Monthly,"Index 2017=100, NSA",2021-08-01,75.6632,FRED,2026-10-03T22:59:43Z
IPN2121N,Industrial Production - Coal Mining,Mining,US,Monthly,"Index 2017=100, NSA",2021-09-01,76.435,FRED,2026-10-03T22:59:43Z
IPN2121N,Industrial Production - Coal Mining,Mining,US,Monthly,"Index 2017=100, NSA",2021-10-01,76.7825,FRED,2026-10-03T22:59:43Z
IPN2121N,Industrial Production - Coal Mining,Mining,US,Monthly,"Index 2017=100, NSA",2021-11-01,75.9726,FRED,2026-10-03T22:59:43Z
IPN2121N,Industrial Production - Coal Mining,Mining,US,Monthly,"Index 2017=100, NSA",2021-12-01,72.7005,FRED,2026-10-03T22:59:43Z
IPN2121N,Industrial Production - Coal Mining,Mining,US,Monthly,"Index 2017=100, NSA",2022-01-01,78.1999,FRED,2026-10-03T22:59:43Z
IPN2121N,Industrial Production - Coal Mining,Mining,US,Monthly,"Index 2017=100, NSA",2022-02-01,80.8683,FRED,2026-10-03T22:59:43Z
IPN2121N,Industrial Production - Coal Mining,Mining,US,Monthly,"Index 2017=100, NSA",2022-03-01,77.1024,FRED,2026-10-03T22:59:43Z
IPN2121N,Industrial Production - Coal Mining,Mining,US,Monthly,"Index 2017=100, NSA",2022-04-01,75.082,FRED,2026-10-03T22:59:43Z
IPN2121N,Industrial Production - Coal Mining,Mining,US,Monthly,"Index 2017=100, NSA",2022-05-01,77.0719,FRED,2026-10-03T22:59:43Z
IPN2121N,Industrial Production - Coal Mining,Mining,US,Monthly,"Index 2017=100, NSA",2022-06-01,76.9009,FRED,2026-10-03T22:59:43Z
IPN2121N,Industrial Production - Coal Mining,Mining,US,Monthly,"Index 2017=100, NSA",2022-07-01,77.0291,FRED,2026-10-03T22:59:43Z
IPN2121N,Industrial Production - Coal Mining,Mining,US,Monthly,"Index 2017=100, NSA",2022-08-01,79.9119,FRED,2026-10-03T22:59:43Z
IPN2121N,Industrial Production - Coal Mining,Mining,US,Monthly,"Index 2017=100, NSA",2022-09-01,79.9407,FRED,2026-10-03T22:59:43Z
IPN2121N,Industrial Production - Coal Mining,Mining,US,Monthly,"Index 2017=100, NSA",2022-10-01,80.8243,FRED,2026-10-03T22:59:43Z
IPN2121N,Industrial Production - Coal Mining,Mining,US,Monthly,"Index 2017=100, NSA",2022-11-01,76.1554,FRED,2026-10-03T22:59:43Z
IPN2121N,Industrial Production - Coal Mining,Mining,US,Monthly,"Index 2017=100, NSA",2022-12-01,70.228,FRED,2026-10-03T22:59:43Z
IPN2121N,Industrial Production - Coal Mining,Mining,US,Monthly,"Index 2017=100, NSA",2023-01-01,78.9093,FRED,2026-10-03T22:59:43Z
IPN2121N,Industrial Production - Coal Mining,Mining,US,Monthly,"Index 2017=100, NSA",2023-02-01,78.0299,FRED,2026-10-03T22:59:43Z
IPN2121N,Industrial Production - Coal Mining,Mining,US,Monthly,"Index 2017=100, NSA",2023-03-01,78.5739,FRED,2026-10-03T22:59:43Z
IPN2121N,Industrial Production - Coal Mining,Mining,US,Monthly,"Index 2017=100, NSA",2023-04-01,77.839,FRED,2026-10-03T22:59:43Z
IPN2121N,Industrial Production - Coal Mining,Mining,US,Monthly,"Index 2017=100, NSA",2023-05-01,73.2081,FRED,2026-10-03T22:59:43Z
IPN2121N,Industrial Production - Coal Mining,Mining,US,Monthly,"Index 2017=100, NSA",2023-06-01,74.4122,FRED,2026-10-03T22:59:43Z
IPN2121N,Industrial Production - Coal Mining,Mining,US,Monthly,"Index 2017=100, NSA",2023-07-01,73.0792,FRED,2026-10-03T22:59:43Z
IPN2121N,Industrial Production - Coal Mining,Mining,US,Monthly,"Index 2017=100, NSA",2023-08-01,75.763,FRED,2026-10-03T22:59:43Z
IPN2121N,Industrial Production - Coal Mining,Mining,US,Monthly,"Index 2017=100, NSA",2023-09-01,77.4954,FRED,2026-10-03T22:59:43Z
IPN2121N,Industrial Production - Coal Mining,Mining,US,Monthly,"Index 2017=100, NSA",2023-10-01,73.2404,FRED,2026-10-03T22:59:43Z
IPN2121N,Industrial Production - Coal Mining,Mining,US,Monthly,"Index 2017=100, NSA",2023-11-01,74.2714,FRED,2026-10-03T22:59:43Z
IPN2121N,Industrial Production - Coal Mining,Mining,US,Monthly,"Index 2017=100, NSA",2023-12-01,72.0173,FRED,2026-10-03T22:59:43Z
IPN2121N,Industrial Production - Coal Mining,Mining,US,Monthly,"Index 2017=100, NSA",2024-01-01,67.1017,FRED,2026-10-03T22:59:43Z
IPN2121N,Industrial Production - Coal Mining,Mining,US,Monthly,"Index 2017=100, NSA",2024-02-01,72.5792,FRED,2026-10-03T22:59:43Z
IPN2121N,Industrial Production - Coal Mining,Mining,US,Monthly,"Index 2017=100, NSA",2024-03-01,66.7407,FRED,2026-10-03T22:59:43Z
IPN2121N,Industrial Production - Coal Mining,Mining,US,Monthly,"Index 2017=100, NSA",2024-04-01,63.1318,FRED,2026-10-03T22:59:43Z
IPN2121N,Industrial Production - Coal Mining,Mining,US,Monthly,"Index 2017=100, NSA",2024-05-01,60.6323,FRED,2026-10-03T22:59:43Z
IPN2121N,Industrial Production - Coal Mining,Mining,US,Monthly,"Index 2017=100, NSA",2024-06-01,69.368,FRED,2026-10-03T22:59:43Z
IPN2121N,Industrial Production - Coal Mining,Mining,US,Monthly,"Index 2017=100, NSA",2024-07-01,65.29,FRED,2026-10-03T22:59:43Z
IPN2121N,Industrial Production - Coal Mining,Mining,US,Monthly,"Index 2017=100, NSA",2024-08-01,72.6281,FRED,2026-10-03T22:59:43Z
IPN2121N,Industrial Production - Coal Mining,Mining,US,Monthly,"Index 2017=100, NSA",2024-09-01,73.3561,FRED,2026-10-03T22:59:43Z
IPN2121N,Industrial Production - Coal Mining,Mining,US,Monthly,"Index 2017=100, NSA",2024-10-01,66.8041,FRED,2026-10-03T22:59:43Z
IPN2121N,Industrial Production - Coal Mining,Mining,US,Monthly,"Index 2017=100, NSA",2024-11-01,65.7979,FRED,2026-10-03T22:59:43Z
IPN2121N,Industrial Production - Coal Mining,Mining,US,Monthly,"Index 2017=100, NSA",2024-12-01,65.9662,FRED,2026-10-03T22:59:43Z
IPN2121N,Industrial Production - Coal Mining,Mining,US,Monthly,"Index 2017=100, NSA",2025-01-01,68.0519,FRED,2026-10-03T22:59:43Z
IPN2121N,Industrial Production - Coal Mining,Mining,US,Monthly,"Index 2017=100, NSA",2025-02-01,68.0461,FRED,2026-10-03T22:59:43Z
IPN2121N,Industrial Production - Coal Mining,Mining,US,Monthly,"Index 2017=100, NSA",2025-03-01,75.989,FRED,2026-10-03T22:59:43Z
IPN2121N,Industrial Production - Coal Mining,Mining,US,Monthly,"Index 2017=100, NSA",2025-04-01,66.4138,FRED,2026-10-03T22:59:43Z
IPN2121N,Industrial Production - Coal Mining,Mining,US,Monthly,"Index 2017=100, NSA",2025-05-01,68.7231,FRED,2026-10-03T22:59:43Z
IPN2121N,Industrial Production - Coal Mining,Mining,US,Monthly,"Index 2017=100, NSA",2025-06-01,68.6243,FRED,2026-10-03T22:59:43Z
IPN2121N,Industrial Production - Coal Mining,Mining,US,Monthly,"Index 2017=100, NSA",2025-07-01,71.1699,FRED,2026-10-03T22:59:43Z
IPN2121N,Industrial Production - Coal Mining,Mining,US,Monthly,"Index 2017=100, NSA",2025-08-01,77.2354,FRED,2026-10-03T22:59:43Z
IPN2121N,Industrial Production - Coal Mining,Mining,US,Monthly,"Index 2017=100, NSA",2025-09-01,71.635,FRED,2026-10-03T22:59:43Z
IPN2121N,Industrial Production - Coal Mining,Mining,US,Monthly,"Index 2017=100, NSA",2025-10-01,67.6693,FRED,2026-10-03T22:59:43Z
IPN2121N,Industrial Production - Coal Mining,Mining,US,Monthly,"Index 2017=100, NSA",2025-11-01,74.7806,FRED,2026-10-03T22:59:43Z
IPN2121N,Industrial Production - Coal Mining,Mining,US,Monthly,"Index 2017=100, NSA",2025-12-01,69.9144,FRED,2026-10-03T22:59:43Z
IPN2121N,Industrial Production - Coal Mining,Mining,US,Monthly,"Index 2017=100, NSA",2026-01-01,74.1445,FRED,2026-10-03T22:59:43Z
IPN2121N,Industrial Production - Coal Mining,Mining,US,Monthly,"Index 2017=100, NSA",2026-02-01,73.3541,FRED,2026-10-03T22:59:43Z
IPN2121N,Industrial Production - Coal Mining,Mining,US,Monthly,"Index 2017=100, NSA",2026-03-01,73.607,FRED,2026-10-03T22:59:43Z
IPN2121N,Industrial Production - Coal Mining,Mining,US,Monthly,"Index 2017=100, NSA",2026-04-01,67.9053,FRED,2026-10-03T22:59:43Z
IPN2121N,Industrial Production - Coal Mining,Mining,US,Monthly,"Index 2017=100, NSA",2026-05-01,69.3129,FRED,2026-10-03T22:59:43Z
IPN2121N,Industrial Production - Coal Mining,Mining,US,Monthly,"Index 2017=100, NSA",2026-06-01,66.9163,FRED,2026-10-03T22:59:43Z
IPN2121N,Industrial Production - Coal Mining,Mining,US,Monthly,"Index 2017=100, NSA",2026-07-01,67.2435,FRED,2026-10-03T22:59:43Z
IPN2121N,Industrial Production - Coal Mining,Mining,US,Monthly,"Index 2017=100, NSA",2026-08-01,75.6766,FRED,2026-10-03T22:59:43Z
IPG212S,Industrial Production - Mining (except Oil and Gas),Mining,US,Monthly,"Index 2017=100, SA",2018-01-01,95.0938,FRED,2026-10-03T22:59:43Z
IPG212S,Industrial Production - Mining (except Oil and Gas),Mining,US,Monthly,"Index 2017=100, SA",2018-02-01,99.4774,FRED,2026-10-03T22:59:43Z
IPG212S,Industrial Production - Mining (except Oil and Gas),Mining,US,Monthly,"Index 2017=100, SA",2018-03-01,99.4584,FRED,2026-10-03T22:59:43Z
IPG212S,Industrial Production - Mining (except Oil and Gas),Mining,US,Monthly,"Index 2017=100, SA",2018-04-01,100.3758,FRED,2026-10-03T22:59:43Z
IPG212S,Industrial Production - Mining (except Oil and Gas),Mining,US,Monthly,"Index 2017=100, SA",2018-05-01,100.0149,FRED,2026-10-03T22:59:43Z
IPG212S,Industrial Production - Mining (except Oil and Gas),Mining,US,Monthly,"Index 2017=100, SA",2018-06-01,101.4449,FRED,2026-10-03T22:59:43Z
IPG212S,Industrial Production - Mining (except Oil and Gas),Mining,US,Monthly,"Index 2017=100, SA",2018-07-01,100.2755,FRED,2026-10-03T22:59:43Z
IPG212S,Industrial Production - Mining (except Oil and Gas),Mining,US,Monthly,"Index 2017=100, SA",2018-08-01,100.2412,FRED,2026-10-03T22:59:43Z
IPG212S,Industrial Production - Mining (except Oil and Gas),Mining,US,Monthly,"Index 2017=100, SA",2018-09-01,100.9935,FRED,2026-10-03T22:59:43Z
IPG212S,Industrial Production - Mining (except Oil and Gas),Mining,US,Monthly,"Index 2017=100, SA",2018-10-01,100.2223,FRED,2026-10-03T22:59:43Z
IPG212S,Industrial Production - Mining (except Oil and Gas),Mining,US,Monthly,"Index 2017=100, SA",2018-11-01,99.871,FRED,2026-10-03T22:59:43Z
IPG212S,Industrial Production - Mining (except Oil and Gas),Mining,US,Monthly,"Index 2017=100, SA",2018-12-01,104.6429,FRED,2026-10-03T22:59:43Z
IPG212S,Industrial Production - Mining (except Oil and Gas),Mining,US,Monthly,"Index 2017=100, SA",2019-01-01,99.7625,FRED,2026-10-03T22:59:43Z
IPG212S,Industrial Production - Mining (except Oil and Gas),Mining,US,Monthly,"Index 2017=100, SA",2019-02-01,99.5356,FRED,2026-10-03T22:59:43Z
IPG212S,Industrial Production - Mining (except Oil and Gas),Mining,US,Monthly,"Index 2017=100, SA",2019-03-01,96.4347,FRED,2026-10-03T22:59:43Z
IPG212S,Industrial Production - Mining (except Oil and Gas),Mining,US,Monthly,"Index 2017=100, SA",2019-04-01,100.3248,FRED,2026-10-03T22:59:43Z
IPG212S,Industrial Production - Mining (except Oil and Gas),Mining,US,Monthly,"Index 2017=100, SA",2019-05-01,100.0448,FRED,2026-10-03T22:59:43Z
IPG212S,Industrial Production - Mining (except Oil and Gas),Mining,US,Monthly,"Index 2017=100, SA",2019-06-01,100.3648,FRED,2026-10-03T22:59:43Z
IPG212S,Industrial Production - Mining (except Oil and Gas),Mining,US,Monthly,"Index 2017=100, SA",2019-07-01,98.5414,FRED,2026-10-03T22:59:43Z
IPG212S,Industrial Production - Mining (except Oil and Gas),Mining,US,Monthly,"Index 2017=100, SA",2019-08-01,100.0089,FRED,2026-10-03T22:59:43Z
IPG212S,Industrial Production - Mining (except Oil and Gas),Mining,US,Monthly,"Index 2017=100, SA",2019-09-01,98.9851,FRED,2026-10-03T22:59:43Z
IPG212S,Industrial Production - Mining (except Oil and Gas),Mining,US,Monthly,"Index 2017=100, SA",2019-10-01,93.7518,FRED,2026-10-03T22:59:43Z
IPG212S,Industrial Production - Mining (except Oil and Gas),Mining,US,Monthly,"Index 2017=100, SA",2019-11-01,92.8681,FRED,2026-10-03T22:59:43Z
IPG212S,Industrial Production - Mining (except Oil and Gas),Mining,US,Monthly,"Index 2017=100, SA",2019-12-01,93.563,FRED,2026-10-03T22:59:43Z
IPG212S,Industrial Production - Mining (except Oil and Gas),Mining,US,Monthly,"Index 2017=100, SA",2020-01-01,94.0631,FRED,2026-10-03T22:59:43Z
IPG212S,Industrial Production - Mining (except Oil and Gas),Mining,US,Monthly,"Index 2017=100, SA",2020-02-01,91.7283,FRED,2026-10-03T22:59:43Z
IPG212S,Industrial Production - Mining (except Oil and Gas),Mining,US,Monthly,"Index 2017=100, SA",2020-03-01,89.8604,FRED,2026-10-03T22:59:43Z
IPG212S,Industrial Production - Mining (except Oil and Gas),Mining,US,Monthly,"Index 2017=100, SA",2020-04-01,85.4417,FRED,2026-10-03T22:59:43Z
IPG212S,Industrial Production - Mining (except Oil and Gas),Mining,US,Monthly,"Index 2017=100, SA",2020-05-01,83.6193,FRED,2026-10-03T22:59:43Z
IPG212S,Industrial Production - Mining (except Oil and Gas),Mining,US,Monthly,"Index 2017=100, SA",2020-06-01,80.689,FRED,2026-10-03T22:59:43Z
IPG212S,Industrial Production - Mining (except Oil and Gas),Mining,US,Monthly,"Index 2017=100, SA",2020-07-01,86.0542,FRED,2026-10-03T22:59:43Z
IPG212S,Industrial Production - Mining (except Oil and Gas),Mining,US,Monthly,"Index 2017=100, SA",2020-08-01,90.869,FRED,2026-10-03T22:59:43Z
IPG212S,Industrial Production - Mining (except Oil and Gas),Mining,US,Monthly,"Index 2017=100, SA",2020-09-01,87.1849,FRED,2026-10-03T22:59:43Z
IPG212S,Industrial Production - Mining (except Oil and Gas),Mining,US,Monthly,"Index 2017=100, SA",2020-10-01,87.7485,FRED,2026-10-03T22:59:43Z
IPG212S,Industrial Production - Mining (except Oil and Gas),Mining,US,Monthly,"Index 2017=100, SA",2020-11-01,89.284,FRED,2026-10-03T22:59:43Z
IPG212S,Industrial Production - Mining (except Oil and Gas),Mining,US,Monthly,"Index 2017=100, SA",2020-12-01,88.4335,FRED,2026-10-03T22:59:43Z
IPG212S,Industrial Production - Mining (except Oil and Gas),Mining,US,Monthly,"Index 2017=100, SA",2021-01-01,92.6946,FRED,2026-10-03T22:59:43Z
IPG212S,Industrial Production - Mining (except Oil and Gas),Mining,US,Monthly,"Index 2017=100, SA",2021-02-01,88.0617,FRED,2026-10-03T22:59:43Z
IPG212S,Industrial Production - Mining (except Oil and Gas),Mining,US,Monthly,"Index 2017=100, SA",2021-03-01,93.8314,FRED,2026-10-03T22:59:43Z
IPG212S,Industrial Production - Mining (except Oil and Gas),Mining,US,Monthly,"Index 2017=100, SA",2021-04-01,90.0325,FRED,2026-10-03T22:59:43Z
IPG212S,Industrial Production - Mining (except Oil and Gas),Mining,US,Monthly,"Index 2017=100, SA",2021-05-01,90.557,FRED,2026-10-03T22:59:43Z
IPG212S,Industrial Production - Mining (except Oil and Gas),Mining,US,Monthly,"Index 2017=100, SA",2021-06-01,89.9028,FRED,2026-10-03T22:59:43Z
IPG212S,Industrial Production - Mining (except Oil and Gas),Mining,US,Monthly,"Index 2017=100, SA",2021-07-01,88.1619,FRED,2026-10-03T22:59:43Z
IPG212S,Industrial Production - Mining (except Oil and Gas),Mining,US,Monthly,"Index 2017=100, SA",2021-08-01,90.7708,FRED,2026-10-03T22:59:43Z
IPG212S,Industrial Production - Mining (except Oil and Gas),Mining,US,Monthly,"Index 2017=100, SA",2021-09-01,91.5067,FRED,2026-10-03T22:59:43Z
IPG212S,Industrial Production - Mining (except Oil and Gas),Mining,US,Monthly,"Index 2017=100, SA",2021-10-01,91.3784,FRED,2026-10-03T22:59:43Z
IPG212S,Industrial Production - Mining (except Oil and Gas),Mining,US,Monthly,"Index 2017=100, SA",2021-11-01,91.0847,FRED,2026-10-03T22:59:43Z
IPG212S,Industrial Production - Mining (except Oil and Gas),Mining,US,Monthly,"Index 2017=100, SA",2021-12-01,93.6334,FRED,2026-10-03T22:59:43Z
IPG212S,Industrial Production - Mining (except Oil and Gas),Mining,US,Monthly,"Index 2017=100, SA",2022-01-01,90.67,FRED,2026-10-03T22:59:43Z
IPG212S,Industrial Production - Mining (except Oil and Gas),Mining,US,Monthly,"Index 2017=100, SA",2022-02-01,92.6483,FRED,2026-10-03T22:59:43Z
IPG212S,Industrial Production - Mining (except Oil and Gas),Mining,US,Monthly,"Index 2017=100, SA",2022-03-01,92.7707,FRED,2026-10-03T22:59:43Z
IPG212S,Industrial Production - Mining (except Oil and Gas),Mining,US,Monthly,"Index 2017=100, SA",2022-04-01,91.5278,FRED,2026-10-03T22:59:43Z
IPG212S,Industrial Production - Mining (except Oil and Gas),Mining,US,Monthly,"Index 2017=100, SA",2022-05-01,93.4499,FRED,2026-10-03T22:59:43Z
IPG212S,Industrial Production - Mining (except Oil and Gas),Mining,US,Monthly,"Index 2017=100, SA",2022-06-01,91.6225,FRED,2026-10-03T22:59:43Z
IPG212S,Industrial Production - Mining (except Oil and Gas),Mining,US,Monthly,"Index 2017=100, SA",2022-07-01,94.0286,FRED,2026-10-03T22:59:43Z
IPG212S,Industrial Production - Mining (except Oil and Gas),Mining,US,Monthly,"Index 2017=100, SA",2022-08-01,91.6229,FRED,2026-10-03T22:59:43Z
IPG212S,Industrial Production - Mining (except Oil and Gas),Mining,US,Monthly,"Index 2017=100, SA",2022-09-01,90.2418,FRED,2026-10-03T22:59:43Z
IPG212S,Industrial Production - Mining (except Oil and Gas),Mining,US,Monthly,"Index 2017=100, SA",2022-10-01,91.6632,FRED,2026-10-03T22:59:43Z
IPG212S,Industrial Production - Mining (except Oil and Gas),Mining,US,Monthly,"Index 2017=100, SA",2022-11-01,89.8403,FRED,2026-10-03T22:59:43Z
IPG212S,Industrial Production - Mining (except Oil and Gas),Mining,US,Monthly,"Index 2017=100, SA",2022-12-01,85.9932,FRED,2026-10-03T22:59:43Z
IPG212S,Industrial Production - Mining (except Oil and Gas),Mining,US,Monthly,"Index 2017=100, SA",2023-01-01,92.2841,FRED,2026-10-03T22:59:43Z
IPG212S,Industrial Production - Mining (except Oil and Gas),Mining,US,Monthly,"Index 2017=100, SA",2023-02-01,89.4874,FRED,2026-10-03T22:59:43Z
IPG212S,Industrial Production - Mining (except Oil and Gas),Mining,US,Monthly,"Index 2017=100, SA",2023-03-01,88.3301,FRED,2026-10-03T22:59:43Z
IPG212S,Industrial Production - Mining (except Oil and Gas),Mining,US,Monthly,"Index 2017=100, SA",2023-04-01,91.8468,FRED,2026-10-03T22:59:43Z
IPG212S,Industrial Production - Mining (except Oil and Gas),Mining,US,Monthly,"Index 2017=100, SA",2023-05-01,89.562,FRED,2026-10-03T22:59:43Z
IPG212S,Industrial Production - Mining (except Oil and Gas),Mining,US,Monthly,"Index 2017=100, SA",2023-06-01,89.2668,FRED,2026-10-03T22:59:43Z
IPG212S,Industrial Production - Mining (except Oil and Gas),Mining,US,Monthly,"Index 2017=100, SA",2023-07-01,91.2381,FRED,2026-10-03T22:59:43Z
IPG212S,Industrial Production - Mining (except Oil and Gas),Mining,US,Monthly,"Index 2017=100, SA",2023-08-01,87.6088,FRED,2026-10-03T22:59:43Z
IPG212S,Industrial Production - Mining (except Oil and Gas),Mining,US,Monthly,"Index 2017=100, SA",2023-09-01,88.6878,FRED,2026-10-03T22:59:43Z
IPG212S,Industrial Production - Mining (except Oil and Gas),Mining,US,Monthly,"Index 2017=100, SA",2023-10-01,88.6138,FRED,2026-10-03T22:59:43Z
IPG212S,Industrial Production - Mining (except Oil and Gas),Mining,US,Monthly,"Index 2017=100, SA",2023-11-01,88.9938,FRED,2026-10-03T22:59:43Z
IPG212S,Industrial Production - Mining (except Oil and Gas),Mining,US,Monthly,"Index 2017=100, SA",2023-12-01,89.9762,FRED,2026-10-03T22:59:43Z
IPG212S,Industrial Production - Mining (except Oil and Gas),Mining,US,Monthly,"Index 2017=100, SA",2024-01-01,83.1688,FRED,2026-10-03T22:59:43Z
IPG212S,Industrial Production - Mining (except Oil and Gas),Mining,US,Monthly,"Index 2017=100, SA",2024-02-01,87.672,FRED,2026-10-03T22:59:43Z
IPG212S,Industrial Production - Mining (except Oil and Gas),Mining,US,Monthly,"Index 2017=100, SA",2024-03-01,86.0185,FRED,2026-10-03T22:59:43Z
IPG212S,Industrial Production - Mining (except Oil and Gas),Mining,US,Monthly,"Index 2017=100, SA",2024-04-01,84.1188,FRED,2026-10-03T22:59:43Z
IPG212S,Industrial Production - Mining (except Oil and Gas),Mining,US,Monthly,"Index 2017=100, SA",2024-05-01,81.2078,FRED,2026-10-03T22:59:43Z
IPG212S,Industrial Production - Mining (except Oil and Gas),Mining,US,Monthly,"Index 2017=100, SA",2024-06-01,84.8422,FRED,2026-10-03T22:59:43Z
IPG212S,Industrial Production - Mining (except Oil and Gas),Mining,US,Monthly,"Index 2017=100, SA",2024-07-01,82.7321,FRED,2026-10-03T22:59:43Z
IPG212S,Industrial Production - Mining (except Oil and Gas),Mining,US,Monthly,"Index 2017=100, SA",2024-08-01,84.5384,FRED,2026-10-03T22:59:43Z
IPG212S,Industrial Production - Mining (except Oil and Gas),Mining,US,Monthly,"Index 2017=100, SA",2024-09-01,84.6019,FRED,2026-10-03T22:59:43Z
IPG212S,Industrial Production - Mining (except Oil and Gas),Mining,US,Monthly,"Index 2017=100, SA",2024-10-01,81.6125,FRED,2026-10-03T22:59:43Z
IPG212S,Industrial Production - Mining (except Oil and Gas),Mining,US,Monthly,"Index 2017=100, SA",2024-11-01,81.1929,FRED,2026-10-03T22:59:43Z
IPG212S,Industrial Production - Mining (except Oil and Gas),Mining,US,Monthly,"Index 2017=100, SA",2024-12-01,86.546,FRED,2026-10-03T22:59:43Z
IPG212S,Industrial Production - Mining (except Oil and Gas),Mining,US,Monthly,"Index 2017=100, SA",2025-01-01,80.1793,FRED,2026-10-03T22:59:43Z
IPG212S,Industrial Production - Mining (except Oil and Gas),Mining,US,Monthly,"Index 2017=100, SA",2025-02-01,83.6521,FRED,2026-10-03T22:59:43Z
IPG212S,Industrial Production - Mining (except Oil and Gas),Mining,US,Monthly,"Index 2017=100, SA",2025-03-01,86.6166,FRED,2026-10-03T22:59:43Z
IPG212S,Industrial Production - Mining (except Oil and Gas),Mining,US,Monthly,"Index 2017=100, SA",2025-04-01,84.1722,FRED,2026-10-03T22:59:43Z
IPG212S,Industrial Production - Mining (except Oil and Gas),Mining,US,Monthly,"Index 2017=100, SA",2025-05-01,85.3317,FRED,2026-10-03T22:59:43Z
IPG212S,Industrial Production - Mining (except Oil and Gas),Mining,US,Monthly,"Index 2017=100, SA",2025-06-01,86.2677,FRED,2026-10-03T22:59:43Z
IPG212S,Industrial Production - Mining (except Oil and Gas),Mining,US,Monthly,"Index 2017=100, SA",2025-07-01,86.1069,FRED,2026-10-03T22:59:43Z
IPG212S,Industrial Production - Mining (except Oil and Gas),Mining,US,Monthly,"Index 2017=100, SA",2025-08-01,88.7532,FRED,2026-10-03T22:59:43Z
IPG212S,Industrial Production - Mining (except Oil and Gas),Mining,US,Monthly,"Index 2017=100, SA",2025-09-01,83.0963,FRED,2026-10-03T22:59:43Z
IPG212S,Industrial Production - Mining (except Oil and Gas),Mining,US,Monthly,"Index 2017=100, SA",2025-10-01,80.8653,FRED,2026-10-03T22:59:43Z
IPG212S,Industrial Production - Mining (except Oil and Gas),Mining,US,Monthly,"Index 2017=100, SA",2025-11-01,84.4541,FRED,2026-10-03T22:59:43Z
IPG212S,Industrial Production - Mining (except Oil and Gas),Mining,US,Monthly,"Index 2017=100, SA",2025-12-01,83.5266,FRED,2026-10-03T22:59:43Z
IPG212S,Industrial Production - Mining (except Oil and Gas),Mining,US,Monthly,"Index 2017=100, SA",2026-01-01,87.5061,FRED,2026-10-03T22:59:43Z
IPG212S,Industrial Production - Mining (except Oil and Gas),Mining,US,Monthly,"Index 2017=100, SA",2026-02-01,87.8262,FRED,2026-10-03T22:59:43Z
IPG212S,Industrial Production - Mining (except Oil and Gas),Mining,US,Monthly,"Index 2017=100, SA",2026-03-01,83.7345,FRED,2026-10-03T22:59:43Z
IPG212S,Industrial Production - Mining (except Oil and Gas),Mining,US,Monthly,"Index 2017=100, SA",2026-04-01,84.5363,FRED,2026-10-03T22:59:43Z
IPG212S,Industrial Production - Mining (except Oil and Gas),Mining,US,Monthly,"Index 2017=100, SA",2026-05-01,85.0283,FRED,2026-10-03T22:59:43Z
IPG212S,Industrial Production - Mining (except Oil and Gas),Mining,US,Monthly,"Index 2017=100, SA",2026-06-01,84.164,FRED,2026-10-03T22:59:43Z
IPG212S,Industrial Production - Mining (except Oil and Gas),Mining,US,Monthly,"Index 2017=100, SA",2026-07-01,82.6927,FRED,2026-10-03T22:59:43Z
IPG212S,Industrial Production - Mining (except Oil and Gas),Mining,US,Monthly,"Index 2017=100, SA",2026-08-01,84.5425,FRED,2026-10-03T22:59:43Z
MORTGAGE30US,30-Year Fixed Mortgage Rate,Finance,US,Weekly,Percent,2018-01-04,3.95,FRED,2026-10-03T22:59:43Z
MORTGAGE30US,30-Year Fixed Mortgage Rate,Finance,US,Weekly,Percent,2018-01-11,3.99,FRED,2026-10-03T22:59:43Z
MORTGAGE30US,30-Year Fixed Mortgage Rate,Finance,US,Weekly,Percent,2018-01-18,4.04,FRED,2026-10-03T22:59:43Z
MORTGAGE30US,30-Year Fixed Mortgage Rate,Finance,US,Weekly,Percent,2018-01-25,4.15,FRED,2026-10-03T22:59:43Z
MORTGAGE30US,30-Year Fixed Mortgage Rate,Finance,US,Weekly,Percent,2018-02-01,4.22,FRED,2026-10-03T22:59:43Z
MORTGAGE30US,30-Year Fixed Mortgage Rate,Finance,US,Weekly,Percent,2018-02-08,4.32,FRED,2026-10-03T22:59:43Z
MORTGAGE30US,30-Year Fixed Mortgage Rate,Finance,US,Weekly,Percent,2018-02-15,4.38,FRED,2026-10-03T22:59:43Z
MORTGAGE30US,30-Year Fixed Mortgage Rate,Finance,US,Weekly,Percent,2018-02-22,4.4,FRED,2026-10-03T22:59:43Z
MORTGAGE30US,30-Year Fixed Mortgage Rate,Finance,US,Weekly,Percent,2018-03-01,4.43,FRED,2026-10-03T22:59:43Z
MORTGAGE30US,30-Year Fixed Mortgage Rate,Finance,US,Weekly,Percent,2018-03-08,4.46,FRED,2026-10-03T22:59:43Z
MORTGAGE30US,30-Year Fixed Mortgage Rate,Finance,US,Weekly,Percent,2018-03-15,4.44,FRED,2026-10-03T22:59:43Z
MORTGAGE30US,30-Year Fixed Mortgage Rate,Finance,US,Weekly,Percent,2018-03-22,4.45,FRED,2026-10-03T22:59:43Z
MORTGAGE30US,30-Year Fixed Mortgage Rate,Finance,US,Weekly,Percent,2018-03-29,4.44,FRED,2026-10-03T22:59:43Z
MORTGAGE30US,30-Year Fixed Mortgage Rate,Finance,US,Weekly,Percent,2018-04-05,4.4,FRED,2026-10-03T22:59:43Z
MORTGAGE30US,30-Year Fixed Mortgage Rate,Finance,US,Weekly,Percent,2018-04-12,4.42,FRED,2026-10-03T22:59:43Z
MORTGAGE30US,30-Year Fixed Mortgage Rate,Finance,US,Weekly,Percent,2018-04-19,4.47,FRED,2026-10-03T22:59:43Z
MORTGAGE30US,30-Year Fixed Mortgage Rate,Finance,US,Weekly,Percent,2018-04-26,4.58,FRED,2026-10-03T22:59:43Z
MORTGAGE30US,30-Year Fixed Mortgage Rate,Finance,US,Weekly,Percent,2018-05-03,4.55,FRED,2026-10-03T22:59:43Z
MORTGAGE30US,30-Year Fixed Mortgage Rate,Finance,US,Weekly,Percent,2018-05-10,4.55,FRED,2026-10-03T22:59:43Z
MORTGAGE30US,30-Year Fixed Mortgage Rate,Finance,US,Weekly,Percent,2018-05-17,4.61,FRED,2026-10-03T22:59:43Z
MORTGAGE30US,30-Year Fixed Mortgage Rate,Finance,US,Weekly,Percent,2018-05-24,4.66,FRED,2026-10-03T22:59:43Z
MORTGAGE30US,30-Year Fixed Mortgage Rate,Finance,US,Weekly,Percent,2018-05-31,4.56,FRED,2026-10-03T22:59:43Z
MORTGAGE30US,30-Year Fixed Mortgage Rate,Finance,US,Weekly,Percent,2018-06-07,4.54,FRED,2026-10-03T22:59:43Z
MORTGAGE30US,30-Year Fixed Mortgage Rate,Finance,US,Weekly,Percent,2018-06-14,4.62,FRED,2026-10-03T22:59:43Z
MORTGAGE30US,30-Year Fixed Mortgage Rate,Finance,US,Weekly,Percent,2018-06-21,4.57,FRED,2026-10-03T22:59:43Z
MORTGAGE30US,30-Year Fixed Mortgage Rate,Finance,US,Weekly,Percent,2018-06-28,4.55,FRED,2026-10-03T22:59:43Z
MORTGAGE30US,30-Year Fixed Mortgage Rate,Finance,US,Weekly,Percent,2018-07-05,4.52,FRED,2026-10-03T22:59:43Z
MORTGAGE30US,30-Year Fixed Mortgage Rate,Finance,US,Weekly,Percent,2018-07-12,4.53,FRED,2026-10-03T22:59:43Z
MORTGAGE30US,30-Year Fixed Mortgage Rate,Finance,US,Weekly,Percent,2018-07-19,4.52,FRED,2026-10-03T22:59:43Z
MORTGAGE30US,30-Year Fixed Mortgage Rate,Finance,US,Weekly,Percent,2018-07-26,4.54,FRED,2026-10-03T22:59:43Z
MORTGAGE30US,30-Year Fixed Mortgage Rate,Finance,US,Weekly,Percent,2018-08-02,4.6,FRED,2026-10-03T22:59:43Z
MORTGAGE30US,30-Year Fixed Mortgage Rate,Finance,US,Weekly,Percent,2018-08-09,4.59,FRED,2026-10-03T22:59:43Z
MORTGAGE30US,30-Year Fixed Mortgage Rate,Finance,US,Weekly,Percent,2018-08-16,4.53,FRED,2026-10-03T22:59:43Z
MORTGAGE30US,30-Year Fixed Mortgage Rate,Finance,US,Weekly,Percent,2018-08-23,4.51,FRED,2026-10-03T22:59:43Z
MORTGAGE30US,30-Year Fixed Mortgage Rate,Finance,US,Weekly,Percent,2018-08-30,4.52,FRED,2026-10-03T22:59:43Z
MORTGAGE30US,30-Year Fixed Mortgage Rate,Finance,US,Weekly,Percent,2018-09-06,4.54,FRED,2026-10-03T22:59:43Z
MORTGAGE30US,30-Year Fixed Mortgage Rate,Finance,US,Weekly,Percent,2018-09-13,4.6,FRED,2026-10-03T22:59:43Z
MORTGAGE30US,30-Year Fixed Mortgage Rate,Finance,US,Weekly,Percent,2018-09-20,4.65,FRED,2026-10-03T22:59:43Z
MORTGAGE30US,30-Year Fixed Mortgage Rate,Finance,US,Weekly,Percent,2018-09-27,4.72,FRED,2026-10-03T22:59:43Z
MORTGAGE30US,30-Year Fixed Mortgage Rate,Finance,US,Weekly,Percent,2018-10-04,4.71,FRED,2026-10-03T22:59:43Z
MORTGAGE30US,30-Year Fixed Mortgage Rate,Finance,US,Weekly,Percent,2018-10-11,4.9,FRED,2026-10-03T22:59:43Z
MORTGAGE30US,30-Year Fixed Mortgage Rate,Finance,US,Weekly,Percent,2018-10-18,4.85,FRED,2026-10-03T22:59:43Z
MORTGAGE30US,30-Year Fixed Mortgage Rate,Finance,US,Weekly,Percent,2018-10-25,4.86,FRED,2026-10-03T22:59:43Z
MORTGAGE30US,30-Year Fixed Mortgage Rate,Finance,US,Weekly,Percent,2018-11-01,4.83,FRED,2026-10-03T22:59:43Z
MORTGAGE30US,30-Year Fixed Mortgage Rate,Finance,US,Weekly,Percent,2018-11-08,4.94,FRED,2026-10-03T22:59:43Z
MORTGAGE30US,30-Year Fixed Mortgage Rate,Finance,US,Weekly,Percent,2018-11-15,4.94,FRED,2026-10-03T22:59:43Z
MORTGAGE30US,30-Year Fixed Mortgage Rate,Finance,US,Weekly,Percent,2018-11-21,4.81,FRED,2026-10-03T22:59:43Z
MORTGAGE30US,30-Year Fixed Mortgage Rate,Finance,US,Weekly,Percent,2018-11-29,4.81,FRED,2026-10-03T22:59:43Z
MORTGAGE30US,30-Year Fixed Mortgage Rate,Finance,US,Weekly,Percent,2018-12-06,4.75,FRED,2026-10-03T22:59:43Z
MORTGAGE30US,30-Year Fixed Mortgage Rate,Finance,US,Weekly,Percent,2018-12-13,4.63,FRED,2026-10-03T22:59:43Z
MORTGAGE30US,30-Year Fixed Mortgage Rate,Finance,US,Weekly,Percent,2018-12-20,4.62,FRED,2026-10-03T22:59:43Z
MORTGAGE30US,30-Year Fixed Mortgage Rate,Finance,US,Weekly,Percent,2018-12-27,4.55,FRED,2026-10-03T22:59:43Z
MORTGAGE30US,30-Year Fixed Mortgage Rate,Finance,US,Weekly,Percent,2019-01-03,4.51,FRED,2026-10-03T22:59:43Z
MORTGAGE30US,30-Year Fixed Mortgage Rate,Finance,US,Weekly,Percent,2019-01-10,4.45,FRED,2026-10-03T22:59:43Z
MORTGAGE30US,30-Year Fixed Mortgage Rate,Finance,US,Weekly,Percent,2019-01-17,4.45,FRED,2026-10-03T22:59:43Z
MORTGAGE30US,30-Year Fixed Mortgage Rate,Finance,US,Weekly,Percent,2019-01-24,4.45,FRED,2026-10-03T22:59:43Z
MORTGAGE30US,30-Year Fixed Mortgage Rate,Finance,US,Weekly,Percent,2019-01-31,4.46,FRED,2026-10-03T22:59:43Z
MORTGAGE30US,30-Year Fixed Mortgage Rate,Finance,US,Weekly,Percent,2019-02-07,4.41,FRED,2026-10-03T22:59:43Z
MORTGAGE30US,30-Year Fixed Mortgage Rate,Finance,US,Weekly,Percent,2019-02-14,4.37,FRED,2026-10-03T22:59:43Z
MORTGAGE30US,30-Year Fixed Mortgage Rate,Finance,US,Weekly,Percent,2019-02-21,4.35,FRED,2026-10-03T22:59:43Z
MORTGAGE30US,30-Year Fixed Mortgage Rate,Finance,US,Weekly,Percent,2019-02-28,4.35,FRED,2026-10-03T22:59:43Z
MORTGAGE30US,30-Year Fixed Mortgage Rate,Finance,US,Weekly,Percent,2019-03-07,4.41,FRED,2026-10-03T22:59:43Z
MORTGAGE30US,30-Year Fixed Mortgage Rate,Finance,US,Weekly,Percent,2019-03-14,4.31,FRED,2026-10-03T22:59:43Z
MORTGAGE30US,30-Year Fixed Mortgage Rate,Finance,US,Weekly,Percent,2019-03-21,4.28,FRED,2026-10-03T22:59:43Z
MORTGAGE30US,30-Year Fixed Mortgage Rate,Finance,US,Weekly,Percent,2019-03-28,4.06,FRED,2026-10-03T22:59:43Z
MORTGAGE30US,30-Year Fixed Mortgage Rate,Finance,US,Weekly,Percent,2019-04-04,4.08,FRED,2026-10-03T22:59:43Z
MORTGAGE30US,30-Year Fixed Mortgage Rate,Finance,US,Weekly,Percent,2019-04-11,4.12,FRED,2026-10-03T22:59:43Z
MORTGAGE30US,30-Year Fixed Mortgage Rate,Finance,US,Weekly,Percent,2019-04-18,4.17,FRED,2026-10-03T22:59:43Z
MORTGAGE30US,30-Year Fixed Mortgage Rate,Finance,US,Weekly,Percent,2019-04-25,4.2,FRED,2026-10-03T22:59:43Z
MORTGAGE30US,30-Year Fixed Mortgage Rate,Finance,US,Weekly,Percent,2019-05-02,4.14,FRED,2026-10-03T22:59:43Z
MORTGAGE30US,30-Year Fixed Mortgage Rate,Finance,US,Weekly,Percent,2019-05-09,4.1,FRED,2026-10-03T22:59:43Z
MORTGAGE30US,30-Year Fixed Mortgage Rate,Finance,US,Weekly,Percent,2019-05-16,4.07,FRED,2026-10-03T22:59:43Z
MORTGAGE30US,30-Year Fixed Mortgage Rate,Finance,US,Weekly,Percent,2019-05-23,4.06,FRED,2026-10-03T22:59:43Z
MORTGAGE30US,30-Year Fixed Mortgage Rate,Finance,US,Weekly,Percent,2019-05-30,3.99,FRED,2026-10-03T22:59:43Z
MORTGAGE30US,30-Year Fixed Mortgage Rate,Finance,US,Weekly,Percent,2019-06-06,3.82,FRED,2026-10-03T22:59:43Z
MORTGAGE30US,30-Year Fixed Mortgage Rate,Finance,US,Weekly,Percent,2019-06-13,3.82,FRED,2026-10-03T22:59:43Z
MORTGAGE30US,30-Year Fixed Mortgage Rate,Finance,US,Weekly,Percent,2019-06-20,3.84,FRED,2026-10-03T22:59:43Z
MORTGAGE30US,30-Year Fixed Mortgage Rate,Finance,US,Weekly,Percent,2019-06-27,3.73,FRED,2026-10-03T22:59:43Z
MORTGAGE30US,30-Year Fixed Mortgage Rate,Finance,US,Weekly,Percent,2019-07-03,3.75,FRED,2026-10-03T22:59:43Z
MORTGAGE30US,30-Year Fixed Mortgage Rate,Finance,US,Weekly,Percent,2019-07-11,3.75,FRED,2026-10-03T22:59:43Z
MORTGAGE30US,30-Year Fixed Mortgage Rate,Finance,US,Weekly,Percent,2019-07-18,3.81,FRED,2026-10-03T22:59:43Z
MORTGAGE30US,30-Year Fixed Mortgage Rate,Finance,US,Weekly,Percent,2019-07-25,3.75,FRED,2026-10-03T22:59:43Z
MORTGAGE30US,30-Year Fixed Mortgage Rate,Finance,US,Weekly,Percent,2019-08-01,3.75,FRED,2026-10-03T22:59:43Z
MORTGAGE30US,30-Year Fixed Mortgage Rate,Finance,US,Weekly,Percent,2019-08-08,3.6,FRED,2026-10-03T22:59:43Z
MORTGAGE30US,30-Year Fixed Mortgage Rate,Finance,US,Weekly,Percent,2019-08-15,3.6,FRED,2026-10-03T22:59:43Z
MORTGAGE30US,30-Year Fixed Mortgage Rate,Finance,US,Weekly,Percent,2019-08-22,3.55,FRED,2026-10-03T22:59:43Z
MORTGAGE30US,30-Year Fixed Mortgage Rate,Finance,US,Weekly,Percent,2019-08-29,3.58,FRED,2026-10-03T22:59:43Z
MORTGAGE30US,30-Year Fixed Mortgage Rate,Finance,US,Weekly,Percent,2019-09-05,3.49,FRED,2026-10-03T22:59:43Z
MORTGAGE30US,30-Year Fixed Mortgage Rate,Finance,US,Weekly,Percent,2019-09-12,3.56,FRED,2026-10-03T22:59:43Z
MORTGAGE30US,30-Year Fixed Mortgage Rate,Finance,US,Weekly,Percent,2019-09-19,3.73,FRED,2026-10-03T22:59:43Z
MORTGAGE30US,30-Year Fixed Mortgage Rate,Finance,US,Weekly,Percent,2019-09-26,3.64,FRED,2026-10-03T22:59:43Z
MORTGAGE30US,30-Year Fixed Mortgage Rate,Finance,US,Weekly,Percent,2019-10-03,3.65,FRED,2026-10-03T22:59:43Z
MORTGAGE30US,30-Year Fixed Mortgage Rate,Finance,US,Weekly,Percent,2019-10-10,3.57,FRED,2026-10-03T22:59:43Z
MORTGAGE30US,30-Year Fixed Mortgage Rate,Finance,US,Weekly,Percent,2019-10-17,3.69,FRED,2026-10-03T22:59:43Z
MORTGAGE30US,30-Year Fixed Mortgage Rate,Finance,US,Weekly,Percent,2019-10-24,3.75,FRED,2026-10-03T22:59:43Z
MORTGAGE30US,30-Year Fixed Mortgage Rate,Finance,US,Weekly,Percent,2019-10-31,3.78,FRED,2026-10-03T22:59:43Z
MORTGAGE30US,30-Year Fixed Mortgage Rate,Finance,US,Weekly,Percent,2019-11-07,3.69,FRED,2026-10-03T22:59:43Z
MORTGAGE30US,30-Year Fixed Mortgage Rate,Finance,US,Weekly,Percent,2019-11-14,3.75,FRED,2026-10-03T22:59:43Z
MORTGAGE30US,30-Year Fixed Mortgage Rate,Finance,US,Weekly,Percent,2019-11-21,3.66,FRED,2026-10-03T22:59:43Z
MORTGAGE30US,30-Year Fixed Mortgage Rate,Finance,US,Weekly,Percent,2019-11-27,3.68,FRED,2026-10-03T22:59:43Z
MORTGAGE30US,30-Year Fixed Mortgage Rate,Finance,US,Weekly,Percent,2019-12-05,3.68,FRED,2026-10-03T22:59:43Z
MORTGAGE30US,30-Year Fixed Mortgage Rate,Finance,US,Weekly,Percent,2019-12-12,3.73,FRED,2026-10-03T22:59:43Z
MORTGAGE30US,30-Year Fixed Mortgage Rate,Finance,US,Weekly,Percent,2019-12-19,3.73,FRED,2026-10-03T22:59:43Z
MORTGAGE30US,30-Year Fixed Mortgage Rate,Finance,US,Weekly,Percent,2019-12-26,3.74,FRED,2026-10-03T22:59:43Z
MORTGAGE30US,30-Year Fixed Mortgage Rate,Finance,US,Weekly,Percent,2020-01-02,3.72,FRED,2026-10-03T22:59:43Z
MORTGAGE30US,30-Year Fixed Mortgage Rate,Finance,US,Weekly,Percent,2020-01-09,3.64,FRED,2026-10-03T22:59:43Z
MORTGAGE30US,30-Year Fixed Mortgage Rate,Finance,US,Weekly,Percent,2020-01-16,3.65,FRED,2026-10-03T22:59:43Z
MORTGAGE30US,30-Year Fixed Mortgage Rate,Finance,US,Weekly,Percent,2020-01-23,3.6,FRED,2026-10-03T22:59:43Z
MORTGAGE30US,30-Year Fixed Mortgage Rate,Finance,US,Weekly,Percent,2020-01-30,3.51,FRED,2026-10-03T22:59:43Z
MORTGAGE30US,30-Year Fixed Mortgage Rate,Finance,US,Weekly,Percent,2020-02-06,3.45,FRED,2026-10-03T22:59:43Z
MORTGAGE30US,30-Year Fixed Mortgage Rate,Finance,US,Weekly,Percent,2020-02-13,3.47,FRED,2026-10-03T22:59:43Z
MORTGAGE30US,30-Year Fixed Mortgage Rate,Finance,US,Weekly,Percent,2020-02-20,3.49,FRED,2026-10-03T22:59:43Z
MORTGAGE30US,30-Year Fixed Mortgage Rate,Finance,US,Weekly,Percent,2020-02-27,3.45,FRED,2026-10-03T22:59:43Z
MORTGAGE30US,30-Year Fixed Mortgage Rate,Finance,US,Weekly,Percent,2020-03-05,3.29,FRED,2026-10-03T22:59:43Z
MORTGAGE30US,30-Year Fixed Mortgage Rate,Finance,US,Weekly,Percent,2020-03-12,3.36,FRED,2026-10-03T22:59:43Z
MORTGAGE30US,30-Year Fixed Mortgage Rate,Finance,US,Weekly,Percent,2020-03-19,3.65,FRED,2026-10-03T22:59:43Z
MORTGAGE30US,30-Year Fixed Mortgage Rate,Finance,US,Weekly,Percent,2020-03-26,3.5,FRED,2026-10-03T22:59:43Z
MORTGAGE30US,30-Year Fixed Mortgage Rate,Finance,US,Weekly,Percent,2020-04-02,3.33,FRED,2026-10-03T22:59:43Z
MORTGAGE30US,30-Year Fixed Mortgage Rate,Finance,US,Weekly,Percent,2020-04-09,3.33,FRED,2026-10-03T22:59:43Z
MORTGAGE30US,30-Year Fixed Mortgage Rate,Finance,US,Weekly,Percent,2020-04-16,3.31,FRED,2026-10-03T22:59:43Z
MORTGAGE30US,30-Year Fixed Mortgage Rate,Finance,US,Weekly,Percent,2020-04-23,3.33,FRED,2026-10-03T22:59:43Z
MORTGAGE30US,30-Year Fixed Mortgage Rate,Finance,US,Weekly,Percent,2020-04-30,3.23,FRED,2026-10-03T22:59:43Z
MORTGAGE30US,30-Year Fixed Mortgage Rate,Finance,US,Weekly,Percent,2020-05-07,3.26,FRED,2026-10-03T22:59:43Z
MORTGAGE30US,30-Year Fixed Mortgage Rate,Finance,US,Weekly,Percent,2020-05-14,3.28,FRED,2026-10-03T22:59:43Z
MORTGAGE30US,30-Year Fixed Mortgage Rate,Finance,US,Weekly,Percent,2020-05-21,3.24,FRED,2026-10-03T22:59:43Z
MORTGAGE30US,30-Year Fixed Mortgage Rate,Finance,US,Weekly,Percent,2020-05-28,3.15,FRED,2026-10-03T22:59:43Z
MORTGAGE30US,30-Year Fixed Mortgage Rate,Finance,US,Weekly,Percent,2020-06-04,3.18,FRED,2026-10-03T22:59:43Z
MORTGAGE30US,30-Year Fixed Mortgage Rate,Finance,US,Weekly,Percent,2020-06-11,3.21,FRED,2026-10-03T22:59:43Z
MORTGAGE30US,30-Year Fixed Mortgage Rate,Finance,US,Weekly,Percent,2020-06-18,3.13,FRED,2026-10-03T22:59:43Z
MORTGAGE30US,30-Year Fixed Mortgage Rate,Finance,US,Weekly,Percent,2020-06-25,3.13,FRED,2026-10-03T22:59:43Z
MORTGAGE30US,30-Year Fixed Mortgage Rate,Finance,US,Weekly,Percent,2020-07-02,3.07,FRED,2026-10-03T22:59:43Z
MORTGAGE30US,30-Year Fixed Mortgage Rate,Finance,US,Weekly,Percent,2020-07-09,3.03,FRED,2026-10-03T22:59:43Z
MORTGAGE30US,30-Year Fixed Mortgage Rate,Finance,US,Weekly,Percent,2020-07-16,2.98,FRED,2026-10-03T22:59:43Z
MORTGAGE30US,30-Year Fixed Mortgage Rate,Finance,US,Weekly,Percent,2020-07-23,3.01,FRED,2026-10-03T22:59:43Z
MORTGAGE30US,30-Year Fixed Mortgage Rate,Finance,US,Weekly,Percent,2020-07-30,2.99,FRED,2026-10-03T22:59:43Z
MORTGAGE30US,30-Year Fixed Mortgage Rate,Finance,US,Weekly,Percent,2020-08-06,2.88,FRED,2026-10-03T22:59:43Z
MORTGAGE30US,30-Year Fixed Mortgage Rate,Finance,US,Weekly,Percent,2020-08-13,2.96,FRED,2026-10-03T22:59:43Z
MORTGAGE30US,30-Year Fixed Mortgage Rate,Finance,US,Weekly,Percent,2020-08-20,2.99,FRED,2026-10-03T22:59:43Z
MORTGAGE30US,30-Year Fixed Mortgage Rate,Finance,US,Weekly,Percent,2020-08-27,2.91,FRED,2026-10-03T22:59:43Z
MORTGAGE30US,30-Year Fixed Mortgage Rate,Finance,US,Weekly,Percent,2020-09-03,2.93,FRED,2026-10-03T22:59:43Z
MORTGAGE30US,30-Year Fixed Mortgage Rate,Finance,US,Weekly,Percent,2020-09-10,2.86,FRED,2026-10-03T22:59:43Z
MORTGAGE30US,30-Year Fixed Mortgage Rate,Finance,US,Weekly,Percent,2020-09-17,2.87,FRED,2026-10-03T22:59:43Z
MORTGAGE30US,30-Year Fixed Mortgage Rate,Finance,US,Weekly,Percent,2020-09-24,2.9,FRED,2026-10-03T22:59:43Z
MORTGAGE30US,30-Year Fixed Mortgage Rate,Finance,US,Weekly,Percent,2020-10-01,2.88,FRED,2026-10-03T22:59:43Z
MORTGAGE30US,30-Year Fixed Mortgage Rate,Finance,US,Weekly,Percent,2020-10-08,2.87,FRED,2026-10-03T22:59:43Z
MORTGAGE30US,30-Year Fixed Mortgage Rate,Finance,US,Weekly,Percent,2020-10-15,2.81,FRED,2026-10-03T22:59:43Z
MORTGAGE30US,30-Year Fixed Mortgage Rate,Finance,US,Weekly,Percent,2020-10-22,2.8,FRED,2026-10-03T22:59:43Z
MORTGAGE30US,30-Year Fixed Mortgage Rate,Finance,US,Weekly,Percent,2020-10-29,2.81,FRED,2026-10-03T22:59:43Z
MORTGAGE30US,30-Year Fixed Mortgage Rate,Finance,US,Weekly,Percent,2020-11-05,2.78,FRED,2026-10-03T22:59:43Z
MORTGAGE30US,30-Year Fixed Mortgage Rate,Finance,US,Weekly,Percent,2020-11-12,2.84,FRED,2026-10-03T22:59:43Z
MORTGAGE30US,30-Year Fixed Mortgage Rate,Finance,US,Weekly,Percent,2020-11-19,2.72,FRED,2026-10-03T22:59:43Z
MORTGAGE30US,30-Year Fixed Mortgage Rate,Finance,US,Weekly,Percent,2020-11-25,2.72,FRED,2026-10-03T22:59:43Z
MORTGAGE30US,30-Year Fixed Mortgage Rate,Finance,US,Weekly,Percent,2020-12-03,2.71,FRED,2026-10-03T22:59:43Z
MORTGAGE30US,30-Year Fixed Mortgage Rate,Finance,US,Weekly,Percent,2020-12-10,2.71,FRED,2026-10-03T22:59:43Z
MORTGAGE30US,30-Year Fixed Mortgage Rate,Finance,US,Weekly,Percent,2020-12-17,2.67,FRED,2026-10-03T22:59:43Z
MORTGAGE30US,30-Year Fixed Mortgage Rate,Finance,US,Weekly,Percent,2020-12-24,2.66,FRED,2026-10-03T22:59:43Z
MORTGAGE30US,30-Year Fixed Mortgage Rate,Finance,US,Weekly,Percent,2020-12-31,2.67,FRED,2026-10-03T22:59:43Z
MORTGAGE30US,30-Year Fixed Mortgage Rate,Finance,US,Weekly,Percent,2021-01-07,2.65,FRED,2026-10-03T22:59:43Z
MORTGAGE30US,30-Year Fixed Mortgage Rate,Finance,US,Weekly,Percent,2021-01-14,2.79,FRED,2026-10-03T22:59:43Z
MORTGAGE30US,30-Year Fixed Mortgage Rate,Finance,US,Weekly,Percent,2021-01-21,2.77,FRED,2026-10-03T22:59:43Z
MORTGAGE30US,30-Year Fixed Mortgage Rate,Finance,US,Weekly,Percent,2021-01-28,2.73,FRED,2026-10-03T22:59:43Z
MORTGAGE30US,30-Year Fixed Mortgage Rate,Finance,US,Weekly,Percent,2021-02-04,2.73,FRED,2026-10-03T22:59:43Z
MORTGAGE30US,30-Year Fixed Mortgage Rate,Finance,US,Weekly,Percent,2021-02-11,2.73,FRED,2026-10-03T22:59:43Z
MORTGAGE30US,30-Year Fixed Mortgage Rate,Finance,US,Weekly,Percent,2021-02-18,2.81,FRED,2026-10-03T22:59:43Z
MORTGAGE30US,30-Year Fixed Mortgage Rate,Finance,US,Weekly,Percent,2021-02-25,2.97,FRED,2026-10-03T22:59:43Z
MORTGAGE30US,30-Year Fixed Mortgage Rate,Finance,US,Weekly,Percent,2021-03-04,3.02,FRED,2026-10-03T22:59:43Z
MORTGAGE30US,30-Year Fixed Mortgage Rate,Finance,US,Weekly,Percent,2021-03-11,3.05,FRED,2026-10-03T22:59:43Z
MORTGAGE30US,30-Year Fixed Mortgage Rate,Finance,US,Weekly,Percent,2021-03-18,3.09,FRED,2026-10-03T22:59:43Z
MORTGAGE30US,30-Year Fixed Mortgage Rate,Finance,US,Weekly,Percent,2021-03-25,3.17,FRED,2026-10-03T22:59:43Z
MORTGAGE30US,30-Year Fixed Mortgage Rate,Finance,US,Weekly,Percent,2021-04-01,3.18,FRED,2026-10-03T22:59:43Z
MORTGAGE30US,30-Year Fixed Mortgage Rate,Finance,US,Weekly,Percent,2021-04-08,3.13,FRED,2026-10-03T22:59:43Z
MORTGAGE30US,30-Year Fixed Mortgage Rate,Finance,US,Weekly,Percent,2021-04-15,3.04,FRED,2026-10-03T22:59:43Z
MORTGAGE30US,30-Year Fixed Mortgage Rate,Finance,US,Weekly,Percent,2021-04-22,2.97,FRED,2026-10-03T22:59:43Z
MORTGAGE30US,30-Year Fixed Mortgage Rate,Finance,US,Weekly,Percent,2021-04-29,2.98,FRED,2026-10-03T22:59:43Z
MORTGAGE30US,30-Year Fixed Mortgage Rate,Finance,US,Weekly,Percent,2021-05-06,2.96,FRED,2026-10-03T22:59:43Z
MORTGAGE30US,30-Year Fixed Mortgage Rate,Finance,US,Weekly,Percent,2021-05-13,2.94,FRED,2026-10-03T22:59:43Z
MORTGAGE30US,30-Year Fixed Mortgage Rate,Finance,US,Weekly,Percent,2021-05-20,3.0,FRED,2026-10-03T22:59:43Z
MORTGAGE30US,30-Year Fixed Mortgage Rate,Finance,US,Weekly,Percent,2021-05-27,2.95,FRED,2026-10-03T22:59:43Z
MORTGAGE30US,30-Year Fixed Mortgage Rate,Finance,US,Weekly,Percent,2021-06-03,2.99,FRED,2026-10-03T22:59:43Z
MORTGAGE30US,30-Year Fixed Mortgage Rate,Finance,US,Weekly,Percent,2021-06-10,2.96,FRED,2026-10-03T22:59:43Z
MORTGAGE30US,30-Year Fixed Mortgage Rate,Finance,US,Weekly,Percent,2021-06-17,2.93,FRED,2026-10-03T22:59:43Z
MORTGAGE30US,30-Year Fixed Mortgage Rate,Finance,US,Weekly,Percent,2021-06-24,3.02,FRED,2026-10-03T22:59:43Z
MORTGAGE30US,30-Year Fixed Mortgage Rate,Finance,US,Weekly,Percent,2021-07-01,2.98,FRED,2026-10-03T22:59:43Z
MORTGAGE30US,30-Year Fixed Mortgage Rate,Finance,US,Weekly,Percent,2021-07-08,2.9,FRED,2026-10-03T22:59:43Z
MORTGAGE30US,30-Year Fixed Mortgage Rate,Finance,US,Weekly,Percent,2021-07-15,2.88,FRED,2026-10-03T22:59:43Z
MORTGAGE30US,30-Year Fixed Mortgage Rate,Finance,US,Weekly,Percent,2021-07-22,2.78,FRED,2026-10-03T22:59:43Z
MORTGAGE30US,30-Year Fixed Mortgage Rate,Finance,US,Weekly,Percent,2021-07-29,2.8,FRED,2026-10-03T22:59:43Z
MORTGAGE30US,30-Year Fixed Mortgage Rate,Finance,US,Weekly,Percent,2021-08-05,2.77,FRED,2026-10-03T22:59:43Z
MORTGAGE30US,30-Year Fixed Mortgage Rate,Finance,US,Weekly,Percent,2021-08-12,2.87,FRED,2026-10-03T22:59:43Z
MORTGAGE30US,30-Year Fixed Mortgage Rate,Finance,US,Weekly,Percent,2021-08-19,2.86,FRED,2026-10-03T22:59:43Z
MORTGAGE30US,30-Year Fixed Mortgage Rate,Finance,US,Weekly,Percent,2021-08-26,2.87,FRED,2026-10-03T22:59:43Z
MORTGAGE30US,30-Year Fixed Mortgage Rate,Finance,US,Weekly,Percent,2021-09-02,2.87,FRED,2026-10-03T22:59:43Z
MORTGAGE30US,30-Year Fixed Mortgage Rate,Finance,US,Weekly,Percent,2021-09-09,2.88,FRED,2026-10-03T22:59:43Z
MORTGAGE30US,30-Year Fixed Mortgage Rate,Finance,US,Weekly,Percent,2021-09-16,2.86,FRED,2026-10-03T22:59:43Z
MORTGAGE30US,30-Year Fixed Mortgage Rate,Finance,US,Weekly,Percent,2021-09-23,2.88,FRED,2026-10-03T22:59:43Z
MORTGAGE30US,30-Year Fixed Mortgage Rate,Finance,US,Weekly,Percent,2021-09-30,3.01,FRED,2026-10-03T22:59:43Z
MORTGAGE30US,30-Year Fixed Mortgage Rate,Finance,US,Weekly,Percent,2021-10-07,2.99,FRED,2026-10-03T22:59:43Z
MORTGAGE30US,30-Year Fixed Mortgage Rate,Finance,US,Weekly,Percent,2021-10-14,3.05,FRED,2026-10-03T22:59:43Z
MORTGAGE30US,30-Year Fixed Mortgage Rate,Finance,US,Weekly,Percent,2021-10-21,3.09,FRED,2026-10-03T22:59:43Z
MORTGAGE30US,30-Year Fixed Mortgage Rate,Finance,US,Weekly,Percent,2021-10-28,3.14,FRED,2026-10-03T22:59:43Z
MORTGAGE30US,30-Year Fixed Mortgage Rate,Finance,US,Weekly,Percent,2021-11-04,3.09,FRED,2026-10-03T22:59:43Z
MORTGAGE30US,30-Year Fixed Mortgage Rate,Finance,US,Weekly,Percent,2021-11-10,2.98,FRED,2026-10-03T22:59:43Z
MORTGAGE30US,30-Year Fixed Mortgage Rate,Finance,US,Weekly,Percent,2021-11-18,3.1,FRED,2026-10-03T22:59:43Z
MORTGAGE30US,30-Year Fixed Mortgage Rate,Finance,US,Weekly,Percent,2021-11-24,3.1,FRED,2026-10-03T22:59:43Z
MORTGAGE30US,30-Year Fixed Mortgage Rate,Finance,US,Weekly,Percent,2021-12-02,3.11,FRED,2026-10-03T22:59:43Z
MORTGAGE30US,30-Year Fixed Mortgage Rate,Finance,US,Weekly,Percent,2021-12-09,3.1,FRED,2026-10-03T22:59:43Z
MORTGAGE30US,30-Year Fixed Mortgage Rate,Finance,US,Weekly,Percent,2021-12-16,3.12,FRED,2026-10-03T22:59:43Z
MORTGAGE30US,30-Year Fixed Mortgage Rate,Finance,US,Weekly,Percent,2021-12-23,3.05,FRED,2026-10-03T22:59:43Z
MORTGAGE30US,30-Year Fixed Mortgage Rate,Finance,US,Weekly,Percent,2021-12-30,3.11,FRED,2026-10-03T22:59:43Z
MORTGAGE30US,30-Year Fixed Mortgage Rate,Finance,US,Weekly,Percent,2022-01-06,3.22,FRED,2026-10-03T22:59:43Z
MORTGAGE30US,30-Year Fixed Mortgage Rate,Finance,US,Weekly,Percent,2022-01-13,3.45,FRED,2026-10-03T22:59:43Z
MORTGAGE30US,30-Year Fixed Mortgage Rate,Finance,US,Weekly,Percent,2022-01-20,3.56,FRED,2026-10-03T22:59:43Z
MORTGAGE30US,30-Year Fixed Mortgage Rate,Finance,US,Weekly,Percent,2022-01-27,3.55,FRED,2026-10-03T22:59:43Z
MORTGAGE30US,30-Year Fixed Mortgage Rate,Finance,US,Weekly,Percent,2022-02-03,3.55,FRED,2026-10-03T22:59:43Z
MORTGAGE30US,30-Year Fixed Mortgage Rate,Finance,US,Weekly,Percent,2022-02-10,3.69,FRED,2026-10-03T22:59:43Z
MORTGAGE30US,30-Year Fixed Mortgage Rate,Finance,US,Weekly,Percent,2022-02-17,3.92,FRED,2026-10-03T22:59:43Z
MORTGAGE30US,30-Year Fixed Mortgage Rate,Finance,US,Weekly,Percent,2022-02-24,3.89,FRED,2026-10-03T22:59:43Z
MORTGAGE30US,30-Year Fixed Mortgage Rate,Finance,US,Weekly,Percent,2022-03-03,3.76,FRED,2026-10-03T22:59:43Z
MORTGAGE30US,30-Year Fixed Mortgage Rate,Finance,US,Weekly,Percent,2022-03-10,3.85,FRED,2026-10-03T22:59:43Z
MORTGAGE30US,30-Year Fixed Mortgage Rate,Finance,US,Weekly,Percent,2022-03-17,4.16,FRED,2026-10-03T22:59:43Z
MORTGAGE30US,30-Year Fixed Mortgage Rate,Finance,US,Weekly,Percent,2022-03-24,4.42,FRED,2026-10-03T22:59:43Z
MORTGAGE30US,30-Year Fixed Mortgage Rate,Finance,US,Weekly,Percent,2022-03-31,4.67,FRED,2026-10-03T22:59:43Z
MORTGAGE30US,30-Year Fixed Mortgage Rate,Finance,US,Weekly,Percent,2022-04-07,4.72,FRED,2026-10-03T22:59:43Z
MORTGAGE30US,30-Year Fixed Mortgage Rate,Finance,US,Weekly,Percent,2022-04-14,5.0,FRED,2026-10-03T22:59:43Z
MORTGAGE30US,30-Year Fixed Mortgage Rate,Finance,US,Weekly,Percent,2022-04-21,5.11,FRED,2026-10-03T22:59:43Z
MORTGAGE30US,30-Year Fixed Mortgage Rate,Finance,US,Weekly,Percent,2022-04-28,5.1,FRED,2026-10-03T22:59:43Z
MORTGAGE30US,30-Year Fixed Mortgage Rate,Finance,US,Weekly,Percent,2022-05-05,5.27,FRED,2026-10-03T22:59:43Z
MORTGAGE30US,30-Year Fixed Mortgage Rate,Finance,US,Weekly,Percent,2022-05-12,5.3,FRED,2026-10-03T22:59:43Z
MORTGAGE30US,30-Year Fixed Mortgage Rate,Finance,US,Weekly,Percent,2022-05-19,5.25,FRED,2026-10-03T22:59:43Z
MORTGAGE30US,30-Year Fixed Mortgage Rate,Finance,US,Weekly,Percent,2022-05-26,5.1,FRED,2026-10-03T22:59:43Z
MORTGAGE30US,30-Year Fixed Mortgage Rate,Finance,US,Weekly,Percent,2022-06-02,5.09,FRED,2026-10-03T22:59:43Z
MORTGAGE30US,30-Year Fixed Mortgage Rate,Finance,US,Weekly,Percent,2022-06-09,5.23,FRED,2026-10-03T22:59:43Z
MORTGAGE30US,30-Year Fixed Mortgage Rate,Finance,US,Weekly,Percent,2022-06-16,5.78,FRED,2026-10-03T22:59:43Z
MORTGAGE30US,30-Year Fixed Mortgage Rate,Finance,US,Weekly,Percent,2022-06-23,5.81,FRED,2026-10-03T22:59:43Z
MORTGAGE30US,30-Year Fixed Mortgage Rate,Finance,US,Weekly,Percent,2022-06-30,5.7,FRED,2026-10-03T22:59:43Z
MORTGAGE30US,30-Year Fixed Mortgage Rate,Finance,US,Weekly,Percent,2022-07-07,5.3,FRED,2026-10-03T22:59:43Z
MORTGAGE30US,30-Year Fixed Mortgage Rate,Finance,US,Weekly,Percent,2022-07-14,5.51,FRED,2026-10-03T22:59:43Z
MORTGAGE30US,30-Year Fixed Mortgage Rate,Finance,US,Weekly,Percent,2022-07-21,5.54,FRED,2026-10-03T22:59:43Z
MORTGAGE30US,30-Year Fixed Mortgage Rate,Finance,US,Weekly,Percent,2022-07-28,5.3,FRED,2026-10-03T22:59:43Z
MORTGAGE30US,30-Year Fixed Mortgage Rate,Finance,US,Weekly,Percent,2022-08-04,4.99,FRED,2026-10-03T22:59:43Z
MORTGAGE30US,30-Year Fixed Mortgage Rate,Finance,US,Weekly,Percent,2022-08-11,5.22,FRED,2026-10-03T22:59:43Z
MORTGAGE30US,30-Year Fixed Mortgage Rate,Finance,US,Weekly,Percent,2022-08-18,5.13,FRED,2026-10-03T22:59:43Z
MORTGAGE30US,30-Year Fixed Mortgage Rate,Finance,US,Weekly,Percent,2022-08-25,5.55,FRED,2026-10-03T22:59:43Z
MORTGAGE30US,30-Year Fixed Mortgage Rate,Finance,US,Weekly,Percent,2022-09-01,5.66,FRED,2026-10-03T22:59:43Z
MORTGAGE30US,30-Year Fixed Mortgage Rate,Finance,US,Weekly,Percent,2022-09-08,5.89,FRED,2026-10-03T22:59:43Z
MORTGAGE30US,30-Year Fixed Mortgage Rate,Finance,US,Weekly,Percent,2022-09-15,6.02,FRED,2026-10-03T22:59:43Z
MORTGAGE30US,30-Year Fixed Mortgage Rate,Finance,US,Weekly,Percent,2022-09-22,6.29,FRED,2026-10-03T22:59:43Z
MORTGAGE30US,30-Year Fixed Mortgage Rate,Finance,US,Weekly,Percent,2022-09-29,6.7,FRED,2026-10-03T22:59:43Z
MORTGAGE30US,30-Year Fixed Mortgage Rate,Finance,US,Weekly,Percent,2022-10-06,6.66,FRED,2026-10-03T22:59:43Z
MORTGAGE30US,30-Year Fixed Mortgage Rate,Finance,US,Weekly,Percent,2022-10-13,6.92,FRED,2026-10-03T22:59:43Z
MORTGAGE30US,30-Year Fixed Mortgage Rate,Finance,US,Weekly,Percent,2022-10-20,6.94,FRED,2026-10-03T22:59:43Z
MORTGAGE30US,30-Year Fixed Mortgage Rate,Finance,US,Weekly,Percent,2022-10-27,7.08,FRED,2026-10-03T22:59:43Z
MORTGAGE30US,30-Year Fixed Mortgage Rate,Finance,US,Weekly,Percent,2022-11-03,6.95,FRED,2026-10-03T22:59:43Z
MORTGAGE30US,30-Year Fixed Mortgage Rate,Finance,US,Weekly,Percent,2022-11-10,7.08,FRED,2026-10-03T22:59:43Z
MORTGAGE30US,30-Year Fixed Mortgage Rate,Finance,US,Weekly,Percent,2022-11-17,6.61,FRED,2026-10-03T22:59:43Z
MORTGAGE30US,30-Year Fixed Mortgage Rate,Finance,US,Weekly,Percent,2022-11-23,6.58,FRED,2026-10-03T22:59:43Z
MORTGAGE30US,30-Year Fixed Mortgage Rate,Finance,US,Weekly,Percent,2022-12-01,6.49,FRED,2026-10-03T22:59:43Z
MORTGAGE30US,30-Year Fixed Mortgage Rate,Finance,US,Weekly,Percent,2022-12-08,6.33,FRED,2026-10-03T22:59:43Z
MORTGAGE30US,30-Year Fixed Mortgage Rate,Finance,US,Weekly,Percent,2022-12-15,6.31,FRED,2026-10-03T22:59:43Z
MORTGAGE30US,30-Year Fixed Mortgage Rate,Finance,US,Weekly,Percent,2022-12-22,6.27,FRED,2026-10-03T22:59:43Z
MORTGAGE30US,30-Year Fixed Mortgage Rate,Finance,US,Weekly,Percent,2022-12-29,6.42,FRED,2026-10-03T22:59:43Z
MORTGAGE30US,30-Year Fixed Mortgage Rate,Finance,US,Weekly,Percent,2023-01-05,6.48,FRED,2026-10-03T22:59:43Z
MORTGAGE30US,30-Year Fixed Mortgage Rate,Finance,US,Weekly,Percent,2023-01-12,6.33,FRED,2026-10-03T22:59:43Z
MORTGAGE30US,30-Year Fixed Mortgage Rate,Finance,US,Weekly,Percent,2023-01-19,6.15,FRED,2026-10-03T22:59:43Z
MORTGAGE30US,30-Year Fixed Mortgage Rate,Finance,US,Weekly,Percent,2023-01-26,6.13,FRED,2026-10-03T22:59:43Z
MORTGAGE30US,30-Year Fixed Mortgage Rate,Finance,US,Weekly,Percent,2023-02-02,6.09,FRED,2026-10-03T22:59:43Z
MORTGAGE30US,30-Year Fixed Mortgage Rate,Finance,US,Weekly,Percent,2023-02-09,6.12,FRED,2026-10-03T22:59:43Z
MORTGAGE30US,30-Year Fixed Mortgage Rate,Finance,US,Weekly,Percent,2023-02-16,6.32,FRED,2026-10-03T22:59:43Z
MORTGAGE30US,30-Year Fixed Mortgage Rate,Finance,US,Weekly,Percent,2023-02-23,6.5,FRED,2026-10-03T22:59:43Z
MORTGAGE30US,30-Year Fixed Mortgage Rate,Finance,US,Weekly,Percent,2023-03-02,6.65,FRED,2026-10-03T22:59:43Z
MORTGAGE30US,30-Year Fixed Mortgage Rate,Finance,US,Weekly,Percent,2023-03-09,6.73,FRED,2026-10-03T22:59:43Z
MORTGAGE30US,30-Year Fixed Mortgage Rate,Finance,US,Weekly,Percent,2023-03-16,6.6,FRED,2026-10-03T22:59:43Z
MORTGAGE30US,30-Year Fixed Mortgage Rate,Finance,US,Weekly,Percent,2023-03-23,6.42,FRED,2026-10-03T22:59:43Z
MORTGAGE30US,30-Year Fixed Mortgage Rate,Finance,US,Weekly,Percent,2023-03-30,6.32,FRED,2026-10-03T22:59:43Z
MORTGAGE30US,30-Year Fixed Mortgage Rate,Finance,US,Weekly,Percent,2023-04-06,6.28,FRED,2026-10-03T22:59:43Z
MORTGAGE30US,30-Year Fixed Mortgage Rate,Finance,US,Weekly,Percent,2023-04-13,6.27,FRED,2026-10-03T22:59:43Z
MORTGAGE30US,30-Year Fixed Mortgage Rate,Finance,US,Weekly,Percent,2023-04-20,6.39,FRED,2026-10-03T22:59:43Z
MORTGAGE30US,30-Year Fixed Mortgage Rate,Finance,US,Weekly,Percent,2023-04-27,6.43,FRED,2026-10-03T22:59:43Z
MORTGAGE30US,30-Year Fixed Mortgage Rate,Finance,US,Weekly,Percent,2023-05-04,6.39,FRED,2026-10-03T22:59:43Z
MORTGAGE30US,30-Year Fixed Mortgage Rate,Finance,US,Weekly,Percent,2023-05-11,6.35,FRED,2026-10-03T22:59:43Z
MORTGAGE30US,30-Year Fixed Mortgage Rate,Finance,US,Weekly,Percent,2023-05-18,6.39,FRED,2026-10-03T22:59:43Z
MORTGAGE30US,30-Year Fixed Mortgage Rate,Finance,US,Weekly,Percent,2023-05-25,6.57,FRED,2026-10-03T22:59:43Z
MORTGAGE30US,30-Year Fixed Mortgage Rate,Finance,US,Weekly,Percent,2023-06-01,6.79,FRED,2026-10-03T22:59:43Z
MORTGAGE30US,30-Year Fixed Mortgage Rate,Finance,US,Weekly,Percent,2023-06-08,6.71,FRED,2026-10-03T22:59:43Z
MORTGAGE30US,30-Year Fixed Mortgage Rate,Finance,US,Weekly,Percent,2023-06-15,6.69,FRED,2026-10-03T22:59:43Z
MORTGAGE30US,30-Year Fixed Mortgage Rate,Finance,US,Weekly,Percent,2023-06-22,6.67,FRED,2026-10-03T22:59:43Z
MORTGAGE30US,30-Year Fixed Mortgage Rate,Finance,US,Weekly,Percent,2023-06-29,6.71,FRED,2026-10-03T22:59:43Z
MORTGAGE30US,30-Year Fixed Mortgage Rate,Finance,US,Weekly,Percent,2023-07-06,6.81,FRED,2026-10-03T22:59:43Z
MORTGAGE30US,30-Year Fixed Mortgage Rate,Finance,US,Weekly,Percent,2023-07-13,6.96,FRED,2026-10-03T22:59:43Z
MORTGAGE30US,30-Year Fixed Mortgage Rate,Finance,US,Weekly,Percent,2023-07-20,6.78,FRED,2026-10-03T22:59:43Z
MORTGAGE30US,30-Year Fixed Mortgage Rate,Finance,US,Weekly,Percent,2023-07-27,6.81,FRED,2026-10-03T22:59:43Z
MORTGAGE30US,30-Year Fixed Mortgage Rate,Finance,US,Weekly,Percent,2023-08-03,6.9,FRED,2026-10-03T22:59:43Z
MORTGAGE30US,30-Year Fixed Mortgage Rate,Finance,US,Weekly,Percent,2023-08-10,6.96,FRED,2026-10-03T22:59:43Z
MORTGAGE30US,30-Year Fixed Mortgage Rate,Finance,US,Weekly,Percent,2023-08-17,7.09,FRED,2026-10-03T22:59:43Z
MORTGAGE30US,30-Year Fixed Mortgage Rate,Finance,US,Weekly,Percent,2023-08-24,7.23,FRED,2026-10-03T22:59:43Z
MORTGAGE30US,30-Year Fixed Mortgage Rate,Finance,US,Weekly,Percent,2023-08-31,7.18,FRED,2026-10-03T22:59:43Z
MORTGAGE30US,30-Year Fixed Mortgage Rate,Finance,US,Weekly,Percent,2023-09-07,7.12,FRED,2026-10-03T22:59:43Z
MORTGAGE30US,30-Year Fixed Mortgage Rate,Finance,US,Weekly,Percent,2023-09-14,7.18,FRED,2026-10-03T22:59:43Z
MORTGAGE30US,30-Year Fixed Mortgage Rate,Finance,US,Weekly,Percent,2023-09-21,7.19,FRED,2026-10-03T22:59:43Z
MORTGAGE30US,30-Year Fixed Mortgage Rate,Finance,US,Weekly,Percent,2023-09-28,7.31,FRED,2026-10-03T22:59:43Z
MORTGAGE30US,30-Year Fixed Mortgage Rate,Finance,US,Weekly,Percent,2023-10-05,7.49,FRED,2026-10-03T22:59:43Z
MORTGAGE30US,30-Year Fixed Mortgage Rate,Finance,US,Weekly,Percent,2023-10-12,7.57,FRED,2026-10-03T22:59:43Z
MORTGAGE30US,30-Year Fixed Mortgage Rate,Finance,US,Weekly,Percent,2023-10-19,7.63,FRED,2026-10-03T22:59:43Z
MORTGAGE30US,30-Year Fixed Mortgage Rate,Finance,US,Weekly,Percent,2023-10-26,7.79,FRED,2026-10-03T22:59:43Z
MORTGAGE30US,30-Year Fixed Mortgage Rate,Finance,US,Weekly,Percent,2023-11-02,7.76,FRED,2026-10-03T22:59:43Z
MORTGAGE30US,30-Year Fixed Mortgage Rate,Finance,US,Weekly,Percent,2023-11-09,7.5,FRED,2026-10-03T22:59:43Z
MORTGAGE30US,30-Year Fixed Mortgage Rate,Finance,US,Weekly,Percent,2023-11-16,7.44,FRED,2026-10-03T22:59:43Z
MORTGAGE30US,30-Year Fixed Mortgage Rate,Finance,US,Weekly,Percent,2023-11-22,7.29,FRED,2026-10-03T22:59:43Z
MORTGAGE30US,30-Year Fixed Mortgage Rate,Finance,US,Weekly,Percent,2023-11-30,7.22,FRED,2026-10-03T22:59:43Z
MORTGAGE30US,30-Year Fixed Mortgage Rate,Finance,US,Weekly,Percent,2023-12-07,7.03,FRED,2026-10-03T22:59:43Z
MORTGAGE30US,30-Year Fixed Mortgage Rate,Finance,US,Weekly,Percent,2023-12-14,6.95,FRED,2026-10-03T22:59:43Z
MORTGAGE30US,30-Year Fixed Mortgage Rate,Finance,US,Weekly,Percent,2023-12-21,6.67,FRED,2026-10-03T22:59:43Z
MORTGAGE30US,30-Year Fixed Mortgage Rate,Finance,US,Weekly,Percent,2023-12-28,6.61,FRED,2026-10-03T22:59:43Z
MORTGAGE30US,30-Year Fixed Mortgage Rate,Finance,US,Weekly,Percent,2024-01-04,6.62,FRED,2026-10-03T22:59:43Z
MORTGAGE30US,30-Year Fixed Mortgage Rate,Finance,US,Weekly,Percent,2024-01-11,6.66,FRED,2026-10-03T22:59:43Z
MORTGAGE30US,30-Year Fixed Mortgage Rate,Finance,US,Weekly,Percent,2024-01-18,6.6,FRED,2026-10-03T22:59:43Z
MORTGAGE30US,30-Year Fixed Mortgage Rate,Finance,US,Weekly,Percent,2024-01-25,6.69,FRED,2026-10-03T22:59:43Z
MORTGAGE30US,30-Year Fixed Mortgage Rate,Finance,US,Weekly,Percent,2024-02-01,6.63,FRED,2026-10-03T22:59:43Z
MORTGAGE30US,30-Year Fixed Mortgage Rate,Finance,US,Weekly,Percent,2024-02-08,6.64,FRED,2026-10-03T22:59:43Z
MORTGAGE30US,30-Year Fixed Mortgage Rate,Finance,US,Weekly,Percent,2024-02-15,6.77,FRED,2026-10-03T22:59:43Z
MORTGAGE30US,30-Year Fixed Mortgage Rate,Finance,US,Weekly,Percent,2024-02-22,6.9,FRED,2026-10-03T22:59:43Z
MORTGAGE30US,30-Year Fixed Mortgage Rate,Finance,US,Weekly,Percent,2024-02-29,6.94,FRED,2026-10-03T22:59:43Z
MORTGAGE30US,30-Year Fixed Mortgage Rate,Finance,US,Weekly,Percent,2024-03-07,6.88,FRED,2026-10-03T22:59:43Z
MORTGAGE30US,30-Year Fixed Mortgage Rate,Finance,US,Weekly,Percent,2024-03-14,6.74,FRED,2026-10-03T22:59:43Z
MORTGAGE30US,30-Year Fixed Mortgage Rate,Finance,US,Weekly,Percent,2024-03-21,6.87,FRED,2026-10-03T22:59:43Z
MORTGAGE30US,30-Year Fixed Mortgage Rate,Finance,US,Weekly,Percent,2024-03-28,6.79,FRED,2026-10-03T22:59:43Z
MORTGAGE30US,30-Year Fixed Mortgage Rate,Finance,US,Weekly,Percent,2024-04-04,6.82,FRED,2026-10-03T22:59:43Z
MORTGAGE30US,30-Year Fixed Mortgage Rate,Finance,US,Weekly,Percent,2024-04-11,6.88,FRED,2026-10-03T22:59:43Z
MORTGAGE30US,30-Year Fixed Mortgage Rate,Finance,US,Weekly,Percent,2024-04-18,7.1,FRED,2026-10-03T22:59:43Z
MORTGAGE30US,30-Year Fixed Mortgage Rate,Finance,US,Weekly,Percent,2024-04-25,7.17,FRED,2026-10-03T22:59:43Z
MORTGAGE30US,30-Year Fixed Mortgage Rate,Finance,US,Weekly,Percent,2024-05-02,7.22,FRED,2026-10-03T22:59:43Z
MORTGAGE30US,30-Year Fixed Mortgage Rate,Finance,US,Weekly,Percent,2024-05-09,7.09,FRED,2026-10-03T22:59:43Z
MORTGAGE30US,30-Year Fixed Mortgage Rate,Finance,US,Weekly,Percent,2024-05-16,7.02,FRED,2026-10-03T22:59:43Z
MORTGAGE30US,30-Year Fixed Mortgage Rate,Finance,US,Weekly,Percent,2024-05-23,6.94,FRED,2026-10-03T22:59:43Z
MORTGAGE30US,30-Year Fixed Mortgage Rate,Finance,US,Weekly,Percent,2024-05-30,7.03,FRED,2026-10-03T22:59:43Z
MORTGAGE30US,30-Year Fixed Mortgage Rate,Finance,US,Weekly,Percent,2024-06-06,6.99,FRED,2026-10-03T22:59:43Z
MORTGAGE30US,30-Year Fixed Mortgage Rate,Finance,US,Weekly,Percent,2024-06-13,6.95,FRED,2026-10-03T22:59:43Z
MORTGAGE30US,30-Year Fixed Mortgage Rate,Finance,US,Weekly,Percent,2024-06-20,6.87,FRED,2026-10-03T22:59:43Z
MORTGAGE30US,30-Year Fixed Mortgage Rate,Finance,US,Weekly,Percent,2024-06-27,6.86,FRED,2026-10-03T22:59:43Z
MORTGAGE30US,30-Year Fixed Mortgage Rate,Finance,US,Weekly,Percent,2024-07-03,6.95,FRED,2026-10-03T22:59:43Z
MORTGAGE30US,30-Year Fixed Mortgage Rate,Finance,US,Weekly,Percent,2024-07-11,6.89,FRED,2026-10-03T22:59:43Z
MORTGAGE30US,30-Year Fixed Mortgage Rate,Finance,US,Weekly,Percent,2024-07-18,6.77,FRED,2026-10-03T22:59:43Z
MORTGAGE30US,30-Year Fixed Mortgage Rate,Finance,US,Weekly,Percent,2024-07-25,6.78,FRED,2026-10-03T22:59:43Z
MORTGAGE30US,30-Year Fixed Mortgage Rate,Finance,US,Weekly,Percent,2024-08-01,6.73,FRED,2026-10-03T22:59:43Z
MORTGAGE30US,30-Year Fixed Mortgage Rate,Finance,US,Weekly,Percent,2024-08-08,6.47,FRED,2026-10-03T22:59:43Z
MORTGAGE30US,30-Year Fixed Mortgage Rate,Finance,US,Weekly,Percent,2024-08-15,6.49,FRED,2026-10-03T22:59:43Z
MORTGAGE30US,30-Year Fixed Mortgage Rate,Finance,US,Weekly,Percent,2024-08-22,6.46,FRED,2026-10-03T22:59:43Z
MORTGAGE30US,30-Year Fixed Mortgage Rate,Finance,US,Weekly,Percent,2024-08-29,6.35,FRED,2026-10-03T22:59:43Z
MORTGAGE30US,30-Year Fixed Mortgage Rate,Finance,US,Weekly,Percent,2024-09-05,6.35,FRED,2026-10-03T22:59:43Z
MORTGAGE30US,30-Year Fixed Mortgage Rate,Finance,US,Weekly,Percent,2024-09-12,6.2,FRED,2026-10-03T22:59:43Z
MORTGAGE30US,30-Year Fixed Mortgage Rate,Finance,US,Weekly,Percent,2024-09-19,6.09,FRED,2026-10-03T22:59:43Z
MORTGAGE30US,30-Year Fixed Mortgage Rate,Finance,US,Weekly,Percent,2024-09-26,6.08,FRED,2026-10-03T22:59:43Z
MORTGAGE30US,30-Year Fixed Mortgage Rate,Finance,US,Weekly,Percent,2024-10-03,6.12,FRED,2026-10-03T22:59:43Z
MORTGAGE30US,30-Year Fixed Mortgage Rate,Finance,US,Weekly,Percent,2024-10-10,6.32,FRED,2026-10-03T22:59:43Z
MORTGAGE30US,30-Year Fixed Mortgage Rate,Finance,US,Weekly,Percent,2024-10-17,6.44,FRED,2026-10-03T22:59:43Z
MORTGAGE30US,30-Year Fixed Mortgage Rate,Finance,US,Weekly,Percent,2024-10-24,6.54,FRED,2026-10-03T22:59:43Z
MORTGAGE30US,30-Year Fixed Mortgage Rate,Finance,US,Weekly,Percent,2024-10-31,6.72,FRED,2026-10-03T22:59:43Z
MORTGAGE30US,30-Year Fixed Mortgage Rate,Finance,US,Weekly,Percent,2024-11-07,6.79,FRED,2026-10-03T22:59:43Z
MORTGAGE30US,30-Year Fixed Mortgage Rate,Finance,US,Weekly,Percent,2024-11-14,6.78,FRED,2026-10-03T22:59:43Z
MORTGAGE30US,30-Year Fixed Mortgage Rate,Finance,US,Weekly,Percent,2024-11-21,6.84,FRED,2026-10-03T22:59:43Z
MORTGAGE30US,30-Year Fixed Mortgage Rate,Finance,US,Weekly,Percent,2024-11-27,6.81,FRED,2026-10-03T22:59:43Z
MORTGAGE30US,30-Year Fixed Mortgage Rate,Finance,US,Weekly,Percent,2024-12-05,6.69,FRED,2026-10-03T22:59:43Z
MORTGAGE30US,30-Year Fixed Mortgage Rate,Finance,US,Weekly,Percent,2024-12-12,6.6,FRED,2026-10-03T22:59:43Z
MORTGAGE30US,30-Year Fixed Mortgage Rate,Finance,US,Weekly,Percent,2024-12-19,6.72,FRED,2026-10-03T22:59:43Z
MORTGAGE30US,30-Year Fixed Mortgage Rate,Finance,US,Weekly,Percent,2024-12-26,6.85,FRED,2026-10-03T22:59:43Z
MORTGAGE30US,30-Year Fixed Mortgage Rate,Finance,US,Weekly,Percent,2025-01-02,6.91,FRED,2026-10-03T22:59:43Z
MORTGAGE30US,30-Year Fixed Mortgage Rate,Finance,US,Weekly,Percent,2025-01-09,6.93,FRED,2026-10-03T22:59:43Z
MORTGAGE30US,30-Year Fixed Mortgage Rate,Finance,US,Weekly,Percent,2025-01-16,7.04,FRED,2026-10-03T22:59:43Z
MORTGAGE30US,30-Year Fixed Mortgage Rate,Finance,US,Weekly,Percent,2025-01-23,6.96,FRED,2026-10-03T22:59:43Z
MORTGAGE30US,30-Year Fixed Mortgage Rate,Finance,US,Weekly,Percent,2025-01-30,6.95,FRED,2026-10-03T22:59:43Z
MORTGAGE30US,30-Year Fixed Mortgage Rate,Finance,US,Weekly,Percent,2025-02-06,6.89,FRED,2026-10-03T22:59:43Z
MORTGAGE30US,30-Year Fixed Mortgage Rate,Finance,US,Weekly,Percent,2025-02-13,6.87,FRED,2026-10-03T22:59:43Z
MORTGAGE30US,30-Year Fixed Mortgage Rate,Finance,US,Weekly,Percent,2025-02-20,6.85,FRED,2026-10-03T22:59:43Z
MORTGAGE30US,30-Year Fixed Mortgage Rate,Finance,US,Weekly,Percent,2025-02-27,6.76,FRED,2026-10-03T22:59:43Z
MORTGAGE30US,30-Year Fixed Mortgage Rate,Finance,US,Weekly,Percent,2025-03-06,6.63,FRED,2026-10-03T22:59:43Z
MORTGAGE30US,30-Year Fixed Mortgage Rate,Finance,US,Weekly,Percent,2025-03-13,6.65,FRED,2026-10-03T22:59:43Z
MORTGAGE30US,30-Year Fixed Mortgage Rate,Finance,US,Weekly,Percent,2025-03-20,6.67,FRED,2026-10-03T22:59:43Z
MORTGAGE30US,30-Year Fixed Mortgage Rate,Finance,US,Weekly,Percent,2025-03-27,6.65,FRED,2026-10-03T22:59:43Z
MORTGAGE30US,30-Year Fixed Mortgage Rate,Finance,US,Weekly,Percent,2025-04-03,6.64,FRED,2026-10-03T22:59:43Z
MORTGAGE30US,30-Year Fixed Mortgage Rate,Finance,US,Weekly,Percent,2025-04-10,6.62,FRED,2026-10-03T22:59:43Z
MORTGAGE30US,30-Year Fixed Mortgage Rate,Finance,US,Weekly,Percent,2025-04-17,6.83,FRED,2026-10-03T22:59:43Z
MORTGAGE30US,30-Year Fixed Mortgage Rate,Finance,US,Weekly,Percent,2025-04-24,6.81,FRED,2026-10-03T22:59:43Z
MORTGAGE30US,30-Year Fixed Mortgage Rate,Finance,US,Weekly,Percent,2025-05-01,6.76,FRED,2026-10-03T22:59:43Z
MORTGAGE30US,30-Year Fixed Mortgage Rate,Finance,US,Weekly,Percent,2025-05-08,6.76,FRED,2026-10-03T22:59:43Z
MORTGAGE30US,30-Year Fixed Mortgage Rate,Finance,US,Weekly,Percent,2025-05-15,6.81,FRED,2026-10-03T22:59:43Z
MORTGAGE30US,30-Year Fixed Mortgage Rate,Finance,US,Weekly,Percent,2025-05-22,6.86,FRED,2026-10-03T22:59:43Z
MORTGAGE30US,30-Year Fixed Mortgage Rate,Finance,US,Weekly,Percent,2025-05-29,6.89,FRED,2026-10-03T22:59:43Z
MORTGAGE30US,30-Year Fixed Mortgage Rate,Finance,US,Weekly,Percent,2025-06-05,6.85,FRED,2026-10-03T22:59:43Z
MORTGAGE30US,30-Year Fixed Mortgage Rate,Finance,US,Weekly,Percent,2025-06-12,6.84,FRED,2026-10-03T22:59:43Z
MORTGAGE30US,30-Year Fixed Mortgage Rate,Finance,US,Weekly,Percent,2025-06-18,6.81,FRED,2026-10-03T22:59:43Z
MORTGAGE30US,30-Year Fixed Mortgage Rate,Finance,US,Weekly,Percent,2025-06-26,6.77,FRED,2026-10-03T22:59:43Z
MORTGAGE30US,30-Year Fixed Mortgage Rate,Finance,US,Weekly,Percent,2025-07-03,6.67,FRED,2026-10-03T22:59:43Z
MORTGAGE30US,30-Year Fixed Mortgage Rate,Finance,US,Weekly,Percent,2025-07-10,6.72,FRED,2026-10-03T22:59:43Z
MORTGAGE30US,30-Year Fixed Mortgage Rate,Finance,US,Weekly,Percent,2025-07-17,6.75,FRED,2026-10-03T22:59:43Z
MORTGAGE30US,30-Year Fixed Mortgage Rate,Finance,US,Weekly,Percent,2025-07-24,6.74,FRED,2026-10-03T22:59:43Z
MORTGAGE30US,30-Year Fixed Mortgage Rate,Finance,US,Weekly,Percent,2025-07-31,6.72,FRED,2026-10-03T22:59:43Z
MORTGAGE30US,30-Year Fixed Mortgage Rate,Finance,US,Weekly,Percent,2025-08-07,6.63,FRED,2026-10-03T22:59:43Z
MORTGAGE30US,30-Year Fixed Mortgage Rate,Finance,US,Weekly,Percent,2025-08-14,6.58,FRED,2026-10-03T22:59:43Z
MORTGAGE30US,30-Year Fixed Mortgage Rate,Finance,US,Weekly,Percent,2025-08-21,6.58,FRED,2026-10-03T22:59:43Z
MORTGAGE30US,30-Year Fixed Mortgage Rate,Finance,US,Weekly,Percent,2025-08-28,6.56,FRED,2026-10-03T22:59:43Z
MORTGAGE30US,30-Year Fixed Mortgage Rate,Finance,US,Weekly,Percent,2025-09-04,6.5,FRED,2026-10-03T22:59:43Z
MORTGAGE30US,30-Year Fixed Mortgage Rate,Finance,US,Weekly,Percent,2025-09-11,6.35,FRED,2026-10-03T22:59:43Z
MORTGAGE30US,30-Year Fixed Mortgage Rate,Finance,US,Weekly,Percent,2025-09-18,6.26,FRED,2026-10-03T22:59:43Z
MORTGAGE30US,30-Year Fixed Mortgage Rate,Finance,US,Weekly,Percent,2025-09-25,6.3,FRED,2026-10-03T22:59:43Z
MORTGAGE30US,30-Year Fixed Mortgage Rate,Finance,US,Weekly,Percent,2025-10-02,6.34,FRED,2026-10-03T22:59:43Z
MORTGAGE30US,30-Year Fixed Mortgage Rate,Finance,US,Weekly,Percent,2025-10-09,6.3,FRED,2026-10-03T22:59:43Z
MORTGAGE30US,30-Year Fixed Mortgage Rate,Finance,US,Weekly,Percent,2025-10-16,6.27,FRED,2026-10-03T22:59:43Z
MORTGAGE30US,30-Year Fixed Mortgage Rate,Finance,US,Weekly,Percent,2025-10-23,6.19,FRED,2026-10-03T22:59:43Z
MORTGAGE30US,30-Year Fixed Mortgage Rate,Finance,US,Weekly,Percent,2025-10-30,6.17,FRED,2026-10-03T22:59:43Z
MORTGAGE30US,30-Year Fixed Mortgage Rate,Finance,US,Weekly,Percent,2025-11-06,6.22,FRED,2026-10-03T22:59:43Z
MORTGAGE30US,30-Year Fixed Mortgage Rate,Finance,US,Weekly,Percent,2025-11-13,6.24,FRED,2026-10-03T22:59:43Z
MORTGAGE30US,30-Year Fixed Mortgage Rate,Finance,US,Weekly,Percent,2025-11-20,6.26,FRED,2026-10-03T22:59:43Z
MORTGAGE30US,30-Year Fixed Mortgage Rate,Finance,US,Weekly,Percent,2025-11-26,6.23,FRED,2026-10-03T22:59:43Z
MORTGAGE30US,30-Year Fixed Mortgage Rate,Finance,US,Weekly,Percent,2025-12-04,6.19,FRED,2026-10-03T22:59:43Z
MORTGAGE30US,30-Year Fixed Mortgage Rate,Finance,US,Weekly,Percent,2025-12-11,6.22,FRED,2026-10-03T22:59:43Z
MORTGAGE30US,30-Year Fixed Mortgage Rate,Finance,US,Weekly,Percent,2025-12-18,6.21,FRED,2026-10-03T22:59:43Z
MORTGAGE30US,30-Year Fixed Mortgage Rate,Finance,US,Weekly,Percent,2025-12-24,6.18,FRED,2026-10-03T22:59:43Z
MORTGAGE30US,30-Year Fixed Mortgage Rate,Finance,US,Weekly,Percent,2025-12-31,6.15,FRED,2026-10-03T22:59:43Z
MORTGAGE30US,30-Year Fixed Mortgage Rate,Finance,US,Weekly,Percent,2026-01-08,6.16,FRED,2026-10-03T22:59:43Z
MORTGAGE30US,30-Year Fixed Mortgage Rate,Finance,US,Weekly,Percent,2026-01-15,6.06,FRED,2026-10-03T22:59:43Z
MORTGAGE30US,30-Year Fixed Mortgage Rate,Finance,US,Weekly,Percent,2026-01-22,6.09,FRED,2026-10-03T22:59:43Z
MORTGAGE30US,30-Year Fixed Mortgage Rate,Finance,US,Weekly,Percent,2026-01-29,6.1,FRED,2026-10-03T22:59:43Z
MORTGAGE30US,30-Year Fixed Mortgage Rate,Finance,US,Weekly,Percent,2026-02-05,6.11,FRED,2026-10-03T22:59:43Z
MORTGAGE30US,30-Year Fixed Mortgage Rate,Finance,US,Weekly,Percent,2026-02-12,6.09,FRED,2026-10-03T22:59:43Z
MORTGAGE30US,30-Year Fixed Mortgage Rate,Finance,US,Weekly,Percent,2026-02-19,6.01,FRED,2026-10-03T22:59:43Z
MORTGAGE30US,30-Year Fixed Mortgage Rate,Finance,US,Weekly,Percent,2026-02-26,5.98,FRED,2026-10-03T22:59:43Z
MORTGAGE30US,30-Year Fixed Mortgage Rate,Finance,US,Weekly,Percent,2026-03-05,6.0,FRED,2026-10-03T22:59:43Z
MORTGAGE30US,30-Year Fixed Mortgage Rate,Finance,US,Weekly,Percent,2026-03-12,6.11,FRED,2026-10-03T22:59:43Z
MORTGAGE30US,30-Year Fixed Mortgage Rate,Finance,US,Weekly,Percent,2026-03-19,6.22,FRED,2026-10-03T22:59:43Z
MORTGAGE30US,30-Year Fixed Mortgage Rate,Finance,US,Weekly,Percent,2026-03-26,6.38,FRED,2026-10-03T22:59:43Z
MORTGAGE30US,30-Year Fixed Mortgage Rate,Finance,US,Weekly,Percent,2026-04-02,6.46,FRED,2026-10-03T22:59:43Z
MORTGAGE30US,30-Year Fixed Mortgage Rate,Finance,US,Weekly,Percent,2026-04-09,6.37,FRED,2026-10-03T22:59:43Z
MORTGAGE30US,30-Year Fixed Mortgage Rate,Finance,US,Weekly,Percent,2026-04-16,6.3,FRED,2026-10-03T22:59:43Z
MORTGAGE30US,30-Year Fixed Mortgage Rate,Finance,US,Weekly,Percent,2026-04-23,6.23,FRED,2026-10-03T22:59:43Z
MORTGAGE30US,30-Year Fixed Mortgage Rate,Finance,US,Weekly,Percent,2026-04-30,6.3,FRED,2026-10-03T22:59:43Z
MORTGAGE30US,30-Year Fixed Mortgage Rate,Finance,US,Weekly,Percent,2026-05-07,6.37,FRED,2026-10-03T22:59:43Z
MORTGAGE30US,30-Year Fixed Mortgage Rate,Finance,US,Weekly,Percent,2026-05-14,6.36,FRED,2026-10-03T22:59:43Z
MORTGAGE30US,30-Year Fixed Mortgage Rate,Finance,US,Weekly,Percent,2026-05-21,6.51,FRED,2026-10-03T22:59:43Z
MORTGAGE30US,30-Year Fixed Mortgage Rate,Finance,US,Weekly,Percent,2026-05-28,6.53,FRED,2026-10-03T22:59:43Z
MORTGAGE30US,30-Year Fixed Mortgage Rate,Finance,US,Weekly,Percent,2026-06-04,6.48,FRED,2026-10-03T22:59:43Z
MORTGAGE30US,30-Year Fixed Mortgage Rate,Finance,US,Weekly,Percent,2026-06-11,6.52,FRED,2026-10-03T22:59:43Z
MORTGAGE30US,30-Year Fixed Mortgage Rate,Finance,US,Weekly,Percent,2026-06-18,6.47,FRED,2026-10-03T22:59:43Z
MORTGAGE30US,30-Year Fixed Mortgage Rate,Finance,US,Weekly,Percent,2026-06-25,6.49,FRED,2026-10-03T22:59:43Z
MORTGAGE30US,30-Year Fixed Mortgage Rate,Finance,US,Weekly,Percent,2026-07-02,6.43,FRED,2026-10-03T22:59:43Z
MORTGAGE30US,30-Year Fixed Mortgage Rate,Finance,US,Weekly,Percent,2026-07-09,6.49,FRED,2026-10-03T22:59:43Z
MORTGAGE30US,30-Year Fixed Mortgage Rate,Finance,US,Weekly,Percent,2026-07-16,6.55,FRED,2026-10-03T22:59:43Z
MORTGAGE30US,30-Year Fixed Mortgage Rate,Finance,US,Weekly,Percent,2026-07-23,6.58,FRED,2026-10-03T22:59:43Z
MORTGAGE30US,30-Year Fixed Mortgage Rate,Finance,US,Weekly,Percent,2026-07-30,6.66,FRED,2026-10-03T22:59:43Z
MORTGAGE30US,30-Year Fixed Mortgage Rate,Finance,US,Weekly,Percent,2026-08-06,6.69,FRED,2026-10-03T22:59:43Z
MORTGAGE30US,30-Year Fixed Mortgage Rate,Finance,US,Weekly,Percent,2026-08-13,6.67,FRED,2026-10-03T22:59:43Z
MORTGAGE30US,30-Year Fixed Mortgage Rate,Finance,US,Weekly,Percent,2026-08-20,6.65,FRED,2026-10-03T22:59:43Z
MORTGAGE30US,30-Year Fixed Mortgage Rate,Finance,US,Weekly,Percent,2026-08-27,6.66,FRED,2026-10-03T22:59:43Z
MORTGAGE30US,30-Year Fixed Mortgage Rate,Finance,US,Weekly,Percent,2026-09-03,6.71,FRED,2026-10-03T22:59:43Z
MORTGAGE30US,30-Year Fixed Mortgage Rate,Finance,US,Weekly,Percent,2026-09-10,6.76,FRED,2026-10-03T22:59:43Z
MORTGAGE30US,30-Year Fixed Mortgage Rate,Finance,US,Weekly,Percent,2026-09-17,6.95,FRED,2026-10-03T22:59:43Z
MORTGAGE30US,30-Year Fixed Mortgage Rate,Finance,US,Weekly,Percent,2026-09-24,7.03,FRED,2026-10-03T22:59:43Z
MORTGAGE30US,30-Year Fixed Mortgage Rate,Finance,US,Weekly,Percent,2026-10-01,7.28,FRED,2026-10-03T22:59:43Z
WTISPLC,WTI Crude Oil Spot Price,Energy,US,Monthly,USD per barrel,2018-01-01,63.7,FRED,2026-10-03T22:59:43Z
WTISPLC,WTI Crude Oil Spot Price,Energy,US,Monthly,USD per barrel,2018-02-01,62.23,FRED,2026-10-03T22:59:43Z
WTISPLC,WTI Crude Oil Spot Price,Energy,US,Monthly,USD per barrel,2018-03-01,62.73,FRED,2026-10-03T22:59:43Z
WTISPLC,WTI Crude Oil Spot Price,Energy,US,Monthly,USD per barrel,2018-04-01,66.25,FRED,2026-10-03T22:59:43Z
WTISPLC,WTI Crude Oil Spot Price,Energy,US,Monthly,USD per barrel,2018-05-01,69.98,FRED,2026-10-03T22:59:43Z
WTISPLC,WTI Crude Oil Spot Price,Energy,US,Monthly,USD per barrel,2018-06-01,67.87,FRED,2026-10-03T22:59:43Z
WTISPLC,WTI Crude Oil Spot Price,Energy,US,Monthly,USD per barrel,2018-07-01,70.98,FRED,2026-10-03T22:59:43Z
WTISPLC,WTI Crude Oil Spot Price,Energy,US,Monthly,USD per barrel,2018-08-01,68.06,FRED,2026-10-03T22:59:43Z
WTISPLC,WTI Crude Oil Spot Price,Energy,US,Monthly,USD per barrel,2018-09-01,70.23,FRED,2026-10-03T22:59:43Z
WTISPLC,WTI Crude Oil Spot Price,Energy,US,Monthly,USD per barrel,2018-10-01,70.75,FRED,2026-10-03T22:59:43Z
WTISPLC,WTI Crude Oil Spot Price,Energy,US,Monthly,USD per barrel,2018-11-01,56.96,FRED,2026-10-03T22:59:43Z
WTISPLC,WTI Crude Oil Spot Price,Energy,US,Monthly,USD per barrel,2018-12-01,49.52,FRED,2026-10-03T22:59:43Z
WTISPLC,WTI Crude Oil Spot Price,Energy,US,Monthly,USD per barrel,2019-01-01,51.38,FRED,2026-10-03T22:59:43Z
WTISPLC,WTI Crude Oil Spot Price,Energy,US,Monthly,USD per barrel,2019-02-01,54.95,FRED,2026-10-03T22:59:43Z
WTISPLC,WTI Crude Oil Spot Price,Energy,US,Monthly,USD per barrel,2019-03-01,58.15,FRED,2026-10-03T22:59:43Z
WTISPLC,WTI Crude Oil Spot Price,Energy,US,Monthly,USD per barrel,2019-04-01,63.86,FRED,2026-10-03T22:59:43Z
WTISPLC,WTI Crude Oil Spot Price,Energy,US,Monthly,USD per barrel,2019-05-01,60.83,FRED,2026-10-03T22:59:43Z
WTISPLC,WTI Crude Oil Spot Price,Energy,US,Monthly,USD per barrel,2019-06-01,54.66,FRED,2026-10-03T22:59:43Z
WTISPLC,WTI Crude Oil Spot Price,Energy,US,Monthly,USD per barrel,2019-07-01,57.35,FRED,2026-10-03T22:59:43Z
WTISPLC,WTI Crude Oil Spot Price,Energy,US,Monthly,USD per barrel,2019-08-01,54.81,FRED,2026-10-03T22:59:43Z
WTISPLC,WTI Crude Oil Spot Price,Energy,US,Monthly,USD per barrel,2019-09-01,56.95,FRED,2026-10-03T22:59:43Z
WTISPLC,WTI Crude Oil Spot Price,Energy,US,Monthly,USD per barrel,2019-10-01,53.96,FRED,2026-10-03T22:59:43Z
WTISPLC,WTI Crude Oil Spot Price,Energy,US,Monthly,USD per barrel,2019-11-01,57.03,FRED,2026-10-03T22:59:43Z
WTISPLC,WTI Crude Oil Spot Price,Energy,US,Monthly,USD per barrel,2019-12-01,59.88,FRED,2026-10-03T22:59:43Z
WTISPLC,WTI Crude Oil Spot Price,Energy,US,Monthly,USD per barrel,2020-01-01,57.52,FRED,2026-10-03T22:59:43Z
WTISPLC,WTI Crude Oil Spot Price,Energy,US,Monthly,USD per barrel,2020-02-01,50.54,FRED,2026-10-03T22:59:43Z
WTISPLC,WTI Crude Oil Spot Price,Energy,US,Monthly,USD per barrel,2020-03-01,29.21,FRED,2026-10-03T22:59:43Z
WTISPLC,WTI Crude Oil Spot Price,Energy,US,Monthly,USD per barrel,2020-04-01,16.55,FRED,2026-10-03T22:59:43Z
WTISPLC,WTI Crude Oil Spot Price,Energy,US,Monthly,USD per barrel,2020-05-01,28.56,FRED,2026-10-03T22:59:43Z
WTISPLC,WTI Crude Oil Spot Price,Energy,US,Monthly,USD per barrel,2020-06-01,38.31,FRED,2026-10-03T22:59:43Z
WTISPLC,WTI Crude Oil Spot Price,Energy,US,Monthly,USD per barrel,2020-07-01,40.71,FRED,2026-10-03T22:59:43Z
WTISPLC,WTI Crude Oil Spot Price,Energy,US,Monthly,USD per barrel,2020-08-01,42.34,FRED,2026-10-03T22:59:43Z
WTISPLC,WTI Crude Oil Spot Price,Energy,US,Monthly,USD per barrel,2020-09-01,39.63,FRED,2026-10-03T22:59:43Z
WTISPLC,WTI Crude Oil Spot Price,Energy,US,Monthly,USD per barrel,2020-10-01,39.4,FRED,2026-10-03T22:59:43Z
WTISPLC,WTI Crude Oil Spot Price,Energy,US,Monthly,USD per barrel,2020-11-01,40.94,FRED,2026-10-03T22:59:43Z
WTISPLC,WTI Crude Oil Spot Price,Energy,US,Monthly,USD per barrel,2020-12-01,47.02,FRED,2026-10-03T22:59:43Z
WTISPLC,WTI Crude Oil Spot Price,Energy,US,Monthly,USD per barrel,2021-01-01,52.0,FRED,2026-10-03T22:59:43Z
WTISPLC,WTI Crude Oil Spot Price,Energy,US,Monthly,USD per barrel,2021-02-01,59.04,FRED,2026-10-03T22:59:43Z
WTISPLC,WTI Crude Oil Spot Price,Energy,US,Monthly,USD per barrel,2021-03-01,62.33,FRED,2026-10-03T22:59:43Z
WTISPLC,WTI Crude Oil Spot Price,Energy,US,Monthly,USD per barrel,2021-04-01,61.72,FRED,2026-10-03T22:59:43Z
WTISPLC,WTI Crude Oil Spot Price,Energy,US,Monthly,USD per barrel,2021-05-01,65.17,FRED,2026-10-03T22:59:43Z
WTISPLC,WTI Crude Oil Spot Price,Energy,US,Monthly,USD per barrel,2021-06-01,71.38,FRED,2026-10-03T22:59:43Z
WTISPLC,WTI Crude Oil Spot Price,Energy,US,Monthly,USD per barrel,2021-07-01,72.49,FRED,2026-10-03T22:59:43Z
WTISPLC,WTI Crude Oil Spot Price,Energy,US,Monthly,USD per barrel,2021-08-01,67.73,FRED,2026-10-03T22:59:43Z
WTISPLC,WTI Crude Oil Spot Price,Energy,US,Monthly,USD per barrel,2021-09-01,71.65,FRED,2026-10-03T22:59:43Z
WTISPLC,WTI Crude Oil Spot Price,Energy,US,Monthly,USD per barrel,2021-10-01,81.48,FRED,2026-10-03T22:59:43Z
WTISPLC,WTI Crude Oil Spot Price,Energy,US,Monthly,USD per barrel,2021-11-01,79.15,FRED,2026-10-03T22:59:43Z
WTISPLC,WTI Crude Oil Spot Price,Energy,US,Monthly,USD per barrel,2021-12-01,71.71,FRED,2026-10-03T22:59:43Z
WTISPLC,WTI Crude Oil Spot Price,Energy,US,Monthly,USD per barrel,2022-01-01,83.22,FRED,2026-10-03T22:59:43Z
WTISPLC,WTI Crude Oil Spot Price,Energy,US,Monthly,USD per barrel,2022-02-01,91.64,FRED,2026-10-03T22:59:43Z
WTISPLC,WTI Crude Oil Spot Price,Energy,US,Monthly,USD per barrel,2022-03-01,108.5,FRED,2026-10-03T22:59:43Z
WTISPLC,WTI Crude Oil Spot Price,Energy,US,Monthly,USD per barrel,2022-04-01,101.78,FRED,2026-10-03T22:59:43Z
WTISPLC,WTI Crude Oil Spot Price,Energy,US,Monthly,USD per barrel,2022-05-01,109.55,FRED,2026-10-03T22:59:43Z
WTISPLC,WTI Crude Oil Spot Price,Energy,US,Monthly,USD per barrel,2022-06-01,114.84,FRED,2026-10-03T22:59:43Z
WTISPLC,WTI Crude Oil Spot Price,Energy,US,Monthly,USD per barrel,2022-07-01,101.62,FRED,2026-10-03T22:59:43Z
WTISPLC,WTI Crude Oil Spot Price,Energy,US,Monthly,USD per barrel,2022-08-01,93.67,FRED,2026-10-03T22:59:43Z
WTISPLC,WTI Crude Oil Spot Price,Energy,US,Monthly,USD per barrel,2022-09-01,84.26,FRED,2026-10-03T22:59:43Z
WTISPLC,WTI Crude Oil Spot Price,Energy,US,Monthly,USD per barrel,2022-10-01,87.55,FRED,2026-10-03T22:59:43Z
WTISPLC,WTI Crude Oil Spot Price,Energy,US,Monthly,USD per barrel,2022-11-01,84.37,FRED,2026-10-03T22:59:43Z
WTISPLC,WTI Crude Oil Spot Price,Energy,US,Monthly,USD per barrel,2022-12-01,76.44,FRED,2026-10-03T22:59:43Z
WTISPLC,WTI Crude Oil Spot Price,Energy,US,Monthly,USD per barrel,2023-01-01,78.12,FRED,2026-10-03T22:59:43Z
WTISPLC,WTI Crude Oil Spot Price,Energy,US,Monthly,USD per barrel,2023-02-01,76.83,FRED,2026-10-03T22:59:43Z
WTISPLC,WTI Crude Oil Spot Price,Energy,US,Monthly,USD per barrel,2023-03-01,73.28,FRED,2026-10-03T22:59:43Z
WTISPLC,WTI Crude Oil Spot Price,Energy,US,Monthly,USD per barrel,2023-04-01,79.45,FRED,2026-10-03T22:59:43Z
WTISPLC,WTI Crude Oil Spot Price,Energy,US,Monthly,USD per barrel,2023-05-01,71.58,FRED,2026-10-03T22:59:43Z
WTISPLC,WTI Crude Oil Spot Price,Energy,US,Monthly,USD per barrel,2023-06-01,70.25,FRED,2026-10-03T22:59:43Z
WTISPLC,WTI Crude Oil Spot Price,Energy,US,Monthly,USD per barrel,2023-07-01,76.07,FRED,2026-10-03T22:59:43Z
WTISPLC,WTI Crude Oil Spot Price,Energy,US,Monthly,USD per barrel,2023-08-01,81.39,FRED,2026-10-03T22:59:43Z
WTISPLC,WTI Crude Oil Spot Price,Energy,US,Monthly,USD per barrel,2023-09-01,89.43,FRED,2026-10-03T22:59:43Z
WTISPLC,WTI Crude Oil Spot Price,Energy,US,Monthly,USD per barrel,2023-10-01,85.64,FRED,2026-10-03T22:59:43Z
WTISPLC,WTI Crude Oil Spot Price,Energy,US,Monthly,USD per barrel,2023-11-01,77.69,FRED,2026-10-03T22:59:43Z
WTISPLC,WTI Crude Oil Spot Price,Energy,US,Monthly,USD per barrel,2023-12-01,71.9,FRED,2026-10-03T22:59:43Z
WTISPLC,WTI Crude Oil Spot Price,Energy,US,Monthly,USD per barrel,2024-01-01,74.15,FRED,2026-10-03T22:59:43Z
WTISPLC,WTI Crude Oil Spot Price,Energy,US,Monthly,USD per barrel,2024-02-01,77.25,FRED,2026-10-03T22:59:43Z
WTISPLC,WTI Crude Oil Spot Price,Energy,US,Monthly,USD per barrel,2024-03-01,81.28,FRED,2026-10-03T22:59:43Z
WTISPLC,WTI Crude Oil Spot Price,Energy,US,Monthly,USD per barrel,2024-04-01,85.35,FRED,2026-10-03T22:59:43Z
WTISPLC,WTI Crude Oil Spot Price,Energy,US,Monthly,USD per barrel,2024-05-01,80.02,FRED,2026-10-03T22:59:43Z
WTISPLC,WTI Crude Oil Spot Price,Energy,US,Monthly,USD per barrel,2024-06-01,79.77,FRED,2026-10-03T22:59:43Z
WTISPLC,WTI Crude Oil Spot Price,Energy,US,Monthly,USD per barrel,2024-07-01,81.8,FRED,2026-10-03T22:59:43Z
WTISPLC,WTI Crude Oil Spot Price,Energy,US,Monthly,USD per barrel,2024-08-01,76.68,FRED,2026-10-03T22:59:43Z
WTISPLC,WTI Crude Oil Spot Price,Energy,US,Monthly,USD per barrel,2024-09-01,70.24,FRED,2026-10-03T22:59:43Z
WTISPLC,WTI Crude Oil Spot Price,Energy,US,Monthly,USD per barrel,2024-10-01,71.99,FRED,2026-10-03T22:59:43Z
WTISPLC,WTI Crude Oil Spot Price,Energy,US,Monthly,USD per barrel,2024-11-01,69.95,FRED,2026-10-03T22:59:43Z
WTISPLC,WTI Crude Oil Spot Price,Energy,US,Monthly,USD per barrel,2024-12-01,70.12,FRED,2026-10-03T22:59:43Z
WTISPLC,WTI Crude Oil Spot Price,Energy,US,Monthly,USD per barrel,2025-01-01,75.74,FRED,2026-10-03T22:59:43Z
WTISPLC,WTI Crude Oil Spot Price,Energy,US,Monthly,USD per barrel,2025-02-01,71.53,FRED,2026-10-03T22:59:43Z
WTISPLC,WTI Crude Oil Spot Price,Energy,US,Monthly,USD per barrel,2025-03-01,68.24,FRED,2026-10-03T22:59:43Z
WTISPLC,WTI Crude Oil Spot Price,Energy,US,Monthly,USD per barrel,2025-04-01,63.54,FRED,2026-10-03T22:59:43Z
WTISPLC,WTI Crude Oil Spot Price,Energy,US,Monthly,USD per barrel,2025-05-01,62.17,FRED,2026-10-03T22:59:43Z
WTISPLC,WTI Crude Oil Spot Price,Energy,US,Monthly,USD per barrel,2025-06-01,68.17,FRED,2026-10-03T22:59:43Z
WTISPLC,WTI Crude Oil Spot Price,Energy,US,Monthly,USD per barrel,2025-07-01,68.39,FRED,2026-10-03T22:59:43Z
WTISPLC,WTI Crude Oil Spot Price,Energy,US,Monthly,USD per barrel,2025-08-01,64.86,FRED,2026-10-03T22:59:43Z
WTISPLC,WTI Crude Oil Spot Price,Energy,US,Monthly,USD per barrel,2025-09-01,63.96,FRED,2026-10-03T22:59:43Z
WTISPLC,WTI Crude Oil Spot Price,Energy,US,Monthly,USD per barrel,2025-10-01,60.89,FRED,2026-10-03T22:59:43Z
WTISPLC,WTI Crude Oil Spot Price,Energy,US,Monthly,USD per barrel,2025-11-01,60.06,FRED,2026-10-03T22:59:43Z
WTISPLC,WTI Crude Oil Spot Price,Energy,US,Monthly,USD per barrel,2025-12-01,57.97,FRED,2026-10-03T22:59:43Z
WTISPLC,WTI Crude Oil Spot Price,Energy,US,Monthly,USD per barrel,2026-01-01,60.04,FRED,2026-10-03T22:59:43Z
WTISPLC,WTI Crude Oil Spot Price,Energy,US,Monthly,USD per barrel,2026-02-01,64.51,FRED,2026-10-03T22:59:43Z
WTISPLC,WTI Crude Oil Spot Price,Energy,US,Monthly,USD per barrel,2026-03-01,91.38,FRED,2026-10-03T22:59:43Z
WTISPLC,WTI Crude Oil Spot Price,Energy,US,Monthly,USD per barrel,2026-04-01,100.32,FRED,2026-10-03T22:59:43Z
WTISPLC,WTI Crude Oil Spot Price,Energy,US,Monthly,USD per barrel,2026-05-01,102.13,FRED,2026-10-03T22:59:43Z
WTISPLC,WTI Crude Oil Spot Price,Energy,US,Monthly,USD per barrel,2026-06-01,84.81,FRED,2026-10-03T22:59:43Z
WTISPLC,WTI Crude Oil Spot Price,Energy,US,Monthly,USD per barrel,2026-07-01,80.46,FRED,2026-10-03T22:59:43Z
WTISPLC,WTI Crude Oil Spot Price,Energy,US,Monthly,USD per barrel,2026-08-01,83.9,FRED,2026-10-03T22:59:43Z
GASDESW,Retail Diesel Price,Energy,US,Weekly,USD per gallon,2018-01-01,2.973,FRED,2026-10-03T22:59:43Z
GASDESW,Retail Diesel Price,Energy,US,Weekly,USD per gallon,2018-01-08,2.996,FRED,2026-10-03T22:59:43Z
GASDESW,Retail Diesel Price,Energy,US,Weekly,USD per gallon,2018-01-15,3.028,FRED,2026-10-03T22:59:43Z
GASDESW,Retail Diesel Price,Energy,US,Weekly,USD per gallon,2018-01-22,3.025,FRED,2026-10-03T22:59:43Z
GASDESW,Retail Diesel Price,Energy,US,Weekly,USD per gallon,2018-01-29,3.07,FRED,2026-10-03T22:59:43Z
GASDESW,Retail Diesel Price,Energy,US,Weekly,USD per gallon,2018-02-05,3.086,FRED,2026-10-03T22:59:43Z
GASDESW,Retail Diesel Price,Energy,US,Weekly,USD per gallon,2018-02-12,3.063,FRED,2026-10-03T22:59:43Z
GASDESW,Retail Diesel Price,Energy,US,Weekly,USD per gallon,2018-02-19,3.027,FRED,2026-10-03T22:59:43Z
GASDESW,Retail Diesel Price,Energy,US,Weekly,USD per gallon,2018-02-26,3.007,FRED,2026-10-03T22:59:43Z
GASDESW,Retail Diesel Price,Energy,US,Weekly,USD per gallon,2018-03-05,2.992,FRED,2026-10-03T22:59:43Z
GASDESW,Retail Diesel Price,Energy,US,Weekly,USD per gallon,2018-03-12,2.976,FRED,2026-10-03T22:59:43Z
GASDESW,Retail Diesel Price,Energy,US,Weekly,USD per gallon,2018-03-19,2.972,FRED,2026-10-03T22:59:43Z
GASDESW,Retail Diesel Price,Energy,US,Weekly,USD per gallon,2018-03-26,3.01,FRED,2026-10-03T22:59:43Z
GASDESW,Retail Diesel Price,Energy,US,Weekly,USD per gallon,2018-04-02,3.042,FRED,2026-10-03T22:59:43Z
GASDESW,Retail Diesel Price,Energy,US,Weekly,USD per gallon,2018-04-09,3.043,FRED,2026-10-03T22:59:43Z
GASDESW,Retail Diesel Price,Energy,US,Weekly,USD per gallon,2018-04-16,3.104,FRED,2026-10-03T22:59:43Z
GASDESW,Retail Diesel Price,Energy,US,Weekly,USD per gallon,2018-04-23,3.133,FRED,2026-10-03T22:59:43Z
GASDESW,Retail Diesel Price,Energy,US,Weekly,USD per gallon,2018-04-30,3.157,FRED,2026-10-03T22:59:43Z
GASDESW,Retail Diesel Price,Energy,US,Weekly,USD per gallon,2018-05-07,3.171,FRED,2026-10-03T22:59:43Z
GASDESW,Retail Diesel Price,Energy,US,Weekly,USD per gallon,2018-05-14,3.239,FRED,2026-10-03T22:59:43Z
GASDESW,Retail Diesel Price,Energy,US,Weekly,USD per gallon,2018-05-21,3.277,FRED,2026-10-03T22:59:43Z
GASDESW,Retail Diesel Price,Energy,US,Weekly,USD per gallon,2018-05-28,3.288,FRED,2026-10-03T22:59:43Z
GASDESW,Retail Diesel Price,Energy,US,Weekly,USD per gallon,2018-06-04,3.285,FRED,2026-10-03T22:59:43Z
GASDESW,Retail Diesel Price,Energy,US,Weekly,USD per gallon,2018-06-11,3.266,FRED,2026-10-03T22:59:43Z
GASDESW,Retail Diesel Price,Energy,US,Weekly,USD per gallon,2018-06-18,3.244,FRED,2026-10-03T22:59:43Z
GASDESW,Retail Diesel Price,Energy,US,Weekly,USD per gallon,2018-06-25,3.216,FRED,2026-10-03T22:59:43Z
GASDESW,Retail Diesel Price,Energy,US,Weekly,USD per gallon,2018-07-02,3.236,FRED,2026-10-03T22:59:43Z
GASDESW,Retail Diesel Price,Energy,US,Weekly,USD per gallon,2018-07-09,3.243,FRED,2026-10-03T22:59:43Z
GASDESW,Retail Diesel Price,Energy,US,Weekly,USD per gallon,2018-07-16,3.239,FRED,2026-10-03T22:59:43Z
GASDESW,Retail Diesel Price,Energy,US,Weekly,USD per gallon,2018-07-23,3.22,FRED,2026-10-03T22:59:43Z
GASDESW,Retail Diesel Price,Energy,US,Weekly,USD per gallon,2018-07-30,3.226,FRED,2026-10-03T22:59:43Z
GASDESW,Retail Diesel Price,Energy,US,Weekly,USD per gallon,2018-08-06,3.223,FRED,2026-10-03T22:59:43Z
GASDESW,Retail Diesel Price,Energy,US,Weekly,USD per gallon,2018-08-13,3.217,FRED,2026-10-03T22:59:43Z
GASDESW,Retail Diesel Price,Energy,US,Weekly,USD per gallon,2018-08-20,3.207,FRED,2026-10-03T22:59:43Z
GASDESW,Retail Diesel Price,Energy,US,Weekly,USD per gallon,2018-08-27,3.226,FRED,2026-10-03T22:59:43Z
GASDESW,Retail Diesel Price,Energy,US,Weekly,USD per gallon,2018-09-03,3.252,FRED,2026-10-03T22:59:43Z
GASDESW,Retail Diesel Price,Energy,US,Weekly,USD per gallon,2018-09-10,3.258,FRED,2026-10-03T22:59:43Z
GASDESW,Retail Diesel Price,Energy,US,Weekly,USD per gallon,2018-09-17,3.268,FRED,2026-10-03T22:59:43Z
GASDESW,Retail Diesel Price,Energy,US,Weekly,USD per gallon,2018-09-24,3.271,FRED,2026-10-03T22:59:43Z
GASDESW,Retail Diesel Price,Energy,US,Weekly,USD per gallon,2018-10-01,3.313,FRED,2026-10-03T22:59:43Z
GASDESW,Retail Diesel Price,Energy,US,Weekly,USD per gallon,2018-10-08,3.385,FRED,2026-10-03T22:59:43Z
GASDESW,Retail Diesel Price,Energy,US,Weekly,USD per gallon,2018-10-15,3.394,FRED,2026-10-03T22:59:43Z
GASDESW,Retail Diesel Price,Energy,US,Weekly,USD per gallon,2018-10-22,3.38,FRED,2026-10-03T22:59:43Z
GASDESW,Retail Diesel Price,Energy,US,Weekly,USD per gallon,2018-10-29,3.355,FRED,2026-10-03T22:59:43Z
GASDESW,Retail Diesel Price,Energy,US,Weekly,USD per gallon,2018-11-05,3.338,FRED,2026-10-03T22:59:43Z
GASDESW,Retail Diesel Price,Energy,US,Weekly,USD per gallon,2018-11-12,3.317,FRED,2026-10-03T22:59:43Z
GASDESW,Retail Diesel Price,Energy,US,Weekly,USD per gallon,2018-11-19,3.282,FRED,2026-10-03T22:59:43Z
GASDESW,Retail Diesel Price,Energy,US,Weekly,USD per gallon,2018-11-26,3.261,FRED,2026-10-03T22:59:43Z
GASDESW,Retail Diesel Price,Energy,US,Weekly,USD per gallon,2018-12-03,3.207,FRED,2026-10-03T22:59:43Z
GASDESW,Retail Diesel Price,Energy,US,Weekly,USD per gallon,2018-12-10,3.161,FRED,2026-10-03T22:59:43Z
GASDESW,Retail Diesel Price,Energy,US,Weekly,USD per gallon,2018-12-17,3.121,FRED,2026-10-03T22:59:43Z
GASDESW,Retail Diesel Price,Energy,US,Weekly,USD per gallon,2018-12-24,3.077,FRED,2026-10-03T22:59:43Z
GASDESW,Retail Diesel Price,Energy,US,Weekly,USD per gallon,2018-12-31,3.048,FRED,2026-10-03T22:59:43Z
GASDESW,Retail Diesel Price,Energy,US,Weekly,USD per gallon,2019-01-07,3.013,FRED,2026-10-03T22:59:43Z
GASDESW,Retail Diesel Price,Energy,US,Weekly,USD per gallon,2019-01-14,2.976,FRED,2026-10-03T22:59:43Z
GASDESW,Retail Diesel Price,Energy,US,Weekly,USD per gallon,2019-01-21,2.965,FRED,2026-10-03T22:59:43Z
GASDESW,Retail Diesel Price,Energy,US,Weekly,USD per gallon,2019-01-28,2.965,FRED,2026-10-03T22:59:43Z
GASDESW,Retail Diesel Price,Energy,US,Weekly,USD per gallon,2019-02-04,2.966,FRED,2026-10-03T22:59:43Z
GASDESW,Retail Diesel Price,Energy,US,Weekly,USD per gallon,2019-02-11,2.966,FRED,2026-10-03T22:59:43Z
GASDESW,Retail Diesel Price,Energy,US,Weekly,USD per gallon,2019-02-18,3.006,FRED,2026-10-03T22:59:43Z
GASDESW,Retail Diesel Price,Energy,US,Weekly,USD per gallon,2019-02-25,3.048,FRED,2026-10-03T22:59:43Z
GASDESW,Retail Diesel Price,Energy,US,Weekly,USD per gallon,2019-03-04,3.076,FRED,2026-10-03T22:59:43Z
GASDESW,Retail Diesel Price,Energy,US,Weekly,USD per gallon,2019-03-11,3.079,FRED,2026-10-03T22:59:43Z
GASDESW,Retail Diesel Price,Energy,US,Weekly,USD per gallon,2019-03-18,3.07,FRED,2026-10-03T22:59:43Z
GASDESW,Retail Diesel Price,Energy,US,Weekly,USD per gallon,2019-03-25,3.08,FRED,2026-10-03T22:59:43Z
GASDESW,Retail Diesel Price,Energy,US,Weekly,USD per gallon,2019-04-01,3.078,FRED,2026-10-03T22:59:43Z
GASDESW,Retail Diesel Price,Energy,US,Weekly,USD per gallon,2019-04-08,3.093,FRED,2026-10-03T22:59:43Z
GASDESW,Retail Diesel Price,Energy,US,Weekly,USD per gallon,2019-04-15,3.118,FRED,2026-10-03T22:59:43Z
GASDESW,Retail Diesel Price,Energy,US,Weekly,USD per gallon,2019-04-22,3.147,FRED,2026-10-03T22:59:43Z
GASDESW,Retail Diesel Price,Energy,US,Weekly,USD per gallon,2019-04-29,3.169,FRED,2026-10-03T22:59:43Z
GASDESW,Retail Diesel Price,Energy,US,Weekly,USD per gallon,2019-05-06,3.171,FRED,2026-10-03T22:59:43Z
GASDESW,Retail Diesel Price,Energy,US,Weekly,USD per gallon,2019-05-13,3.16,FRED,2026-10-03T22:59:43Z
GASDESW,Retail Diesel Price,Energy,US,Weekly,USD per gallon,2019-05-20,3.163,FRED,2026-10-03T22:59:43Z
GASDESW,Retail Diesel Price,Energy,US,Weekly,USD per gallon,2019-05-27,3.151,FRED,2026-10-03T22:59:43Z
GASDESW,Retail Diesel Price,Energy,US,Weekly,USD per gallon,2019-06-03,3.136,FRED,2026-10-03T22:59:43Z
GASDESW,Retail Diesel Price,Energy,US,Weekly,USD per gallon,2019-06-10,3.105,FRED,2026-10-03T22:59:43Z
GASDESW,Retail Diesel Price,Energy,US,Weekly,USD per gallon,2019-06-17,3.07,FRED,2026-10-03T22:59:43Z
GASDESW,Retail Diesel Price,Energy,US,Weekly,USD per gallon,2019-06-24,3.043,FRED,2026-10-03T22:59:43Z
GASDESW,Retail Diesel Price,Energy,US,Weekly,USD per gallon,2019-07-01,3.042,FRED,2026-10-03T22:59:43Z
GASDESW,Retail Diesel Price,Energy,US,Weekly,USD per gallon,2019-07-08,3.055,FRED,2026-10-03T22:59:43Z
GASDESW,Retail Diesel Price,Energy,US,Weekly,USD per gallon,2019-07-15,3.051,FRED,2026-10-03T22:59:43Z
GASDESW,Retail Diesel Price,Energy,US,Weekly,USD per gallon,2019-07-22,3.044,FRED,2026-10-03T22:59:43Z
GASDESW,Retail Diesel Price,Energy,US,Weekly,USD per gallon,2019-07-29,3.034,FRED,2026-10-03T22:59:43Z
GASDESW,Retail Diesel Price,Energy,US,Weekly,USD per gallon,2019-08-05,3.032,FRED,2026-10-03T22:59:43Z
GASDESW,Retail Diesel Price,Energy,US,Weekly,USD per gallon,2019-08-12,3.011,FRED,2026-10-03T22:59:43Z
GASDESW,Retail Diesel Price,Energy,US,Weekly,USD per gallon,2019-08-19,2.994,FRED,2026-10-03T22:59:43Z
GASDESW,Retail Diesel Price,Energy,US,Weekly,USD per gallon,2019-08-26,2.983,FRED,2026-10-03T22:59:43Z
GASDESW,Retail Diesel Price,Energy,US,Weekly,USD per gallon,2019-09-02,2.976,FRED,2026-10-03T22:59:43Z
GASDESW,Retail Diesel Price,Energy,US,Weekly,USD per gallon,2019-09-09,2.971,FRED,2026-10-03T22:59:43Z
GASDESW,Retail Diesel Price,Energy,US,Weekly,USD per gallon,2019-09-16,2.987,FRED,2026-10-03T22:59:43Z
GASDESW,Retail Diesel Price,Energy,US,Weekly,USD per gallon,2019-09-23,3.081,FRED,2026-10-03T22:59:43Z
GASDESW,Retail Diesel Price,Energy,US,Weekly,USD per gallon,2019-09-30,3.066,FRED,2026-10-03T22:59:43Z
GASDESW,Retail Diesel Price,Energy,US,Weekly,USD per gallon,2019-10-07,3.047,FRED,2026-10-03T22:59:43Z
GASDESW,Retail Diesel Price,Energy,US,Weekly,USD per gallon,2019-10-14,3.051,FRED,2026-10-03T22:59:43Z
GASDESW,Retail Diesel Price,Energy,US,Weekly,USD per gallon,2019-10-21,3.05,FRED,2026-10-03T22:59:43Z
GASDESW,Retail Diesel Price,Energy,US,Weekly,USD per gallon,2019-10-28,3.064,FRED,2026-10-03T22:59:43Z
GASDESW,Retail Diesel Price,Energy,US,Weekly,USD per gallon,2019-11-04,3.062,FRED,2026-10-03T22:59:43Z
GASDESW,Retail Diesel Price,Energy,US,Weekly,USD per gallon,2019-11-11,3.073,FRED,2026-10-03T22:59:43Z
GASDESW,Retail Diesel Price,Energy,US,Weekly,USD per gallon,2019-11-18,3.074,FRED,2026-10-03T22:59:43Z
GASDESW,Retail Diesel Price,Energy,US,Weekly,USD per gallon,2019-11-25,3.066,FRED,2026-10-03T22:59:43Z
GASDESW,Retail Diesel Price,Energy,US,Weekly,USD per gallon,2019-12-02,3.07,FRED,2026-10-03T22:59:43Z
GASDESW,Retail Diesel Price,Energy,US,Weekly,USD per gallon,2019-12-09,3.049,FRED,2026-10-03T22:59:43Z
GASDESW,Retail Diesel Price,Energy,US,Weekly,USD per gallon,2019-12-16,3.046,FRED,2026-10-03T22:59:43Z
GASDESW,Retail Diesel Price,Energy,US,Weekly,USD per gallon,2019-12-23,3.041,FRED,2026-10-03T22:59:43Z
GASDESW,Retail Diesel Price,Energy,US,Weekly,USD per gallon,2019-12-30,3.069,FRED,2026-10-03T22:59:43Z
GASDESW,Retail Diesel Price,Energy,US,Weekly,USD per gallon,2020-01-06,3.079,FRED,2026-10-03T22:59:43Z
GASDESW,Retail Diesel Price,Energy,US,Weekly,USD per gallon,2020-01-13,3.064,FRED,2026-10-03T22:59:43Z
GASDESW,Retail Diesel Price,Energy,US,Weekly,USD per gallon,2020-01-20,3.037,FRED,2026-10-03T22:59:43Z
GASDESW,Retail Diesel Price,Energy,US,Weekly,USD per gallon,2020-01-27,3.01,FRED,2026-10-03T22:59:43Z
GASDESW,Retail Diesel Price,Energy,US,Weekly,USD per gallon,2020-02-03,2.956,FRED,2026-10-03T22:59:43Z
GASDESW,Retail Diesel Price,Energy,US,Weekly,USD per gallon,2020-02-10,2.91,FRED,2026-10-03T22:59:43Z
GASDESW,Retail Diesel Price,Energy,US,Weekly,USD per gallon,2020-02-17,2.89,FRED,2026-10-03T22:59:43Z
GASDESW,Retail Diesel Price,Energy,US,Weekly,USD per gallon,2020-02-24,2.882,FRED,2026-10-03T22:59:43Z
GASDESW,Retail Diesel Price,Energy,US,Weekly,USD per gallon,2020-03-02,2.851,FRED,2026-10-03T22:59:43Z
GASDESW,Retail Diesel Price,Energy,US,Weekly,USD per gallon,2020-03-09,2.814,FRED,2026-10-03T22:59:43Z
GASDESW,Retail Diesel Price,Energy,US,Weekly,USD per gallon,2020-03-16,2.733,FRED,2026-10-03T22:59:43Z
GASDESW,Retail Diesel Price,Energy,US,Weekly,USD per gallon,2020-03-23,2.659,FRED,2026-10-03T22:59:43Z
GASDESW,Retail Diesel Price,Energy,US,Weekly,USD per gallon,2020-03-30,2.586,FRED,2026-10-03T22:59:43Z
GASDESW,Retail Diesel Price,Energy,US,Weekly,USD per gallon,2020-04-06,2.548,FRED,2026-10-03T22:59:43Z
GASDESW,Retail Diesel Price,Energy,US,Weekly,USD per gallon,2020-04-13,2.507,FRED,2026-10-03T22:59:43Z
GASDESW,Retail Diesel Price,Energy,US,Weekly,USD per gallon,2020-04-20,2.48,FRED,2026-10-03T22:59:43Z
GASDESW,Retail Diesel Price,Energy,US,Weekly,USD per gallon,2020-04-27,2.437,FRED,2026-10-03T22:59:43Z
GASDESW,Retail Diesel Price,Energy,US,Weekly,USD per gallon,2020-05-04,2.399,FRED,2026-10-03T22:59:43Z
GASDESW,Retail Diesel Price,Energy,US,Weekly,USD per gallon,2020-05-11,2.394,FRED,2026-10-03T22:59:43Z
GASDESW,Retail Diesel Price,Energy,US,Weekly,USD per gallon,2020-05-18,2.386,FRED,2026-10-03T22:59:43Z
GASDESW,Retail Diesel Price,Energy,US,Weekly,USD per gallon,2020-05-25,2.39,FRED,2026-10-03T22:59:43Z
GASDESW,Retail Diesel Price,Energy,US,Weekly,USD per gallon,2020-06-01,2.386,FRED,2026-10-03T22:59:43Z
GASDESW,Retail Diesel Price,Energy,US,Weekly,USD per gallon,2020-06-08,2.396,FRED,2026-10-03T22:59:43Z
GASDESW,Retail Diesel Price,Energy,US,Weekly,USD per gallon,2020-06-15,2.403,FRED,2026-10-03T22:59:43Z
GASDESW,Retail Diesel Price,Energy,US,Weekly,USD per gallon,2020-06-22,2.425,FRED,2026-10-03T22:59:43Z
GASDESW,Retail Diesel Price,Energy,US,Weekly,USD per gallon,2020-06-29,2.43,FRED,2026-10-03T22:59:43Z
GASDESW,Retail Diesel Price,Energy,US,Weekly,USD per gallon,2020-07-06,2.437,FRED,2026-10-03T22:59:43Z
GASDESW,Retail Diesel Price,Energy,US,Weekly,USD per gallon,2020-07-13,2.438,FRED,2026-10-03T22:59:43Z
GASDESW,Retail Diesel Price,Energy,US,Weekly,USD per gallon,2020-07-20,2.433,FRED,2026-10-03T22:59:43Z
GASDESW,Retail Diesel Price,Energy,US,Weekly,USD per gallon,2020-07-27,2.427,FRED,2026-10-03T22:59:43Z
GASDESW,Retail Diesel Price,Energy,US,Weekly,USD per gallon,2020-08-03,2.424,FRED,2026-10-03T22:59:43Z
GASDESW,Retail Diesel Price,Energy,US,Weekly,USD per gallon,2020-08-10,2.428,FRED,2026-10-03T22:59:43Z
GASDESW,Retail Diesel Price,Energy,US,Weekly,USD per gallon,2020-08-17,2.427,FRED,2026-10-03T22:59:43Z
GASDESW,Retail Diesel Price,Energy,US,Weekly,USD per gallon,2020-08-24,2.426,FRED,2026-10-03T22:59:43Z
GASDESW,Retail Diesel Price,Energy,US,Weekly,USD per gallon,2020-08-31,2.441,FRED,2026-10-03T22:59:43Z
GASDESW,Retail Diesel Price,Energy,US,Weekly,USD per gallon,2020-09-07,2.435,FRED,2026-10-03T22:59:43Z
GASDESW,Retail Diesel Price,Energy,US,Weekly,USD per gallon,2020-09-14,2.422,FRED,2026-10-03T22:59:43Z
GASDESW,Retail Diesel Price,Energy,US,Weekly,USD per gallon,2020-09-21,2.404,FRED,2026-10-03T22:59:43Z
GASDESW,Retail Diesel Price,Energy,US,Weekly,USD per gallon,2020-09-28,2.394,FRED,2026-10-03T22:59:43Z
GASDESW,Retail Diesel Price,Energy,US,Weekly,USD per gallon,2020-10-05,2.387,FRED,2026-10-03T22:59:43Z
GASDESW,Retail Diesel Price,Energy,US,Weekly,USD per gallon,2020-10-12,2.395,FRED,2026-10-03T22:59:43Z
GASDESW,Retail Diesel Price,Energy,US,Weekly,USD per gallon,2020-10-19,2.388,FRED,2026-10-03T22:59:43Z
GASDESW,Retail Diesel Price,Energy,US,Weekly,USD per gallon,2020-10-26,2.385,FRED,2026-10-03T22:59:43Z
GASDESW,Retail Diesel Price,Energy,US,Weekly,USD per gallon,2020-11-02,2.372,FRED,2026-10-03T22:59:43Z
GASDESW,Retail Diesel Price,Energy,US,Weekly,USD per gallon,2020-11-09,2.383,FRED,2026-10-03T22:59:43Z
GASDESW,Retail Diesel Price,Energy,US,Weekly,USD per gallon,2020-11-16,2.441,FRED,2026-10-03T22:59:43Z
GASDESW,Retail Diesel Price,Energy,US,Weekly,USD per gallon,2020-11-23,2.462,FRED,2026-10-03T22:59:43Z
GASDESW,Retail Diesel Price,Energy,US,Weekly,USD per gallon,2020-11-30,2.502,FRED,2026-10-03T22:59:43Z
GASDESW,Retail Diesel Price,Energy,US,Weekly,USD per gallon,2020-12-07,2.526,FRED,2026-10-03T22:59:43Z
GASDESW,Retail Diesel Price,Energy,US,Weekly,USD per gallon,2020-12-14,2.559,FRED,2026-10-03T22:59:43Z
GASDESW,Retail Diesel Price,Energy,US,Weekly,USD per gallon,2020-12-21,2.619,FRED,2026-10-03T22:59:43Z
GASDESW,Retail Diesel Price,Energy,US,Weekly,USD per gallon,2020-12-28,2.635,FRED,2026-10-03T22:59:43Z
GASDESW,Retail Diesel Price,Energy,US,Weekly,USD per gallon,2021-01-04,2.64,FRED,2026-10-03T22:59:43Z
GASDESW,Retail Diesel Price,Energy,US,Weekly,USD per gallon,2021-01-11,2.67,FRED,2026-10-03T22:59:43Z
GASDESW,Retail Diesel Price,Energy,US,Weekly,USD per gallon,2021-01-18,2.696,FRED,2026-10-03T22:59:43Z
GASDESW,Retail Diesel Price,Energy,US,Weekly,USD per gallon,2021-01-25,2.716,FRED,2026-10-03T22:59:43Z
GASDESW,Retail Diesel Price,Energy,US,Weekly,USD per gallon,2021-02-01,2.738,FRED,2026-10-03T22:59:43Z
GASDESW,Retail Diesel Price,Energy,US,Weekly,USD per gallon,2021-02-08,2.801,FRED,2026-10-03T22:59:43Z
GASDESW,Retail Diesel Price,Energy,US,Weekly,USD per gallon,2021-02-15,2.876,FRED,2026-10-03T22:59:43Z
GASDESW,Retail Diesel Price,Energy,US,Weekly,USD per gallon,2021-02-22,2.973,FRED,2026-10-03T22:59:43Z
GASDESW,Retail Diesel Price,Energy,US,Weekly,USD per gallon,2021-03-01,3.072,FRED,2026-10-03T22:59:43Z
GASDESW,Retail Diesel Price,Energy,US,Weekly,USD per gallon,2021-03-08,3.143,FRED,2026-10-03T22:59:43Z
GASDESW,Retail Diesel Price,Energy,US,Weekly,USD per gallon,2021-03-15,3.191,FRED,2026-10-03T22:59:43Z
GASDESW,Retail Diesel Price,Energy,US,Weekly,USD per gallon,2021-03-22,3.194,FRED,2026-10-03T22:59:43Z
GASDESW,Retail Diesel Price,Energy,US,Weekly,USD per gallon,2021-03-29,3.161,FRED,2026-10-03T22:59:43Z
GASDESW,Retail Diesel Price,Energy,US,Weekly,USD per gallon,2021-04-05,3.144,FRED,2026-10-03T22:59:43Z
GASDESW,Retail Diesel Price,Energy,US,Weekly,USD per gallon,2021-04-12,3.129,FRED,2026-10-03T22:59:43Z
GASDESW,Retail Diesel Price,Energy,US,Weekly,USD per gallon,2021-04-19,3.124,FRED,2026-10-03T22:59:43Z
GASDESW,Retail Diesel Price,Energy,US,Weekly,USD per gallon,2021-04-26,3.124,FRED,2026-10-03T22:59:43Z
GASDESW,Retail Diesel Price,Energy,US,Weekly,USD per gallon,2021-05-03,3.142,FRED,2026-10-03T22:59:43Z
GASDESW,Retail Diesel Price,Energy,US,Weekly,USD per gallon,2021-05-10,3.186,FRED,2026-10-03T22:59:43Z
GASDESW,Retail Diesel Price,Energy,US,Weekly,USD per gallon,2021-05-17,3.249,FRED,2026-10-03T22:59:43Z
GASDESW,Retail Diesel Price,Energy,US,Weekly,USD per gallon,2021-05-24,3.253,FRED,2026-10-03T22:59:43Z
GASDESW,Retail Diesel Price,Energy,US,Weekly,USD per gallon,2021-05-31,3.255,FRED,2026-10-03T22:59:43Z
GASDESW,Retail Diesel Price,Energy,US,Weekly,USD per gallon,2021-06-07,3.274,FRED,2026-10-03T22:59:43Z
GASDESW,Retail Diesel Price,Energy,US,Weekly,USD per gallon,2021-06-14,3.286,FRED,2026-10-03T22:59:43Z
GASDESW,Retail Diesel Price,Energy,US,Weekly,USD per gallon,2021-06-21,3.287,FRED,2026-10-03T22:59:43Z
GASDESW,Retail Diesel Price,Energy,US,Weekly,USD per gallon,2021-06-28,3.3,FRED,2026-10-03T22:59:43Z
GASDESW,Retail Diesel Price,Energy,US,Weekly,USD per gallon,2021-07-05,3.331,FRED,2026-10-03T22:59:43Z
GASDESW,Retail Diesel Price,Energy,US,Weekly,USD per gallon,2021-07-12,3.338,FRED,2026-10-03T22:59:43Z
GASDESW,Retail Diesel Price,Energy,US,Weekly,USD per gallon,2021-07-19,3.344,FRED,2026-10-03T22:59:43Z
GASDESW,Retail Diesel Price,Energy,US,Weekly,USD per gallon,2021-07-26,3.342,FRED,2026-10-03T22:59:43Z
GASDESW,Retail Diesel Price,Energy,US,Weekly,USD per gallon,2021-08-02,3.367,FRED,2026-10-03T22:59:43Z
GASDESW,Retail Diesel Price,Energy,US,Weekly,USD per gallon,2021-08-09,3.364,FRED,2026-10-03T22:59:43Z
GASDESW,Retail Diesel Price,Energy,US,Weekly,USD per gallon,2021-08-16,3.356,FRED,2026-10-03T22:59:43Z
GASDESW,Retail Diesel Price,Energy,US,Weekly,USD per gallon,2021-08-23,3.324,FRED,2026-10-03T22:59:43Z
GASDESW,Retail Diesel Price,Energy,US,Weekly,USD per gallon,2021-08-30,3.339,FRED,2026-10-03T22:59:43Z
GASDESW,Retail Diesel Price,Energy,US,Weekly,USD per gallon,2021-09-06,3.373,FRED,2026-10-03T22:59:43Z
GASDESW,Retail Diesel Price,Energy,US,Weekly,USD per gallon,2021-09-13,3.372,FRED,2026-10-03T22:59:43Z
GASDESW,Retail Diesel Price,Energy,US,Weekly,USD per gallon,2021-09-20,3.385,FRED,2026-10-03T22:59:43Z
GASDESW,Retail Diesel Price,Energy,US,Weekly,USD per gallon,2021-09-27,3.406,FRED,2026-10-03T22:59:43Z
GASDESW,Retail Diesel Price,Energy,US,Weekly,USD per gallon,2021-10-04,3.477,FRED,2026-10-03T22:59:43Z
GASDESW,Retail Diesel Price,Energy,US,Weekly,USD per gallon,2021-10-11,3.586,FRED,2026-10-03T22:59:43Z
GASDESW,Retail Diesel Price,Energy,US,Weekly,USD per gallon,2021-10-18,3.671,FRED,2026-10-03T22:59:43Z
GASDESW,Retail Diesel Price,Energy,US,Weekly,USD per gallon,2021-10-25,3.713,FRED,2026-10-03T22:59:43Z
GASDESW,Retail Diesel Price,Energy,US,Weekly,USD per gallon,2021-11-01,3.727,FRED,2026-10-03T22:59:43Z
GASDESW,Retail Diesel Price,Energy,US,Weekly,USD per gallon,2021-11-08,3.73,FRED,2026-10-03T22:59:43Z
GASDESW,Retail Diesel Price,Energy,US,Weekly,USD per gallon,2021-11-15,3.734,FRED,2026-10-03T22:59:43Z
GASDESW,Retail Diesel Price,Energy,US,Weekly,USD per gallon,2021-11-22,3.724,FRED,2026-10-03T22:59:43Z
GASDESW,Retail Diesel Price,Energy,US,Weekly,USD per gallon,2021-11-29,3.72,FRED,2026-10-03T22:59:43Z
GASDESW,Retail Diesel Price,Energy,US,Weekly,USD per gallon,2021-12-06,3.674,FRED,2026-10-03T22:59:43Z
GASDESW,Retail Diesel Price,Energy,US,Weekly,USD per gallon,2021-12-13,3.649,FRED,2026-10-03T22:59:43Z
GASDESW,Retail Diesel Price,Energy,US,Weekly,USD per gallon,2021-12-20,3.626,FRED,2026-10-03T22:59:43Z
GASDESW,Retail Diesel Price,Energy,US,Weekly,USD per gallon,2021-12-27,3.615,FRED,2026-10-03T22:59:43Z
GASDESW,Retail Diesel Price,Energy,US,Weekly,USD per gallon,2022-01-03,3.613,FRED,2026-10-03T22:59:43Z
GASDESW,Retail Diesel Price,Energy,US,Weekly,USD per gallon,2022-01-10,3.657,FRED,2026-10-03T22:59:43Z
GASDESW,Retail Diesel Price,Energy,US,Weekly,USD per gallon,2022-01-17,3.725,FRED,2026-10-03T22:59:43Z
GASDESW,Retail Diesel Price,Energy,US,Weekly,USD per gallon,2022-01-24,3.78,FRED,2026-10-03T22:59:43Z
GASDESW,Retail Diesel Price,Energy,US,Weekly,USD per gallon,2022-01-31,3.846,FRED,2026-10-03T22:59:43Z
GASDESW,Retail Diesel Price,Energy,US,Weekly,USD per gallon,2022-02-07,3.951,FRED,2026-10-03T22:59:43Z
GASDESW,Retail Diesel Price,Energy,US,Weekly,USD per gallon,2022-02-14,4.019,FRED,2026-10-03T22:59:43Z
GASDESW,Retail Diesel Price,Energy,US,Weekly,USD per gallon,2022-02-21,4.055,FRED,2026-10-03T22:59:43Z
GASDESW,Retail Diesel Price,Energy,US,Weekly,USD per gallon,2022-02-28,4.104,FRED,2026-10-03T22:59:43Z
GASDESW,Retail Diesel Price,Energy,US,Weekly,USD per gallon,2022-03-07,4.849,FRED,2026-10-03T22:59:43Z
GASDESW,Retail Diesel Price,Energy,US,Weekly,USD per gallon,2022-03-14,5.25,FRED,2026-10-03T22:59:43Z
GASDESW,Retail Diesel Price,Energy,US,Weekly,USD per gallon,2022-03-21,5.134,FRED,2026-10-03T22:59:43Z
GASDESW,Retail Diesel Price,Energy,US,Weekly,USD per gallon,2022-03-28,5.185,FRED,2026-10-03T22:59:43Z
GASDESW,Retail Diesel Price,Energy,US,Weekly,USD per gallon,2022-04-04,5.144,FRED,2026-10-03T22:59:43Z
GASDESW,Retail Diesel Price,Energy,US,Weekly,USD per gallon,2022-04-11,5.073,FRED,2026-10-03T22:59:43Z
GASDESW,Retail Diesel Price,Energy,US,Weekly,USD per gallon,2022-04-18,5.101,FRED,2026-10-03T22:59:43Z
GASDESW,Retail Diesel Price,Energy,US,Weekly,USD per gallon,2022-04-25,5.16,FRED,2026-10-03T22:59:43Z
GASDESW,Retail Diesel Price,Energy,US,Weekly,USD per gallon,2022-05-02,5.509,FRED,2026-10-03T22:59:43Z
GASDESW,Retail Diesel Price,Energy,US,Weekly,USD per gallon,2022-05-09,5.623,FRED,2026-10-03T22:59:43Z
GASDESW,Retail Diesel Price,Energy,US,Weekly,USD per gallon,2022-05-16,5.613,FRED,2026-10-03T22:59:43Z
GASDESW,Retail Diesel Price,Energy,US,Weekly,USD per gallon,2022-05-23,5.571,FRED,2026-10-03T22:59:43Z
GASDESW,Retail Diesel Price,Energy,US,Weekly,USD per gallon,2022-05-30,5.539,FRED,2026-10-03T22:59:43Z
GASDESW,Retail Diesel Price,Energy,US,Weekly,USD per gallon,2022-06-06,5.703,FRED,2026-10-03T22:59:43Z
GASDESW,Retail Diesel Price,Energy,US,Weekly,USD per gallon,2022-06-13,5.718,FRED,2026-10-03T22:59:43Z
GASDESW,Retail Diesel Price,Energy,US,Weekly,USD per gallon,2022-06-20,5.81,FRED,2026-10-03T22:59:43Z
GASDESW,Retail Diesel Price,Energy,US,Weekly,USD per gallon,2022-06-27,5.783,FRED,2026-10-03T22:59:43Z
GASDESW,Retail Diesel Price,Energy,US,Weekly,USD per gallon,2022-07-04,5.675,FRED,2026-10-03T22:59:43Z
GASDESW,Retail Diesel Price,Energy,US,Weekly,USD per gallon,2022-07-11,5.568,FRED,2026-10-03T22:59:43Z
GASDESW,Retail Diesel Price,Energy,US,Weekly,USD per gallon,2022-07-18,5.432,FRED,2026-10-03T22:59:43Z
GASDESW,Retail Diesel Price,Energy,US,Weekly,USD per gallon,2022-07-25,5.268,FRED,2026-10-03T22:59:43Z
GASDESW,Retail Diesel Price,Energy,US,Weekly,USD per gallon,2022-08-01,5.138,FRED,2026-10-03T22:59:43Z
GASDESW,Retail Diesel Price,Energy,US,Weekly,USD per gallon,2022-08-08,4.993,FRED,2026-10-03T22:59:43Z
GASDESW,Retail Diesel Price,Energy,US,Weekly,USD per gallon,2022-08-15,4.911,FRED,2026-10-03T22:59:43Z
GASDESW,Retail Diesel Price,Energy,US,Weekly,USD per gallon,2022-08-22,4.909,FRED,2026-10-03T22:59:43Z
GASDESW,Retail Diesel Price,Energy,US,Weekly,USD per gallon,2022-08-29,5.115,FRED,2026-10-03T22:59:43Z
GASDESW,Retail Diesel Price,Energy,US,Weekly,USD per gallon,2022-09-05,5.084,FRED,2026-10-03T22:59:43Z
GASDESW,Retail Diesel Price,Energy,US,Weekly,USD per gallon,2022-09-12,5.033,FRED,2026-10-03T22:59:43Z
GASDESW,Retail Diesel Price,Energy,US,Weekly,USD per gallon,2022-09-19,4.964,FRED,2026-10-03T22:59:43Z
GASDESW,Retail Diesel Price,Energy,US,Weekly,USD per gallon,2022-09-26,4.889,FRED,2026-10-03T22:59:43Z
GASDESW,Retail Diesel Price,Energy,US,Weekly,USD per gallon,2022-10-03,4.836,FRED,2026-10-03T22:59:43Z
GASDESW,Retail Diesel Price,Energy,US,Weekly,USD per gallon,2022-10-10,5.224,FRED,2026-10-03T22:59:43Z
GASDESW,Retail Diesel Price,Energy,US,Weekly,USD per gallon,2022-10-17,5.339,FRED,2026-10-03T22:59:43Z
GASDESW,Retail Diesel Price,Energy,US,Weekly,USD per gallon,2022-10-24,5.341,FRED,2026-10-03T22:59:43Z
GASDESW,Retail Diesel Price,Energy,US,Weekly,USD per gallon,2022-10-31,5.317,FRED,2026-10-03T22:59:43Z
GASDESW,Retail Diesel Price,Energy,US,Weekly,USD per gallon,2022-11-07,5.333,FRED,2026-10-03T22:59:43Z
GASDESW,Retail Diesel Price,Energy,US,Weekly,USD per gallon,2022-11-14,5.313,FRED,2026-10-03T22:59:43Z
GASDESW,Retail Diesel Price,Energy,US,Weekly,USD per gallon,2022-11-21,5.233,FRED,2026-10-03T22:59:43Z
GASDESW,Retail Diesel Price,Energy,US,Weekly,USD per gallon,2022-11-28,5.141,FRED,2026-10-03T22:59:43Z
GASDESW,Retail Diesel Price,Energy,US,Weekly,USD per gallon,2022-12-05,4.967,FRED,2026-10-03T22:59:43Z
GASDESW,Retail Diesel Price,Energy,US,Weekly,USD per gallon,2022-12-12,4.754,FRED,2026-10-03T22:59:43Z
GASDESW,Retail Diesel Price,Energy,US,Weekly,USD per gallon,2022-12-19,4.596,FRED,2026-10-03T22:59:43Z
GASDESW,Retail Diesel Price,Energy,US,Weekly,USD per gallon,2022-12-26,4.537,FRED,2026-10-03T22:59:43Z
GASDESW,Retail Diesel Price,Energy,US,Weekly,USD per gallon,2023-01-02,4.583,FRED,2026-10-03T22:59:43Z
GASDESW,Retail Diesel Price,Energy,US,Weekly,USD per gallon,2023-01-09,4.549,FRED,2026-10-03T22:59:43Z
GASDESW,Retail Diesel Price,Energy,US,Weekly,USD per gallon,2023-01-16,4.524,FRED,2026-10-03T22:59:43Z
GASDESW,Retail Diesel Price,Energy,US,Weekly,USD per gallon,2023-01-23,4.604,FRED,2026-10-03T22:59:43Z
GASDESW,Retail Diesel Price,Energy,US,Weekly,USD per gallon,2023-01-30,4.622,FRED,2026-10-03T22:59:43Z
GASDESW,Retail Diesel Price,Energy,US,Weekly,USD per gallon,2023-02-06,4.539,FRED,2026-10-03T22:59:43Z
GASDESW,Retail Diesel Price,Energy,US,Weekly,USD per gallon,2023-02-13,4.444,FRED,2026-10-03T22:59:43Z
GASDESW,Retail Diesel Price,Energy,US,Weekly,USD per gallon,2023-02-20,4.376,FRED,2026-10-03T22:59:43Z
GASDESW,Retail Diesel Price,Energy,US,Weekly,USD per gallon,2023-02-27,4.294,FRED,2026-10-03T22:59:43Z
GASDESW,Retail Diesel Price,Energy,US,Weekly,USD per gallon,2023-03-06,4.282,FRED,2026-10-03T22:59:43Z
GASDESW,Retail Diesel Price,Energy,US,Weekly,USD per gallon,2023-03-13,4.247,FRED,2026-10-03T22:59:43Z
GASDESW,Retail Diesel Price,Energy,US,Weekly,USD per gallon,2023-03-20,4.185,FRED,2026-10-03T22:59:43Z
GASDESW,Retail Diesel Price,Energy,US,Weekly,USD per gallon,2023-03-27,4.128,FRED,2026-10-03T22:59:43Z
GASDESW,Retail Diesel Price,Energy,US,Weekly,USD per gallon,2023-04-03,4.105,FRED,2026-10-03T22:59:43Z
GASDESW,Retail Diesel Price,Energy,US,Weekly,USD per gallon,2023-04-10,4.098,FRED,2026-10-03T22:59:43Z
GASDESW,Retail Diesel Price,Energy,US,Weekly,USD per gallon,2023-04-17,4.116,FRED,2026-10-03T22:59:43Z
GASDESW,Retail Diesel Price,Energy,US,Weekly,USD per gallon,2023-04-24,4.077,FRED,2026-10-03T22:59:43Z
GASDESW,Retail Diesel Price,Energy,US,Weekly,USD per gallon,2023-05-01,4.018,FRED,2026-10-03T22:59:43Z
GASDESW,Retail Diesel Price,Energy,US,Weekly,USD per gallon,2023-05-08,3.922,FRED,2026-10-03T22:59:43Z
GASDESW,Retail Diesel Price,Energy,US,Weekly,USD per gallon,2023-05-15,3.897,FRED,2026-10-03T22:59:43Z
GASDESW,Retail Diesel Price,Energy,US,Weekly,USD per gallon,2023-05-22,3.883,FRED,2026-10-03T22:59:43Z
GASDESW,Retail Diesel Price,Energy,US,Weekly,USD per gallon,2023-05-29,3.855,FRED,2026-10-03T22:59:43Z
GASDESW,Retail Diesel Price,Energy,US,Weekly,USD per gallon,2023-06-05,3.797,FRED,2026-10-03T22:59:43Z
GASDESW,Retail Diesel Price,Energy,US,Weekly,USD per gallon,2023-06-12,3.794,FRED,2026-10-03T22:59:43Z
GASDESW,Retail Diesel Price,Energy,US,Weekly,USD per gallon,2023-06-19,3.815,FRED,2026-10-03T22:59:43Z
GASDESW,Retail Diesel Price,Energy,US,Weekly,USD per gallon,2023-06-26,3.801,FRED,2026-10-03T22:59:43Z
GASDESW,Retail Diesel Price,Energy,US,Weekly,USD per gallon,2023-07-03,3.767,FRED,2026-10-03T22:59:43Z
GASDESW,Retail Diesel Price,Energy,US,Weekly,USD per gallon,2023-07-10,3.806,FRED,2026-10-03T22:59:43Z
GASDESW,Retail Diesel Price,Energy,US,Weekly,USD per gallon,2023-07-17,3.806,FRED,2026-10-03T22:59:43Z
GASDESW,Retail Diesel Price,Energy,US,Weekly,USD per gallon,2023-07-24,3.905,FRED,2026-10-03T22:59:43Z
GASDESW,Retail Diesel Price,Energy,US,Weekly,USD per gallon,2023-07-31,4.127,FRED,2026-10-03T22:59:43Z
GASDESW,Retail Diesel Price,Energy,US,Weekly,USD per gallon,2023-08-07,4.239,FRED,2026-10-03T22:59:43Z
GASDESW,Retail Diesel Price,Energy,US,Weekly,USD per gallon,2023-08-14,4.378,FRED,2026-10-03T22:59:43Z
GASDESW,Retail Diesel Price,Energy,US,Weekly,USD per gallon,2023-08-21,4.389,FRED,2026-10-03T22:59:43Z
GASDESW,Retail Diesel Price,Energy,US,Weekly,USD per gallon,2023-08-28,4.475,FRED,2026-10-03T22:59:43Z
GASDESW,Retail Diesel Price,Energy,US,Weekly,USD per gallon,2023-09-04,4.492,FRED,2026-10-03T22:59:43Z
GASDESW,Retail Diesel Price,Energy,US,Weekly,USD per gallon,2023-09-11,4.54,FRED,2026-10-03T22:59:43Z
GASDESW,Retail Diesel Price,Energy,US,Weekly,USD per gallon,2023-09-18,4.633,FRED,2026-10-03T22:59:43Z
GASDESW,Retail Diesel Price,Energy,US,Weekly,USD per gallon,2023-09-25,4.586,FRED,2026-10-03T22:59:43Z
GASDESW,Retail Diesel Price,Energy,US,Weekly,USD per gallon,2023-10-02,4.593,FRED,2026-10-03T22:59:43Z
GASDESW,Retail Diesel Price,Energy,US,Weekly,USD per gallon,2023-10-09,4.498,FRED,2026-10-03T22:59:43Z
GASDESW,Retail Diesel Price,Energy,US,Weekly,USD per gallon,2023-10-16,4.444,FRED,2026-10-03T22:59:43Z
GASDESW,Retail Diesel Price,Energy,US,Weekly,USD per gallon,2023-10-23,4.545,FRED,2026-10-03T22:59:43Z
GASDESW,Retail Diesel Price,Energy,US,Weekly,USD per gallon,2023-10-30,4.454,FRED,2026-10-03T22:59:43Z
GASDESW,Retail Diesel Price,Energy,US,Weekly,USD per gallon,2023-11-06,4.366,FRED,2026-10-03T22:59:43Z
GASDESW,Retail Diesel Price,Energy,US,Weekly,USD per gallon,2023-11-13,4.294,FRED,2026-10-03T22:59:43Z
GASDESW,Retail Diesel Price,Energy,US,Weekly,USD per gallon,2023-11-20,4.209,FRED,2026-10-03T22:59:43Z
GASDESW,Retail Diesel Price,Energy,US,Weekly,USD per gallon,2023-11-27,4.146,FRED,2026-10-03T22:59:43Z
GASDESW,Retail Diesel Price,Energy,US,Weekly,USD per gallon,2023-12-04,4.092,FRED,2026-10-03T22:59:43Z
GASDESW,Retail Diesel Price,Energy,US,Weekly,USD per gallon,2023-12-11,3.987,FRED,2026-10-03T22:59:43Z
GASDESW,Retail Diesel Price,Energy,US,Weekly,USD per gallon,2023-12-18,3.894,FRED,2026-10-03T22:59:43Z
GASDESW,Retail Diesel Price,Energy,US,Weekly,USD per gallon,2023-12-25,3.914,FRED,2026-10-03T22:59:43Z
GASDESW,Retail Diesel Price,Energy,US,Weekly,USD per gallon,2024-01-01,3.876,FRED,2026-10-03T22:59:43Z
GASDESW,Retail Diesel Price,Energy,US,Weekly,USD per gallon,2024-01-08,3.828,FRED,2026-10-03T22:59:43Z
GASDESW,Retail Diesel Price,Energy,US,Weekly,USD per gallon,2024-01-15,3.863,FRED,2026-10-03T22:59:43Z
GASDESW,Retail Diesel Price,Energy,US,Weekly,USD per gallon,2024-01-22,3.838,FRED,2026-10-03T22:59:43Z
GASDESW,Retail Diesel Price,Energy,US,Weekly,USD per gallon,2024-01-29,3.867,FRED,2026-10-03T22:59:43Z
GASDESW,Retail Diesel Price,Energy,US,Weekly,USD per gallon,2024-02-05,3.899,FRED,2026-10-03T22:59:43Z
GASDESW,Retail Diesel Price,Energy,US,Weekly,USD per gallon,2024-02-12,4.109,FRED,2026-10-03T22:59:43Z
GASDESW,Retail Diesel Price,Energy,US,Weekly,USD per gallon,2024-02-19,4.109,FRED,2026-10-03T22:59:43Z
GASDESW,Retail Diesel Price,Energy,US,Weekly,USD per gallon,2024-02-26,4.058,FRED,2026-10-03T22:59:43Z
GASDESW,Retail Diesel Price,Energy,US,Weekly,USD per gallon,2024-03-04,4.022,FRED,2026-10-03T22:59:43Z
GASDESW,Retail Diesel Price,Energy,US,Weekly,USD per gallon,2024-03-11,4.004,FRED,2026-10-03T22:59:43Z
GASDESW,Retail Diesel Price,Energy,US,Weekly,USD per gallon,2024-03-18,4.028,FRED,2026-10-03T22:59:43Z
GASDESW,Retail Diesel Price,Energy,US,Weekly,USD per gallon,2024-03-25,4.034,FRED,2026-10-03T22:59:43Z
GASDESW,Retail Diesel Price,Energy,US,Weekly,USD per gallon,2024-04-01,3.996,FRED,2026-10-03T22:59:43Z
GASDESW,Retail Diesel Price,Energy,US,Weekly,USD per gallon,2024-04-08,4.061,FRED,2026-10-03T22:59:43Z
GASDESW,Retail Diesel Price,Energy,US,Weekly,USD per gallon,2024-04-15,4.015,FRED,2026-10-03T22:59:43Z
GASDESW,Retail Diesel Price,Energy,US,Weekly,USD per gallon,2024-04-22,3.992,FRED,2026-10-03T22:59:43Z
GASDESW,Retail Diesel Price,Energy,US,Weekly,USD per gallon,2024-04-29,3.947,FRED,2026-10-03T22:59:43Z
GASDESW,Retail Diesel Price,Energy,US,Weekly,USD per gallon,2024-05-06,3.894,FRED,2026-10-03T22:59:43Z
GASDESW,Retail Diesel Price,Energy,US,Weekly,USD per gallon,2024-05-13,3.848,FRED,2026-10-03T22:59:43Z
GASDESW,Retail Diesel Price,Energy,US,Weekly,USD per gallon,2024-05-20,3.789,FRED,2026-10-03T22:59:43Z
GASDESW,Retail Diesel Price,Energy,US,Weekly,USD per gallon,2024-05-27,3.758,FRED,2026-10-03T22:59:43Z
GASDESW,Retail Diesel Price,Energy,US,Weekly,USD per gallon,2024-06-03,3.726,FRED,2026-10-03T22:59:43Z
GASDESW,Retail Diesel Price,Energy,US,Weekly,USD per gallon,2024-06-10,3.658,FRED,2026-10-03T22:59:43Z
GASDESW,Retail Diesel Price,Energy,US,Weekly,USD per gallon,2024-06-17,3.735,FRED,2026-10-03T22:59:43Z
GASDESW,Retail Diesel Price,Energy,US,Weekly,USD per gallon,2024-06-24,3.769,FRED,2026-10-03T22:59:43Z
GASDESW,Retail Diesel Price,Energy,US,Weekly,USD per gallon,2024-07-01,3.813,FRED,2026-10-03T22:59:43Z
GASDESW,Retail Diesel Price,Energy,US,Weekly,USD per gallon,2024-07-08,3.865,FRED,2026-10-03T22:59:43Z
GASDESW,Retail Diesel Price,Energy,US,Weekly,USD per gallon,2024-07-15,3.826,FRED,2026-10-03T22:59:43Z
GASDESW,Retail Diesel Price,Energy,US,Weekly,USD per gallon,2024-07-22,3.779,FRED,2026-10-03T22:59:43Z
GASDESW,Retail Diesel Price,Energy,US,Weekly,USD per gallon,2024-07-29,3.768,FRED,2026-10-03T22:59:43Z
GASDESW,Retail Diesel Price,Energy,US,Weekly,USD per gallon,2024-08-05,3.755,FRED,2026-10-03T22:59:43Z
GASDESW,Retail Diesel Price,Energy,US,Weekly,USD per gallon,2024-08-12,3.704,FRED,2026-10-03T22:59:43Z
GASDESW,Retail Diesel Price,Energy,US,Weekly,USD per gallon,2024-08-19,3.688,FRED,2026-10-03T22:59:43Z
GASDESW,Retail Diesel Price,Energy,US,Weekly,USD per gallon,2024-08-26,3.651,FRED,2026-10-03T22:59:43Z
GASDESW,Retail Diesel Price,Energy,US,Weekly,USD per gallon,2024-09-02,3.625,FRED,2026-10-03T22:59:43Z
GASDESW,Retail Diesel Price,Energy,US,Weekly,USD per gallon,2024-09-09,3.555,FRED,2026-10-03T22:59:43Z
GASDESW,Retail Diesel Price,Energy,US,Weekly,USD per gallon,2024-09-16,3.526,FRED,2026-10-03T22:59:43Z
GASDESW,Retail Diesel Price,Energy,US,Weekly,USD per gallon,2024-09-23,3.539,FRED,2026-10-03T22:59:43Z
GASDESW,Retail Diesel Price,Energy,US,Weekly,USD per gallon,2024-09-30,3.544,FRED,2026-10-03T22:59:43Z
GASDESW,Retail Diesel Price,Energy,US,Weekly,USD per gallon,2024-10-07,3.584,FRED,2026-10-03T22:59:43Z
GASDESW,Retail Diesel Price,Energy,US,Weekly,USD per gallon,2024-10-14,3.631,FRED,2026-10-03T22:59:43Z
GASDESW,Retail Diesel Price,Energy,US,Weekly,USD per gallon,2024-10-21,3.553,FRED,2026-10-03T22:59:43Z
GASDESW,Retail Diesel Price,Energy,US,Weekly,USD per gallon,2024-10-28,3.573,FRED,2026-10-03T22:59:43Z
GASDESW,Retail Diesel Price,Energy,US,Weekly,USD per gallon,2024-11-04,3.536,FRED,2026-10-03T22:59:43Z
GASDESW,Retail Diesel Price,Energy,US,Weekly,USD per gallon,2024-11-11,3.521,FRED,2026-10-03T22:59:43Z
GASDESW,Retail Diesel Price,Energy,US,Weekly,USD per gallon,2024-11-18,3.491,FRED,2026-10-03T22:59:43Z
GASDESW,Retail Diesel Price,Energy,US,Weekly,USD per gallon,2024-11-25,3.539,FRED,2026-10-03T22:59:43Z
GASDESW,Retail Diesel Price,Energy,US,Weekly,USD per gallon,2024-12-02,3.54,FRED,2026-10-03T22:59:43Z
GASDESW,Retail Diesel Price,Energy,US,Weekly,USD per gallon,2024-12-09,3.458,FRED,2026-10-03T22:59:43Z
GASDESW,Retail Diesel Price,Energy,US,Weekly,USD per gallon,2024-12-16,3.494,FRED,2026-10-03T22:59:43Z
GASDESW,Retail Diesel Price,Energy,US,Weekly,USD per gallon,2024-12-23,3.476,FRED,2026-10-03T22:59:43Z
GASDESW,Retail Diesel Price,Energy,US,Weekly,USD per gallon,2024-12-30,3.503,FRED,2026-10-03T22:59:43Z
GASDESW,Retail Diesel Price,Energy,US,Weekly,USD per gallon,2025-01-06,3.561,FRED,2026-10-03T22:59:43Z
GASDESW,Retail Diesel Price,Energy,US,Weekly,USD per gallon,2025-01-13,3.602,FRED,2026-10-03T22:59:43Z
GASDESW,Retail Diesel Price,Energy,US,Weekly,USD per gallon,2025-01-20,3.715,FRED,2026-10-03T22:59:43Z
GASDESW,Retail Diesel Price,Energy,US,Weekly,USD per gallon,2025-01-27,3.659,FRED,2026-10-03T22:59:43Z
GASDESW,Retail Diesel Price,Energy,US,Weekly,USD per gallon,2025-02-03,3.66,FRED,2026-10-03T22:59:43Z
GASDESW,Retail Diesel Price,Energy,US,Weekly,USD per gallon,2025-02-10,3.665,FRED,2026-10-03T22:59:43Z
GASDESW,Retail Diesel Price,Energy,US,Weekly,USD per gallon,2025-02-17,3.677,FRED,2026-10-03T22:59:43Z
GASDESW,Retail Diesel Price,Energy,US,Weekly,USD per gallon,2025-02-24,3.697,FRED,2026-10-03T22:59:43Z
GASDESW,Retail Diesel Price,Energy,US,Weekly,USD per gallon,2025-03-03,3.635,FRED,2026-10-03T22:59:43Z
GASDESW,Retail Diesel Price,Energy,US,Weekly,USD per gallon,2025-03-10,3.582,FRED,2026-10-03T22:59:43Z
GASDESW,Retail Diesel Price,Energy,US,Weekly,USD per gallon,2025-03-17,3.549,FRED,2026-10-03T22:59:43Z
GASDESW,Retail Diesel Price,Energy,US,Weekly,USD per gallon,2025-03-24,3.567,FRED,2026-10-03T22:59:43Z
GASDESW,Retail Diesel Price,Energy,US,Weekly,USD per gallon,2025-03-31,3.592,FRED,2026-10-03T22:59:43Z
GASDESW,Retail Diesel Price,Energy,US,Weekly,USD per gallon,2025-04-07,3.639,FRED,2026-10-03T22:59:43Z
GASDESW,Retail Diesel Price,Energy,US,Weekly,USD per gallon,2025-04-14,3.579,FRED,2026-10-03T22:59:43Z
GASDESW,Retail Diesel Price,Energy,US,Weekly,USD per gallon,2025-04-21,3.534,FRED,2026-10-03T22:59:43Z
GASDESW,Retail Diesel Price,Energy,US,Weekly,USD per gallon,2025-04-28,3.514,FRED,2026-10-03T22:59:43Z
GASDESW,Retail Diesel Price,Energy,US,Weekly,USD per gallon,2025-05-05,3.497,FRED,2026-10-03T22:59:43Z
GASDESW,Retail Diesel Price,Energy,US,Weekly,USD per gallon,2025-05-12,3.476,FRED,2026-10-03T22:59:43Z
GASDESW,Retail Diesel Price,Energy,US,Weekly,USD per gallon,2025-05-19,3.536,FRED,2026-10-03T22:59:43Z
GASDESW,Retail Diesel Price,Energy,US,Weekly,USD per gallon,2025-05-26,3.487,FRED,2026-10-03T22:59:43Z
GASDESW,Retail Diesel Price,Energy,US,Weekly,USD per gallon,2025-06-02,3.451,FRED,2026-10-03T22:59:43Z
GASDESW,Retail Diesel Price,Energy,US,Weekly,USD per gallon,2025-06-09,3.471,FRED,2026-10-03T22:59:43Z
GASDESW,Retail Diesel Price,Energy,US,Weekly,USD per gallon,2025-06-16,3.571,FRED,2026-10-03T22:59:43Z
GASDESW,Retail Diesel Price,Energy,US,Weekly,USD per gallon,2025-06-23,3.775,FRED,2026-10-03T22:59:43Z
GASDESW,Retail Diesel Price,Energy,US,Weekly,USD per gallon,2025-06-30,3.727,FRED,2026-10-03T22:59:43Z
GASDESW,Retail Diesel Price,Energy,US,Weekly,USD per gallon,2025-07-07,3.739,FRED,2026-10-03T22:59:43Z
GASDESW,Retail Diesel Price,Energy,US,Weekly,USD per gallon,2025-07-14,3.758,FRED,2026-10-03T22:59:43Z
GASDESW,Retail Diesel Price,Energy,US,Weekly,USD per gallon,2025-07-21,3.812,FRED,2026-10-03T22:59:43Z
GASDESW,Retail Diesel Price,Energy,US,Weekly,USD per gallon,2025-07-28,3.805,FRED,2026-10-03T22:59:43Z
GASDESW,Retail Diesel Price,Energy,US,Weekly,USD per gallon,2025-08-04,3.8,FRED,2026-10-03T22:59:43Z
GASDESW,Retail Diesel Price,Energy,US,Weekly,USD per gallon,2025-08-11,3.754,FRED,2026-10-03T22:59:43Z
GASDESW,Retail Diesel Price,Energy,US,Weekly,USD per gallon,2025-08-18,3.713,FRED,2026-10-03T22:59:43Z
GASDESW,Retail Diesel Price,Energy,US,Weekly,USD per gallon,2025-08-25,3.708,FRED,2026-10-03T22:59:43Z
GASDESW,Retail Diesel Price,Energy,US,Weekly,USD per gallon,2025-09-01,3.734,FRED,2026-10-03T22:59:43Z
GASDESW,Retail Diesel Price,Energy,US,Weekly,USD per gallon,2025-09-08,3.766,FRED,2026-10-03T22:59:43Z
GASDESW,Retail Diesel Price,Energy,US,Weekly,USD per gallon,2025-09-15,3.739,FRED,2026-10-03T22:59:43Z
GASDESW,Retail Diesel Price,Energy,US,Weekly,USD per gallon,2025-09-22,3.749,FRED,2026-10-03T22:59:43Z
GASDESW,Retail Diesel Price,Energy,US,Weekly,USD per gallon,2025-09-29,3.754,FRED,2026-10-03T22:59:43Z
GASDESW,Retail Diesel Price,Energy,US,Weekly,USD per gallon,2025-10-06,3.711,FRED,2026-10-03T22:59:43Z
GASDESW,Retail Diesel Price,Energy,US,Weekly,USD per gallon,2025-10-13,3.665,FRED,2026-10-03T22:59:43Z
GASDESW,Retail Diesel Price,Energy,US,Weekly,USD per gallon,2025-10-20,3.62,FRED,2026-10-03T22:59:43Z
GASDESW,Retail Diesel Price,Energy,US,Weekly,USD per gallon,2025-10-27,3.718,FRED,2026-10-03T22:59:43Z
GASDESW,Retail Diesel Price,Energy,US,Weekly,USD per gallon,2025-11-03,3.753,FRED,2026-10-03T22:59:43Z
GASDESW,Retail Diesel Price,Energy,US,Weekly,USD per gallon,2025-11-10,3.837,FRED,2026-10-03T22:59:43Z
GASDESW,Retail Diesel Price,Energy,US,Weekly,USD per gallon,2025-11-17,3.868,FRED,2026-10-03T22:59:43Z
GASDESW,Retail Diesel Price,Energy,US,Weekly,USD per gallon,2025-11-24,3.831,FRED,2026-10-03T22:59:43Z
GASDESW,Retail Diesel Price,Energy,US,Weekly,USD per gallon,2025-12-01,3.758,FRED,2026-10-03T22:59:43Z
GASDESW,Retail Diesel Price,Energy,US,Weekly,USD per gallon,2025-12-08,3.665,FRED,2026-10-03T22:59:43Z
GASDESW,Retail Diesel Price,Energy,US,Weekly,USD per gallon,2025-12-15,3.607,FRED,2026-10-03T22:59:43Z
GASDESW,Retail Diesel Price,Energy,US,Weekly,USD per gallon,2025-12-22,3.544,FRED,2026-10-03T22:59:43Z
GASDESW,Retail Diesel Price,Energy,US,Weekly,USD per gallon,2025-12-29,3.5,FRED,2026-10-03T22:59:43Z
GASDESW,Retail Diesel Price,Energy,US,Weekly,USD per gallon,2026-01-05,3.477,FRED,2026-10-03T22:59:43Z
GASDESW,Retail Diesel Price,Energy,US,Weekly,USD per gallon,2026-01-12,3.459,FRED,2026-10-03T22:59:43Z
GASDESW,Retail Diesel Price,Energy,US,Weekly,USD per gallon,2026-01-19,3.53,FRED,2026-10-03T22:59:43Z
GASDESW,Retail Diesel Price,Energy,US,Weekly,USD per gallon,2026-01-26,3.624,FRED,2026-10-03T22:59:43Z
GASDESW,Retail Diesel Price,Energy,US,Weekly,USD per gallon,2026-02-02,3.681,FRED,2026-10-03T22:59:43Z
GASDESW,Retail Diesel Price,Energy,US,Weekly,USD per gallon,2026-02-09,3.688,FRED,2026-10-03T22:59:43Z
GASDESW,Retail Diesel Price,Energy,US,Weekly,USD per gallon,2026-02-16,3.711,FRED,2026-10-03T22:59:43Z
GASDESW,Retail Diesel Price,Energy,US,Weekly,USD per gallon,2026-02-23,3.809,FRED,2026-10-03T22:59:43Z
GASDESW,Retail Diesel Price,Energy,US,Weekly,USD per gallon,2026-03-02,3.897,FRED,2026-10-03T22:59:43Z
GASDESW,Retail Diesel Price,Energy,US,Weekly,USD per gallon,2026-03-09,4.859,FRED,2026-10-03T22:59:43Z
GASDESW,Retail Diesel Price,Energy,US,Weekly,USD per gallon,2026-03-16,5.071,FRED,2026-10-03T22:59:43Z
GASDESW,Retail Diesel Price,Energy,US,Weekly,USD per gallon,2026-03-23,5.375,FRED,2026-10-03T22:59:43Z
GASDESW,Retail Diesel Price,Energy,US,Weekly,USD per gallon,2026-03-30,5.401,FRED,2026-10-03T22:59:43Z
GASDESW,Retail Diesel Price,Energy,US,Weekly,USD per gallon,2026-04-06,5.643,FRED,2026-10-03T22:59:43Z
GASDESW,Retail Diesel Price,Energy,US,Weekly,USD per gallon,2026-04-13,5.608,FRED,2026-10-03T22:59:43Z
GASDESW,Retail Diesel Price,Energy,US,Weekly,USD per gallon,2026-04-20,5.403,FRED,2026-10-03T22:59:43Z
GASDESW,Retail Diesel Price,Energy,US,Weekly,USD per gallon,2026-04-27,5.351,FRED,2026-10-03T22:59:43Z
GASDESW,Retail Diesel Price,Energy,US,Weekly,USD per gallon,2026-05-04,5.64,FRED,2026-10-03T22:59:43Z
GASDESW,Retail Diesel Price,Energy,US,Weekly,USD per gallon,2026-05-11,5.639,FRED,2026-10-03T22:59:43Z
GASDESW,Retail Diesel Price,Energy,US,Weekly,USD per gallon,2026-05-18,5.596,FRED,2026-10-03T22:59:43Z
GASDESW,Retail Diesel Price,Energy,US,Weekly,USD per gallon,2026-05-25,5.523,FRED,2026-10-03T22:59:43Z
GASDESW,Retail Diesel Price,Energy,US,Weekly,USD per gallon,2026-06-01,5.35,FRED,2026-10-03T22:59:43Z
GASDESW,Retail Diesel Price,Energy,US,Weekly,USD per gallon,2026-06-08,5.21,FRED,2026-10-03T22:59:43Z
GASDESW,Retail Diesel Price,Energy,US,Weekly,USD per gallon,2026-06-15,5.059,FRED,2026-10-03T22:59:43Z
GASDESW,Retail Diesel Price,Energy,US,Weekly,USD per gallon,2026-06-22,4.832,FRED,2026-10-03T22:59:43Z
GASDESW,Retail Diesel Price,Energy,US,Weekly,USD per gallon,2026-06-29,4.668,FRED,2026-10-03T22:59:43Z
GASDESW,Retail Diesel Price,Energy,US,Weekly,USD per gallon,2026-07-06,4.578,FRED,2026-10-03T22:59:43Z
GASDESW,Retail Diesel Price,Energy,US,Weekly,USD per gallon,2026-07-13,4.796,FRED,2026-10-03T22:59:43Z
GASDESW,Retail Diesel Price,Energy,US,Weekly,USD per gallon,2026-07-20,5.134,FRED,2026-10-03T22:59:43Z
GASDESW,Retail Diesel Price,Energy,US,Weekly,USD per gallon,2026-07-27,5.313,FRED,2026-10-03T22:59:43Z
GASDESW,Retail Diesel Price,Energy,US,Weekly,USD per gallon,2026-08-03,5.348,FRED,2026-10-03T22:59:43Z
GASDESW,Retail Diesel Price,Energy,US,Weekly,USD per gallon,2026-08-10,5.257,FRED,2026-10-03T22:59:43Z
GASDESW,Retail Diesel Price,Energy,US,Weekly,USD per gallon,2026-08-17,5.454,FRED,2026-10-03T22:59:43Z
GASDESW,Retail Diesel Price,Energy,US,Weekly,USD per gallon,2026-08-24,5.652,FRED,2026-10-03T22:59:43Z
GASDESW,Retail Diesel Price,Energy,US,Weekly,USD per gallon,2026-08-31,5.599,FRED,2026-10-03T22:59:43Z
GASDESW,Retail Diesel Price,Energy,US,Weekly,USD per gallon,2026-09-07,5.967,FRED,2026-10-03T22:59:43Z
GASDESW,Retail Diesel Price,Energy,US,Weekly,USD per gallon,2026-09-14,6.285,FRED,2026-10-03T22:59:43Z
GASDESW,Retail Diesel Price,Energy,US,Weekly,USD per gallon,2026-09-21,6.529,FRED,2026-10-03T22:59:43Z
GASDESW,Retail Diesel Price,Energy,US,Weekly,USD per gallon,2026-09-28,6.382,FRED,2026-10-03T22:59:43Z
