table,record_key,column,issue_type,dq_dimension,severity,golden_value,raw_value
branch_master,B020,state,State spelled out instead of code,Consistency,Low,VA,Virginia
branch_master,B002,state,State spelled out instead of code,Consistency,Low,VA,Virginia
branch_master,B024,state,State spelled out instead of code,Consistency,Low,WV,West Virginia
branch_master,B021,state,State spelled out instead of code,Consistency,Low,VA,Virginia
branch_master,B011,state,State spelled out instead of code,Consistency,Low,WV,West Virginia
branch_master,B009,state,State spelled out instead of code,Consistency,Low,VA,Virginia
branch_master,B010,state,State spelled out instead of code,Consistency,Low,VA,Virginia
branch_master,B026,branch_name,Branch name formatting,Consistency,Low,Waldorf,WALDORF
branch_master,B004,branch_name,Branch name formatting,Consistency,Low,Richmond,RICHMOND
branch_master,B015,branch_name,Branch name formatting,Consistency,Low,Danville,DANVILLE
branch_master,B003,branch_name,Branch name formatting,Consistency,Low,Lynchburg,  Lynchburg
branch_master,B001,branch_name,Branch name formatting,Consistency,Low,Abingdon,Abingdon Branch
branch_master,B024,region,Missing region,Completeness,High,Southwest,
branch_master,B005,region,Region value not in allowed list,Validity,Medium,East,Eastern
branch_master,*,open_date,Mixed date formats across extract,Validity,Low,YYYY-MM-DD,mixed
branch_master,B905,*,Duplicate branch under new ID,Uniqueness,High,B005,B905
branch_master,B050,is_active,Closed branch still present in master,Validity,Low,,N
product_family_master,PF011,product_family_name,Duplicate family with different casing,Uniqueness,High,Earthmoving,EARTHMOVING
product_family_master,PF012,product_family_name,Duplicate family with trailing space and alternate code,Uniqueness,High,Excavation,Excavation 
product_family_master,PF013,product_family_name,Legacy family name (Paving) duplicating Road Construction,Uniqueness,High,Road Construction,Paving
product_family_master,PF014,product_family_name,Abbreviated duplicate family missing code,Uniqueness,High,Power Systems,Power Sys.
product_family_master,PF002,product_family_name,Family name spelling differs from standard,Consistency,Medium,Earthmoving,Earth Moving
product_family_master,PF006,business_segment,Family mapped to wrong business segment,Validity,High,Resource Industries,Construction Industries
product_family_master,PF008,business_segment,Missing business segment,Completeness,Medium,Construction Industries,
product_family_master,PF003,business_segment,Business segment abbreviated,Consistency,Low,Construction Industries,CI
product_family_master,PF010,product_family_name,Non-standard family name,Consistency,Low,Marine & Oil and Gas,Marine and O&G
product_family_master,PF009,planning_owner,Missing planning owner,Completeness,Medium,Work Tools Planner,
product_family_master,PF007,is_active,Active flag not Y/N,Validity,Low,Y,Yes
product_family_master,,product_family_id,Family row loaded without ID,Completeness,High,,Used Equipment
product_family_master,PF015,is_active,Retired family (Ag line exited) still in master,Validity,Low,,N
product_category_master,PC012,product_category_name,Non-standard category name,Consistency,Low,Compact Track Loaders,Compact Track Loader (CTL)
product_category_master,PC009,product_category_name,Category name abbreviated,Consistency,Low,Off-Highway Trucks,OHT
product_category_master,PC010,product_family_id,Category missing product family,Completeness,High,PF002,
product_category_master,PC013,product_family_id,Category mapped to duplicate family,Integrity,Medium,PF003,PF011
product_category_master,PC016,product_family_id,Category mapped to legacy family,Integrity,Medium,PF005,PF013
product_category_master,PC023,product_family_id,Category mapped to wrong family (Earthmoving vs Mining),Validity,High,PF006,PF002
product_category_master,PC032,product_family_id,Orphan family reference,Integrity,High,PF009,PF099
product_category_master,PC099,product_category_name,Duplicate category under synonym,Uniqueness,High,Excavators,Hydraulic Excavators
product_master,P119,product_name,Model name not standardized,Consistency,Medium,CAT 521B,Cat521B
product_master,P064,product_name,Model name not standardized,Consistency,Medium,CAT TH357D,CAT TH357D  
product_master,P044,product_name,Model name not standardized,Consistency,Medium,CAT 730,730
product_master,P093,product_name,Model name not standardized,Consistency,Medium,CAT MH3024,Caterpillar MH3024
product_master,P088,product_name,Model name not standardized,Consistency,Medium,CAT RM400,RM400
product_master,P055,product_name,Model name not standardized,Consistency,Medium,CAT 246,CAT 246  
product_master,P041,product_name,Model name not standardized,Consistency,Medium,CAT 160,160
product_master,P118,product_name,Model name not standardized,Consistency,Medium,CAT 545D,545D
product_master,P079,product_name,Model name not standardized,Consistency,Medium,CAT AP1055,AP1055
product_master,P056,product_name,Model name not standardized,Consistency,Medium,CAT 262,Cat262
product_master,P060,product_name,Model name not standardized,Consistency,Medium,CAT 279,Cat279
product_master,P040,product_name,Model name not standardized,Consistency,Medium,CAT 150,Caterpillar 150
product_master,P102,product_name,Model name not standardized,Consistency,Medium,CAT 6015B,CAT 6015B  
product_master,P042,product_name,Model name not standardized,Consistency,Medium,CAT 18,Caterpillar 18
product_master,P033,product_name,Model name not standardized,Consistency,Medium,CAT 950,CAT 950  
product_master,P087,product_name,Model name not standardized,Consistency,Medium,CAT CW34,CAT CW34  
product_master,P094,criticality,Missing criticality,Completeness,High,Medium,
product_master,P008,criticality,Missing criticality,Completeness,High,High,
product_master,P064,criticality,Missing criticality,Completeness,High,Low,
product_master,P015,criticality,Missing criticality,Completeness,High,Medium,
product_master,P084,criticality,Missing criticality,Completeness,High,Low,
product_master,P076,criticality,Missing criticality,Completeness,High,Medium,
product_master,P022,criticality,Criticality not in allowed list,Validity,Medium,High,med
product_master,P081,criticality,Criticality not in allowed list,Validity,Medium,Medium,CRITICAL
product_master,P043,criticality,Criticality not in allowed list,Validity,Medium,High,Hi
product_master,P016,criticality,Criticality not in allowed list,Validity,Medium,Medium,Hi
product_master,P055,criticality,Criticality not in allowed list,Validity,Medium,Low,Hi
product_master,P006,product_category_id,Orphan category reference,Integrity,High,PC002,PC199
product_master,P071,product_category_id,Orphan category reference,Integrity,High,PC014,PC199
product_master,P070,product_category_id,Orphan category reference,Integrity,High,PC014,PC199
product_master,P056,product_category_id,Orphan category reference,Integrity,High,PC011,PC199
product_master,P556,*,Duplicate product under new ID,Uniqueness,High,P056,P556
product_master,P510,*,Duplicate product under new ID,Uniqueness,High,P010,P510
product_master,P594,*,Duplicate product under new ID,Uniqueness,High,P094,P594
product_master,P512,*,Duplicate product under new ID,Uniqueness,High,P012,P512
supplier_master,S135,*,Duplicate supplier with name variant,Uniqueness,High,S035,S135
supplier_master,S104,*,Duplicate supplier with name variant,Uniqueness,High,S004,S104
supplier_master,S116,*,Duplicate supplier with name variant,Uniqueness,High,S016,S116
supplier_master,S117,*,Duplicate supplier with name variant,Uniqueness,High,S017,S117
supplier_master,S103,*,Duplicate supplier with name variant,Uniqueness,High,S003,S103
supplier_master,S122,*,Duplicate supplier with name variant,Uniqueness,High,S022,S122
supplier_master,S119,*,Duplicate supplier with name variant,Uniqueness,High,S019,S119
supplier_master,S127,*,Duplicate supplier with name variant,Uniqueness,High,S027,S127
supplier_master,S114,*,Duplicate supplier with name variant,Uniqueness,High,S014,S114
supplier_master,S123,*,Duplicate supplier with name variant,Uniqueness,High,S023,S123
supplier_master,S021,lead_time_days,Missing lead time,Completeness,High,9,
supplier_master,S034,lead_time_days,Missing lead time,Completeness,High,6,
supplier_master,S119,lead_time_days,Missing lead time,Completeness,High,35,
supplier_master,S020,lead_time_days,Missing lead time,Completeness,High,60,
supplier_master,S010,lead_time_days,Missing lead time,Completeness,High,21,
supplier_master,S011,lead_time_days,Lead time stored as text,Validity,Medium,18,18 days
supplier_master,S023,lead_time_days,Lead time stored as text,Validity,Medium,20,20 days
supplier_master,S012,lead_time_days,Lead time stored as text,Validity,Medium,10,10 days
supplier_master,S030,lead_time_days,Lead time stored as text,Validity,Medium,18,18 days
supplier_master,S029,lead_time_days,Negative lead time,Validity,High,12,-7
supplier_master,S034,on_time_delivery_pct,On-time % above 100,Validity,Medium,83.4,112.0
supplier_master,S030,supplier_tier,Tier value not standardized,Consistency,Low,Tier 3,tier 2
supplier_master,S022,supplier_tier,Tier value not standardized,Consistency,Low,Tier 2,tier 2
supplier_master,S024,supplier_tier,Tier value not standardized,Consistency,Low,Tier 2,1
supplier_master,S028,supplier_tier,Tier value not standardized,Consistency,Low,Tier 2,1
supplier_master,S019,supplier_tier,Tier value not standardized,Consistency,Low,Tier 1,Tier-3
supplier_master,S020,supplier_tier,Tier value not standardized,Consistency,Low,Tier 1,T1
supplier_master,S006,state,State spelled out instead of code,Consistency,Low,MN,Minnesota
supplier_master,S116,state,State spelled out instead of code,Consistency,Low,TN,Tennessee
supplier_master,S014,state,State spelled out instead of code,Consistency,Low,VA,Virginia
supplier_master,S010,state,State spelled out instead of code,Consistency,Low,IL,Illinois
supplier_master,S024,state,State spelled out instead of code,Consistency,Low,OH,Ohio
supplier_master,S009,state,State spelled out instead of code,Consistency,Low,IL,Illinois
supplier_master,S123,is_active,Supplier inactive but still referenced by parts,Integrity,High,Y,N
equipment_master,E03615,home_branch_id,Missing or invalid home branch,Integrity,High,B015,
equipment_master,E02558,home_branch_id,Missing or invalid home branch,Integrity,High,B014,
equipment_master,E04996,home_branch_id,Missing or invalid home branch,Integrity,High,B013,Richmond
equipment_master,E02289,home_branch_id,Missing or invalid home branch,Integrity,High,B010,Richmond
equipment_master,E01128,home_branch_id,Missing or invalid home branch,Integrity,High,B018,B099
equipment_master,E01533,home_branch_id,Missing or invalid home branch,Integrity,High,B014,Richmond
equipment_master,E01418,home_branch_id,Missing or invalid home branch,Integrity,High,B006,B099
equipment_master,E00739,home_branch_id,Missing or invalid home branch,Integrity,High,B021,
equipment_master,E03477,home_branch_id,Missing or invalid home branch,Integrity,High,B008,Richmond
equipment_master,E03158,home_branch_id,Missing or invalid home branch,Integrity,High,B020,
equipment_master,E00476,home_branch_id,Missing or invalid home branch,Integrity,High,B028,Richmond
equipment_master,E05023,home_branch_id,Missing or invalid home branch,Integrity,High,B028,Richmond
equipment_master,E02911,home_branch_id,Missing or invalid home branch,Integrity,High,B020,B099
equipment_master,E01432,home_branch_id,Missing or invalid home branch,Integrity,High,B028,Richmond
equipment_master,E01564,home_branch_id,Missing or invalid home branch,Integrity,High,B026,
equipment_master,E04172,home_branch_id,Missing or invalid home branch,Integrity,High,B026,B099
equipment_master,E00839,home_branch_id,Missing or invalid home branch,Integrity,High,B009,
equipment_master,E02250,home_branch_id,Missing or invalid home branch,Integrity,High,B011,Richmond
equipment_master,E04990,home_branch_id,Missing or invalid home branch,Integrity,High,B024,B099
equipment_master,E04486,home_branch_id,Missing or invalid home branch,Integrity,High,B027,B099
equipment_master,E03688,home_branch_id,Missing or invalid home branch,Integrity,High,B004,B099
equipment_master,E00621,home_branch_id,Missing or invalid home branch,Integrity,High,B002,B099
equipment_master,E02358,home_branch_id,Missing or invalid home branch,Integrity,High,B024,Richmond
equipment_master,E01488,home_branch_id,Missing or invalid home branch,Integrity,High,B027,
equipment_master,E00179,home_branch_id,Missing or invalid home branch,Integrity,High,B004,
equipment_master,E01822,home_branch_id,Missing or invalid home branch,Integrity,High,B004,Richmond
equipment_master,E02607,home_branch_id,Missing or invalid home branch,Integrity,High,B025,
equipment_master,E03740,home_branch_id,Missing or invalid home branch,Integrity,High,B011,
equipment_master,E04086,home_branch_id,Missing or invalid home branch,Integrity,High,B011,
equipment_master,E03682,home_branch_id,Missing or invalid home branch,Integrity,High,B011,
equipment_master,E01806,home_branch_id,Missing or invalid home branch,Integrity,High,B017,B099
equipment_master,E00985,home_branch_id,Missing or invalid home branch,Integrity,High,B020,B099
equipment_master,E01449,home_branch_id,Missing or invalid home branch,Integrity,High,B021,B099
equipment_master,E02077,home_branch_id,Missing or invalid home branch,Integrity,High,B004,
equipment_master,E00416,home_branch_id,Missing or invalid home branch,Integrity,High,B022,Richmond
equipment_master,E02375,home_branch_id,Missing or invalid home branch,Integrity,High,B020,Richmond
equipment_master,E04830,home_branch_id,Missing or invalid home branch,Integrity,High,B008,B099
equipment_master,E02011,home_branch_id,Missing or invalid home branch,Integrity,High,B028,
equipment_master,E04239,home_branch_id,Missing or invalid home branch,Integrity,High,B011,B099
equipment_master,E03140,home_branch_id,Missing or invalid home branch,Integrity,High,B028,
equipment_master,E01747,home_branch_id,Missing or invalid home branch,Integrity,High,B007,
equipment_master,E03073,home_branch_id,Missing or invalid home branch,Integrity,High,B018,B099
equipment_master,E01201,home_branch_id,Missing or invalid home branch,Integrity,High,B023,Richmond
equipment_master,E01877,home_branch_id,Missing or invalid home branch,Integrity,High,B004,
equipment_master,E00557,home_branch_id,Missing or invalid home branch,Integrity,High,B008,B099
equipment_master,E04018,home_branch_id,Missing or invalid home branch,Integrity,High,B023,B099
equipment_master,E02769,home_branch_id,Missing or invalid home branch,Integrity,High,B019,Richmond
equipment_master,E02878,home_branch_id,Missing or invalid home branch,Integrity,High,B005,
equipment_master,E01672,home_branch_id,Missing or invalid home branch,Integrity,High,B025,B099
equipment_master,E01787,home_branch_id,Missing or invalid home branch,Integrity,High,B028,B099
equipment_master,E03826,home_branch_id,Missing or invalid home branch,Integrity,High,B018,B099
equipment_master,E01640,home_branch_id,Missing or invalid home branch,Integrity,High,B026,B099
equipment_master,E02438,home_branch_id,Missing or invalid home branch,Integrity,High,B008,
equipment_master,E03958,home_branch_id,Missing or invalid home branch,Integrity,High,B001,Richmond
equipment_master,E03834,home_branch_id,Missing or invalid home branch,Integrity,High,B005,Richmond
equipment_master,E03537,home_branch_id,Missing or invalid home branch,Integrity,High,B027,Richmond
equipment_master,E01784,home_branch_id,Missing or invalid home branch,Integrity,High,B004,B099
equipment_master,E00512,home_branch_id,Missing or invalid home branch,Integrity,High,B002,Richmond
equipment_master,E03559,home_branch_id,Missing or invalid home branch,Integrity,High,B004,
equipment_master,E02624,home_branch_id,Missing or invalid home branch,Integrity,High,B017,Richmond
equipment_master,E04394,home_branch_id,Missing or invalid home branch,Integrity,High,B023,Richmond
equipment_master,E02917,home_branch_id,Missing or invalid home branch,Integrity,High,B020,B099
equipment_master,E04173,home_branch_id,Missing or invalid home branch,Integrity,High,B006,
equipment_master,E01171,home_branch_id,Missing or invalid home branch,Integrity,High,B015,B099
equipment_master,E03720,home_branch_id,Missing or invalid home branch,Integrity,High,B005,Richmond
equipment_master,E03532,home_branch_id,Missing or invalid home branch,Integrity,High,B021,Richmond
equipment_master,E02918,home_branch_id,Missing or invalid home branch,Integrity,High,B023,
equipment_master,E02458,home_branch_id,Missing or invalid home branch,Integrity,High,B024,
equipment_master,E03182,home_branch_id,Missing or invalid home branch,Integrity,High,B019,
equipment_master,E04807,home_branch_id,Missing or invalid home branch,Integrity,High,B011,B099
equipment_master,E00556,home_branch_id,Missing or invalid home branch,Integrity,High,B028,B099
equipment_master,E02829,home_branch_id,Missing or invalid home branch,Integrity,High,B012,
equipment_master,E04541,home_branch_id,Missing or invalid home branch,Integrity,High,B005,Richmond
equipment_master,E04670,home_branch_id,Missing or invalid home branch,Integrity,High,B023,B099
equipment_master,E04009,home_branch_id,Missing or invalid home branch,Integrity,High,B019,Richmond
equipment_master,E01795,home_branch_id,Missing or invalid home branch,Integrity,High,B026,Richmond
equipment_master,E00234,home_branch_id,Missing or invalid home branch,Integrity,High,B007,
equipment_master,E02006,home_branch_id,Missing or invalid home branch,Integrity,High,B012,B099
equipment_master,E04028,home_branch_id,Missing or invalid home branch,Integrity,High,B006,
equipment_master,E04180,home_branch_id,Missing or invalid home branch,Integrity,High,B019,
equipment_master,E02628,home_branch_id,Missing or invalid home branch,Integrity,High,B025,B099
equipment_master,E04322,home_branch_id,Missing or invalid home branch,Integrity,High,B027,Richmond
equipment_master,E00843,home_branch_id,Missing or invalid home branch,Integrity,High,B003,B099
equipment_master,E02199,home_branch_id,Missing or invalid home branch,Integrity,High,B003,Richmond
equipment_master,E02556,home_branch_id,Missing or invalid home branch,Integrity,High,B021,B099
equipment_master,E01040,home_branch_id,Missing or invalid home branch,Integrity,High,B024,Richmond
equipment_master,E04643,home_branch_id,Missing or invalid home branch,Integrity,High,B003,Richmond
equipment_master,E04293,home_branch_id,Missing or invalid home branch,Integrity,High,B004,B099
equipment_master,E01634,home_branch_id,Missing or invalid home branch,Integrity,High,B020,B099
equipment_master,E03345,home_branch_id,Missing or invalid home branch,Integrity,High,B026,Richmond
equipment_master,E04360,home_branch_id,Missing or invalid home branch,Integrity,High,B020,B099
equipment_master,E03830,home_branch_id,Missing or invalid home branch,Integrity,High,B010,
equipment_master,E03358,home_branch_id,Missing or invalid home branch,Integrity,High,B014,
equipment_master,E00938,home_branch_id,Missing or invalid home branch,Integrity,High,B021,
equipment_master,E00173,home_branch_id,Missing or invalid home branch,Integrity,High,B025,
equipment_master,E03769,home_branch_id,Missing or invalid home branch,Integrity,High,B004,B099
equipment_master,E02567,home_branch_id,Missing or invalid home branch,Integrity,High,B021,Richmond
equipment_master,E00194,home_branch_id,Missing or invalid home branch,Integrity,High,B007,B099
equipment_master,E02596,home_branch_id,Missing or invalid home branch,Integrity,High,B011,B099
equipment_master,E03243,home_branch_id,Missing or invalid home branch,Integrity,High,B011,Richmond
equipment_master,E00644,home_branch_id,Missing or invalid home branch,Integrity,High,B006,
equipment_master,E00813,home_branch_id,Missing or invalid home branch,Integrity,High,B016,
equipment_master,E02844,home_branch_id,Missing or invalid home branch,Integrity,High,B027,
equipment_master,E02893,home_branch_id,Missing or invalid home branch,Integrity,High,B002,Richmond
equipment_master,E02981,home_branch_id,Missing or invalid home branch,Integrity,High,B007,
equipment_master,E00794,home_branch_id,Missing or invalid home branch,Integrity,High,B002,B099
equipment_master,E00356,home_branch_id,Missing or invalid home branch,Integrity,High,B018,B099
equipment_master,E04045,home_branch_id,Missing or invalid home branch,Integrity,High,B015,B099
equipment_master,E02450,home_branch_id,Missing or invalid home branch,Integrity,High,B013,
equipment_master,E04876,home_branch_id,Missing or invalid home branch,Integrity,High,B004,B099
equipment_master,E04465,home_branch_id,Missing or invalid home branch,Integrity,High,B006,
equipment_master,E01005,home_branch_id,Missing or invalid home branch,Integrity,High,B016,B099
equipment_master,E04608,home_branch_id,Missing or invalid home branch,Integrity,High,B026,Richmond
equipment_master,E04270,home_branch_id,Missing or invalid home branch,Integrity,High,B023,
equipment_master,E03289,home_branch_id,Missing or invalid home branch,Integrity,High,B015,Richmond
equipment_master,E04963,home_branch_id,Missing or invalid home branch,Integrity,High,B006,Richmond
equipment_master,E03123,home_branch_id,Missing or invalid home branch,Integrity,High,B024,B099
equipment_master,E00856,home_branch_id,Missing or invalid home branch,Integrity,High,B018,B099
equipment_master,E00708,home_branch_id,Missing or invalid home branch,Integrity,High,B020,B099
equipment_master,E03050,home_branch_id,Missing or invalid home branch,Integrity,High,B012,B099
equipment_master,E04545,home_branch_id,Missing or invalid home branch,Integrity,High,B015,
equipment_master,E04324,home_branch_id,Missing or invalid home branch,Integrity,High,B024,Richmond
equipment_master,E04983,home_branch_id,Missing or invalid home branch,Integrity,High,B013,Richmond
equipment_master,E00226,home_branch_id,Missing or invalid home branch,Integrity,High,B024,
equipment_master,E00526,home_branch_id,Missing or invalid home branch,Integrity,High,B008,B099
equipment_master,E03998,home_branch_id,Missing or invalid home branch,Integrity,High,B001,B099
equipment_master,E00590,home_branch_id,Missing or invalid home branch,Integrity,High,B019,B099
equipment_master,E04119,home_branch_id,Missing or invalid home branch,Integrity,High,B007,B099
equipment_master,E03592,home_branch_id,Missing or invalid home branch,Integrity,High,B022,Richmond
equipment_master,E01033,home_branch_id,Missing or invalid home branch,Integrity,High,B026,
equipment_master,E04856,home_branch_id,Missing or invalid home branch,Integrity,High,B019,
equipment_master,E03738,home_branch_id,Missing or invalid home branch,Integrity,High,B008,Richmond
equipment_master,E00065,home_branch_id,Missing or invalid home branch,Integrity,High,B023,
equipment_master,E00649,home_branch_id,Missing or invalid home branch,Integrity,High,B012,Richmond
equipment_master,E01525,home_branch_id,Missing or invalid home branch,Integrity,High,B013,
equipment_master,E03397,home_branch_id,Missing or invalid home branch,Integrity,High,B023,
equipment_master,E04154,home_branch_id,Missing or invalid home branch,Integrity,High,B024,B099
equipment_master,E01752,home_branch_id,Missing or invalid home branch,Integrity,High,B001,
equipment_master,E00958,home_branch_id,Missing or invalid home branch,Integrity,High,B024,Richmond
equipment_master,E03326,home_branch_id,Missing or invalid home branch,Integrity,High,B025,B099
equipment_master,E01382,home_branch_id,Missing or invalid home branch,Integrity,High,B012,B099
equipment_master,E02137,home_branch_id,Missing or invalid home branch,Integrity,High,B014,
equipment_master,E00494,home_branch_id,Missing or invalid home branch,Integrity,High,B013,Richmond
equipment_master,E03198,home_branch_id,Missing or invalid home branch,Integrity,High,B026,B099
equipment_master,E00398,home_branch_id,Missing or invalid home branch,Integrity,High,B015,
equipment_master,E03067,home_branch_id,Missing or invalid home branch,Integrity,High,B027,
equipment_master,E00567,home_branch_id,Missing or invalid home branch,Integrity,High,B015,Richmond
equipment_master,E00791,home_branch_id,Missing or invalid home branch,Integrity,High,B023,Richmond
equipment_master,E03308,home_branch_id,Missing or invalid home branch,Integrity,High,B005,Richmond
equipment_master,E03945,home_branch_id,Missing or invalid home branch,Integrity,High,B027,B099
equipment_master,E03420,home_branch_id,Missing or invalid home branch,Integrity,High,B014,
equipment_master,E04998,home_branch_id,Missing or invalid home branch,Integrity,High,B003,B099
equipment_master,E00087,home_branch_id,Missing or invalid home branch,Integrity,High,B021,B099
equipment_master,E02813,home_branch_id,Missing or invalid home branch,Integrity,High,B024,Richmond
equipment_master,E02177,home_branch_id,Missing or invalid home branch,Integrity,High,B016,B099
equipment_master,E02022,home_branch_id,Missing or invalid home branch,Integrity,High,B009,B099
equipment_master,E02734,home_branch_id,Missing or invalid home branch,Integrity,High,B011,
equipment_master,E01247,home_branch_id,Missing or invalid home branch,Integrity,High,B005,
equipment_master,E03322,home_branch_id,Missing or invalid home branch,Integrity,High,B001,B099
equipment_master,E04520,home_branch_id,Missing or invalid home branch,Integrity,High,B011,
equipment_master,E01028,home_branch_id,Missing or invalid home branch,Integrity,High,B026,B099
equipment_master,E00551,home_branch_id,Missing or invalid home branch,Integrity,High,B021,
equipment_master,E04954,home_branch_id,Missing or invalid home branch,Integrity,High,B006,Richmond
equipment_master,E02437,home_branch_id,Missing or invalid home branch,Integrity,High,B008,B099
equipment_master,E03666,home_branch_id,Missing or invalid home branch,Integrity,High,B013,Richmond
equipment_master,E00685,home_branch_id,Missing or invalid home branch,Integrity,High,B004,B099
equipment_master,E04768,home_branch_id,Missing or invalid home branch,Integrity,High,B004,
equipment_master,E00011,home_branch_id,Missing or invalid home branch,Integrity,High,B020,B099
equipment_master,E01074,home_branch_id,Missing or invalid home branch,Integrity,High,B010,Richmond
equipment_master,E02026,home_branch_id,Missing or invalid home branch,Integrity,High,B001,B099
equipment_master,E01419,home_branch_id,Missing or invalid home branch,Integrity,High,B028,Richmond
equipment_master,E04069,home_branch_id,Missing or invalid home branch,Integrity,High,B012,Richmond
equipment_master,E00864,home_branch_id,Missing or invalid home branch,Integrity,High,B025,Richmond
equipment_master,E00264,home_branch_id,Missing or invalid home branch,Integrity,High,B019,Richmond
equipment_master,E03882,home_branch_id,Missing or invalid home branch,Integrity,High,B009,Richmond
equipment_master,E02019,home_branch_id,Missing or invalid home branch,Integrity,High,B028,Richmond
equipment_master,E02787,home_branch_id,Missing or invalid home branch,Integrity,High,B004,
equipment_master,E03701,home_branch_id,Missing or invalid home branch,Integrity,High,B018,
equipment_master,E02994,home_branch_id,Missing or invalid home branch,Integrity,High,B001,
equipment_master,E01148,home_branch_id,Missing or invalid home branch,Integrity,High,B020,B099
equipment_master,E00987,home_branch_id,Missing or invalid home branch,Integrity,High,B028,
equipment_master,E01483,home_branch_id,Missing or invalid home branch,Integrity,High,B027,B099
equipment_master,E01967,home_branch_id,Missing or invalid home branch,Integrity,High,B028,
equipment_master,E00293,home_branch_id,Missing or invalid home branch,Integrity,High,B014,
equipment_master,E01662,home_branch_id,Missing or invalid home branch,Integrity,High,B007,
equipment_master,E02452,home_branch_id,Missing or invalid home branch,Integrity,High,B020,B099
equipment_master,E04168,home_branch_id,Missing or invalid home branch,Integrity,High,B014,B099
equipment_master,E05024,home_branch_id,Missing or invalid home branch,Integrity,High,B019,B099
equipment_master,E04618,home_branch_id,Missing or invalid home branch,Integrity,High,B014,Richmond
equipment_master,E00504,home_branch_id,Missing or invalid home branch,Integrity,High,B026,B099
equipment_master,E02660,home_branch_id,Missing or invalid home branch,Integrity,High,B002,Richmond
equipment_master,E03357,home_branch_id,Missing or invalid home branch,Integrity,High,B027,Richmond
equipment_master,E02059,home_branch_id,Missing or invalid home branch,Integrity,High,B017,
equipment_master,E01675,home_branch_id,Missing or invalid home branch,Integrity,High,B019,
equipment_master,E00669,home_branch_id,Missing or invalid home branch,Integrity,High,B023,
equipment_master,E03628,home_branch_id,Missing or invalid home branch,Integrity,High,B027,Richmond
equipment_master,E00645,home_branch_id,Missing or invalid home branch,Integrity,High,B008,B099
equipment_master,E00471,home_branch_id,Missing or invalid home branch,Integrity,High,B019,B099
equipment_master,E02293,home_branch_id,Missing or invalid home branch,Integrity,High,B023,
equipment_master,E03237,home_branch_id,Missing or invalid home branch,Integrity,High,B023,
equipment_master,E01717,home_branch_id,Missing or invalid home branch,Integrity,High,B022,B099
equipment_master,E00078,serial_number,Missing serial number,Completeness,High,PCZ29390,
equipment_master,E02782,serial_number,Missing serial number,Completeness,High,MCL58565,
equipment_master,E04325,serial_number,Missing serial number,Completeness,High,JGB63916,
equipment_master,E04048,serial_number,Missing serial number,Completeness,High,EPC50152,
equipment_master,E04023,serial_number,Missing serial number,Completeness,High,WME23956,
equipment_master,E02745,serial_number,Missing serial number,Completeness,High,RYG38640,
equipment_master,E01151,serial_number,Missing serial number,Completeness,High,GEK43400,
equipment_master,E01333,serial_number,Missing serial number,Completeness,High,BBY53962,
equipment_master,E01495,serial_number,Missing serial number,Completeness,High,CKD11001,
equipment_master,E00676,serial_number,Missing serial number,Completeness,High,JBS50586,
equipment_master,E01313,serial_number,Missing serial number,Completeness,High,MLZ78155,
equipment_master,E00370,serial_number,Missing serial number,Completeness,High,WMR78239,
equipment_master,E00275,serial_number,Missing serial number,Completeness,High,CXX88653,
equipment_master,E02502,serial_number,Missing serial number,Completeness,High,CEJ38036,
equipment_master,E00101,serial_number,Missing serial number,Completeness,High,EHE55772,
equipment_master,E01232,serial_number,Missing serial number,Completeness,High,EAC66771,
equipment_master,E01760,serial_number,Missing serial number,Completeness,High,NND02752,
equipment_master,E02304,serial_number,Missing serial number,Completeness,High,MVA64012,
equipment_master,E01089,serial_number,Missing serial number,Completeness,High,VPD14729,
equipment_master,E00387,serial_number,Missing serial number,Completeness,High,MZZ17993,
equipment_master,E01538,serial_number,Missing serial number,Completeness,High,DLV90836,
equipment_master,E01853,serial_number,Missing serial number,Completeness,High,RES40482,
equipment_master,E04465,serial_number,Missing serial number,Completeness,High,XWK17948,
equipment_master,E03921,serial_number,Missing serial number,Completeness,High,EJX40714,
equipment_master,E01727,serial_number,Missing serial number,Completeness,High,CWE77665,
equipment_master,E04531,serial_number,Missing serial number,Completeness,High,MCY97585,
equipment_master,E02472,serial_number,Missing serial number,Completeness,High,MHR58250,
equipment_master,E03056,serial_number,Missing serial number,Completeness,High,LWM46317,
equipment_master,E01722,serial_number,Missing serial number,Completeness,High,CWE94532,
equipment_master,E02941,serial_number,Missing serial number,Completeness,High,YSD64917,
equipment_master,E00270,serial_number,Missing serial number,Completeness,High,CXX25167,
equipment_master,E00446,serial_number,Missing serial number,Completeness,High,GBE35188,
equipment_master,E01027,serial_number,Missing serial number,Completeness,High,XRY82957,
equipment_master,E00795,serial_number,Missing serial number,Completeness,High,ZCD66266,
equipment_master,E02572,serial_number,Missing serial number,Completeness,High,VNN36370,
equipment_master,E03370,serial_number,Missing serial number,Completeness,High,FAF14860,
equipment_master,E01966,serial_number,Missing serial number,Completeness,High,CTW16128,
equipment_master,E04449,serial_number,Missing serial number,Completeness,High,XWK01910,
equipment_master,E01625,serial_number,Missing serial number,Completeness,High,SDS47271,
equipment_master,E03301,serial_number,Missing serial number,Completeness,High,DXP33828,
equipment_master,E03094,serial_number,Missing serial number,Completeness,High,LWM15106,
equipment_master,E03404,serial_number,Missing serial number,Completeness,High,CMC10750,
equipment_master,E04636,serial_number,Missing serial number,Completeness,High,VRA56583,
equipment_master,E02293,serial_number,Missing serial number,Completeness,High,MVA65252,
equipment_master,E01547,serial_number,Missing serial number,Completeness,High,JDL65433,
equipment_master,E03335,serial_number,Missing serial number,Completeness,High,SNW94194,
equipment_master,E02776,serial_number,Missing serial number,Completeness,High,RYG27020,
equipment_master,E04160,serial_number,Missing serial number,Completeness,High,EDH69682,
equipment_master,E03075,serial_number,Missing serial number,Completeness,High,LWM26223,
equipment_master,E02492,serial_number,Missing serial number,Completeness,High,CEJ28195,
equipment_master,E00581,serial_number,Missing serial number,Completeness,High,JVM11363,
equipment_master,E04963,serial_number,Missing serial number,Completeness,High,HHR58936,
equipment_master,E04727,serial_number,Missing serial number,Completeness,High,BTJ68497,
equipment_master,E03930,serial_number,Missing serial number,Completeness,High,EJX94147,
equipment_master,E04441,serial_number,Missing serial number,Completeness,High,XWK04116,
equipment_master,E02631,serial_number,Missing serial number,Completeness,High,GJG70127,
equipment_master,E00936,serial_number,Missing serial number,Completeness,High,FDG48607,
equipment_master,E01802,serial_number,Missing serial number,Completeness,High,KMN83756,
equipment_master,E02537,serial_number,Missing serial number,Completeness,High,FTD27607,
equipment_master,E02407,serial_number,Missing serial number,Completeness,High,ZBH14315,
equipment_master,E02583,serial_number,Missing serial number,Completeness,High,VNN60339,
equipment_master,E02628,serial_number,Missing serial number,Completeness,High,GJG55373,
equipment_master,E02029,serial_number,Missing serial number,Completeness,High,PSK95585,
equipment_master,E01324,serial_number,Missing serial number,Completeness,High,BBY42747,
equipment_master,E04887,serial_number,Missing serial number,Completeness,High,PJB75357,
equipment_master,E03194,serial_number,Missing serial number,Completeness,High,NVD29537,
equipment_master,E04080,serial_number,Missing serial number,Completeness,High,ZWL52139,
equipment_master,E04075,serial_number,Missing serial number,Completeness,High,WMB08443,
equipment_master,E01556,serial_number,Missing serial number,Completeness,High,JDL98296,
equipment_master,E04028,serial_number,Missing serial number,Completeness,High,EPC41286,
equipment_master,E04764,serial_number,Missing serial number,Completeness,High,DHW96253,
equipment_master,E02553,serial_number,Missing serial number,Completeness,High,FTD17954,
equipment_master,E01280,serial_number,Missing serial number,Completeness,High,EAC87112,
equipment_master,E04437,serial_number,Missing serial number,Completeness,High,XWK70312,
equipment_master,E01713,serial_number,Missing serial number,Completeness,High,SRE25702,
equipment_master,E00727,serial_number,Missing serial number,Completeness,High,VMM84853,
equipment_master,E04125,serial_number,Missing serial number,Completeness,High,HPZ88229,
equipment_master,E04454,serial_number,Missing serial number,Completeness,High,XWK70958,
equipment_master,E04304,serial_number,Missing serial number,Completeness,High,XHW53291,
equipment_master,E03227,serial_number,Missing serial number,Completeness,High,YBM86547,
equipment_master,E00892,serial_number,Missing serial number,Completeness,High,LME96459,
equipment_master,E03257,serial_number,Missing serial number,Completeness,High,DDH08753,
equipment_master,E03431,serial_number,Missing serial number,Completeness,High,GTK30727,
equipment_master,E03278,serial_number,Missing serial number,Completeness,High,DXP51952,
equipment_master,E01881,serial_number,Missing serial number,Completeness,High,LFR96425,
equipment_master,E01998,serial_number,Missing serial number,Completeness,High,CTW11815,
equipment_master,E02453,serial_number,Missing serial number,Completeness,High,MHR09667,
equipment_master,E01514,serial_number,Missing serial number,Completeness,High,DLV35919,
equipment_master,E04196,serial_number,Missing serial number,Completeness,High,YBY08614,
equipment_master,E00285,serial_number,Missing serial number,Completeness,High,CXX49141,
equipment_master,E04942,serial_number,Missing serial number,Completeness,High,HHR50753,
equipment_master,E00670,serial_number,Missing serial number,Completeness,High,JBS74382,
equipment_master,E00798,serial_number,Missing serial number,Completeness,High,ZCD10333,
equipment_master,E02779,serial_number,Missing serial number,Completeness,High,MCL55612,
equipment_master,E02127,serial_number,Missing serial number,Completeness,High,PXY74728,
equipment_master,E00921,serial_number,Missing serial number,Completeness,High,LME77208,
equipment_master,E03106,serial_number,Missing serial number,Completeness,High,TFN53175,
equipment_master,E04184,serial_number,Missing serial number,Completeness,High,JYL73005,
equipment_master,E01411,serial_number,Missing serial number,Completeness,High,ZKJ12562,
equipment_master,E02420,serial_number,Missing serial number,Completeness,High,EXY15001,
equipment_master,E04962,serial_number,Missing serial number,Completeness,High,HHR47028,
equipment_master,E03805,serial_number,Missing serial number,Completeness,High,MVL16075,
equipment_master,E03739,serial_number,Missing serial number,Completeness,High,YKH85632,
equipment_master,E00047,serial_number,Missing serial number,Completeness,High,PCZ88778,
equipment_master,E02919,serial_number,Missing serial number,Completeness,High,YSD66497,
equipment_master,E02123,serial_number,Missing serial number,Completeness,High,PXY14209,
equipment_master,E04702,serial_number,Missing serial number,Completeness,High,NEE25634,
equipment_master,E00933,serial_number,Missing serial number,Completeness,High,FDG44360,
equipment_master,E00579,serial_number,Missing serial number,Completeness,High,JVM57685,
equipment_master,E02136,serial_number,Missing serial number,Completeness,High,HGZ44750,
equipment_master,E00259,serial_number,Missing serial number,Completeness,High,CXX05131,
equipment_master,E03512,serial_number,Missing serial number,Completeness,High,GSD53431,
equipment_master,E03042,serial_number,Missing serial number,Completeness,High,FBY01573,
equipment_master,E02215,serial_number,Missing serial number,Completeness,High,BJC68387,
equipment_master,E03251,serial_number,Missing serial number,Completeness,High,DDH84543,
equipment_master,E02895,serial_number,Missing serial number,Completeness,High,FSC02899,
equipment_master,E00784,serial_number,Missing serial number,Completeness,High,ZCD14819,
equipment_master,E01487,serial_number,Missing serial number,Completeness,High,CKD57068,
equipment_master,E03474,serial_number,Missing serial number,Completeness,High,BGR76206,
equipment_master,E03953,serial_number,Missing serial number,Completeness,High,JMJ67464,
equipment_master,E02241,serial_number,Missing serial number,Completeness,High,FMH04851,
equipment_master,E04892,serial_number,Missing serial number,Completeness,High,PJB89796,
equipment_master,E00144,serial_number,Missing serial number,Completeness,High,KNJ97819,
equipment_master,E03753,serial_number,Missing serial number,Completeness,High,YKH34775,
equipment_master,E02921,serial_number,Missing serial number,Completeness,High,YSD14127,
equipment_master,E01849,serial_number,Missing serial number,Completeness,High,RES22981,
equipment_master,E02855,serial_number,Missing serial number,Completeness,High,LPM56855,
equipment_master,E00831,serial_number,Missing serial number,Completeness,High,VKP29401,
equipment_master,E01641,serial_number,Missing serial number,Completeness,High,SDS31633,
equipment_master,E04207,serial_number,Missing serial number,Completeness,High,YBY79088,
equipment_master,E02034,serial_number,Missing serial number,Completeness,High,PSK25190,
equipment_master,E02996,serial_number,Missing serial number,Completeness,High,ERV27920,
equipment_master,E03386,serial_number,Missing serial number,Completeness,High,CMC95146,
equipment_master,E01346,serial_number,Missing serial number,Completeness,High,BBY55824,
equipment_master,E04631,serial_number,Missing serial number,Completeness,High,VRA17122,
equipment_master,E01771,serial_number,Missing serial number,Completeness,High,NND50872,
equipment_master,E01811,serial_number,Missing serial number,Completeness,High,KMN77004,
equipment_master,E02474,serial_number,Missing serial number,Completeness,High,CEJ20543,
equipment_master,E04921,serial_number,Missing serial number,Completeness,High,TPJ88076,
equipment_master,E02665,serial_number,Missing serial number,Completeness,High,VJF98486,
equipment_master,E03457,serial_number,Missing serial number,Completeness,High,BGR98741,
equipment_master,E02710,serial_number,Missing serial number,Completeness,High,DZZ19673,
equipment_master,E00890,serial_number,Missing serial number,Completeness,High,LME80483,
equipment_master,E02742,serial_number,Missing serial number,Completeness,High,RYG00744,
equipment_master,E04358,serial_number,Missing serial number,Completeness,High,BSK24834,
equipment_master,E01258,serial_number,Missing serial number,Completeness,High,EAC50071,
equipment_master,E01269,serial_number,Missing serial number,Completeness,High,EAC49278,
equipment_master,E01751,serial_number,Missing serial number,Completeness,High,NND43073,
equipment_master,E00432,serial_number,Missing serial number,Completeness,High,MZZ31545,
equipment_master,E04866,serial_number,Missing serial number,Completeness,High,TVV46920,
equipment_master,E02528,serial_number,Serial number lowercase/trailing space,Consistency,Low,CEJ92913,cej92913 
equipment_master,E04114,serial_number,Serial number lowercase/trailing space,Consistency,Low,HPZ30977,hpz30977 
equipment_master,E03394,serial_number,Serial number lowercase/trailing space,Consistency,Low,CMC43750,cmc43750 
equipment_master,E00306,serial_number,Serial number lowercase/trailing space,Consistency,Low,RBK97427,rbk97427 
equipment_master,E02892,serial_number,Serial number lowercase/trailing space,Consistency,Low,FSC94386,fsc94386 
equipment_master,E04793,serial_number,Serial number lowercase/trailing space,Consistency,Low,MXE62503,mxe62503 
equipment_master,E03611,serial_number,Serial number lowercase/trailing space,Consistency,Low,RYP91657,ryp91657 
equipment_master,E03781,serial_number,Serial number lowercase/trailing space,Consistency,Low,YKH01146,ykh01146 
equipment_master,E03455,serial_number,Serial number lowercase/trailing space,Consistency,Low,BGR43352,bgr43352 
equipment_master,E03080,serial_number,Serial number lowercase/trailing space,Consistency,Low,LWM19349,lwm19349 
equipment_master,E03659,serial_number,Serial number lowercase/trailing space,Consistency,Low,RYP10223,ryp10223 
equipment_master,E00703,serial_number,Serial number lowercase/trailing space,Consistency,Low,FGG72924,fgg72924 
equipment_master,E01413,serial_number,Serial number lowercase/trailing space,Consistency,Low,ZKJ44606,zkj44606 
equipment_master,E02306,serial_number,Serial number lowercase/trailing space,Consistency,Low,MVA65798,mva65798 
equipment_master,E04768,serial_number,Serial number lowercase/trailing space,Consistency,Low,DHW60798,dhw60798 
equipment_master,E04629,serial_number,Serial number lowercase/trailing space,Consistency,Low,VRA57452,vra57452 
equipment_master,E01844,serial_number,Serial number lowercase/trailing space,Consistency,Low,RES85190,res85190 
equipment_master,E01943,serial_number,Serial number lowercase/trailing space,Consistency,Low,XGE88854,xge88854 
equipment_master,E02521,serial_number,Serial number lowercase/trailing space,Consistency,Low,CEJ12503,cej12503 
equipment_master,E02180,serial_number,Serial number lowercase/trailing space,Consistency,Low,HGZ56150,hgz56150 
equipment_master,E00820,serial_number,Serial number lowercase/trailing space,Consistency,Low,ZCD39180,zcd39180 
equipment_master,E02640,serial_number,Serial number lowercase/trailing space,Consistency,Low,VJF32589,vjf32589 
equipment_master,E03230,serial_number,Serial number lowercase/trailing space,Consistency,Low,YBM19885,ybm19885 
equipment_master,E04104,serial_number,Serial number lowercase/trailing space,Consistency,Low,HPZ00144,hpz00144 
equipment_master,E04898,serial_number,Serial number lowercase/trailing space,Consistency,Low,PJB01630,pjb01630 
equipment_master,E03252,serial_number,Serial number lowercase/trailing space,Consistency,Low,DDH47786,ddh47786 
equipment_master,E04910,serial_number,Serial number lowercase/trailing space,Consistency,Low,PJB65040,pjb65040 
equipment_master,E01725,serial_number,Serial number lowercase/trailing space,Consistency,Low,CWE09758,cwe09758 
equipment_master,E04301,serial_number,Serial number lowercase/trailing space,Consistency,Low,XHW71047,xhw71047 
equipment_master,E04958,serial_number,Serial number lowercase/trailing space,Consistency,Low,HHR76981,hhr76981 
equipment_master,E01257,serial_number,Serial number lowercase/trailing space,Consistency,Low,EAC62206,eac62206 
equipment_master,E03144,serial_number,Serial number lowercase/trailing space,Consistency,Low,ZJG13608,zjg13608 
equipment_master,E01389,serial_number,Serial number lowercase/trailing space,Consistency,Low,VKR40382,vkr40382 
equipment_master,E00848,serial_number,Serial number lowercase/trailing space,Consistency,Low,EBE58415,ebe58415 
equipment_master,E02415,serial_number,Serial number lowercase/trailing space,Consistency,Low,ZBH23434,zbh23434 
equipment_master,E01890,serial_number,Serial number lowercase/trailing space,Consistency,Low,LFR98138,lfr98138 
equipment_master,E03998,serial_number,Serial number lowercase/trailing space,Consistency,Low,CHK47722,chk47722 
equipment_master,E01799,serial_number,Serial number lowercase/trailing space,Consistency,Low,KMN74474,kmn74474 
equipment_master,E02865,serial_number,Serial number lowercase/trailing space,Consistency,Low,LPM95560,lpm95560 
equipment_master,E01344,serial_number,Serial number lowercase/trailing space,Consistency,Low,BBY82158,bby82158 
equipment_master,E00401,serial_number,Serial number lowercase/trailing space,Consistency,Low,MZZ88396,mzz88396 
equipment_master,E04386,serial_number,Serial number lowercase/trailing space,Consistency,Low,BSK78092,bsk78092 
equipment_master,E01898,serial_number,Serial number lowercase/trailing space,Consistency,Low,LFR83419,lfr83419 
equipment_master,E00705,serial_number,Serial number lowercase/trailing space,Consistency,Low,FGG14749,fgg14749 
equipment_master,E00673,serial_number,Serial number lowercase/trailing space,Consistency,Low,JBS83387,jbs83387 
equipment_master,E03307,serial_number,Serial number lowercase/trailing space,Consistency,Low,DXP19395,dxp19395 
equipment_master,E04348,serial_number,Serial number lowercase/trailing space,Consistency,Low,BSK18626,bsk18626 
equipment_master,E03569,serial_number,Serial number lowercase/trailing space,Consistency,Low,CHR92740,chr92740 
equipment_master,E03783,serial_number,Serial number lowercase/trailing space,Consistency,Low,YKH25383,ykh25383 
equipment_master,E02228,serial_number,Serial number lowercase/trailing space,Consistency,Low,BJC76923,bjc76923 
equipment_master,E02225,serial_number,Serial number lowercase/trailing space,Consistency,Low,BJC55541,bjc55541 
equipment_master,E03786,serial_number,Serial number lowercase/trailing space,Consistency,Low,YKH65085,ykh65085 
equipment_master,E04427,serial_number,Serial number lowercase/trailing space,Consistency,Low,FRP45014,frp45014 
equipment_master,E03692,serial_number,Serial number lowercase/trailing space,Consistency,Low,RSX81366,rsx81366 
equipment_master,E04440,serial_number,Serial number lowercase/trailing space,Consistency,Low,XWK01300,xwk01300 
equipment_master,E03806,serial_number,Serial number lowercase/trailing space,Consistency,Low,MVL30128,mvl30128 
equipment_master,E01680,serial_number,Serial number lowercase/trailing space,Consistency,Low,SRE11748,sre11748 
equipment_master,E01103,serial_number,Serial number lowercase/trailing space,Consistency,Low,VPD43722,vpd43722 
equipment_master,E00027,serial_number,Serial number lowercase/trailing space,Consistency,Low,RHC72421,rhc72421 
equipment_master,E03864,serial_number,Serial number lowercase/trailing space,Consistency,Low,GTZ73163,gtz73163 
equipment_master,E00531,serial_number,Serial number lowercase/trailing space,Consistency,Low,VWW24506,vww24506 
equipment_master,E04495,serial_number,Serial number lowercase/trailing space,Consistency,Low,HNE37388,hne37388 
equipment_master,E00726,serial_number,Serial number lowercase/trailing space,Consistency,Low,VMM89418,vmm89418 
equipment_master,E00816,serial_number,Serial number lowercase/trailing space,Consistency,Low,ZCD13574,zcd13574 
equipment_master,E03418,serial_number,Serial number lowercase/trailing space,Consistency,Low,GTK91256,gtk91256 
equipment_master,E02139,serial_number,Serial number lowercase/trailing space,Consistency,Low,HGZ19976,hgz19976 
equipment_master,E02118,serial_number,Serial number lowercase/trailing space,Consistency,Low,PXY12051,pxy12051 
equipment_master,E00966,serial_number,Serial number lowercase/trailing space,Consistency,Low,FDG62695,fdg62695 
equipment_master,E04633,serial_number,Serial number lowercase/trailing space,Consistency,Low,VRA25872,vra25872 
equipment_master,E01202,serial_number,Serial number lowercase/trailing space,Consistency,Low,AFG30369,afg30369 
equipment_master,E03332,serial_number,Serial number lowercase/trailing space,Consistency,Low,SNW10415,snw10415 
equipment_master,E04210,serial_number,Serial number lowercase/trailing space,Consistency,Low,YBY06417,yby06417 
equipment_master,E00689,serial_number,Serial number lowercase/trailing space,Consistency,Low,JBS83649,jbs83649 
equipment_master,E04261,serial_number,Serial number lowercase/trailing space,Consistency,Low,SYV60853,syv60853 
equipment_master,E03944,serial_number,Serial number lowercase/trailing space,Consistency,Low,JMJ84550,jmj84550 
equipment_master,E00478,serial_number,Serial number lowercase/trailing space,Consistency,Low,GBE35533,gbe35533 
equipment_master,E00960,serial_number,Serial number lowercase/trailing space,Consistency,Low,FDG20447,fdg20447 
equipment_master,E02899,serial_number,Serial number lowercase/trailing space,Consistency,Low,FSC51937,fsc51937 
equipment_master,E01928,serial_number,Serial number lowercase/trailing space,Consistency,Low,XGE97070,xge97070 
equipment_master,E04825,serial_number,Serial number lowercase/trailing space,Consistency,Low,FPR22236,fpr22236 
equipment_master,E04696,serial_number,Serial number lowercase/trailing space,Consistency,Low,NEE40318,nee40318 
equipment_master,E03904,serial_number,Serial number lowercase/trailing space,Consistency,Low,EJX67459,ejx67459 
equipment_master,E02263,serial_number,Serial number lowercase/trailing space,Consistency,Low,MVA50539,mva50539 
equipment_master,E00176,serial_number,Serial number lowercase/trailing space,Consistency,Low,ZBX38681,zbx38681 
equipment_master,E02967,serial_number,Serial number lowercase/trailing space,Consistency,Low,NGD67902,ngd67902 
equipment_master,E02295,serial_number,Serial number lowercase/trailing space,Consistency,Low,MVA83721,mva83721 
equipment_master,E00647,serial_number,Serial number lowercase/trailing space,Consistency,Low,YYZ36671,yyz36671 
equipment_master,E04877,serial_number,Serial number lowercase/trailing space,Consistency,Low,PJB95596,pjb95596 
equipment_master,E00542,serial_number,Serial number lowercase/trailing space,Consistency,Low,VWW53627,vww53627 
equipment_master,E04923,serial_number,Serial number lowercase/trailing space,Consistency,Low,TPJ66217,tpj66217 
equipment_master,E04947,serial_number,Serial number lowercase/trailing space,Consistency,Low,HHR18219,hhr18219 
equipment_master,E04924,serial_number,Serial number lowercase/trailing space,Consistency,Low,TPJ51929,tpj51929 
equipment_master,E02527,serial_number,Serial number lowercase/trailing space,Consistency,Low,CEJ64059,cej64059 
equipment_master,E04514,serial_number,Serial number lowercase/trailing space,Consistency,Low,HNE45683,hne45683 
equipment_master,E02691,serial_number,Serial number lowercase/trailing space,Consistency,Low,DZZ93930,dzz93930 
equipment_master,E01021,serial_number,Serial number lowercase/trailing space,Consistency,Low,XRY50437,xry50437 
equipment_master,E01028,serial_number,Serial number lowercase/trailing space,Consistency,Low,XRY51880,xry51880 
equipment_master,E04063,serial_number,Serial number lowercase/trailing space,Consistency,Low,WMB54747,wmb54747 
equipment_master,E02435,serial_number,Serial number lowercase/trailing space,Consistency,Low,EXY96082,exy96082 
equipment_master,E01420,serial_number,Serial number lowercase/trailing space,Consistency,Low,ZKJ40296,zkj40296 
equipment_master,E03304,serial_number,Serial number lowercase/trailing space,Consistency,Low,DXP02914,dxp02914 
equipment_master,E00669,serial_number,Serial number lowercase/trailing space,Consistency,Low,JBS16692,jbs16692 
equipment_master,E02633,serial_number,Serial number lowercase/trailing space,Consistency,Low,GJG19712,gjg19712 
equipment_master,E01102,serial_number,Serial number lowercase/trailing space,Consistency,Low,VPD05211,vpd05211 
equipment_master,E01192,serial_number,Serial number lowercase/trailing space,Consistency,Low,AFG67379,afg67379 
equipment_master,E03751,serial_number,Serial number lowercase/trailing space,Consistency,Low,YKH88503,ykh88503 
equipment_master,E02621,serial_number,Serial number lowercase/trailing space,Consistency,Low,GJG24638,gjg24638 
equipment_master,E00238,serial_number,Serial number lowercase/trailing space,Consistency,Low,ZDP57177,zdp57177 
equipment_master,E02506,serial_number,Serial number lowercase/trailing space,Consistency,Low,CEJ30148,cej30148 
equipment_master,E03026,serial_number,Serial number lowercase/trailing space,Consistency,Low,FBY82068,fby82068 
equipment_master,E00687,serial_number,Serial number lowercase/trailing space,Consistency,Low,JBS47295,jbs47295 
equipment_master,E01401,serial_number,Serial number lowercase/trailing space,Consistency,Low,VKR54678,vkr54678 
equipment_master,E04424,serial_number,Serial number lowercase/trailing space,Consistency,Low,FRP69975,frp69975 
equipment_master,E02784,serial_number,Serial number lowercase/trailing space,Consistency,Low,MCL94965,mcl94965 
equipment_master,E04237,serial_number,Serial number lowercase/trailing space,Consistency,Low,YBY09532,yby09532 
equipment_master,E04778,serial_number,Serial number lowercase/trailing space,Consistency,Low,DHW89548,dhw89548 
equipment_master,E01846,serial_number,Serial number lowercase/trailing space,Consistency,Low,RES93393,res93393 
equipment_master,E03886,serial_number,Serial number lowercase/trailing space,Consistency,Low,GTZ25330,gtz25330 
equipment_master,E00250,serial_number,Serial number lowercase/trailing space,Consistency,Low,ZDP84279,zdp84279 
equipment_master,E04726,serial_number,Serial number lowercase/trailing space,Consistency,Low,BTJ69270,btj69270 
equipment_master,E00971,serial_number,Serial number lowercase/trailing space,Consistency,Low,FDG61781,fdg61781 
equipment_master,E00416,serial_number,Serial number lowercase/trailing space,Consistency,Low,MZZ15236,mzz15236 
equipment_master,E01991,serial_number,Serial number lowercase/trailing space,Consistency,Low,CTW62504,ctw62504 
equipment_master,E02924,serial_number,Serial number lowercase/trailing space,Consistency,Low,YSD87649,ysd87649 
equipment_master,E03827,serial_number,Serial number lowercase/trailing space,Consistency,Low,MVL08906,mvl08906 
equipment_master,E02330,serial_number,Serial number lowercase/trailing space,Consistency,Low,YKA58172,yka58172 
equipment_master,E01891,serial_number,Serial number lowercase/trailing space,Consistency,Low,LFR91621,lfr91621 
equipment_master,E00733,serial_number,Serial number lowercase/trailing space,Consistency,Low,VMM44078,vmm44078 
equipment_master,E04700,serial_number,Serial number lowercase/trailing space,Consistency,Low,NEE86498,nee86498 
equipment_master,E04784,serial_number,Serial number lowercase/trailing space,Consistency,Low,MXE30844,mxe30844 
equipment_master,E00982,serial_number,Serial number lowercase/trailing space,Consistency,Low,JSY46019,jsy46019 
equipment_master,E00312,serial_number,Serial number lowercase/trailing space,Consistency,Low,RBK58607,rbk58607 
equipment_master,E00247,serial_number,Serial number lowercase/trailing space,Consistency,Low,ZDP30969,zdp30969 
equipment_master,E02632,serial_number,Serial number lowercase/trailing space,Consistency,Low,GJG99564,gjg99564 
equipment_master,E04917,serial_number,Serial number lowercase/trailing space,Consistency,Low,TPJ44200,tpj44200 
equipment_master,E01510,serial_number,Serial number lowercase/trailing space,Consistency,Low,DLV70112,dlv70112 
equipment_master,E02155,serial_number,Serial number lowercase/trailing space,Consistency,Low,HGZ79216,hgz79216 
equipment_master,E03402,serial_number,Serial number lowercase/trailing space,Consistency,Low,CMC61503,cmc61503 
equipment_master,E00308,serial_number,Serial number lowercase/trailing space,Consistency,Low,RBK34960,rbk34960 
equipment_master,E01014,serial_number,Serial number lowercase/trailing space,Consistency,Low,XRY36978,xry36978 
equipment_master,E01266,serial_number,Serial number lowercase/trailing space,Consistency,Low,EAC33017,eac33017 
equipment_master,E04579,serial_number,Serial number lowercase/trailing space,Consistency,Low,MCY17465,mcy17465 
equipment_master,E03034,serial_number,Serial number lowercase/trailing space,Consistency,Low,FBY34507,fby34507 
equipment_master,E02191,serial_number,Serial number lowercase/trailing space,Consistency,Low,PZH04283,pzh04283 
equipment_master,E04809,serial_number,Serial number lowercase/trailing space,Consistency,Low,FPR36656,fpr36656 
equipment_master,E04853,serial_number,Serial number lowercase/trailing space,Consistency,Low,TVV35204,tvv35204 
equipment_master,E03865,serial_number,Serial number lowercase/trailing space,Consistency,Low,GTZ46406,gtz46406 
equipment_master,E01504,serial_number,Serial number lowercase/trailing space,Consistency,Low,CKD64273,ckd64273 
equipment_master,E03388,serial_number,Serial number lowercase/trailing space,Consistency,Low,CMC13969,cmc13969 
equipment_master,E01925,serial_number,Serial number lowercase/trailing space,Consistency,Low,XGE84409,xge84409 
equipment_master,E00821,service_meter_hours,Negative service meter hours,Validity,Medium,8736,-8737
equipment_master,E02744,service_meter_hours,Negative service meter hours,Validity,Medium,20663,-20664
equipment_master,E00431,service_meter_hours,Negative service meter hours,Validity,Medium,16728,-16729
equipment_master,E04195,service_meter_hours,Negative service meter hours,Validity,Medium,19040,-19041
equipment_master,E00585,service_meter_hours,Negative service meter hours,Validity,Medium,9188,-9189
equipment_master,E00065,service_meter_hours,Negative service meter hours,Validity,Medium,1380,-1381
equipment_master,E04536,service_meter_hours,Negative service meter hours,Validity,Medium,7414,-7415
equipment_master,E03563,service_meter_hours,Negative service meter hours,Validity,Medium,1573,-1574
equipment_master,E03584,service_meter_hours,Negative service meter hours,Validity,Medium,7368,-7369
equipment_master,E03624,service_meter_hours,Negative service meter hours,Validity,Medium,16965,-16966
equipment_master,E00433,service_meter_hours,Negative service meter hours,Validity,Medium,17935,-17936
equipment_master,E02200,service_meter_hours,Negative service meter hours,Validity,Medium,19671,-19672
equipment_master,E01060,service_meter_hours,Negative service meter hours,Validity,Medium,4869,-4870
equipment_master,E04737,service_meter_hours,Negative service meter hours,Validity,Medium,11266,-11267
equipment_master,E02942,service_meter_hours,Negative service meter hours,Validity,Medium,20626,-20627
equipment_master,E03678,service_meter_hours,Negative service meter hours,Validity,Medium,2058,-2059
equipment_master,E04906,service_meter_hours,Negative service meter hours,Validity,Medium,8052,-8053
equipment_master,E00152,service_meter_hours,Negative service meter hours,Validity,Medium,15095,-15096
equipment_master,E01745,service_meter_hours,Negative service meter hours,Validity,Medium,8748,-8749
equipment_master,E02640,service_meter_hours,Negative service meter hours,Validity,Medium,6664,-6665
equipment_master,E02284,service_meter_hours,Negative service meter hours,Validity,Medium,4190,-4191
equipment_master,E00378,service_meter_hours,Negative service meter hours,Validity,Medium,14291,-14292
equipment_master,E03174,service_meter_hours,Negative service meter hours,Validity,Medium,7244,-7245
equipment_master,E02219,service_meter_hours,Negative service meter hours,Validity,Medium,15340,-15341
equipment_master,E01227,service_meter_hours,Negative service meter hours,Validity,Medium,14314,-14315
equipment_master,E04328,service_meter_hours,Negative service meter hours,Validity,Medium,19445,-19446
equipment_master,E01301,service_meter_hours,Negative service meter hours,Validity,Medium,12312,-12313
equipment_master,E01821,service_meter_hours,Negative service meter hours,Validity,Medium,12337,-12338
equipment_master,E02949,service_meter_hours,Negative service meter hours,Validity,Medium,6381,-6382
equipment_master,E04658,service_meter_hours,Negative service meter hours,Validity,Medium,77,-78
equipment_master,E04103,service_meter_hours,Negative service meter hours,Validity,Medium,7879,-7880
equipment_master,E02293,service_meter_hours,Negative service meter hours,Validity,Medium,8472,-8473
equipment_master,E04365,service_meter_hours,Negative service meter hours,Validity,Medium,14049,-14050
equipment_master,E04119,service_meter_hours,Negative service meter hours,Validity,Medium,3675,-3676
equipment_master,E03976,service_meter_hours,Negative service meter hours,Validity,Medium,1968,-1969
equipment_master,E03264,service_meter_hours,Negative service meter hours,Validity,Medium,20127,-20128
equipment_master,E00645,service_meter_hours,Negative service meter hours,Validity,Medium,5214,-5215
equipment_master,E04406,service_meter_hours,Negative service meter hours,Validity,Medium,12824,-12825
equipment_master,E03430,service_meter_hours,Negative service meter hours,Validity,Medium,2433,-2434
equipment_master,E02315,service_meter_hours,Negative service meter hours,Validity,Medium,5917,-5918
equipment_master,E04247,service_meter_hours,Negative service meter hours,Validity,Medium,4892,-4893
equipment_master,E02314,service_meter_hours,Negative service meter hours,Validity,Medium,14774,-14775
equipment_master,E00622,service_meter_hours,Negative service meter hours,Validity,Medium,15333,-15334
equipment_master,E01440,service_meter_hours,Negative service meter hours,Validity,Medium,17434,-17435
equipment_master,E00660,service_meter_hours,Negative service meter hours,Validity,Medium,12749,-12750
equipment_master,E01218,service_meter_hours,Negative service meter hours,Validity,Medium,271,-272
equipment_master,E01949,service_meter_hours,Negative service meter hours,Validity,Medium,12869,-12870
equipment_master,E02308,service_meter_hours,Negative service meter hours,Validity,Medium,9627,-9628
equipment_master,E04666,service_meter_hours,Negative service meter hours,Validity,Medium,15398,-15399
equipment_master,E03110,service_meter_hours,Negative service meter hours,Validity,Medium,11583,-11584
equipment_master,E00287,service_meter_hours,Negative service meter hours,Validity,Medium,3793,-3794
equipment_master,E02869,service_meter_hours,Negative service meter hours,Validity,Medium,834,-835
equipment_master,E04934,service_meter_hours,Negative service meter hours,Validity,Medium,5710,-5711
equipment_master,E01674,service_meter_hours,Negative service meter hours,Validity,Medium,1733,-1734
equipment_master,E04094,service_meter_hours,Negative service meter hours,Validity,Medium,19015,-19016
equipment_master,E00347,service_meter_hours,Negative service meter hours,Validity,Medium,15739,-15740
equipment_master,E03211,service_meter_hours,Negative service meter hours,Validity,Medium,1801,-1802
equipment_master,E01198,service_meter_hours,Negative service meter hours,Validity,Medium,5128,-5129
equipment_master,E03800,service_meter_hours,Negative service meter hours,Validity,Medium,9495,-9496
equipment_master,E01174,service_meter_hours,Negative service meter hours,Validity,Medium,9051,-9052
equipment_master,E01850,service_meter_hours,Negative service meter hours,Validity,Medium,2364,-2365
equipment_master,E02737,service_meter_hours,Negative service meter hours,Validity,Medium,7093,-7094
equipment_master,E01141,service_meter_hours,Negative service meter hours,Validity,Medium,15655,-15656
equipment_master,E03206,service_meter_hours,Negative service meter hours,Validity,Medium,0,-1
equipment_master,E02215,service_meter_hours,Negative service meter hours,Validity,Medium,14228,-14229
equipment_master,E01719,service_meter_hours,Negative service meter hours,Validity,Medium,5194,-5195
equipment_master,E03126,service_meter_hours,Negative service meter hours,Validity,Medium,17516,-17517
equipment_master,E00731,service_meter_hours,Negative service meter hours,Validity,Medium,21363,-21364
equipment_master,E00909,service_meter_hours,Negative service meter hours,Validity,Medium,7438,-7439
equipment_master,E02014,service_meter_hours,Negative service meter hours,Validity,Medium,13716,-13717
equipment_master,E04246,service_meter_hours,Negative service meter hours,Validity,Medium,12941,-12942
equipment_master,E04373,service_meter_hours,Negative service meter hours,Validity,Medium,15928,-15929
equipment_master,E03885,service_meter_hours,Negative service meter hours,Validity,Medium,3236,-3237
equipment_master,E00474,service_meter_hours,Negative service meter hours,Validity,Medium,6554,-6555
equipment_master,E02625,service_meter_hours,Negative service meter hours,Validity,Medium,3845,-3846
equipment_master,E03845,service_meter_hours,Negative service meter hours,Validity,Medium,0,-1
equipment_master,E00841,service_meter_hours,Negative service meter hours,Validity,Medium,18039,-18040
equipment_master,E03543,service_meter_hours,Negative service meter hours,Validity,Medium,6173,-6174
equipment_master,E01325,service_meter_hours,Negative service meter hours,Validity,Medium,5199,-5200
equipment_master,E04153,service_meter_hours,Negative service meter hours,Validity,Medium,11525,-11526
equipment_master,E02296,service_meter_hours,Negative service meter hours,Validity,Medium,4701,-4702
equipment_master,E04076,service_meter_hours,Negative service meter hours,Validity,Medium,12321,-12322
equipment_master,E03062,service_meter_hours,Negative service meter hours,Validity,Medium,3954,-3955
equipment_master,E02477,service_meter_hours,Negative service meter hours,Validity,Medium,2480,-2481
equipment_master,E04127,service_meter_hours,Negative service meter hours,Validity,Medium,15590,-15591
equipment_master,E04038,service_meter_hours,Negative service meter hours,Validity,Medium,1583,-1584
equipment_master,E00367,service_meter_hours,Negative service meter hours,Validity,Medium,1429,-1430
equipment_master,E00432,service_meter_hours,Negative service meter hours,Validity,Medium,19217,-19218
equipment_master,E04659,service_meter_hours,Negative service meter hours,Validity,Medium,0,-1
equipment_master,E03528,service_meter_hours,Negative service meter hours,Validity,Medium,13601,-13602
equipment_master,E02089,service_meter_hours,Negative service meter hours,Validity,Medium,12570,-12571
equipment_master,E03374,service_meter_hours,Negative service meter hours,Validity,Medium,16893,-16894
equipment_master,E00966,service_meter_hours,Negative service meter hours,Validity,Medium,6274,-6275
equipment_master,E02187,service_meter_hours,Negative service meter hours,Validity,Medium,4109,-4110
equipment_master,E03075,service_meter_hours,Negative service meter hours,Validity,Medium,1488,-1489
equipment_master,E04697,service_meter_hours,Negative service meter hours,Validity,Medium,5518,-5519
equipment_master,E04997,service_meter_hours,Negative service meter hours,Validity,Medium,9645,-9646
equipment_master,E02291,service_meter_hours,Negative service meter hours,Validity,Medium,3209,-3210
equipment_master,E04215,service_meter_hours,Negative service meter hours,Validity,Medium,1699,-1700
equipment_master,E02006,service_meter_hours,Negative service meter hours,Validity,Medium,13196,-13197
equipment_master,E04199,model_year,Impossible model year,Validity,Medium,2011,0
equipment_master,E02888,model_year,Impossible model year,Validity,Medium,2016,0
equipment_master,E03318,model_year,Impossible model year,Validity,Medium,2012,1899
equipment_master,E00362,model_year,Impossible model year,Validity,Medium,2025,0
equipment_master,E01003,model_year,Impossible model year,Validity,Medium,2022,0
equipment_master,E03561,model_year,Impossible model year,Validity,Medium,2012,0
equipment_master,E03463,model_year,Impossible model year,Validity,Medium,2017,2031
equipment_master,E04122,model_year,Impossible model year,Validity,Medium,2016,1899
equipment_master,E02774,model_year,Impossible model year,Validity,Medium,2022,0
equipment_master,E04538,model_year,Impossible model year,Validity,Medium,2011,2031
equipment_master,E03389,model_year,Impossible model year,Validity,Medium,2012,2031
equipment_master,E03724,model_year,Impossible model year,Validity,Medium,2025,2031
equipment_master,E03601,model_year,Impossible model year,Validity,Medium,2018,2031
equipment_master,E04315,model_year,Impossible model year,Validity,Medium,2013,2031
equipment_master,E04943,model_year,Impossible model year,Validity,Medium,2026,1899
equipment_master,E02728,model_year,Impossible model year,Validity,Medium,2017,1899
equipment_master,E01891,model_year,Impossible model year,Validity,Medium,2020,0
equipment_master,E01124,model_year,Impossible model year,Validity,Medium,2021,0
equipment_master,E02515,model_year,Impossible model year,Validity,Medium,2020,0
equipment_master,E03691,model_year,Impossible model year,Validity,Medium,2024,2031
equipment_master,E02754,model_year,Impossible model year,Validity,Medium,2012,0
equipment_master,E01765,model_year,Impossible model year,Validity,Medium,2012,1899
equipment_master,E05023,model_year,Impossible model year,Validity,Medium,2010,0
equipment_master,E01714,model_year,Impossible model year,Validity,Medium,2026,1899
equipment_master,E00338,model_year,Impossible model year,Validity,Medium,2025,0
equipment_master,E01860,model_year,Impossible model year,Validity,Medium,2015,0
equipment_master,E03201,model_year,Impossible model year,Validity,Medium,2008,1899
equipment_master,E00622,model_year,Impossible model year,Validity,Medium,2012,0
equipment_master,E05013,model_year,Impossible model year,Validity,Medium,2025,2031
equipment_master,E04675,model_year,Impossible model year,Validity,Medium,2015,2031
equipment_master,E04614,model_year,Impossible model year,Validity,Medium,2012,2031
equipment_master,E01709,model_year,Impossible model year,Validity,Medium,2014,0
equipment_master,E01032,model_year,Impossible model year,Validity,Medium,2025,2031
equipment_master,E03098,model_year,Impossible model year,Validity,Medium,2020,0
equipment_master,E00177,model_year,Impossible model year,Validity,Medium,2013,0
equipment_master,E02031,model_year,Impossible model year,Validity,Medium,2021,0
equipment_master,E04439,model_year,Impossible model year,Validity,Medium,2018,2031
equipment_master,E03253,model_year,Impossible model year,Validity,Medium,2010,0
equipment_master,E00915,model_year,Impossible model year,Validity,Medium,2011,2031
equipment_master,E03041,model_year,Impossible model year,Validity,Medium,2009,2031
equipment_master,E03592,model_year,Impossible model year,Validity,Medium,2021,2031
equipment_master,E02338,model_year,Impossible model year,Validity,Medium,2021,2031
equipment_master,E01086,model_year,Impossible model year,Validity,Medium,2017,2031
equipment_master,E01551,model_year,Impossible model year,Validity,Medium,2022,1899
equipment_master,E03220,model_year,Impossible model year,Validity,Medium,2014,2031
equipment_master,E04384,model_year,Impossible model year,Validity,Medium,2015,0
equipment_master,E01636,model_year,Impossible model year,Validity,Medium,2022,1899
equipment_master,E03682,model_year,Impossible model year,Validity,Medium,2008,1899
equipment_master,E04297,model_year,Impossible model year,Validity,Medium,2023,1899
equipment_master,E00071,model_year,Impossible model year,Validity,Medium,2015,1899
equipment_master,E01791,model_year,Impossible model year,Validity,Medium,2014,0
equipment_master,E03704,model_year,Impossible model year,Validity,Medium,2018,2031
equipment_master,E00652,model_year,Impossible model year,Validity,Medium,2019,0
equipment_master,E03829,model_year,Impossible model year,Validity,Medium,2010,0
equipment_master,E00597,model_year,Impossible model year,Validity,Medium,2015,1899
equipment_master,E04505,model_year,Impossible model year,Validity,Medium,2026,2031
equipment_master,E03550,model_year,Impossible model year,Validity,Medium,2017,0
equipment_master,E02638,model_year,Impossible model year,Validity,Medium,2019,1899
equipment_master,E04409,model_year,Impossible model year,Validity,Medium,2015,0
equipment_master,E04461,model_year,Impossible model year,Validity,Medium,2009,1899
equipment_master,E00175,model_year,Impossible model year,Validity,Medium,2009,0
equipment_master,E03737,model_year,Impossible model year,Validity,Medium,2011,0
equipment_master,E02334,model_year,Impossible model year,Validity,Medium,2012,2031
equipment_master,E03304,model_year,Impossible model year,Validity,Medium,2015,2031
equipment_master,E00953,model_year,Impossible model year,Validity,Medium,2015,2031
equipment_master,E01201,model_year,Impossible model year,Validity,Medium,2022,0
equipment_master,E00323,model_year,Impossible model year,Validity,Medium,2023,2031
equipment_master,E02059,model_year,Impossible model year,Validity,Medium,2008,0
equipment_master,E03390,model_year,Impossible model year,Validity,Medium,2021,2031
equipment_master,E02768,model_year,Impossible model year,Validity,Medium,2021,2031
equipment_master,E02478,model_year,Impossible model year,Validity,Medium,2009,1899
equipment_master,E02676,model_year,Impossible model year,Validity,Medium,2008,0
equipment_master,E03096,model_year,Impossible model year,Validity,Medium,2015,1899
equipment_master,E02602,model_year,Impossible model year,Validity,Medium,2023,0
equipment_master,E03557,model_year,Impossible model year,Validity,Medium,2022,1899
equipment_master,E03194,model_year,Impossible model year,Validity,Medium,2019,0
equipment_master,E01812,model_year,Impossible model year,Validity,Medium,2008,2031
equipment_master,E03158,model_year,Impossible model year,Validity,Medium,2023,0
equipment_master,E01719,model_year,Impossible model year,Validity,Medium,2022,2031
equipment_master,E01598,model_year,Impossible model year,Validity,Medium,2017,1899
equipment_master,E04522,model_year,Impossible model year,Validity,Medium,2020,0
equipment_master,E00929,model_year,Impossible model year,Validity,Medium,2020,2031
equipment_master,E01711,model_year,Impossible model year,Validity,Medium,2017,2031
equipment_master,E01172,model_year,Impossible model year,Validity,Medium,2025,2031
equipment_master,E01152,model_year,Impossible model year,Validity,Medium,2013,0
equipment_master,E01442,model_year,Impossible model year,Validity,Medium,2010,2031
equipment_master,E01727,model_year,Impossible model year,Validity,Medium,2008,0
equipment_master,E00477,model_year,Impossible model year,Validity,Medium,2024,2031
equipment_master,E02328,model_year,Impossible model year,Validity,Medium,2014,0
equipment_master,E01500,model_year,Impossible model year,Validity,Medium,2010,0
equipment_master,E00794,model_year,Impossible model year,Validity,Medium,2025,2031
equipment_master,E00465,model_year,Impossible model year,Validity,Medium,2014,2031
equipment_master,E01892,model_year,Impossible model year,Validity,Medium,2011,0
equipment_master,E04032,model_year,Impossible model year,Validity,Medium,2008,2031
equipment_master,E04870,model_year,Impossible model year,Validity,Medium,2018,2031
equipment_master,E04676,model_year,Impossible model year,Validity,Medium,2013,1899
equipment_master,E04498,model_year,Impossible model year,Validity,Medium,2023,0
equipment_master,E01524,model_year,Impossible model year,Validity,Medium,2026,1899
equipment_master,E00252,model_year,Impossible model year,Validity,Medium,2017,0
equipment_master,E02476,model_year,Impossible model year,Validity,Medium,2018,2031
equipment_master,E03315,equipment_model,Model text does not match product master,Consistency,Medium,CAT CS66B,cs66b
equipment_master,E00575,equipment_model,Model text does not match product master,Consistency,Medium,CAT M318,m318
equipment_master,E02451,equipment_model,Model text does not match product master,Consistency,Medium,CAT TH357D,th357d
equipment_master,E00512,equipment_model,Model text does not match product master,Consistency,Medium,CAT 352,352
equipment_master,E02326,equipment_model,Model text does not match product master,Consistency,Medium,CAT 279,279
equipment_master,E04088,equipment_model,Model text does not match product master,Consistency,Medium,CAT MD6310,md6310
equipment_master,E03392,equipment_model,Model text does not match product master,Consistency,Medium,CAT RM400,rm400
equipment_master,E00628,equipment_model,Model text does not match product master,Consistency,Medium,CAT M320,m320
equipment_master,E04963,equipment_model,Model text does not match product master,Consistency,Medium,CAT 3512E Well Service,3512e well service
equipment_master,E02364,equipment_model,Model text does not match product master,Consistency,Medium,CAT 289,289
equipment_master,E02989,equipment_model,Model text does not match product master,Consistency,Medium,CAT AP400,ap400
equipment_master,E03446,equipment_model,Model text does not match product master,Consistency,Medium,CAT RM600,rm600
equipment_master,E00715,equipment_model,Model text does not match product master,Consistency,Medium,CAT 420,420
equipment_master,E02618,equipment_model,Model text does not match product master,Consistency,Medium,CAT C9.3B,c9.3b
equipment_master,E04391,equipment_model,Model text does not match product master,Consistency,Medium,CAT 535D,535d
equipment_master,E00883,equipment_model,Model text does not match product master,Consistency,Medium,CAT D6,d6
equipment_master,E04138,equipment_model,Model text does not match product master,Consistency,Medium,CAT R1700,r1700
equipment_master,E00912,equipment_model,Model text does not match product master,Consistency,Medium,CAT D6,d6
equipment_master,E00613,equipment_model,Model text does not match product master,Consistency,Medium,CAT M320,m320
equipment_master,E00096,equipment_model,Model text does not match product master,Consistency,Medium,CAT 305 CR,305 cr
equipment_master,E03261,equipment_model,Model text does not match product master,Consistency,Medium,CAT CB10,cb10
equipment_master,E04994,equipment_model,Model text does not match product master,Consistency,Medium,CAT 3516E Well Service,3516e well service
equipment_master,E04935,equipment_model,Model text does not match product master,Consistency,Medium,CAT 3512E Well Service,3512e well service
equipment_master,E01239,equipment_model,Model text does not match product master,Consistency,Medium,CAT 926,926
equipment_master,E04740,equipment_model,Model text does not match product master,Consistency,Medium,CAT H140,h140
equipment_master,E01511,equipment_model,Model text does not match product master,Consistency,Medium,CAT 988,988
equipment_master,E01345,equipment_model,Model text does not match product master,Consistency,Medium,CAT 950,950
equipment_master,E01933,equipment_model,Model text does not match product master,Consistency,Medium,CAT 775,775
equipment_master,E00521,equipment_model,Model text does not match product master,Consistency,Medium,CAT 395,395
equipment_master,E04018,equipment_model,Model text does not match product master,Consistency,Medium,CAT 6060,6060
equipment_master,E04134,equipment_model,Model text does not match product master,Consistency,Medium,CAT R1700,r1700
equipment_master,E04747,equipment_model,Model text does not match product master,Consistency,Medium,CAT A14B Auger,a14b auger
equipment_master,E02810,equipment_model,Model text does not match product master,Consistency,Medium,CAT 3516,3516
equipment_master,E04282,equipment_model,Model text does not match product master,Consistency,Medium,CAT AD45,ad45
equipment_master,E04759,equipment_model,Model text does not match product master,Consistency,Medium,CAT A14B Auger,a14b auger
equipment_master,E01724,equipment_model,Model text does not match product master,Consistency,Medium,CAT 725,725
equipment_master,E01206,equipment_model,Model text does not match product master,Consistency,Medium,CAT 908,908
equipment_master,E00344,equipment_model,Model text does not match product master,Consistency,Medium,CAT 326,326
equipment_master,E00527,equipment_model,Model text does not match product master,Consistency,Medium,CAT 395,395
equipment_master,E00318,equipment_model,Model text does not match product master,Consistency,Medium,CAT 323,323
equipment_master,E04584,equipment_model,Model text does not match product master,Consistency,Medium,CAT 558,558
equipment_master,E04909,equipment_model,Model text does not match product master,Consistency,Medium,CAT C32 Marine,c32 marine
equipment_master,E04243,equipment_model,Model text does not match product master,Consistency,Medium,CAT AD22,ad22
equipment_master,E00615,equipment_model,Model text does not match product master,Consistency,Medium,CAT M320,m320
equipment_master,E00059,equipment_model,Model text does not match product master,Consistency,Medium,CAT 303 CR,303 cr
equipment_master,E03939,equipment_model,Model text does not match product master,Consistency,Medium,CAT 6015B,6015b
equipment_master,E01297,equipment_model,Model text does not match product master,Consistency,Medium,CAT 938,938
equipment_master,E01882,equipment_model,Model text does not match product master,Consistency,Medium,CAT 772,772
equipment_master,E01212,equipment_model,Model text does not match product master,Consistency,Medium,CAT 908,908
equipment_master,E01161,equipment_model,Model text does not match product master,Consistency,Medium,CAT D11,d11
equipment_master,E04078,equipment_model,Model text does not match product master,Consistency,Medium,CAT MD6310,md6310
equipment_master,E02458,equipment_model,Model text does not match product master,Consistency,Medium,CAT TH357D,th357d
equipment_master,E03603,equipment_model,Model text does not match product master,Consistency,Medium,CAT MH3026,mh3026
equipment_master,E04251,equipment_model,Model text does not match product master,Consistency,Medium,CAT AD22,ad22
equipment_master,E01942,equipment_model,Model text does not match product master,Consistency,Medium,CAT 775,775
equipment_master,E00284,equipment_model,Model text does not match product master,Consistency,Medium,CAT 320,320
equipment_master,E00743,equipment_model,Model text does not match product master,Consistency,Medium,CAT 430,430
equipment_master,E02532,equipment_model,Model text does not match product master,Consistency,Medium,CAT TL1055,tl1055
equipment_master,E02192,equipment_model,Model text does not match product master,Consistency,Medium,CAT 262,262
equipment_master,E01013,equipment_model,Model text does not match product master,Consistency,Medium,CAT D9,d9
equipment_master,E00049,equipment_model,Model text does not match product master,Consistency,Medium,CAT 303 CR,303 cr
equipment_master,E04170,equipment_model,Model text does not match product master,Consistency,Medium,CAT R2900,r2900
equipment_master,E01667,equipment_model,Model text does not match product master,Consistency,Medium,CAT 18,18
equipment_master,E02516,equipment_model,Model text does not match product master,Consistency,Medium,CAT TL943,tl943
equipment_master,E02208,equipment_model,Model text does not match product master,Consistency,Medium,CAT 272,272
equipment_master,E02052,equipment_model,Model text does not match product master,Consistency,Medium,CAT 963,963
equipment_master,E01241,equipment_model,Model text does not match product master,Consistency,Medium,CAT 926,926
equipment_master,E02780,equipment_model,Model text does not match product master,Consistency,Medium,CAT 3516,3516
equipment_master,E02033,equipment_model,Model text does not match product master,Consistency,Medium,CAT 963,963
equipment_master,E03980,equipment_model,Model text does not match product master,Consistency,Medium,CAT 6030,6030
equipment_master,E02389,equipment_model,Model text does not match product master,Consistency,Medium,CAT 299,299
equipment_master,E01136,equipment_model,Model text does not match product master,Consistency,Medium,CAT D11,d11
equipment_master,E02185,equipment_model,Model text does not match product master,Consistency,Medium,CAT 246,246
equipment_master,E04900,equipment_model,Model text does not match product master,Consistency,Medium,CAT C32 Marine,c32 marine
equipment_master,E02459,equipment_model,Model text does not match product master,Consistency,Medium,CAT TH357D,th357d
equipment_master,E00755,equipment_model,Model text does not match product master,Consistency,Medium,CAT 440,440
equipment_master,E04063,equipment_model,Model text does not match product master,Consistency,Medium,CAT MD6250,md6250
equipment_master,E04106,equipment_model,Model text does not match product master,Consistency,Medium,CAT R1300G,r1300g
equipment_master,E02717,equipment_model,Model text does not match product master,Consistency,Medium,CAT C18,c18
equipment_master,E04497,equipment_model,Model text does not match product master,Consistency,Medium,CAT 522B,522b
equipment_master,E02154,equipment_model,Model text does not match product master,Consistency,Medium,CAT 246,246
equipment_master,E03896,equipment_model,Model text does not match product master,Consistency,Medium,CAT 797F,797f
equipment_master,E04092,equipment_model,Model text does not match product master,Consistency,Medium,CAT MD6310,md6310
equipment_master,E00355,equipment_model,Model text does not match product master,Consistency,Medium,CAT 326,326
equipment_master,E01273,equipment_model,Model text does not match product master,Consistency,Medium,CAT 926,926
equipment_master,E01763,equipment_model,Model text does not match product master,Consistency,Medium,CAT 730,730
equipment_master,E04783,equipment_model,Model text does not match product master,Consistency,Medium,CAT G115B Grapple,g115b grapple
equipment_master,E01070,equipment_model,Model text does not match product master,Consistency,Medium,CAT D10,d10
equipment_master,E04153,equipment_model,Model text does not match product master,Consistency,Medium,CAT R1700,r1700
equipment_master,E01555,equipment_model,Model text does not match product master,Consistency,Medium,CAT 120,120
equipment_master,E00669,equipment_model,Model text does not match product master,Consistency,Medium,CAT 416,416
equipment_master,E00453,equipment_model,Model text does not match product master,Consistency,Medium,CAT 336,336
equipment_master,E04940,equipment_model,Model text does not match product master,Consistency,Medium,CAT 3512E Well Service,3512e well service
equipment_master,E00539,equipment_model,Model text does not match product master,Consistency,Medium,CAT 395,395
equipment_master,E03066,equipment_model,Model text does not match product master,Consistency,Medium,CAT AP1055,ap1055
equipment_master,E03598,equipment_model,Model text does not match product master,Consistency,Medium,CAT MH3026,mh3026
equipment_master,E00562,equipment_model,Model text does not match product master,Consistency,Medium,CAT M318,m318
equipment_master,E04893,equipment_model,Model text does not match product master,Consistency,Medium,CAT C32 Marine,c32 marine
equipment_master,E00768,equipment_model,Model text does not match product master,Consistency,Medium,CAT 440,440
equipment_master,E00087,equipment_model,Model text does not match product master,Consistency,Medium,CAT 305 CR,305 cr
equipment_master,E02394,equipment_model,Model text does not match product master,Consistency,Medium,CAT 299,299
equipment_master,E01967,equipment_model,Model text does not match product master,Consistency,Medium,CAT 777,777
equipment_master,E04856,equipment_model,Model text does not match product master,Consistency,Medium,CAT C18 Marine,c18 marine
equipment_master,E03643,equipment_model,Model text does not match product master,Consistency,Medium,CAT MH3040,mh3040
equipment_master,E04736,equipment_model,Model text does not match product master,Consistency,Medium,CAT H140,h140
equipment_master,E01434,equipment_model,Model text does not match product master,Consistency,Medium,CAT 972,972
equipment_master,E01965,equipment_model,Model text does not match product master,Consistency,Medium,CAT 777,777
equipment_master,E02542,equipment_model,Model text does not match product master,Consistency,Medium,CAT TL1055,tl1055
equipment_master,E00744,equipment_model,Model text does not match product master,Consistency,Medium,CAT 430,430
equipment_master,E00231,equipment_model,Model text does not match product master,Consistency,Medium,CAT 315,315
equipment_master,E01250,equipment_model,Model text does not match product master,Consistency,Medium,CAT 926,926
equipment_master,E02465,equipment_model,Model text does not match product master,Consistency,Medium,CAT TH357D,th357d
equipment_master,E01183,equipment_model,Model text does not match product master,Consistency,Medium,CAT 906,906
equipment_master,E02853,equipment_model,Model text does not match product master,Consistency,Medium,CAT C4.4,c4.4
equipment_master,E00378,equipment_model,Model text does not match product master,Consistency,Medium,CAT 326,326
equipment_master,E02639,equipment_model,Model text does not match product master,Consistency,Medium,CAT C15,c15
equipment_master,E04972,equipment_model,Model text does not match product master,Consistency,Medium,CAT 3516E Well Service,3516e well service
equipment_master,E03196,equipment_model,Model text does not match product master,Consistency,Medium,CAT PM822,pm822
equipment_master,E01666,equipment_model,Model text does not match product master,Consistency,Medium,CAT 18,18
equipment_master,E00872,equipment_model,Model text does not match product master,Consistency,Medium,CAT D5,d5
equipment_master,E00459,equipment_model,Model text does not match product master,Consistency,Medium,CAT 336,336
equipment_master,E03085,equipment_model,Model text does not match product master,Consistency,Medium,CAT AP1055,ap1055
equipment_master,E01292,equipment_model,Model text does not match product master,Consistency,Medium,CAT 938,938
equipment_master,E03472,equipment_model,Model text does not match product master,Consistency,Medium,CAT PL61,pl61
equipment_master,E04591,equipment_model,Model text does not match product master,Consistency,Medium,CAT 568,568
equipment_master,E02404,equipment_model,Model text does not match product master,Consistency,Medium,CAT 299,299
equipment_master,E02307,equipment_model,Model text does not match product master,Consistency,Medium,CAT 259,259
equipment_master,E00543,equipment_model,Model text does not match product master,Consistency,Medium,CAT 395,395
equipment_master,E04491,equipment_model,Model text does not match product master,Consistency,Medium,CAT 522B,522b
equipment_master,E03839,equipment_model,Model text does not match product master,Consistency,Medium,CAT 795,795
equipment_master,E03835,equipment_model,Model text does not match product master,Consistency,Medium,CAT 794 AC,794 ac
equipment_master,E03539,equipment_model,Model text does not match product master,Consistency,Medium,CAT PL87,pl87
equipment_master,E04424,equipment_model,Model text does not match product master,Consistency,Medium,CAT 545D,545d
equipment_master,E05006,equipment_model,Model text does not match product master,Consistency,Medium,CAT 3516E Well Service,3516e well service
equipment_master,E03400,equipment_model,Model text does not match product master,Consistency,Medium,CAT RM400,rm400
equipment_master,E00717,equipment_model,Model text does not match product master,Consistency,Medium,CAT 420,420
equipment_master,E03843,equipment_model,Model text does not match product master,Consistency,Medium,CAT 795,795
equipment_master,E03504,equipment_model,Model text does not match product master,Consistency,Medium,CAT PL72,pl72
equipment_master,E04369,equipment_model,Model text does not match product master,Consistency,Medium,CAT 535D,535d
equipment_master,E03588,equipment_model,Model text does not match product master,Consistency,Medium,CAT MH3026,mh3026
equipment_master,E01532,equipment_model,Model text does not match product master,Consistency,Medium,CAT 988,988
equipment_master,E04613,equipment_model,Model text does not match product master,Consistency,Medium,CAT 568,568
equipment_master,E03417,equipment_model,Model text does not match product master,Consistency,Medium,CAT RM600,rm600
equipment_master,E01027,equipment_model,Model text does not match product master,Consistency,Medium,CAT D9,d9
equipment_master,E00163,equipment_model,Model text does not match product master,Consistency,Medium,CAT 308 CR,308 cr
equipment_master,E02469,equipment_model,Model text does not match product master,Consistency,Medium,CAT TH357D,th357d
equipment_master,E01394,equipment_model,Model text does not match product master,Consistency,Medium,CAT 966,966
equipment_master,E04807,equipment_model,Model text does not match product master,Consistency,Medium,CAT G115B Grapple,g115b grapple
equipment_master,E04034,equipment_model,Model text does not match product master,Consistency,Medium,CAT 7495,7495
equipment_master,E03007,equipment_model,Model text does not match product master,Consistency,Medium,CAT AP400,ap400
equipment_master,E04474,equipment_model,Model text does not match product master,Consistency,Medium,CAT 522B,522b
equipment_master,E00722,equipment_model,Model text does not match product master,Consistency,Medium,CAT 420,420
equipment_master,E00476,equipment_model,Model text does not match product master,Consistency,Medium,CAT 336,336
equipment_master,E00766,equipment_model,Model text does not match product master,Consistency,Medium,CAT 440,440
equipment_master,E02529,equipment_model,Model text does not match product master,Consistency,Medium,CAT TL943,tl943
equipment_master,E00520,equipment_model,Model text does not match product master,Consistency,Medium,CAT 395,395
equipment_master,E00385,equipment_model,Model text does not match product master,Consistency,Medium,CAT 330,330
equipment_master,E00239,equipment_model,Model text does not match product master,Consistency,Medium,CAT 315,315
equipment_master,E04319,equipment_model,Model text does not match product master,Consistency,Medium,CAT 525D,525d
equipment_master,E01230,equipment_model,Model text does not match product master,Consistency,Medium,CAT 926,926
equipment_master,E02819,equipment_model,Model text does not match product master,Consistency,Medium,CAT C4.4,c4.4
equipment_master,E04853,equipment_model,Model text does not match product master,Consistency,Medium,CAT C18 Marine,c18 marine
equipment_master,E01467,equipment_model,Model text does not match product master,Consistency,Medium,CAT 972,972
equipment_master,E01734,equipment_model,Model text does not match product master,Consistency,Medium,CAT 725,725
equipment_master,E00388,equipment_model,Model text does not match product master,Consistency,Medium,CAT 330,330
equipment_master,E03170,equipment_model,Model text does not match product master,Consistency,Medium,CAT PM822,pm822
equipment_master,E02823,equipment_model,Model text does not match product master,Consistency,Medium,CAT C4.4,c4.4
equipment_master,E00793,equipment_model,Model text does not match product master,Consistency,Medium,CAT D3,d3
equipment_master,E00949,equipment_model,Model text does not match product master,Consistency,Medium,CAT D6 XE,d6 xe
equipment_master,E03922,equipment_model,Model text does not match product master,Consistency,Medium,CAT 797F,797f
equipment_master,E03388,equipment_model,Model text does not match product master,Consistency,Medium,CAT RM400,rm400
equipment_master,E04568,equipment_model,Model text does not match product master,Consistency,Medium,CAT 558,558
equipment_master,E01320,equipment_model,Model text does not match product master,Consistency,Medium,CAT 950,950
equipment_master,E02663,equipment_model,Model text does not match product master,Consistency,Medium,CAT C15,c15
equipment_master,E00974,equipment_model,Model text does not match product master,Consistency,Medium,CAT D6 XE,d6 xe
equipment_master,E02622,equipment_model,Model text does not match product master,Consistency,Medium,CAT C9.3B,c9.3b
equipment_master,E01246,equipment_model,Model text does not match product master,Consistency,Medium,CAT 926,926
equipment_master,E04210,equipment_model,Model text does not match product master,Consistency,Medium,CAT AD22,ad22
equipment_master,E00215,equipment_model,Model text does not match product master,Consistency,Medium,CAT 313,313
equipment_master,E00345,equipment_model,Model text does not match product master,Consistency,Medium,CAT 326,326
equipment_master,E02540,equipment_model,Model text does not match product master,Consistency,Medium,CAT TL1055,tl1055
equipment_master,E04988,equipment_model,Model text does not match product master,Consistency,Medium,CAT 3516E Well Service,3516e well service
equipment_master,E03413,equipment_model,Model text does not match product master,Consistency,Medium,CAT RM600,rm600
equipment_master,E00202,equipment_model,Model text does not match product master,Consistency,Medium,CAT 313,313
equipment_master,E02988,equipment_model,Model text does not match product master,Consistency,Medium,CAT AP400,ap400
equipment_master,E02248,equipment_model,Model text does not match product master,Consistency,Medium,CAT 239,239
equipment_master,E03432,equipment_model,Model text does not match product master,Consistency,Medium,CAT RM600,rm600
equipment_master,E04620,equipment_model,Model text does not match product master,Consistency,Medium,CAT 568,568
equipment_master,E00198,equipment_model,Model text does not match product master,Consistency,Medium,CAT 313,313
equipment_master,E03059,equipment_model,Model text does not match product master,Consistency,Medium,CAT AP1055,ap1055
equipment_master,E00353,equipment_model,Model text does not match product master,Consistency,Medium,CAT 326,326
equipment_master,E04146,equipment_model,Model text does not match product master,Consistency,Medium,CAT R1700,r1700
equipment_master,E02463,equipment_model,Model text does not match product master,Consistency,Medium,CAT TH357D,th357d
equipment_master,E04808,equipment_model,Model text does not match product master,Consistency,Medium,CAT G115B Grapple,g115b grapple
equipment_master,E02738,equipment_model,Model text does not match product master,Consistency,Medium,CAT C32,c32
equipment_master,E00714,equipment_model,Model text does not match product master,Consistency,Medium,CAT 420,420
equipment_master,E03889,equipment_model,Model text does not match product master,Consistency,Medium,CAT 797F,797f
equipment_master,E00118,equipment_model,Model text does not match product master,Consistency,Medium,CAT 305 CR,305 cr
equipment_master,E02124,equipment_model,Model text does not match product master,Consistency,Medium,CAT 236,236
equipment_master,E01031,equipment_model,Model text does not match product master,Consistency,Medium,CAT D9,d9
equipment_master,E00408,equipment_model,Model text does not match product master,Consistency,Medium,CAT 330,330
equipment_master,E02317,equipment_model,Model text does not match product master,Consistency,Medium,CAT 279,279
equipment_master,E03927,equipment_model,Model text does not match product master,Consistency,Medium,CAT 797F,797f
equipment_master,E01726,equipment_model,Model text does not match product master,Consistency,Medium,CAT 725,725
equipment_master,E00180,equipment_model,Model text does not match product master,Consistency,Medium,CAT 313,313
equipment_master,E04291,equipment_model,Model text does not match product master,Consistency,Medium,CAT AD45,ad45
equipment_master,E03605,equipment_model,Model text does not match product master,Consistency,Medium,CAT MH3040,mh3040
equipment_master,E04579,equipment_model,Model text does not match product master,Consistency,Medium,CAT 558,558
equipment_master,E04449,equipment_model,Model text does not match product master,Consistency,Medium,CAT 521B,521b
equipment_master,E03615,equipment_model,Model text does not match product master,Consistency,Medium,CAT MH3040,mh3040
equipment_master,E02716,equipment_model,Model text does not match product master,Consistency,Medium,CAT C18,c18
equipment_master,E01040,equipment_model,Model text does not match product master,Consistency,Medium,CAT D9,d9
equipment_master,E03167,equipment_model,Model text does not match product master,Consistency,Medium,CAT PM822,pm822
equipment_master,E01838,equipment_model,Model text does not match product master,Consistency,Medium,CAT 770,770
equipment_master,E01355,equipment_model,Model text does not match product master,Consistency,Medium,CAT 950,950
equipment_master,E04278,equipment_model,Model text does not match product master,Consistency,Medium,CAT AD45,ad45
equipment_master,E02084,equipment_model,Model text does not match product master,Consistency,Medium,CAT 226,226
equipment_master,E02422,equipment_model,Model text does not match product master,Consistency,Medium,CAT TH255C,th255c
equipment_master,E00948,equipment_model,Model text does not match product master,Consistency,Medium,CAT D6 XE,d6 xe
equipment_master,E01909,equipment_model,Model text does not match product master,Consistency,Medium,CAT 772,772
equipment_master,E01891,equipment_model,Model text does not match product master,Consistency,Medium,CAT 772,772
equipment_master,E01574,equipment_model,Model text does not match product master,Consistency,Medium,CAT 140,140
equipment_master,E02635,equipment_model,Model text does not match product master,Consistency,Medium,CAT C9.3B,c9.3b
equipment_master,E04522,equipment_model,Model text does not match product master,Consistency,Medium,CAT 522B,522b
equipment_master,E00447,equipment_model,Model text does not match product master,Consistency,Medium,CAT 336,336
equipment_master,E00606,equipment_model,Model text does not match product master,Consistency,Medium,CAT M320,m320
equipment_master,E00489,equipment_model,Model text does not match product master,Consistency,Medium,CAT 352,352
equipment_master,E01768,equipment_model,Model text does not match product master,Consistency,Medium,CAT 730,730
equipment_master,E03935,equipment_model,Model text does not match product master,Consistency,Medium,CAT 797F,797f
equipment_master,E03905,equipment_model,Model text does not match product master,Consistency,Medium,CAT 797F,797f
equipment_master,E00124,equipment_model,Model text does not match product master,Consistency,Medium,CAT 305 CR,305 cr
equipment_master,E01163,equipment_model,Model text does not match product master,Consistency,Medium,CAT D11,d11
equipment_master,E01956,equipment_model,Model text does not match product master,Consistency,Medium,CAT 775,775
equipment_master,E01758,equipment_model,Model text does not match product master,Consistency,Medium,CAT 730,730
equipment_master,E02603,equipment_model,Model text does not match product master,Consistency,Medium,CAT C9.3B,c9.3b
equipment_master,E04446,equipment_model,Model text does not match product master,Consistency,Medium,CAT 521B,521b
equipment_master,E01142,equipment_model,Model text does not match product master,Consistency,Medium,CAT D11,d11
equipment_master,E01625,equipment_model,Model text does not match product master,Consistency,Medium,CAT 160,160
equipment_master,E02709,equipment_model,Model text does not match product master,Consistency,Medium,CAT C18,c18
equipment_master,E00193,equipment_model,Model text does not match product master,Consistency,Medium,CAT 313,313
equipment_master,E03577,equipment_model,Model text does not match product master,Consistency,Medium,CAT MH3024,mh3024
equipment_master,E01425,equipment_model,Model text does not match product master,Consistency,Medium,CAT 972,972
equipment_master,E03838,equipment_model,Model text does not match product master,Consistency,Medium,CAT 795,795
equipment_master,E00678,equipment_model,Model text does not match product master,Consistency,Medium,CAT 416,416
equipment_master,E03032,equipment_model,Model text does not match product master,Consistency,Medium,CAT AP555,ap555
equipment_master,E03878,equipment_model,Model text does not match product master,Consistency,Medium,CAT 795,795
equipment_master,E00437,equipment_model,Model text does not match product master,Consistency,Medium,CAT 336,336
equipment_master,E04163,equipment_model,Model text does not match product master,Consistency,Medium,CAT R1700,r1700
equipment_master,E04349,equipment_model,Model text does not match product master,Consistency,Medium,CAT 535D,535d
equipment_master,E01653,equipment_model,Model text does not match product master,Consistency,Medium,CAT 160,160
equipment_master,E01371,equipment_model,Model text does not match product master,Consistency,Medium,CAT 966,966
equipment_master,E94158,*,Same serial loaded twice,Uniqueness,High,E04158,E94158
equipment_master,E93221,*,Same serial loaded twice,Uniqueness,High,E03221,E93221
equipment_master,E90293,*,Same serial loaded twice,Uniqueness,High,E00293,E90293
equipment_master,E92162,*,Same serial loaded twice,Uniqueness,High,E02162,E92162
equipment_master,E90785,*,Same serial loaded twice,Uniqueness,High,E00785,E90785
equipment_master,E93118,*,Same serial loaded twice,Uniqueness,High,E03118,E93118
equipment_master,E90819,*,Same serial loaded twice,Uniqueness,High,E00819,E90819
equipment_master,E92553,*,Same serial loaded twice,Uniqueness,High,E02553,E92553
equipment_master,E91842,*,Same serial loaded twice,Uniqueness,High,E01842,E91842
equipment_master,E92800,*,Same serial loaded twice,Uniqueness,High,E02800,E92800
equipment_master,E92291,*,Same serial loaded twice,Uniqueness,High,E02291,E92291
equipment_master,E91801,*,Same serial loaded twice,Uniqueness,High,E01801,E91801
equipment_master,E92494,*,Same serial loaded twice,Uniqueness,High,E02494,E92494
equipment_master,E94792,*,Same serial loaded twice,Uniqueness,High,E04792,E94792
equipment_master,E90920,*,Same serial loaded twice,Uniqueness,High,E00920,E90920
equipment_master,E94121,*,Same serial loaded twice,Uniqueness,High,E04121,E94121
equipment_master,E94689,*,Same serial loaded twice,Uniqueness,High,E04689,E94689
equipment_master,E91239,*,Same serial loaded twice,Uniqueness,High,E01239,E91239
equipment_master,E92519,*,Same serial loaded twice,Uniqueness,High,E02519,E92519
equipment_master,E92835,*,Same serial loaded twice,Uniqueness,High,E02835,E92835
equipment_master,E92584,*,Same serial loaded twice,Uniqueness,High,E02584,E92584
equipment_master,E93708,*,Same serial loaded twice,Uniqueness,High,E03708,E93708
equipment_master,E92346,*,Same serial loaded twice,Uniqueness,High,E02346,E92346
equipment_master,E93447,*,Same serial loaded twice,Uniqueness,High,E03447,E93447
equipment_master,E92418,*,Same serial loaded twice,Uniqueness,High,E02418,E92418
equipment_master,E91906,*,Same serial loaded twice,Uniqueness,High,E01906,E91906
equipment_master,E91605,*,Same serial loaded twice,Uniqueness,High,E01605,E91605
equipment_master,E91889,*,Same serial loaded twice,Uniqueness,High,E01889,E91889
equipment_master,E90463,*,Same serial loaded twice,Uniqueness,High,E00463,E90463
equipment_master,E92231,*,Same serial loaded twice,Uniqueness,High,E02231,E92231
equipment_master,E90132,*,Same serial loaded twice,Uniqueness,High,E00132,E90132
equipment_master,E91778,*,Same serial loaded twice,Uniqueness,High,E01778,E91778
equipment_master,E90362,*,Same serial loaded twice,Uniqueness,High,E00362,E90362
equipment_master,E92777,*,Same serial loaded twice,Uniqueness,High,E02777,E92777
equipment_master,E94486,*,Same serial loaded twice,Uniqueness,High,E04486,E94486
equipment_master,E90667,*,Same serial loaded twice,Uniqueness,High,E00667,E90667
equipment_master,E94104,*,Same serial loaded twice,Uniqueness,High,E04104,E94104
equipment_master,E90970,*,Same serial loaded twice,Uniqueness,High,E00970,E90970
equipment_master,E92952,*,Same serial loaded twice,Uniqueness,High,E02952,E92952
equipment_master,E94207,*,Same serial loaded twice,Uniqueness,High,E04207,E94207
equipment_master,E92866,*,Same serial loaded twice,Uniqueness,High,E02866,E92866
equipment_master,E91935,*,Same serial loaded twice,Uniqueness,High,E01935,E91935
equipment_master,E92812,*,Same serial loaded twice,Uniqueness,High,E02812,E92812
equipment_master,E90027,*,Same serial loaded twice,Uniqueness,High,E00027,E90027
equipment_master,E93522,*,Same serial loaded twice,Uniqueness,High,E03522,E93522
equipment_master,E91028,*,Same serial loaded twice,Uniqueness,High,E01028,E91028
equipment_master,E94935,*,Same serial loaded twice,Uniqueness,High,E04935,E94935
equipment_master,E91246,*,Same serial loaded twice,Uniqueness,High,E01246,E91246
equipment_master,E92955,*,Same serial loaded twice,Uniqueness,High,E02955,E92955
equipment_master,E94386,*,Same serial loaded twice,Uniqueness,High,E04386,E94386
equipment_master,E90274,*,Same serial loaded twice,Uniqueness,High,E00274,E90274
equipment_master,E94887,*,Same serial loaded twice,Uniqueness,High,E04887,E94887
equipment_master,E94891,*,Same serial loaded twice,Uniqueness,High,E04891,E94891
equipment_master,E92261,*,Same serial loaded twice,Uniqueness,High,E02261,E92261
equipment_master,E95016,*,Same serial loaded twice,Uniqueness,High,E05016,E95016
equipment_master,E90517,*,Same serial loaded twice,Uniqueness,High,E00517,E90517
equipment_master,E94665,*,Same serial loaded twice,Uniqueness,High,E04665,E94665
equipment_master,E92061,*,Same serial loaded twice,Uniqueness,High,E02061,E92061
equipment_master,E91968,*,Same serial loaded twice,Uniqueness,High,E01968,E91968
equipment_master,E93631,*,Same serial loaded twice,Uniqueness,High,E03631,E93631
equipment_master,E91952,*,Same serial loaded twice,Uniqueness,High,E01952,E91952
equipment_master,E91751,*,Same serial loaded twice,Uniqueness,High,E01751,E91751
equipment_master,E90551,*,Same serial loaded twice,Uniqueness,High,E00551,E90551
equipment_master,E91444,*,Same serial loaded twice,Uniqueness,High,E01444,E91444
equipment_master,E91677,*,Same serial loaded twice,Uniqueness,High,E01677,E91677
equipment_master,E94345,*,Same serial loaded twice,Uniqueness,High,E04345,E94345
equipment_master,E93122,*,Same serial loaded twice,Uniqueness,High,E03122,E93122
equipment_master,E92891,*,Same serial loaded twice,Uniqueness,High,E02891,E92891
equipment_master,E92755,*,Same serial loaded twice,Uniqueness,High,E02755,E92755
equipment_master,E93302,*,Same serial loaded twice,Uniqueness,High,E03302,E93302
equipment_master,E94518,*,Same serial loaded twice,Uniqueness,High,E04518,E94518
equipment_master,E92794,*,Same serial loaded twice,Uniqueness,High,E02794,E92794
equipment_master,E90486,*,Same serial loaded twice,Uniqueness,High,E00486,E90486
equipment_master,E91281,*,Same serial loaded twice,Uniqueness,High,E01281,E91281
equipment_master,E91121,*,Same serial loaded twice,Uniqueness,High,E01121,E91121
equipment_master,E90080,*,Same serial loaded twice,Uniqueness,High,E00080,E90080
equipment_master,E94354,*,Same serial loaded twice,Uniqueness,High,E04354,E94354
equipment_master,E90148,*,Same serial loaded twice,Uniqueness,High,E00148,E90148
equipment_master,E93066,*,Same serial loaded twice,Uniqueness,High,E03066,E93066
equipment_master,E91557,*,Same serial loaded twice,Uniqueness,High,E01557,E91557
equipment_master,E94457,*,Same serial loaded twice,Uniqueness,High,E04457,E94457
equipment_master,E92434,*,Same serial loaded twice,Uniqueness,High,E02434,E92434
equipment_master,E94063,*,Same serial loaded twice,Uniqueness,High,E04063,E94063
equipment_master,E94724,*,Same serial loaded twice,Uniqueness,High,E04724,E94724
equipment_master,E91254,*,Same serial loaded twice,Uniqueness,High,E01254,E91254
equipment_master,E93686,*,Same serial loaded twice,Uniqueness,High,E03686,E93686
equipment_master,E94867,*,Same serial loaded twice,Uniqueness,High,E04867,E94867
equipment_master,E93028,*,Same serial loaded twice,Uniqueness,High,E03028,E93028
equipment_master,E90536,*,Same serial loaded twice,Uniqueness,High,E00536,E90536
equipment_master,E91740,*,Same serial loaded twice,Uniqueness,High,E01740,E91740
equipment_master,E91509,*,Same serial loaded twice,Uniqueness,High,E01509,E91509
equipment_master,E92294,*,Same serial loaded twice,Uniqueness,High,E02294,E92294
equipment_master,E93246,*,Same serial loaded twice,Uniqueness,High,E03246,E93246
equipment_master,E92665,*,Same serial loaded twice,Uniqueness,High,E02665,E92665
equipment_master,E90623,*,Same serial loaded twice,Uniqueness,High,E00623,E90623
equipment_master,E94475,*,Same serial loaded twice,Uniqueness,High,E04475,E94475
equipment_master,E91548,*,Same serial loaded twice,Uniqueness,High,E01548,E91548
equipment_master,E93029,*,Same serial loaded twice,Uniqueness,High,E03029,E93029
equipment_master,E94868,*,Same serial loaded twice,Uniqueness,High,E04868,E94868
equipment_master,E90815,*,Same serial loaded twice,Uniqueness,High,E00815,E90815
part_master,PT02090,part_number,Part number format not standardized,Validity,Medium,463-4417, 463-4417
part_master,PT03562,part_number,Part number format not standardized,Validity,Medium,102-1209,0102-1209
part_master,PT00929,part_number,Part number format not standardized,Validity,Medium,2P-4461,2p-4461
part_master,PT01371,part_number,Part number format not standardized,Validity,Medium,7K-2303,7K 2303
part_master,PT00366,part_number,Part number format not standardized,Validity,Medium,6F-8470,6F 8470
part_master,PT00937,part_number,Part number format not standardized,Validity,Medium,126-9881,126 9881
part_master,PT02174,part_number,Part number format not standardized,Validity,Medium,413-0540,413-0540
part_master,PT00333,part_number,Part number format not standardized,Validity,Medium,2I-5917, 2I-5917
part_master,PT03715,part_number,Part number format not standardized,Validity,Medium,5E-3464,5e-3464
part_master,PT04149,part_number,Part number format not standardized,Validity,Medium,121-0678,1210678
part_master,PT01850,part_number,Part number format not standardized,Validity,Medium,367-1004,367 1004
part_master,PT02250,part_number,Part number format not standardized,Validity,Medium,7S-5225,7S5225
part_master,PT00150,part_number,Part number format not standardized,Validity,Medium,6W-6611,06W-6611
part_master,PT00046,part_number,Part number format not standardized,Validity,Medium,6C-6260,6c-6260
part_master,PT03685,part_number,Part number format not standardized,Validity,Medium,535-8845, 535-8845
part_master,PT03644,part_number,Part number format not standardized,Validity,Medium,6E-6869,6E6869
part_master,PT00619,part_number,Part number format not standardized,Validity,Medium,388-3525,388-3525
part_master,PT03451,part_number,Part number format not standardized,Validity,Medium,7B-4017,07B-4017
part_master,PT00491,part_number,Part number format not standardized,Validity,Medium,2W-4303,02W-4303
part_master,PT00820,part_number,Part number format not standardized,Validity,Medium,539-2371,539 2371
part_master,PT00256,part_number,Part number format not standardized,Validity,Medium,523-8002, 523-8002
part_master,PT01806,part_number,Part number format not standardized,Validity,Medium,1N-5323,1N5323
part_master,PT00900,part_number,Part number format not standardized,Validity,Medium,7W-0875,07W-0875
part_master,PT03616,part_number,Part number format not standardized,Validity,Medium,1X-3739,1x-3739
part_master,PT01980,part_number,Part number format not standardized,Validity,Medium,593-4563,0593-4563
part_master,PT02532,part_number,Part number format not standardized,Validity,Medium,4F-0421,4f-0421
part_master,PT03526,part_number,Part number format not standardized,Validity,Medium,3R-4613, 3R-4613
part_master,PT01663,part_number,Part number format not standardized,Validity,Medium,4X-2943,04X-2943
part_master,PT01435,part_number,Part number format not standardized,Validity,Medium,5E-4800,5E 4800
part_master,PT00781,part_number,Part number format not standardized,Validity,Medium,1H-9211, 1H-9211
part_master,PT03016,part_number,Part number format not standardized,Validity,Medium,3G-3443,3G 3443
part_master,PT02945,part_number,Part number format not standardized,Validity,Medium,7L-1587,07L-1587
part_master,PT01815,part_number,Part number format not standardized,Validity,Medium,539-3140,539-3140
part_master,PT01975,part_number,Part number format not standardized,Validity,Medium,1J-1708, 1J-1708
part_master,PT03803,part_number,Part number format not standardized,Validity,Medium,5I-8969,5i-8969
part_master,PT02626,part_number,Part number format not standardized,Validity,Medium,6R-8215,06R-8215
part_master,PT01656,part_number,Part number format not standardized,Validity,Medium,7J-1991, 7J-1991
part_master,PT00834,part_number,Part number format not standardized,Validity,Medium,3D-9727,3D 9727
part_master,PT04050,part_number,Part number format not standardized,Validity,Medium,9X-6888,9x-6888
part_master,PT02682,part_number,Part number format not standardized,Validity,Medium,6D-9396,6D9396
part_master,PT01076,part_number,Part number format not standardized,Validity,Medium,253-4955, 253-4955
part_master,PT03078,part_number,Part number format not standardized,Validity,Medium,3R-3413, 3R-3413
part_master,PT01515,part_number,Part number format not standardized,Validity,Medium,214-0471,214-0471
part_master,PT01299,part_number,Part number format not standardized,Validity,Medium,215-2651,215 2651
part_master,PT02093,part_number,Part number format not standardized,Validity,Medium,4R-7406,4r-7406
part_master,PT00189,part_number,Part number format not standardized,Validity,Medium,7S-2175,7S 2175
part_master,PT00386,part_number,Part number format not standardized,Validity,Medium,7E-9446,7E 9446
part_master,PT00270,part_number,Part number format not standardized,Validity,Medium,9I-4590,9I4590
part_master,PT01104,part_number,Part number format not standardized,Validity,Medium,2K-3661,02K-3661
part_master,PT02563,part_number,Part number format not standardized,Validity,Medium,550-1924,0550-1924
part_master,PT01617,part_number,Part number format not standardized,Validity,Medium,5V-9595,05V-9595
part_master,PT04047,part_number,Part number format not standardized,Validity,Medium,306-5087,306-5087
part_master,PT02738,part_number,Part number format not standardized,Validity,Medium,295-8042,295 8042
part_master,PT00686,part_number,Part number format not standardized,Validity,Medium,2J-9346,2J 9346
part_master,PT04367,part_number,Part number format not standardized,Validity,Medium,3F-3435,3F3435
part_master,PT01868,part_number,Part number format not standardized,Validity,Medium,317-8977,3178977
part_master,PT02816,part_number,Part number format not standardized,Validity,Medium,152-5886,152-5886
part_master,PT00314,part_number,Part number format not standardized,Validity,Medium,1C-3420,1C 3420
part_master,PT00370,part_number,Part number format not standardized,Validity,Medium,495-4881,4954881
part_master,PT01516,part_number,Part number format not standardized,Validity,Medium,493-6559,0493-6559
part_master,PT01191,part_number,Part number format not standardized,Validity,Medium,7R-1709,7R1709
part_master,PT03875,part_number,Part number format not standardized,Validity,Medium,1X-8356,1X 8356
part_master,PT02191,part_number,Part number format not standardized,Validity,Medium,9S-3449,9S 3449
part_master,PT00105,part_number,Part number format not standardized,Validity,Medium,326-9292,326 9292
part_master,PT04347,part_number,Part number format not standardized,Validity,Medium,8H-7078,8h-7078
part_master,PT04023,part_number,Part number format not standardized,Validity,Medium,460-8996,460-8996
part_master,PT03048,part_number,Part number format not standardized,Validity,Medium,112-0771,112-0771
part_master,PT04000,part_number,Part number format not standardized,Validity,Medium,7R-3389,7R3389
part_master,PT04234,part_number,Part number format not standardized,Validity,Medium,119-2312,119 2312
part_master,PT02140,part_number,Part number format not standardized,Validity,Medium,509-4971,509 4971
part_master,PT01118,part_number,Part number format not standardized,Validity,Medium,3E-1371, 3E-1371
part_master,PT01876,part_number,Part number format not standardized,Validity,Medium,1C-0195,01C-0195
part_master,PT02838,part_number,Part number format not standardized,Validity,Medium,575-8376, 575-8376
part_master,PT00665,part_number,Part number format not standardized,Validity,Medium,554-0849,5540849
part_master,PT00312,part_number,Part number format not standardized,Validity,Medium,5F-0525, 5F-0525
part_master,PT01312,part_number,Part number format not standardized,Validity,Medium,6F-6578, 6F-6578
part_master,PT03554,part_number,Part number format not standardized,Validity,Medium,3Y-7343,3Y 7343
part_master,PT02547,part_number,Part number format not standardized,Validity,Medium,2S-5624,2S 5624
part_master,PT01485,part_number,Part number format not standardized,Validity,Medium,227-5656,227-5656
part_master,PT00906,part_number,Part number format not standardized,Validity,Medium,7K-6840,7K6840
part_master,PT02471,part_number,Part number format not standardized,Validity,Medium,549-0442, 549-0442
part_master,PT01143,part_number,Part number format not standardized,Validity,Medium,145-1600, 145-1600
part_master,PT04363,part_number,Part number format not standardized,Validity,Medium,1S-8728,1s-8728
part_master,PT04183,part_number,Part number format not standardized,Validity,Medium,534-4340,534-4340
part_master,PT02433,part_number,Part number format not standardized,Validity,Medium,8M-1883,8M 1883
part_master,PT00596,part_number,Part number format not standardized,Validity,Medium,557-8084,557 8084
part_master,PT03176,part_number,Part number format not standardized,Validity,Medium,575-2117,0575-2117
part_master,PT01905,part_number,Part number format not standardized,Validity,Medium,3E-6858,3E 6858
part_master,PT02281,part_number,Part number format not standardized,Validity,Medium,438-8068,0438-8068
part_master,PT02339,part_number,Part number format not standardized,Validity,Medium,264-8560,2648560
part_master,PT04024,part_number,Part number format not standardized,Validity,Medium,8A-0813,8A 0813
part_master,PT03837,part_number,Part number format not standardized,Validity,Medium,271-6857,271-6857
part_master,PT01532,part_number,Part number format not standardized,Validity,Medium,452-9129,452 9129
part_master,PT03973,part_number,Part number format not standardized,Validity,Medium,1U-6513,1U 6513
part_master,PT03409,part_number,Part number format not standardized,Validity,Medium,1K-5150,1k-5150
part_master,PT01629,part_number,Part number format not standardized,Validity,Medium,103-5984, 103-5984
part_master,PT01235,part_number,Part number format not standardized,Validity,Medium,575-8217,575-8217
part_master,PT00047,part_number,Part number format not standardized,Validity,Medium,407-3385,0407-3385
part_master,PT02834,part_number,Part number format not standardized,Validity,Medium,9U-3397,9U 3397
part_master,PT03021,part_number,Part number format not standardized,Validity,Medium,294-0023,2940023
part_master,PT00660,part_number,Part number format not standardized,Validity,Medium,263-2101,263 2101
part_master,PT03006,part_number,Part number format not standardized,Validity,Medium,3R-6348,3r-6348
part_master,PT03812,part_number,Part number format not standardized,Validity,Medium,3L-1882,3L1882
part_master,PT02057,part_number,Part number format not standardized,Validity,Medium,1A-5658,1A5658
part_master,PT02909,part_number,Part number format not standardized,Validity,Medium,6H-6411,6H 6411
part_master,PT01547,part_number,Part number format not standardized,Validity,Medium,362-8135,0362-8135
part_master,PT01893,part_number,Part number format not standardized,Validity,Medium,1S-0955,01S-0955
part_master,PT00091,part_number,Part number format not standardized,Validity,Medium,6M-6654,6m-6654
part_master,PT02372,part_number,Part number format not standardized,Validity,Medium,9T-8112,9t-8112
part_master,PT01796,part_number,Part number format not standardized,Validity,Medium,330-2553,330-2553
part_master,PT02050,part_number,Part number format not standardized,Validity,Medium,129-8125,0129-8125
part_master,PT02232,part_number,Part number format not standardized,Validity,Medium,365-7058,0365-7058
part_master,PT00915,part_number,Part number format not standardized,Validity,Medium,1M-8690,1M8690
part_master,PT02963,part_number,Part number format not standardized,Validity,Medium,496-5189,496 5189
part_master,PT04191,part_number,Part number format not standardized,Validity,Medium,184-5119,0184-5119
part_master,PT01172,part_number,Part number format not standardized,Validity,Medium,369-6320,369 6320
part_master,PT03188,part_number,Part number format not standardized,Validity,Medium,6S-2964,6s-2964
part_master,PT04232,part_number,Part number format not standardized,Validity,Medium,318-0201, 318-0201
part_master,PT03854,part_number,Part number format not standardized,Validity,Medium,161-0494,161 0494
part_master,PT02398,part_number,Part number format not standardized,Validity,Medium,8A-4748,8a-4748
part_master,PT02385,part_number,Part number format not standardized,Validity,Medium,216-3981,0216-3981
part_master,PT01807,part_number,Part number format not standardized,Validity,Medium,2E-2766,2e-2766
part_master,PT01959,part_number,Part number format not standardized,Validity,Medium,1H-2450,1H2450
part_master,PT04035,part_number,Part number format not standardized,Validity,Medium,379-5294,3795294
part_master,PT01690,part_number,Part number format not standardized,Validity,Medium,7D-1694,07D-1694
part_master,PT00913,part_number,Part number format not standardized,Validity,Medium,7G-7995,7G 7995
part_master,PT02156,part_number,Part number format not standardized,Validity,Medium,1P-0764,01P-0764
part_master,PT00093,part_number,Part number format not standardized,Validity,Medium,353-0857,3530857
part_master,PT01170,part_number,Part number format not standardized,Validity,Medium,357-8004,357 8004
part_master,PT00173,part_number,Part number format not standardized,Validity,Medium,139-3275,139-3275
part_master,PT01863,part_number,Part number format not standardized,Validity,Medium,9P-0045,9P 0045
part_master,PT00165,part_number,Part number format not standardized,Validity,Medium,479-2676,0479-2676
part_master,PT00415,part_number,Part number format not standardized,Validity,Medium,407-1817,0407-1817
part_master,PT00871,part_number,Part number format not standardized,Validity,Medium,140-3871,140 3871
part_master,PT00061,part_number,Part number format not standardized,Validity,Medium,6Y-4563,6Y 4563
part_master,PT01820,part_number,Part number format not standardized,Validity,Medium,272-0382,272-0382
part_master,PT00744,part_number,Part number format not standardized,Validity,Medium,1A-9887, 1A-9887
part_master,PT00576,part_number,Part number format not standardized,Validity,Medium,7K-9340,7K9340
part_master,PT00952,part_number,Part number format not standardized,Validity,Medium,107-1542,1071542
part_master,PT02455,part_number,Part number format not standardized,Validity,Medium,360-9041, 360-9041
part_master,PT00103,part_number,Part number format not standardized,Validity,Medium,131-6118,0131-6118
part_master,PT04027,part_number,Part number format not standardized,Validity,Medium,7A-2565,7A 2565
part_master,PT02821,part_number,Part number format not standardized,Validity,Medium,171-5130,171-5130
part_master,PT03062,part_number,Part number format not standardized,Validity,Medium,557-9170, 557-9170
part_master,PT03836,part_number,Part number format not standardized,Validity,Medium,258-6897, 258-6897
part_master,PT04404,part_number,Part number format not standardized,Validity,Medium,9H-8852,9H 8852
part_master,PT03580,part_number,Part number format not standardized,Validity,Medium,461-8700,0461-8700
part_master,PT01379,part_number,Part number format not standardized,Validity,Medium,3L-5456, 3L-5456
part_master,PT00589,part_number,Part number format not standardized,Validity,Medium,156-2342,1562342
part_master,PT03411,part_number,Part number format not standardized,Validity,Medium,259-1633,2591633
part_master,PT01761,part_number,Part number format not standardized,Validity,Medium,4U-9900,04U-9900
part_master,PT02068,part_number,Part number format not standardized,Validity,Medium,8F-2328, 8F-2328
part_master,PT04145,part_number,Part number format not standardized,Validity,Medium,367-1947,367 1947
part_master,PT02504,part_number,Part number format not standardized,Validity,Medium,351-7564,0351-7564
part_master,PT02359,part_number,Part number format not standardized,Validity,Medium,3N-5632, 3N-5632
part_master,PT01920,part_number,Part number format not standardized,Validity,Medium,4I-0069,4I 0069
part_master,PT00487,part_number,Part number format not standardized,Validity,Medium,8S-3936,08S-3936
part_master,PT02733,part_number,Part number format not standardized,Validity,Medium,6W-9012,6w-9012
part_master,PT01748,part_number,Part number format not standardized,Validity,Medium,448-3086,0448-3086
part_master,PT02468,part_number,Part number format not standardized,Validity,Medium,353-2779,353-2779
part_master,PT02137,part_number,Part number format not standardized,Validity,Medium,2C-4926,2C 4926
part_master,PT03923,part_number,Part number format not standardized,Validity,Medium,6W-7705,6W7705
part_master,PT02758,part_number,Part number format not standardized,Validity,Medium,595-7527,595 7527
part_master,PT02905,part_number,Part number format not standardized,Validity,Medium,8U-6598,8U 6598
part_master,PT04218,part_number,Part number format not standardized,Validity,Medium,8W-8214,8w-8214
part_master,PT01211,part_number,Part number format not standardized,Validity,Medium,5J-1572,05J-1572
part_master,PT01878,part_number,Part number format not standardized,Validity,Medium,8I-7548,8I7548
part_master,PT01192,part_number,Part number format not standardized,Validity,Medium,239-6829,0239-6829
part_master,PT04328,part_number,Part number format not standardized,Validity,Medium,5E-1200,5E 1200
part_master,PT04369,part_number,Part number format not standardized,Validity,Medium,101-3509,0101-3509
part_master,PT00799,part_number,Part number format not standardized,Validity,Medium,5L-5856,5l-5856
part_master,PT03229,part_number,Part number format not standardized,Validity,Medium,533-7731,0533-7731
part_master,PT00657,part_number,Part number format not standardized,Validity,Medium,469-0130,469 0130
part_master,PT01909,part_number,Part number format not standardized,Validity,Medium,3C-4618,03C-4618
part_master,PT03746,part_number,Part number format not standardized,Validity,Medium,164-3463,164 3463
part_master,PT00699,part_number,Part number format not standardized,Validity,Medium,129-3246,129-3246
part_master,PT02680,part_number,Part number format not standardized,Validity,Medium,4B-2423,4B 2423
part_master,PT04223,part_number,Part number format not standardized,Validity,Medium,434-5224,434 5224
part_master,PT04386,part_number,Part number format not standardized,Validity,Medium,213-8529,213 8529
part_master,PT00237,part_number,Part number format not standardized,Validity,Medium,177-2805,177 2805
part_master,PT04019,part_number,Part number format not standardized,Validity,Medium,9M-7219,9m-7219
part_master,PT01176,part_number,Part number format not standardized,Validity,Medium,6K-1178,06K-1178
part_master,PT03970,part_number,Part number format not standardized,Validity,Medium,358-6681,358 6681
part_master,PT01000,part_number,Part number format not standardized,Validity,Medium,4S-4271,4S 4271
part_master,PT02520,part_number,Part number format not standardized,Validity,Medium,6V-8234,6v-8234
part_master,PT03120,part_number,Part number format not standardized,Validity,Medium,6W-2288, 6W-2288
part_master,PT01829,part_number,Part number format not standardized,Validity,Medium,2A-5524,2a-5524
part_master,PT02857,part_number,Part number format not standardized,Validity,Medium,311-3410,311 3410
part_master,PT02812,part_number,Part number format not standardized,Validity,Medium,2N-5114,2n-5114
part_master,PT02411,part_number,Part number format not standardized,Validity,Medium,305-6568,305 6568
part_master,PT01168,part_number,Part number format not standardized,Validity,Medium,202-1329,2021329
part_master,PT04375,part_number,Part number format not standardized,Validity,Medium,230-2947,2302947
part_master,PT02503,part_number,Part number format not standardized,Validity,Medium,7D-3578,7D 3578
part_master,PT04258,part_number,Part number format not standardized,Validity,Medium,160-5409, 160-5409
part_master,PT03393,part_number,Part number format not standardized,Validity,Medium,101-2273, 101-2273
part_master,PT01759,part_number,Part number format not standardized,Validity,Medium,9U-3723,9U3723
part_master,PT03637,part_number,Part number format not standardized,Validity,Medium,546-2781, 546-2781
part_master,PT01452,part_number,Part number format not standardized,Validity,Medium,8R-1350,8R1350
part_master,PT00431,part_number,Part number format not standardized,Validity,Medium,162-3286,0162-3286
part_master,PT01715,part_number,Part number format not standardized,Validity,Medium,589-9179, 589-9179
part_master,PT01367,part_number,Part number format not standardized,Validity,Medium,294-0369,2940369
part_master,PT01634,part_number,Part number format not standardized,Validity,Medium,305-3418,305-3418
part_master,PT04304,part_number,Part number format not standardized,Validity,Medium,590-1856,0590-1856
part_master,PT01827,part_number,Part number format not standardized,Validity,Medium,4U-1188,4u-1188
part_master,PT01270,part_number,Part number format not standardized,Validity,Medium,9M-7031,09M-7031
part_master,PT01039,part_number,Part number format not standardized,Validity,Medium,281-3117,0281-3117
part_master,PT03945,part_number,Part number format not standardized,Validity,Medium,9S-5640,9S5640
part_master,PT00497,part_number,Part number format not standardized,Validity,Medium,174-1594,1741594
part_master,PT02558,part_number,Part number format not standardized,Validity,Medium,457-3446,4573446
part_master,PT02143,part_number,Part number format not standardized,Validity,Medium,8J-9167,8J 9167
part_master,PT01152,part_number,Part number format not standardized,Validity,Medium,4J-7217, 4J-7217
part_master,PT03907,part_number,Part number format not standardized,Validity,Medium,6G-2132,6g-2132
part_master,PT02397,part_number,Part number format not standardized,Validity,Medium,545-9864,0545-9864
part_master,PT00233,part_number,Part number format not standardized,Validity,Medium,6U-5118,6u-5118
part_master,PT01311,part_number,Part number format not standardized,Validity,Medium,227-6520,2276520
part_master,PT03111,part_number,Part number format not standardized,Validity,Medium,8C-5953,8C 5953
part_master,PT02889,part_number,Part number format not standardized,Validity,Medium,287-5471,0287-5471
part_master,PT02809,part_number,Part number format not standardized,Validity,Medium,7L-4870,7L4870
part_master,PT02652,part_number,Part number format not standardized,Validity,Medium,415-7032,415 7032
part_master,PT01480,part_number,Part number format not standardized,Validity,Medium,431-4901,431 4901
part_master,PT02149,part_number,Part number format not standardized,Validity,Medium,309-6649,0309-6649
part_master,PT03005,part_number,Part number format not standardized,Validity,Medium,407-3418,0407-3418
part_master,PT00413,part_number,Part number format not standardized,Validity,Medium,8C-6717,08C-6717
part_master,PT01356,part_number,Part number format not standardized,Validity,Medium,9R-0553,9R 0553
part_master,PT01931,part_number,Part number format not standardized,Validity,Medium,1X-6863,1X6863
part_master,PT02031,part_number,Part number format not standardized,Validity,Medium,2F-8086,02F-8086
part_master,PT00989,part_number,Part number format not standardized,Validity,Medium,541-7705,541-7705
part_master,PT00239,part_number,Part number format not standardized,Validity,Medium,509-8882, 509-8882
part_master,PT04160,part_number,Part number format not standardized,Validity,Medium,7M-4059,7M 4059
part_master,PT00815,part_number,Part number format not standardized,Validity,Medium,188-3527,1883527
part_master,PT04132,part_number,Part number format not standardized,Validity,Medium,302-6972,302 6972
part_master,PT02903,part_number,Part number format not standardized,Validity,Medium,2W-7475,2W 7475
part_master,PT02289,part_number,Part number format not standardized,Validity,Medium,523-3493, 523-3493
part_master,PT04394,part_number,Part number format not standardized,Validity,Medium,1T-7931,1T7931
part_master,PT00196,part_number,Part number format not standardized,Validity,Medium,8B-1040,8b-1040
part_master,PT02669,part_number,Part number format not standardized,Validity,Medium,470-5145,0470-5145
part_master,PT00762,part_number,Part number format not standardized,Validity,Medium,581-6105,5816105
part_master,PT02074,part_number,Part number format not standardized,Validity,Medium,4T-8012,4t-8012
part_master,PT04229,part_number,Part number format not standardized,Validity,Medium,553-3948,0553-3948
part_master,PT04276,part_number,Part number format not standardized,Validity,Medium,5A-1892,5A1892
part_master,PT01441,part_number,Part number format not standardized,Validity,Medium,116-3617,116-3617
part_master,PT03881,part_number,Part number format not standardized,Validity,Medium,9D-7987,9d-7987
part_master,PT01847,part_number,Part number format not standardized,Validity,Medium,544-0866,544-0866
part_master,PT03999,part_number,Part number format not standardized,Validity,Medium,285-5339, 285-5339
part_master,PT02184,part_number,Part number format not standardized,Validity,Medium,3S-3782, 3S-3782
part_master,PT00378,part_number,Part number format not standardized,Validity,Medium,296-6623,296 6623
part_master,PT02124,part_number,Part number format not standardized,Validity,Medium,5W-5535,5W 5535
part_master,PT02295,part_number,Part number format not standardized,Validity,Medium,137-7034,1377034
part_master,PT04075,part_number,Part number format not standardized,Validity,Medium,590-9845,590 9845
part_master,PT00747,part_number,Part number format not standardized,Validity,Medium,125-3816, 125-3816
part_master,PT04376,part_number,Part number format not standardized,Validity,Medium,558-5071,5585071
part_master,PT00541,part_number,Part number format not standardized,Validity,Medium,349-1388,349 1388
part_master,PT01654,part_number,Part number format not standardized,Validity,Medium,371-8961, 371-8961
part_master,PT01182,part_number,Part number format not standardized,Validity,Medium,343-2543,0343-2543
part_master,PT02427,part_number,Part number format not standardized,Validity,Medium,390-3434,390 3434
part_master,PT00313,part_number,Part number format not standardized,Validity,Medium,3E-3607,3E 3607
part_master,PT03330,part_number,Part number format not standardized,Validity,Medium,226-8886,226 8886
part_master,PT01228,part_number,Part number format not standardized,Validity,Medium,280-5984,280-5984
part_master,PT00588,part_number,Part number format not standardized,Validity,Medium,7K-6276,7K 6276
part_master,PT02335,part_number,Part number format not standardized,Validity,Medium,578-8146, 578-8146
part_master,PT03352,part_number,Part number format not standardized,Validity,Medium,139-9061,139 9061
part_master,PT00778,part_number,Part number format not standardized,Validity,Medium,4U-0748,4U0748
part_master,PT01904,part_number,Part number format not standardized,Validity,Medium,240-8714, 240-8714
part_master,PT01775,part_number,Part number format not standardized,Validity,Medium,6J-3805,6j-3805
part_master,PT02877,part_number,Part number format not standardized,Validity,Medium,2X-0613,02X-0613
part_master,PT02136,part_number,Part number format not standardized,Validity,Medium,1R-9451,01R-9451
part_master,PT03587,part_number,Part number format not standardized,Validity,Medium,7L-6889,7l-6889
part_master,PT01550,part_number,Part number format not standardized,Validity,Medium,306-0912,306-0912
part_master,PT02026,part_number,Part number format not standardized,Validity,Medium,560-9737,0560-9737
part_master,PT03868,part_number,Part number format not standardized,Validity,Medium,491-4115,491-4115
part_master,PT00482,part_number,Part number format not standardized,Validity,Medium,159-4034,159-4034
part_master,PT01383,part_number,Part number format not standardized,Validity,Medium,227-1231,0227-1231
part_master,PT02635,part_number,Part number format not standardized,Validity,Medium,5F-0693, 5F-0693
part_master,PT02639,part_number,Part number format not standardized,Validity,Medium,9L-0355,9L0355
part_master,PT02844,part_number,Part number format not standardized,Validity,Medium,520-1321,0520-1321
part_master,PT03201,part_number,Part number format not standardized,Validity,Medium,489-0122,0489-0122
part_master,PT01565,part_number,Part number format not standardized,Validity,Medium,136-4002,1364002
part_master,PT02383,part_number,Part number format not standardized,Validity,Medium,576-3354,576-3354
part_master,PT00981,part_number,Part number format not standardized,Validity,Medium,5F-4657,5F 4657
part_master,PT02173,part_number,Part number format not standardized,Validity,Medium,6F-6082,06F-6082
part_master,PT00939,part_number,Part number format not standardized,Validity,Medium,1W-9619,1W9619
part_master,PT02896,part_number,Part number format not standardized,Validity,Medium,8R-6938,8R 6938
part_master,PT03796,part_number,Part number format not standardized,Validity,Medium,395-9543,395 9543
part_master,PT03723,part_number,Part number format not standardized,Validity,Medium,141-4173, 141-4173
part_master,PT00908,part_number,Part number format not standardized,Validity,Medium,1N-1261,01N-1261
part_master,PT00463,part_number,Part number format not standardized,Validity,Medium,7G-5990,07G-5990
part_master,PT03688,part_number,Part number format not standardized,Validity,Medium,3G-0332, 3G-0332
part_master,PT02063,part_number,Part number format not standardized,Validity,Medium,5W-0795,5W 0795
part_master,PT01107,part_number,Part number format not standardized,Validity,Medium,7L-8995,7L 8995
part_master,PT01180,part_number,Part number format not standardized,Validity,Medium,3B-1806, 3B-1806
part_master,PT01545,part_number,Part number format not standardized,Validity,Medium,598-4554,598-4554
part_master,PT03513,part_number,Part number format not standardized,Validity,Medium,2C-3589,2C 3589
part_master,PT02955,part_number,Part number format not standardized,Validity,Medium,4B-0541,4b-0541
part_master,PT01120,part_number,Part number format not standardized,Validity,Medium,7E-0499, 7E-0499
part_master,PT04362,part_number,Part number format not standardized,Validity,Medium,7F-7994,07F-7994
part_master,PT02996,part_number,Part number format not standardized,Validity,Medium,8T-9391,08T-9391
part_master,PT00861,part_number,Part number format not standardized,Validity,Medium,121-0379, 121-0379
part_master,PT02122,part_number,Part number format not standardized,Validity,Medium,1B-1482,1B1482
part_master,PT00872,part_number,Part number format not standardized,Validity,Medium,2Y-8208,2Y 8208
part_master,PT00001,part_number,Part number format not standardized,Validity,Medium,1R-0750,1R0750
part_master,PT04199,part_number,Part number format not standardized,Validity,Medium,6L-1186, 6L-1186
part_master,PT01479,part_number,Part number format not standardized,Validity,Medium,5W-0857, 5W-0857
part_master,PT03669,part_number,Part number format not standardized,Validity,Medium,544-3100,544 3100
part_master,PT02279,part_number,Part number format not standardized,Validity,Medium,516-9717,516-9717
part_master,PT02598,part_number,Part number format not standardized,Validity,Medium,101-3869,1013869
part_master,PT03708,part_number,Part number format not standardized,Validity,Medium,103-4852,0103-4852
part_master,PT02255,part_number,Part number format not standardized,Validity,Medium,6I-8657,6i-8657
part_master,PT03057,part_number,Part number format not standardized,Validity,Medium,439-5307,439 5307
part_master,PT03371,part_number,Part number format not standardized,Validity,Medium,5R-2844, 5R-2844
part_master,PT02859,part_number,Part number format not standardized,Validity,Medium,258-5613,258 5613
part_master,PT01231,part_number,Part number format not standardized,Validity,Medium,268-6129, 268-6129
part_master,PT03043,part_number,Part number format not standardized,Validity,Medium,504-0484,504-0484
part_master,PT00146,part_number,Part number format not standardized,Validity,Medium,7R-6010,07R-6010
part_master,PT03997,part_number,Part number format not standardized,Validity,Medium,4E-5705,4E 5705
part_master,PT03518,part_number,Part number format not standardized,Validity,Medium,478-5110,478 5110
part_master,PT01560,part_number,Part number format not standardized,Validity,Medium,385-6252,0385-6252
part_master,PT01859,part_number,Part number format not standardized,Validity,Medium,3T-5914, 3T-5914
part_master,PT03892,part_number,Part number format not standardized,Validity,Medium,567-4761,567 4761
part_master,PT01889,part_number,Part number format not standardized,Validity,Medium,7A-8686,7A8686
part_master,PT03404,part_number,Part number format not standardized,Validity,Medium,9N-1109,09N-1109
part_master,PT02364,part_number,Part number format not standardized,Validity,Medium,8W-2442,08W-2442
part_master,PT01649,part_number,Part number format not standardized,Validity,Medium,9M-7832,9M7832
part_master,PT01890,part_number,Part number format not standardized,Validity,Medium,145-7500,145 7500
part_master,PT04059,part_number,Part number format not standardized,Validity,Medium,158-1216,158 1216
part_master,PT00920,part_number,Part number format not standardized,Validity,Medium,528-3966,0528-3966
part_master,PT01481,part_number,Part number format not standardized,Validity,Medium,136-1289,1361289
part_master,PT00804,part_number,Part number format not standardized,Validity,Medium,8L-6933,8L 6933
part_master,PT02393,part_number,Part number format not standardized,Validity,Medium,410-4180,410-4180
part_master,PT01999,part_number,Part number format not standardized,Validity,Medium,8C-5222,8C5222
part_master,PT00435,part_number,Part number format not standardized,Validity,Medium,8U-1633,8U1633
part_master,PT04089,part_number,Part number format not standardized,Validity,Medium,309-2059,3092059
part_master,PT00492,part_number,Part number format not standardized,Validity,Medium,8J-2111,8J2111
part_master,PT00476,part_number,Part number format not standardized,Validity,Medium,175-2965,175 2965
part_master,PT02693,part_number,Part number format not standardized,Validity,Medium,8B-1823,08B-1823
part_master,PT04346,part_number,Part number format not standardized,Validity,Medium,214-6080,214 6080
part_master,PT01689,part_number,Part number format not standardized,Validity,Medium,592-5818,592 5818
part_master,PT00170,part_number,Part number format not standardized,Validity,Medium,3G-7376,3G 7376
part_master,PT02108,part_number,Part number format not standardized,Validity,Medium,9I-3093,9I 3093
part_master,PT01407,part_number,Part number format not standardized,Validity,Medium,8E-3897,8E3897
part_master,PT03216,part_number,Part number format not standardized,Validity,Medium,6D-7627,6D7627
part_master,PT01778,part_number,Part number format not standardized,Validity,Medium,9G-8449,9g-8449
part_master,PT01223,part_number,Part number format not standardized,Validity,Medium,337-7645,337-7645
part_master,PT01964,part_number,Part number format not standardized,Validity,Medium,6R-3976,6R3976
part_master,PT00543,part_number,Part number format not standardized,Validity,Medium,6N-1629,6N1629
part_master,PT00408,part_number,Part number format not standardized,Validity,Medium,6M-3360,6m-3360
part_master,PT01451,part_number,Part number format not standardized,Validity,Medium,506-5292,506 5292
part_master,PT03307,part_number,Part number format not standardized,Validity,Medium,265-5238, 265-5238
part_master,PT02941,part_number,Part number format not standardized,Validity,Medium,393-2635,393-2635
part_master,PT02620,part_number,Part number format not standardized,Validity,Medium,9F-2279,9f-2279
part_master,PT04073,part_number,Part number format not standardized,Validity,Medium,435-5934,0435-5934
part_master,PT02305,part_number,Part number format not standardized,Validity,Medium,7T-0793,7t-0793
part_master,PT03909,part_number,Part number format not standardized,Validity,Medium,9R-6316,9r-6316
part_master,PT02165,part_number,Part number format not standardized,Validity,Medium,326-2182,326-2182
part_master,PT02816,part_description,Description abbreviations/spacing,Consistency,Low,TRANSMISSION CLUTCH DISC,TRANSMISSION CLUTCH DISC
part_master,PT02618,part_description,Description abbreviations/spacing,Consistency,Low,SWING MOTOR,SWING MOTOR
part_master,PT01481,part_description,Description abbreviations/spacing,Consistency,Low,WIRING HARNESS,WIRING HARNESS
part_master,PT01156,part_description,Description abbreviations/spacing,Consistency,Low,GASKET KIT,GASKET KIT
part_master,PT00243,part_description,Description abbreviations/spacing,Consistency,Low,IDLER GROUP,Idler  Group
part_master,PT02547,part_description,Description abbreviations/spacing,Consistency,Low,CONTROL VALVE,Control  Valve
part_master,PT00831,part_description,Description abbreviations/spacing,Consistency,Low,SEAL KIT,Seal  Kit
part_master,PT01354,part_description,Description abbreviations/spacing,Consistency,Low,ALTERNATOR,ALTERNATOR
part_master,PT02130,part_description,Description abbreviations/spacing,Consistency,Low,RECOIL SPRING,RECOIL SPRING
part_master,PT02755,part_description,Description abbreviations/spacing,Consistency,Low,TORQUE CONVERTER,Torque  Converter
part_master,PT03289,part_description,Description abbreviations/spacing,Consistency,Low,FUEL TRANSFER PUMP,Fuel  Transfer Pump
part_master,PT01524,part_description,Description abbreviations/spacing,Consistency,Low,WIRING HARNESS,Wiring  Harness
part_master,PT00890,part_description,Description abbreviations/spacing,Consistency,Low,HYDRAULIC CYLINDER,Hydraulic  Cylinder
part_master,PT01212,part_description,Description abbreviations/spacing,Consistency,Low,GASKET KIT,Gasket  Kit
part_master,PT00190,part_description,Description abbreviations/spacing,Consistency,Low,TRACK ROLLER,TRACK ROLLER
part_master,PT01388,part_description,Description abbreviations/spacing,Consistency,Low,ALTERNATOR,ALTERNATOR
part_master,PT02958,part_description,Description abbreviations/spacing,Consistency,Low,CYLINDER HEAD,CYLINDER HEAD
part_master,PT02113,part_description,Description abbreviations/spacing,Consistency,Low,CARRIER ROLLER,CARRIER ROLLER
part_master,PT00216,part_description,Description abbreviations/spacing,Consistency,Low,IDLER GROUP,Idler  Group
part_master,PT02070,part_description,Description abbreviations/spacing,Consistency,Low,CARRIER ROLLER,Carrier  Roller
part_master,PT00868,part_description,Description abbreviations/spacing,Consistency,Low,HYDRAULIC CYLINDER,HYDRAULIC CYLINDER
part_master,PT00654,part_description,Description abbreviations/spacing,Consistency,Low,HYDRAULIC HOSE ASSEMBLY,HYDRAULIC HOSE ASSY
part_master,PT01550,part_description,Description abbreviations/spacing,Consistency,Low,SENSOR SPEED,SENSOR SPEED
part_master,PT03300,part_description,Description abbreviations/spacing,Consistency,Low,ECM CONTROLLER,ECM CONTROLLER
part_master,PT02731,part_description,Description abbreviations/spacing,Consistency,Low,TORQUE CONVERTER,TORQUE CONVERTER
part_master,PT02138,part_description,Description abbreviations/spacing,Consistency,Low,RECOIL SPRING,RECOIL SPRING
part_master,PT02852,part_description,Description abbreviations/spacing,Consistency,Low,AXLE SEAL,Axle  Seal
part_master,PT01305,part_description,Description abbreviations/spacing,Consistency,Low,V-BELT,V-Belt
part_master,PT02698,part_description,Description abbreviations/spacing,Consistency,Low,TRAVEL MOTOR,Travel  Motor
part_master,PT02566,part_description,Description abbreviations/spacing,Consistency,Low,SWING MOTOR,SWING MOTOR
part_master,PT00800,part_description,Description abbreviations/spacing,Consistency,Low,SEAL KIT,Seal  Kit
part_master,PT03643,part_description,Description abbreviations/spacing,Consistency,Low,FAN BLADE,Fan  Blade
part_master,PT03191,part_description,Description abbreviations/spacing,Consistency,Low,FUEL TRANSFER PUMP,Fuel  Transfer Pump
part_master,PT03406,part_description,Description abbreviations/spacing,Consistency,Low,MONITOR DISPLAY,Monitor  Display
part_master,PT01805,part_description,Description abbreviations/spacing,Consistency,Low,RADIATOR,RADIATOR
part_master,PT03456,part_description,Description abbreviations/spacing,Consistency,Low,MONITOR DISPLAY,Monitor  Display
part_master,PT02484,part_description,Description abbreviations/spacing,Consistency,Low,CONTROL VALVE,CONTROL VALVE
part_master,PT02651,part_description,Description abbreviations/spacing,Consistency,Low,FINAL DRIVE,Final  Drive
part_master,PT00214,part_description,Description abbreviations/spacing,Consistency,Low,IDLER GROUP,IDLER GROUP
part_master,PT01448,part_description,Description abbreviations/spacing,Consistency,Low,STARTER MOTOR,Starter  Motor
part_master,PT03340,part_description,Description abbreviations/spacing,Consistency,Low,ECM CONTROLLER,ECM CONTROLLER
part_master,PT01209,part_description,Description abbreviations/spacing,Consistency,Low,GASKET KIT,GASKET KIT
part_master,PT04189,part_description,Description abbreviations/spacing,Consistency,Low,WASHER HARD,WASHER HARD
part_master,PT03950,part_description,Description abbreviations/spacing,Consistency,Low,MIRROR,MIRROR
part_master,PT03038,part_description,Description abbreviations/spacing,Consistency,Low,PISTON KIT,PISTON KIT
part_master,PT04023,part_description,Description abbreviations/spacing,Consistency,Low,O-RING SEAL,O-RING SEAL
part_master,PT01251,part_description,Description abbreviations/spacing,Consistency,Low,V-BELT,V-BELT
part_master,PT00487,part_description,Description abbreviations/spacing,Consistency,Low,END BIT,END BIT
part_master,PT01570,part_description,Description abbreviations/spacing,Consistency,Low,SENSOR SPEED,Sensor  Speed
part_master,PT00814,part_description,Description abbreviations/spacing,Consistency,Low,SEAL KIT,Seal  Kit
part_master,PT02350,part_description,Description abbreviations/spacing,Consistency,Low,BUCKET TOOTH RETAINER,Bucket  Tooth Retainer
part_master,PT01610,part_description,Description abbreviations/spacing,Consistency,Low,BATTERY,BATTERY
part_master,PT00083,part_description,Description abbreviations/spacing,Consistency,Low,TRACK ROLLER,Track  Roller
part_master,PT03321,part_description,Description abbreviations/spacing,Consistency,Low,ECM CONTROLLER,ECM CONTROLLER
part_master,PT00829,part_description,Description abbreviations/spacing,Consistency,Low,SEAL KIT,SEAL KIT
part_master,PT02453,part_description,Description abbreviations/spacing,Consistency,Low,SIDE CUTTER,SIDE CUTTER
part_master,PT01937,part_description,Description abbreviations/spacing,Consistency,Low,TRACK PIN,Track  Pin
part_master,PT01453,part_description,Description abbreviations/spacing,Consistency,Low,STARTER MOTOR,STARTER MOTOR
part_master,PT04180,part_description,Description abbreviations/spacing,Consistency,Low,WASHER HARD,WASHER HARD
part_master,PT04100,part_description,Description abbreviations/spacing,Consistency,Low,HEX BOLT,HEX BOLT
part_master,PT03000,part_description,Description abbreviations/spacing,Consistency,Low,CYLINDER HEAD,CYLINDER HEAD
part_master,PT04330,part_description,Description abbreviations/spacing,Consistency,Low,TIRE 29.5R25,TIRE 29.5R25
part_master,PT02376,part_description,Description abbreviations/spacing,Consistency,Low,BUCKET TOOTH RETAINER,Bucket  Tooth Retainer
part_master,PT03710,part_description,Description abbreviations/spacing,Consistency,Low,FAN BLADE,Fan  Blade
part_master,PT00321,part_description,Description abbreviations/spacing,Consistency,Low,TRACK LINK ASSEMBLY,Track  Link Assembly
part_master,PT00175,part_description,Description abbreviations/spacing,Consistency,Low,TRACK ROLLER,TRACK ROLLER
part_master,PT03396,part_description,Description abbreviations/spacing,Consistency,Low,MONITOR DISPLAY,Monitor  Display
part_master,PT00932,part_description,Description abbreviations/spacing,Consistency,Low,FUEL INJECTOR,FUEL INJECTOR
part_master,PT01054,part_description,Description abbreviations/spacing,Consistency,Low,WATER PUMP,WATER PUMP
part_master,PT01828,part_description,Description abbreviations/spacing,Consistency,Low,RADIATOR,Radiator
part_master,PT03870,part_description,Description abbreviations/spacing,Consistency,Low,WINDOW GLASS,WINDOW GLASS
part_master,PT00586,part_description,Description abbreviations/spacing,Consistency,Low,HYDRAULIC HOSE ASSEMBLY,Hydraulic  Hose Assembly
part_master,PT00491,part_description,Description abbreviations/spacing,Consistency,Low,END BIT,END BIT
part_master,PT02485,part_description,Description abbreviations/spacing,Consistency,Low,CONTROL VALVE,CONTROL VALVE
part_master,PT00483,part_description,Description abbreviations/spacing,Consistency,Low,END BIT,END BIT
part_master,PT04055,part_description,Description abbreviations/spacing,Consistency,Low,O-RING SEAL,O-Ring  Seal
part_master,PT00788,part_description,Description abbreviations/spacing,Consistency,Low,SEAL KIT,Seal  Kit
part_master,PT00857,part_description,Description abbreviations/spacing,Consistency,Low,SEAL KIT,SEAL KIT
part_master,PT01832,part_description,Description abbreviations/spacing,Consistency,Low,RADIATOR,Radiator
part_master,PT03459,part_description,Description abbreviations/spacing,Consistency,Low,RELAY,Relay
part_master,PT02080,part_description,Description abbreviations/spacing,Consistency,Low,CARRIER ROLLER,CARRIER ROLLER
part_master,PT03473,part_description,Description abbreviations/spacing,Consistency,Low,RELAY,RELAY
part_master,PT00443,part_description,Description abbreviations/spacing,Consistency,Low,END BIT,END BIT
part_master,PT03154,part_description,Description abbreviations/spacing,Consistency,Low,CRANKSHAFT BEARING,Crankshaft  Bearing
part_master,PT04363,part_description,Description abbreviations/spacing,Consistency,Low,TIRE 12-16.5,Tire  12-16.5
part_master,PT04324,part_description,Description abbreviations/spacing,Consistency,Low,TIRE 29.5R25,TIRE 29.5R25
part_master,PT03826,part_description,Description abbreviations/spacing,Consistency,Low,SEAT ASSEMBLY,Seat  Assembly
part_master,PT04217,part_description,Description abbreviations/spacing,Consistency,Low,WASHER HARD,Washer  Hard
part_master,PT02574,part_description,Description abbreviations/spacing,Consistency,Low,SWING MOTOR,Swing  Motor
part_master,PT04415,part_description,Description abbreviations/spacing,Consistency,Low,ELC EXTENDED LIFE COOLANT,ELC EXTENDED LIFE COOLANT
part_master,PT00211,part_description,Description abbreviations/spacing,Consistency,Low,IDLER GROUP,Idler  Group
part_master,PT01552,part_description,Description abbreviations/spacing,Consistency,Low,SENSOR SPEED,Sensor  Speed
part_master,PT00824,part_description,Description abbreviations/spacing,Consistency,Low,SEAL KIT,SEAL KIT
part_master,PT01166,part_description,Description abbreviations/spacing,Consistency,Low,GASKET KIT,GASKET KIT
part_master,PT03774,part_description,Description abbreviations/spacing,Consistency,Low,COOLANT HOSE,Coolant  Hose
part_master,PT03965,part_description,Description abbreviations/spacing,Consistency,Low,O-RING SEAL,O-RING SEAL
part_master,PT00305,part_description,Description abbreviations/spacing,Consistency,Low,SPROCKET SEGMENT,Sprocket  Segment
part_master,PT02756,part_description,Description abbreviations/spacing,Consistency,Low,TORQUE CONVERTER,TORQUE CONVERTER
part_master,PT01566,part_description,Description abbreviations/spacing,Consistency,Low,SENSOR SPEED,SENSOR SPEED
part_master,PT04093,part_description,Description abbreviations/spacing,Consistency,Low,HEX BOLT,HEX BOLT
part_master,PT02727,part_description,Description abbreviations/spacing,Consistency,Low,TORQUE CONVERTER,TORQUE CONVERTER
part_master,PT00622,part_description,Description abbreviations/spacing,Consistency,Low,HYDRAULIC HOSE ASSEMBLY,Hydraulic  Hose Assembly
part_master,PT04154,part_description,Description abbreviations/spacing,Consistency,Low,WASHER HARD,Washer  Hard
part_master,PT02793,part_description,Description abbreviations/spacing,Consistency,Low,TRANSMISSION CLUTCH DISC,Transmission  Clutch Disc
part_master,PT01739,part_description,Description abbreviations/spacing,Consistency,Low,TRANSMISSION FILTER,TRANSMISSION FLTR
part_master,PT02062,part_description,Description abbreviations/spacing,Consistency,Low,CARRIER ROLLER,Carrier  Roller
part_master,PT01479,part_description,Description abbreviations/spacing,Consistency,Low,WIRING HARNESS,Wiring  Harness
part_master,PT03699,part_description,Description abbreviations/spacing,Consistency,Low,FAN BLADE,FAN BLADE
part_master,PT00441,part_description,Description abbreviations/spacing,Consistency,Low,END BIT,END BIT
part_master,PT01884,part_description,Description abbreviations/spacing,Consistency,Low,THERMOSTAT,Thermostat
part_master,PT03790,part_description,Description abbreviations/spacing,Consistency,Low,SEAT ASSEMBLY,SEAT ASSY
part_master,PT04044,part_description,Description abbreviations/spacing,Consistency,Low,O-RING SEAL,O-RING SEAL
part_master,PT01664,part_description,Description abbreviations/spacing,Consistency,Low,CAB AIR FILTER,Cab  Air Filter
part_master,PT01901,part_description,Description abbreviations/spacing,Consistency,Low,TRACK PIN,TRACK PIN
part_master,PT04210,part_description,Description abbreviations/spacing,Consistency,Low,WASHER HARD,Washer  Hard
part_master,PT00027,part_description,Description abbreviations/spacing,Consistency,Low,TRACK SHOE,Track  Shoe
part_master,PT00251,part_description,Description abbreviations/spacing,Consistency,Low,IDLER GROUP,Idler  Group
part_master,PT02071,part_description,Description abbreviations/spacing,Consistency,Low,CARRIER ROLLER,Carrier  Roller
part_master,PT00741,part_description,Description abbreviations/spacing,Consistency,Low,HYDRAULIC PUMP,HYDRAULIC PUMP
part_master,PT02099,part_description,Description abbreviations/spacing,Consistency,Low,CARRIER ROLLER,Carrier  Roller
part_master,PT01587,part_description,Description abbreviations/spacing,Consistency,Low,BATTERY,BATTERY
part_master,PT01352,part_description,Description abbreviations/spacing,Consistency,Low,ALTERNATOR,ALTERNATOR
part_master,PT03423,part_description,Description abbreviations/spacing,Consistency,Low,MONITOR DISPLAY,MONITOR DISPLAY
part_master,PT02560,part_description,Description abbreviations/spacing,Consistency,Low,SWING MOTOR,Swing  Motor
part_master,PT02465,part_description,Description abbreviations/spacing,Consistency,Low,SIDE CUTTER,Side  Cutter
part_master,PT01010,part_description,Description abbreviations/spacing,Consistency,Low,WATER PUMP,WATER PUMP
part_master,PT00066,part_description,Description abbreviations/spacing,Consistency,Low,TRACK SHOE,TRACK SHOE
part_master,PT02163,part_description,Description abbreviations/spacing,Consistency,Low,RECOIL SPRING,Recoil  Spring
part_master,PT01093,part_description,Description abbreviations/spacing,Consistency,Low,TURBOCHARGER,Turbocharger
part_master,PT01682,part_description,Description abbreviations/spacing,Consistency,Low,CAB AIR FILTER,Cab  Air Filter
part_master,PT00115,part_description,Description abbreviations/spacing,Consistency,Low,TRACK ROLLER,Track  Roller
part_master,PT00275,part_description,Description abbreviations/spacing,Consistency,Low,SPROCKET SEGMENT,Sprocket  Segment
part_master,PT03169,part_description,Description abbreviations/spacing,Consistency,Low,CRANKSHAFT BEARING,CRANKSHAFT BEARING
part_master,PT02985,part_description,Description abbreviations/spacing,Consistency,Low,CYLINDER HEAD,Cylinder  Head
part_master,PT03074,part_description,Description abbreviations/spacing,Consistency,Low,PISTON KIT,PISTON KIT
part_master,PT01426,part_description,Description abbreviations/spacing,Consistency,Low,STARTER MOTOR,Starter  Motor
part_master,PT01557,part_description,Description abbreviations/spacing,Consistency,Low,SENSOR SPEED,Sensor  Speed
part_master,PT01829,part_description,Description abbreviations/spacing,Consistency,Low,RADIATOR,Radiator
part_master,PT02127,part_description,Description abbreviations/spacing,Consistency,Low,RECOIL SPRING,RECOIL SPRING
part_master,PT03981,part_description,Description abbreviations/spacing,Consistency,Low,O-RING SEAL,O-Ring  Seal
part_master,PT04292,part_description,Description abbreviations/spacing,Consistency,Low,TIRE 29.5R25,TIRE 29.5R25
part_master,PT00549,part_description,Description abbreviations/spacing,Consistency,Low,ADAPTER,ADAPTER
part_master,PT01877,part_description,Description abbreviations/spacing,Consistency,Low,THERMOSTAT,Thermostat
part_master,PT02445,part_description,Description abbreviations/spacing,Consistency,Low,SIDE CUTTER,SIDE CUTTER
part_master,PT01370,part_description,Description abbreviations/spacing,Consistency,Low,ALTERNATOR,ALTERNATOR
part_master,PT00764,part_description,Description abbreviations/spacing,Consistency,Low,SEAL KIT,Seal  Kit
part_master,PT00522,part_description,Description abbreviations/spacing,Consistency,Low,ADAPTER,Adapter
part_master,PT02333,part_description,Description abbreviations/spacing,Consistency,Low,BUCKET TOOTH RETAINER,Bucket  Tooth Retainer
part_master,PT03588,part_description,Description abbreviations/spacing,Consistency,Low,WORK LIGHT LED,WORK LIGHT LED
part_master,PT02316,part_description,Description abbreviations/spacing,Consistency,Low,RIPPER TIP,Ripper  Tip
part_master,PT03251,part_description,Description abbreviations/spacing,Consistency,Low,FUEL TRANSFER PUMP,Fuel  Transfer Pump
part_master,PT03840,part_description,Description abbreviations/spacing,Consistency,Low,WINDOW GLASS,WINDOW GLASS
part_master,PT02580,part_description,Description abbreviations/spacing,Consistency,Low,SWING MOTOR,Swing  Motor
part_master,PT03985,part_description,Description abbreviations/spacing,Consistency,Low,O-RING SEAL,O-Ring  Seal
part_master,PT01798,part_description,Description abbreviations/spacing,Consistency,Low,TRANSMISSION FILTER,Transmission  Filter
part_master,PT01385,part_description,Description abbreviations/spacing,Consistency,Low,ALTERNATOR,Alternator
part_master,PT02595,part_description,Description abbreviations/spacing,Consistency,Low,SWING MOTOR,SWING MOTOR
part_master,PT00693,part_description,Description abbreviations/spacing,Consistency,Low,HYDRAULIC PUMP,Hydraulic  Pump
part_master,PT02051,part_description,Description abbreviations/spacing,Consistency,Low,CARRIER ROLLER,Carrier  Roller
part_master,PT00893,part_description,Description abbreviations/spacing,Consistency,Low,HYDRAULIC CYLINDER,HYDRAULIC CYLINDER
part_master,PT03439,part_description,Description abbreviations/spacing,Consistency,Low,MONITOR DISPLAY,Monitor  Display
part_master,PT00574,part_description,Description abbreviations/spacing,Consistency,Low,ADAPTER,Adapter
part_master,PT03739,part_description,Description abbreviations/spacing,Consistency,Low,COOLANT HOSE,COOLANT HOSE
part_master,PT01556,part_description,Description abbreviations/spacing,Consistency,Low,SENSOR SPEED,SENSOR SPEED
part_master,PT00707,part_description,Description abbreviations/spacing,Consistency,Low,HYDRAULIC PUMP,HYDRAULIC PUMP
part_master,PT01455,part_description,Description abbreviations/spacing,Consistency,Low,STARTER MOTOR,STARTER MOTOR
part_master,PT02293,part_description,Description abbreviations/spacing,Consistency,Low,RIPPER TIP,RIPPER TIP
part_master,PT01853,part_description,Description abbreviations/spacing,Consistency,Low,RADIATOR,Radiator
part_master,PT01226,part_description,Description abbreviations/spacing,Consistency,Low,GASKET KIT,GASKET KIT
part_master,PT00949,part_description,Description abbreviations/spacing,Consistency,Low,WATER PUMP,Water  Pump
part_master,PT03754,part_description,Description abbreviations/spacing,Consistency,Low,COOLANT HOSE,Coolant  Hose
part_master,PT01261,part_description,Description abbreviations/spacing,Consistency,Low,V-BELT,V-Belt
part_master,PT03881,part_description,Description abbreviations/spacing,Consistency,Low,WINDOW GLASS,Window  Glass
part_master,PT03265,part_description,Description abbreviations/spacing,Consistency,Low,FUEL TRANSFER PUMP,Fuel  Transfer Pump
part_master,PT00936,part_description,Description abbreviations/spacing,Consistency,Low,FUEL INJECTOR,Fuel  Injector
part_master,PT03789,part_description,Description abbreviations/spacing,Consistency,Low,COOLANT HOSE,Coolant  Hose
part_master,PT02244,part_description,Description abbreviations/spacing,Consistency,Low,RIPPER TIP,Ripper  Tip
part_master,PT00398,part_description,Description abbreviations/spacing,Consistency,Low,CUTTING EDGE,CUTTING EDGE
part_master,PT01872,part_description,Description abbreviations/spacing,Consistency,Low,THERMOSTAT,THERMOSTAT
part_master,PT02683,part_description,Description abbreviations/spacing,Consistency,Low,TRAVEL MOTOR,Travel  Motor
part_master,PT01674,part_description,Description abbreviations/spacing,Consistency,Low,CAB AIR FILTER,CAB AIR FLTR
part_master,PT00307,part_description,Description abbreviations/spacing,Consistency,Low,SPROCKET SEGMENT,Sprocket  Segment
part_master,PT02722,part_description,Description abbreviations/spacing,Consistency,Low,TORQUE CONVERTER,Torque  Converter
part_master,PT03143,part_description,Description abbreviations/spacing,Consistency,Low,CRANKSHAFT BEARING,Crankshaft  Bearing
part_master,PT04266,part_description,Description abbreviations/spacing,Consistency,Low,TIRE 29.5R25,Tire  29.5R25
part_master,PT02220,part_description,Description abbreviations/spacing,Consistency,Low,RIPPER SHANK,RIPPER SHANK
part_master,PT01015,part_description,Description abbreviations/spacing,Consistency,Low,WATER PUMP,WATER PUMP
part_master,PT03678,part_description,Description abbreviations/spacing,Consistency,Low,FAN BLADE,FAN BLADE
part_master,PT01279,part_description,Description abbreviations/spacing,Consistency,Low,V-BELT,V-BELT
part_master,PT04009,part_description,Description abbreviations/spacing,Consistency,Low,O-RING SEAL,O-Ring  Seal
part_master,PT01723,part_description,Description abbreviations/spacing,Consistency,Low,CAB AIR FILTER,Cab  Air Filter
part_master,PT02221,part_description,Description abbreviations/spacing,Consistency,Low,RIPPER SHANK,RIPPER SHANK
part_master,PT00457,part_description,Description abbreviations/spacing,Consistency,Low,END BIT,End  Bit
part_master,PT03204,part_description,Description abbreviations/spacing,Consistency,Low,FUEL TRANSFER PUMP,Fuel  Transfer Pump
part_master,PT04018,part_description,Description abbreviations/spacing,Consistency,Low,O-RING SEAL,O-RING SEAL
part_master,PT02702,part_description,Description abbreviations/spacing,Consistency,Low,TRAVEL MOTOR,Travel  Motor
part_master,PT02153,part_description,Description abbreviations/spacing,Consistency,Low,RECOIL SPRING,RECOIL SPRING
part_master,PT00958,part_description,Description abbreviations/spacing,Consistency,Low,WATER PUMP,Water  Pump
part_master,PT01862,part_description,Description abbreviations/spacing,Consistency,Low,THERMOSTAT,THERMOSTAT
part_master,PT01492,part_description,Description abbreviations/spacing,Consistency,Low,WIRING HARNESS,WIRING HARNESS
part_master,PT03145,part_description,Description abbreviations/spacing,Consistency,Low,CRANKSHAFT BEARING,CRANKSHAFT BEARING
part_master,PT01589,part_description,Description abbreviations/spacing,Consistency,Low,BATTERY,Battery
part_master,PT00046,part_description,Description abbreviations/spacing,Consistency,Low,TRACK SHOE,TRACK SHOE
part_master,PT00843,part_description,Description abbreviations/spacing,Consistency,Low,SEAL KIT,SEAL KIT
part_master,PT02621,part_description,Description abbreviations/spacing,Consistency,Low,SWING MOTOR,SWING MOTOR
part_master,PT00450,part_description,Description abbreviations/spacing,Consistency,Low,END BIT,End  Bit
part_master,PT01080,part_description,Description abbreviations/spacing,Consistency,Low,TURBOCHARGER,Turbocharger
part_master,PT01078,part_description,Description abbreviations/spacing,Consistency,Low,TURBOCHARGER,Turbocharger
part_master,PT04132,part_description,Description abbreviations/spacing,Consistency,Low,HEX BOLT,HEX BOLT
part_master,PT01656,part_description,Description abbreviations/spacing,Consistency,Low,CAB AIR FILTER,CAB AIR FLTR
part_master,PT00368,part_description,Description abbreviations/spacing,Consistency,Low,CUTTING EDGE,Cutting  Edge
part_master,PT01243,part_description,Description abbreviations/spacing,Consistency,Low,V-BELT,V-BELT
part_master,PT01185,part_description,Description abbreviations/spacing,Consistency,Low,GASKET KIT,Gasket  Kit
part_master,PT00619,part_description,Description abbreviations/spacing,Consistency,Low,HYDRAULIC HOSE ASSEMBLY,HYDRAULIC HOSE ASSY
part_master,PT01840,part_description,Description abbreviations/spacing,Consistency,Low,RADIATOR,Radiator
part_master,PT01695,part_description,Description abbreviations/spacing,Consistency,Low,CAB AIR FILTER,CAB AIR FLTR
part_master,PT03807,part_description,Description abbreviations/spacing,Consistency,Low,SEAT ASSEMBLY,Seat  Assembly
part_master,PT02073,part_description,Description abbreviations/spacing,Consistency,Low,CARRIER ROLLER,Carrier  Roller
part_master,PT02638,part_description,Description abbreviations/spacing,Consistency,Low,FINAL DRIVE,FINAL DRIVE
part_master,PT00341,part_description,Description abbreviations/spacing,Consistency,Low,TRACK LINK ASSEMBLY,Track  Link Assembly
part_master,PT01775,part_description,Description abbreviations/spacing,Consistency,Low,TRANSMISSION FILTER,Transmission  Filter
part_master,PT04213,part_description,Description abbreviations/spacing,Consistency,Low,WASHER HARD,WASHER HARD
part_master,PT03356,part_description,Description abbreviations/spacing,Consistency,Low,ECM CONTROLLER,Ecm  Controller
part_master,PT00132,part_description,Description abbreviations/spacing,Consistency,Low,TRACK ROLLER,Track  Roller
part_master,PT04066,part_description,Description abbreviations/spacing,Consistency,Low,O-RING SEAL,O-RING SEAL
part_master,PT01347,part_description,Description abbreviations/spacing,Consistency,Low,ALTERNATOR,ALTERNATOR
part_master,PT02448,part_description,Description abbreviations/spacing,Consistency,Low,SIDE CUTTER,SIDE CUTTER
part_master,PT00286,part_description,Description abbreviations/spacing,Consistency,Low,SPROCKET SEGMENT,Sprocket  Segment
part_master,PT03361,part_description,Description abbreviations/spacing,Consistency,Low,ECM CONTROLLER,Ecm  Controller
part_master,PT01143,part_description,Description abbreviations/spacing,Consistency,Low,GASKET KIT,Gasket  Kit
part_master,PT04128,part_description,Description abbreviations/spacing,Consistency,Low,HEX BOLT,Hex  Bolt
part_master,PT03748,part_description,Description abbreviations/spacing,Consistency,Low,COOLANT HOSE,Coolant  Hose
part_master,PT01538,part_description,Description abbreviations/spacing,Consistency,Low,SENSOR SPEED,SENSOR SPEED
part_master,PT02248,part_description,Description abbreviations/spacing,Consistency,Low,RIPPER TIP,RIPPER TIP
part_master,PT02745,part_description,Description abbreviations/spacing,Consistency,Low,TORQUE CONVERTER,TORQUE CONVERTER
part_master,PT01012,part_description,Description abbreviations/spacing,Consistency,Low,WATER PUMP,WATER PUMP
part_master,PT01133,part_description,Description abbreviations/spacing,Consistency,Low,TURBOCHARGER,TURBOCHARGER
part_master,PT03025,part_description,Description abbreviations/spacing,Consistency,Low,PISTON KIT,PISTON KIT
part_master,PT03618,part_description,Description abbreviations/spacing,Consistency,Low,FAN BLADE,Fan  Blade
part_master,PT01196,part_description,Description abbreviations/spacing,Consistency,Low,GASKET KIT,GASKET KIT
part_master,PT04399,part_description,Description abbreviations/spacing,Consistency,Low,TIRE 12-16.5,Tire  12-16.5
part_master,PT02752,part_description,Description abbreviations/spacing,Consistency,Low,TORQUE CONVERTER,Torque  Converter
part_master,PT02730,part_description,Description abbreviations/spacing,Consistency,Low,TORQUE CONVERTER,TORQUE CONVERTER
part_master,PT04090,part_description,Description abbreviations/spacing,Consistency,Low,HEX BOLT,HEX BOLT
part_master,PT01983,part_description,Description abbreviations/spacing,Consistency,Low,TRACK BUSHING,TRACK BUSHING
part_master,PT00979,part_description,Description abbreviations/spacing,Consistency,Low,WATER PUMP,WATER PUMP
part_master,PT03109,part_description,Description abbreviations/spacing,Consistency,Low,PISTON KIT,PISTON KIT
part_master,PT00325,part_description,Description abbreviations/spacing,Consistency,Low,TRACK LINK ASSEMBLY,Track  Link Assembly
part_master,PT01266,part_description,Description abbreviations/spacing,Consistency,Low,V-BELT,V-Belt
part_master,PT03874,part_description,Description abbreviations/spacing,Consistency,Low,WINDOW GLASS,WINDOW GLASS
part_master,PT04204,part_description,Description abbreviations/spacing,Consistency,Low,WASHER HARD,WASHER HARD
part_master,PT03483,part_description,Description abbreviations/spacing,Consistency,Low,RELAY,Relay
part_master,PT01608,part_description,Description abbreviations/spacing,Consistency,Low,BATTERY,Battery
part_master,PT02425,part_description,Description abbreviations/spacing,Consistency,Low,SIDE CUTTER,SIDE CUTTER
part_master,PT04382,part_description,Description abbreviations/spacing,Consistency,Low,TIRE 12-16.5,Tire  12-16.5
part_master,PT03614,part_description,Description abbreviations/spacing,Consistency,Low,FAN BLADE,Fan  Blade
part_master,PT03435,part_description,Description abbreviations/spacing,Consistency,Low,MONITOR DISPLAY,Monitor  Display
part_master,PT02963,part_description,Description abbreviations/spacing,Consistency,Low,CYLINDER HEAD,CYLINDER HEAD
part_master,PT03212,part_description,Description abbreviations/spacing,Consistency,Low,FUEL TRANSFER PUMP,Fuel  Transfer Pump
part_master,PT00784,part_description,Description abbreviations/spacing,Consistency,Low,SEAL KIT,Seal  Kit
part_master,PT01092,part_description,Description abbreviations/spacing,Consistency,Low,TURBOCHARGER,TURBOCHARGER
part_master,PT04341,part_description,Description abbreviations/spacing,Consistency,Low,TIRE 29.5R25,Tire  29.5R25
part_master,PT00454,part_description,Description abbreviations/spacing,Consistency,Low,END BIT,End  Bit
part_master,PT03345,part_description,Description abbreviations/spacing,Consistency,Low,ECM CONTROLLER,ECM CONTROLLER
part_master,PT02938,part_category,Missing part category,Completeness,High,Power Train,
part_master,PT04292,part_category,Missing part category,Completeness,High,Tires,
part_master,PT01376,part_category,Missing part category,Completeness,High,Electrical,
part_master,PT03133,part_category,Missing part category,Completeness,High,Engine,
part_master,PT00684,part_category,Missing part category,Completeness,High,Hydraulics,
part_master,PT03519,part_category,Missing part category,Completeness,High,Electrical,
part_master,PT00777,part_category,Missing part category,Completeness,High,Hydraulics,
part_master,PT01636,part_category,Missing part category,Completeness,High,Electrical,
part_master,PT02266,part_category,Missing part category,Completeness,High,Ground Engaging Tools,
part_master,PT01823,part_category,Missing part category,Completeness,High,Cooling,
part_master,PT04279,part_category,Missing part category,Completeness,High,Tires,
part_master,PT00579,part_category,Missing part category,Completeness,High,Hydraulics,
part_master,PT01280,part_category,Missing part category,Completeness,High,Engine,
part_master,PT02777,part_category,Missing part category,Completeness,High,Power Train,
part_master,PT00386,part_category,Missing part category,Completeness,High,Ground Engaging Tools,
part_master,PT01519,part_category,Missing part category,Completeness,High,Electrical,
part_master,PT02622,part_category,Missing part category,Completeness,High,Hydraulics,
part_master,PT03211,part_category,Missing part category,Completeness,High,Engine,
part_master,PT01387,part_category,Missing part category,Completeness,High,Electrical,
part_master,PT00683,part_category,Missing part category,Completeness,High,Hydraulics,
part_master,PT03625,part_category,Missing part category,Completeness,High,Cooling,
part_master,PT02214,part_category,Missing part category,Completeness,High,Ground Engaging Tools,
part_master,PT03894,part_category,Missing part category,Completeness,High,Cab,
part_master,PT03571,part_category,Missing part category,Completeness,High,Electrical,
part_master,PT00390,part_category,Missing part category,Completeness,High,Ground Engaging Tools,
part_master,PT02456,part_category,Missing part category,Completeness,High,Ground Engaging Tools,
part_master,PT02434,part_category,Missing part category,Completeness,High,Ground Engaging Tools,
part_master,PT00478,part_category,Missing part category,Completeness,High,Ground Engaging Tools,
part_master,PT02436,part_category,Missing part category,Completeness,High,Ground Engaging Tools,
part_master,PT01206,part_category,Missing part category,Completeness,High,Engine,
part_master,PT02182,part_category,Missing part category,Completeness,High,Ground Engaging Tools,
part_master,PT00890,part_category,Missing part category,Completeness,High,Hydraulics,
part_master,PT02365,part_category,Missing part category,Completeness,High,Ground Engaging Tools,
part_master,PT01200,part_category,Missing part category,Completeness,High,Engine,
part_master,PT03412,part_category,Missing part category,Completeness,High,Electrical,
part_master,PT02582,part_category,Missing part category,Completeness,High,Hydraulics,
part_master,PT03074,part_category,Missing part category,Completeness,High,Engine,
part_master,PT01270,part_category,Missing part category,Completeness,High,Engine,
part_master,PT03461,part_category,Missing part category,Completeness,High,Electrical,
part_master,PT00577,part_category,Missing part category,Completeness,High,Hydraulics,
part_master,PT03237,part_category,Missing part category,Completeness,High,Engine,
part_master,PT00449,part_category,Missing part category,Completeness,High,Ground Engaging Tools,
part_master,PT02101,part_category,Missing part category,Completeness,High,Undercarriage,
part_master,PT03309,part_category,Missing part category,Completeness,High,Electrical,
part_master,PT02433,part_category,Missing part category,Completeness,High,Ground Engaging Tools,
part_master,PT02018,part_category,Missing part category,Completeness,High,Undercarriage,
part_master,PT00219,part_category,Missing part category,Completeness,High,Undercarriage,
part_master,PT00222,part_category,Missing part category,Completeness,High,Undercarriage,
part_master,PT03594,part_category,Missing part category,Completeness,High,Electrical,
part_master,PT01313,part_category,Missing part category,Completeness,High,Engine,
part_master,PT02504,part_category,Missing part category,Completeness,High,Hydraulics,
part_master,PT03794,part_category,Missing part category,Completeness,High,Cab,
part_master,PT03223,part_category,Missing part category,Completeness,High,Engine,
part_master,PT03171,part_category,Missing part category,Completeness,High,Engine,
part_master,PT00084,part_category,Missing part category,Completeness,High,Undercarriage,
part_master,PT02925,part_category,Missing part category,Completeness,High,Power Train,
part_master,PT01786,part_category,Missing part category,Completeness,High,Filters,
part_master,PT00588,part_category,Missing part category,Completeness,High,Hydraulics,
part_master,PT01785,part_category,Missing part category,Completeness,High,Filters,
part_master,PT03938,part_category,Missing part category,Completeness,High,Cab,
part_master,PT04333,part_category,Missing part category,Completeness,High,Tires,
part_master,PT01719,part_category,Missing part category,Completeness,High,Filters,
part_master,PT03787,part_category,Missing part category,Completeness,High,Cooling,
part_master,PT02326,part_category,Missing part category,Completeness,High,Ground Engaging Tools,
part_master,PT03914,part_category,Missing part category,Completeness,High,Cab,
part_master,PT03083,part_category,Missing part category,Completeness,High,Engine,
part_master,PT03112,part_category,Missing part category,Completeness,High,Engine,
part_master,PT01838,part_category,Missing part category,Completeness,High,Cooling,
part_master,PT04039,part_category,Missing part category,Completeness,High,Hardware,
part_master,PT03870,part_category,Missing part category,Completeness,High,Cab,
part_master,PT03945,part_category,Missing part category,Completeness,High,Cab,
part_master,PT01520,part_category,Missing part category,Completeness,High,Electrical,
part_master,PT02500,part_category,Missing part category,Completeness,High,Hydraulics,
part_master,PT01444,part_category,Missing part category,Completeness,High,Electrical,
part_master,PT02105,part_category,Missing part category,Completeness,High,Undercarriage,
part_master,PT01384,part_category,Missing part category,Completeness,High,Electrical,
part_master,PT03955,part_category,Missing part category,Completeness,High,Cab,
part_master,PT04178,part_category,Missing part category,Completeness,High,Hardware,
part_master,PT02556,part_category,Missing part category,Completeness,High,Hydraulics,
part_master,PT00591,part_category,Missing part category,Completeness,High,Hydraulics,
part_master,PT04414,part_category,Missing part category,Completeness,High,Fluids,
part_master,PT04027,part_category,Missing part category,Completeness,High,Hardware,
part_master,PT03377,part_category,Missing part category,Completeness,High,Electrical,
part_master,PT00869,part_category,Missing part category,Completeness,High,Hydraulics,
part_master,PT01095,part_category,Missing part category,Completeness,High,Engine,
part_master,PT04135,part_category,Missing part category,Completeness,High,Hardware,
part_master,PT01185,part_category,Missing part category,Completeness,High,Engine,
part_master,PT03496,part_category,Missing part category,Completeness,High,Electrical,
part_master,PT00866,part_category,Missing part category,Completeness,High,Hydraulics,
part_master,PT01307,part_category,Missing part category,Completeness,High,Engine,
part_master,PT02291,part_category,Missing part category,Completeness,High,Ground Engaging Tools,
part_master,PT03782,part_category,Missing part category,Completeness,High,Cooling,
part_master,PT03673,part_category,Missing part category,Completeness,High,Cooling,
part_master,PT02348,part_category,Missing part category,Completeness,High,Ground Engaging Tools,
part_master,PT04138,part_category,Missing part category,Completeness,High,Hardware,
part_master,PT00601,part_category,Missing part category,Completeness,High,Hydraulics,
part_master,PT02553,part_category,Missing part category,Completeness,High,Hydraulics,
part_master,PT00305,part_category,Missing part category,Completeness,High,Undercarriage,
part_master,PT03335,part_category,Missing part category,Completeness,High,Electrical,
part_master,PT00998,part_category,Missing part category,Completeness,High,Engine,
part_master,PT01455,part_category,Missing part category,Completeness,High,Electrical,
part_master,PT03753,part_category,Missing part category,Completeness,High,Cooling,
part_master,PT02843,part_category,Missing part category,Completeness,High,Power Train,
part_master,PT03291,part_category,Missing part category,Completeness,High,Engine,
part_master,PT00740,part_category,Missing part category,Completeness,High,Hydraulics,
part_master,PT00088,part_category,Missing part category,Completeness,High,Undercarriage,
part_master,PT02411,part_category,Missing part category,Completeness,High,Ground Engaging Tools,
part_master,PT00302,part_category,Missing part category,Completeness,High,Undercarriage,
part_master,PT03485,part_category,Missing part category,Completeness,High,Electrical,
part_master,PT03869,part_category,Missing part category,Completeness,High,Cab,
part_master,PT01538,part_category,Missing part category,Completeness,High,Electrical,
part_master,PT01174,part_category,Missing part category,Completeness,High,Engine,
part_master,PT02652,part_category,Missing part category,Completeness,High,Power Train,
part_master,PT04270,part_category,Missing part category,Completeness,High,Tires,
part_master,PT03218,part_category,Missing part category,Completeness,High,Engine,
part_master,PT04124,part_category,Missing part category,Completeness,High,Hardware,
part_master,PT02181,part_category,Missing part category,Completeness,High,Ground Engaging Tools,
part_master,PT04266,part_category,Missing part category,Completeness,High,Tires,
part_master,PT00248,part_category,Missing part category,Completeness,High,Undercarriage,
part_master,PT03101,part_category,Missing part category,Completeness,High,Engine,
part_master,PT01309,part_category,Missing part category,Completeness,High,Engine,
part_master,PT02261,part_category,Missing part category,Completeness,High,Ground Engaging Tools,
part_master,PT03770,part_category,Missing part category,Completeness,High,Cooling,
part_master,PT00609,part_category,Missing part category,Completeness,High,Hydraulics,
part_master,PT03172,part_category,Missing part category,Completeness,High,Engine,
part_master,PT02847,part_category,Missing part category,Completeness,High,Power Train,
part_master,PT03209,part_category,Missing part category,Completeness,High,Engine,
part_master,PT01592,part_category,Missing part category,Completeness,High,Electrical,
part_master,PT04387,part_category,Missing part category,Completeness,High,Tires,
part_master,PT03436,part_category,Missing part category,Completeness,High,Electrical,
part_master,PT02597,part_category,Missing part category,Completeness,High,Hydraulics,
part_master,PT00570,part_category,Missing part category,Completeness,High,Ground Engaging Tools,
part_master,PT01494,part_category,Missing part category,Completeness,High,Electrical,
part_master,PT00210,part_category,Missing part category,Completeness,High,Undercarriage,
part_master,PT02755,part_category,Missing part category,Completeness,High,Power Train,
part_master,PT02154,part_category,Missing part category,Completeness,High,Undercarriage,
part_master,PT00909,part_category,Missing part category,Completeness,High,Engine,
part_master,PT02907,part_category,Missing part category,Completeness,High,Power Train,
part_master,PT01055,part_category,Missing part category,Completeness,High,Engine,
part_master,PT04116,part_category,Missing part category,Completeness,High,Hardware,
part_master,PT00216,part_category,Missing part category,Completeness,High,Undercarriage,
part_master,PT03961,part_category,Missing part category,Completeness,High,Hardware,
part_master,PT04106,part_category,Missing part category,Completeness,High,Hardware,
part_master,PT03450,part_category,Missing part category,Completeness,High,Electrical,
part_master,PT02453,part_category,Missing part category,Completeness,High,Ground Engaging Tools,
part_master,PT03806,part_category,Missing part category,Completeness,High,Cab,
part_master,PT00064,part_category,Missing part category,Completeness,High,Undercarriage,
part_master,PT00931,part_category,Missing part category,Completeness,High,Engine,
part_master,PT03444,part_category,Missing part category,Completeness,High,Electrical,
part_master,PT03075,part_category,Missing part category,Completeness,High,Engine,
part_master,PT01135,part_category,Missing part category,Completeness,High,Engine,
part_master,PT00136,part_category,Missing part category,Completeness,High,Undercarriage,
part_master,PT01237,part_category,Missing part category,Completeness,High,Engine,
part_master,PT01962,part_category,Missing part category,Completeness,High,Undercarriage,
part_master,PT01582,part_category,Missing part category,Completeness,High,Electrical,
part_master,PT03116,part_category,Missing part category,Completeness,High,Engine,
part_master,PT01029,part_category,Missing part category,Completeness,High,Engine,
part_master,PT04028,part_category,Missing part category,Completeness,High,Hardware,
part_master,PT00249,part_category,Missing part category,Completeness,High,Undercarriage,
part_master,PT03278,part_category,Missing part category,Completeness,High,Engine,
part_master,PT03041,part_category,Missing part category,Completeness,High,Engine,
part_master,PT02000,part_category,Missing part category,Completeness,High,Undercarriage,
part_master,PT00592,part_category,Missing part category,Completeness,High,Hydraulics,
part_master,PT01708,part_category,Missing part category,Completeness,High,Filters,
part_master,PT02712,part_category,Missing part category,Completeness,High,Power Train,
part_master,PT01128,part_category,Missing part category,Completeness,High,Engine,
part_master,PT01653,part_category,Missing part category,Completeness,High,Filters,
part_master,PT02686,part_category,Missing part category,Completeness,High,Power Train,
part_master,PT02414,part_category,Missing part category,Completeness,High,Ground Engaging Tools,
part_master,PT01851,part_category,Missing part category,Completeness,High,Cooling,
part_master,PT02994,part_category,Missing part category,Completeness,High,Engine,
part_master,PT00556,part_category,Missing part category,Completeness,High,Ground Engaging Tools,
part_master,PT01333,part_category,Missing part category,Completeness,High,Electrical,
part_master,PT00157,part_category,Missing part category,Completeness,High,Undercarriage,
part_master,PT02552,part_category,Missing part category,Completeness,High,Hydraulics,
part_master,PT02945,part_category,Missing part category,Completeness,High,Engine,
part_master,PT03405,criticality,Missing criticality,Completeness,High,Medium,
part_master,PT01795,criticality,Missing criticality,Completeness,High,Medium,
part_master,PT02901,criticality,Missing criticality,Completeness,High,Medium,
part_master,PT02981,criticality,Missing criticality,Completeness,High,High,
part_master,PT01131,criticality,Missing criticality,Completeness,High,High,
part_master,PT02377,criticality,Missing criticality,Completeness,High,Low,
part_master,PT00394,criticality,Missing criticality,Completeness,High,Medium,
part_master,PT02782,criticality,Missing criticality,Completeness,High,Medium,
part_master,PT00321,criticality,Missing criticality,Completeness,High,High,
part_master,PT00469,criticality,Missing criticality,Completeness,High,Medium,
part_master,PT02274,criticality,Missing criticality,Completeness,High,Medium,
part_master,PT02589,criticality,Missing criticality,Completeness,High,High,
part_master,PT00719,criticality,Missing criticality,Completeness,High,High,
part_master,PT00180,criticality,Missing criticality,Completeness,High,High,
part_master,PT03270,criticality,Missing criticality,Completeness,High,High,
part_master,PT03124,criticality,Missing criticality,Completeness,High,High,
part_master,PT03338,criticality,Missing criticality,Completeness,High,High,
part_master,PT00104,criticality,Missing criticality,Completeness,High,High,
part_master,PT03059,criticality,Missing criticality,Completeness,High,High,
part_master,PT04207,criticality,Missing criticality,Completeness,High,Low,
part_master,PT00363,criticality,Missing criticality,Completeness,High,Medium,
part_master,PT02587,criticality,Missing criticality,Completeness,High,High,
part_master,PT01282,criticality,Missing criticality,Completeness,High,Low,
part_master,PT02139,criticality,Missing criticality,Completeness,High,High,
part_master,PT01730,criticality,Missing criticality,Completeness,High,Medium,
part_master,PT04128,criticality,Missing criticality,Completeness,High,Low,
part_master,PT00699,criticality,Missing criticality,Completeness,High,High,
part_master,PT02760,criticality,Missing criticality,Completeness,High,High,
part_master,PT04314,criticality,Missing criticality,Completeness,High,High,
part_master,PT04190,criticality,Missing criticality,Completeness,High,Low,
part_master,PT02017,criticality,Missing criticality,Completeness,High,Medium,
part_master,PT01336,criticality,Missing criticality,Completeness,High,Medium,
part_master,PT01272,criticality,Missing criticality,Completeness,High,Low,
part_master,PT03070,criticality,Missing criticality,Completeness,High,High,
part_master,PT04007,criticality,Missing criticality,Completeness,High,Low,
part_master,PT00460,criticality,Missing criticality,Completeness,High,Medium,
part_master,PT01381,criticality,Missing criticality,Completeness,High,Medium,
part_master,PT00908,criticality,Missing criticality,Completeness,High,High,
part_master,PT00880,criticality,Missing criticality,Completeness,High,High,
part_master,PT03373,criticality,Missing criticality,Completeness,High,High,
part_master,PT03199,criticality,Missing criticality,Completeness,High,High,
part_master,PT03297,criticality,Missing criticality,Completeness,High,High,
part_master,PT00355,criticality,Missing criticality,Completeness,High,Medium,
part_master,PT01317,criticality,Missing criticality,Completeness,High,Low,
part_master,PT04416,criticality,Missing criticality,Completeness,High,Medium,
part_master,PT01491,criticality,Missing criticality,Completeness,High,Medium,
part_master,PT04299,criticality,Missing criticality,Completeness,High,High,
part_master,PT00768,criticality,Missing criticality,Completeness,High,Medium,
part_master,PT02108,criticality,Missing criticality,Completeness,High,High,
part_master,PT04145,criticality,Missing criticality,Completeness,High,Low,
part_master,PT03227,criticality,Missing criticality,Completeness,High,High,
part_master,PT02867,criticality,Missing criticality,Completeness,High,Medium,
part_master,PT03560,criticality,Missing criticality,Completeness,High,Low,
part_master,PT00775,criticality,Missing criticality,Completeness,High,Medium,
part_master,PT03951,criticality,Missing criticality,Completeness,High,Low,
part_master,PT00905,criticality,Missing criticality,Completeness,High,High,
part_master,PT02997,criticality,Missing criticality,Completeness,High,High,
part_master,PT02115,criticality,Missing criticality,Completeness,High,High,
part_master,PT01541,criticality,Missing criticality,Completeness,High,Medium,
part_master,PT03146,criticality,Missing criticality,Completeness,High,Medium,
part_master,PT00711,criticality,Missing criticality,Completeness,High,High,
part_master,PT00565,criticality,Missing criticality,Completeness,High,Medium,
part_master,PT01977,criticality,Missing criticality,Completeness,High,Medium,
part_master,PT01806,criticality,Missing criticality,Completeness,High,High,
part_master,PT01824,criticality,Missing criticality,Completeness,High,High,
part_master,PT03096,criticality,Missing criticality,Completeness,High,High,
part_master,PT03184,criticality,Missing criticality,Completeness,High,Medium,
part_master,PT02504,criticality,Missing criticality,Completeness,High,High,
part_master,PT02334,criticality,Missing criticality,Completeness,High,Low,
part_master,PT01612,criticality,Missing criticality,Completeness,High,Medium,
part_master,PT02317,criticality,Missing criticality,Completeness,High,Medium,
part_master,PT03821,criticality,Missing criticality,Completeness,High,Low,
part_master,PT02310,criticality,Missing criticality,Completeness,High,Medium,
part_master,PT01874,criticality,Missing criticality,Completeness,High,Medium,
part_master,PT00430,criticality,Missing criticality,Completeness,High,Medium,
part_master,PT01907,criticality,Missing criticality,Completeness,High,Medium,
part_master,PT02413,criticality,Missing criticality,Completeness,High,Medium,
part_master,PT01161,criticality,Missing criticality,Completeness,High,Medium,
part_master,PT03525,criticality,Missing criticality,Completeness,High,Low,
part_master,PT03815,criticality,Missing criticality,Completeness,High,Low,
part_master,PT02198,criticality,Missing criticality,Completeness,High,Medium,
part_master,PT02795,criticality,Missing criticality,Completeness,High,Medium,
part_master,PT03242,criticality,Missing criticality,Completeness,High,High,
part_master,PT03558,criticality,Missing criticality,Completeness,High,Low,
part_master,PT00529,criticality,Missing criticality,Completeness,High,Medium,
part_master,PT00893,criticality,Missing criticality,Completeness,High,High,
part_master,PT02696,criticality,Missing criticality,Completeness,High,High,
part_master,PT02869,criticality,Missing criticality,Completeness,High,Medium,
part_master,PT03269,criticality,Missing criticality,Completeness,High,High,
part_master,PT00632,criticality,Missing criticality,Completeness,High,High,
part_master,PT03352,criticality,Missing criticality,Completeness,High,High,
part_master,PT00028,criticality,Missing criticality,Completeness,High,High,
part_master,PT03137,criticality,Missing criticality,Completeness,High,Medium,
part_master,PT02518,criticality,Missing criticality,Completeness,High,High,
part_master,PT00472,criticality,Missing criticality,Completeness,High,Medium,
part_master,PT03032,criticality,Missing criticality,Completeness,High,High,
part_master,PT03595,criticality,Missing criticality,Completeness,High,Low,
part_master,PT04042,criticality,Missing criticality,Completeness,High,Low,
part_master,PT03505,criticality,Missing criticality,Completeness,High,Low,
part_master,PT03421,criticality,Missing criticality,Completeness,High,Medium,
part_master,PT00225,criticality,Missing criticality,Completeness,High,High,
part_master,PT00624,criticality,Missing criticality,Completeness,High,High,
part_master,PT03859,criticality,Missing criticality,Completeness,High,Low,
part_master,PT01291,criticality,Missing criticality,Completeness,High,Low,
part_master,PT03121,criticality,Missing criticality,Completeness,High,High,
part_master,PT00786,criticality,Missing criticality,Completeness,High,Medium,
part_master,PT02329,criticality,Missing criticality,Completeness,High,Low,
part_master,PT03860,criticality,Missing criticality,Completeness,High,Low,
part_master,PT01864,criticality,Missing criticality,Completeness,High,Medium,
part_master,PT00140,criticality,Missing criticality,Completeness,High,High,
part_master,PT03707,criticality,Missing criticality,Completeness,High,Medium,
part_master,PT02396,criticality,Missing criticality,Completeness,High,Low,
part_master,PT00234,criticality,Missing criticality,Completeness,High,High,
part_master,PT01225,criticality,Missing criticality,Completeness,High,Medium,
part_master,PT03739,criticality,Missing criticality,Completeness,High,Low,
part_master,PT04080,criticality,Missing criticality,Completeness,High,Low,
part_master,PT01097,criticality,Missing criticality,Completeness,High,High,
part_master,PT04066,criticality,Missing criticality,Completeness,High,Low,
part_master,PT01658,criticality,Missing criticality,Completeness,High,Low,
part_master,PT00103,criticality,Missing criticality,Completeness,High,High,
part_master,PT00917,criticality,Missing criticality,Completeness,High,High,
part_master,PT03501,criticality,Missing criticality,Completeness,High,Low,
part_master,PT02497,criticality,Missing criticality,Completeness,High,High,
part_master,PT03239,criticality,Missing criticality,Completeness,High,High,
part_master,PT03056,criticality,Missing criticality,Completeness,High,High,
part_master,PT01250,criticality,Missing criticality,Completeness,High,Low,
part_master,PT00866,criticality,Missing criticality,Completeness,High,High,
part_master,PT03893,criticality,Missing criticality,Completeness,High,Low,
part_master,PT02394,criticality,Missing criticality,Completeness,High,Low,
part_master,PT03047,criticality,Missing criticality,Completeness,High,High,
part_master,PT03208,criticality,Missing criticality,Completeness,High,High,
part_master,PT02575,criticality,Missing criticality,Completeness,High,High,
part_master,PT04388,criticality,Missing criticality,Completeness,High,Medium,
part_master,PT02183,criticality,Missing criticality,Completeness,High,Medium,
part_master,PT01601,criticality,Missing criticality,Completeness,High,Medium,
part_master,PT03472,criticality,Missing criticality,Completeness,High,Low,
part_master,PT02424,criticality,Missing criticality,Completeness,High,Medium,
part_master,PT02485,criticality,Missing criticality,Completeness,High,High,
part_master,PT01855,criticality,Missing criticality,Completeness,High,High,
part_master,PT00185,criticality,Missing criticality,Completeness,High,High,
part_master,PT03210,criticality,Missing criticality,Completeness,High,High,
part_master,PT04281,criticality,Missing criticality,Completeness,High,High,
part_master,PT02242,criticality,Missing criticality,Completeness,High,Medium,
part_master,PT00872,criticality,Missing criticality,Completeness,High,High,
part_master,PT02488,criticality,Missing criticality,Completeness,High,High,
part_master,PT03063,criticality,Missing criticality,Completeness,High,High,
part_master,PT03820,criticality,Missing criticality,Completeness,High,Low,
part_master,PT02898,criticality,Missing criticality,Completeness,High,Medium,
part_master,PT02845,criticality,Missing criticality,Completeness,High,Medium,
part_master,PT03724,criticality,Missing criticality,Completeness,High,Medium,
part_master,PT01614,criticality,Missing criticality,Completeness,High,Medium,
part_master,PT00538,criticality,Missing criticality,Completeness,High,Medium,
part_master,PT02805,criticality,Missing criticality,Completeness,High,Medium,
part_master,PT03475,criticality,Missing criticality,Completeness,High,Low,
part_master,PT03703,criticality,Missing criticality,Completeness,High,Medium,
part_master,PT03841,criticality,Missing criticality,Completeness,High,Low,
part_master,PT01074,criticality,Missing criticality,Completeness,High,High,
part_master,PT04337,criticality,Missing criticality,Completeness,High,High,
part_master,PT00659,criticality,Missing criticality,Completeness,High,High,
part_master,PT02817,criticality,Missing criticality,Completeness,High,Medium,
part_master,PT03477,criticality,Missing criticality,Completeness,High,Low,
part_master,PT00688,criticality,Missing criticality,Completeness,High,High,
part_master,PT00175,criticality,Missing criticality,Completeness,High,High,
part_master,PT01025,criticality,Missing criticality,Completeness,High,High,
part_master,PT01857,criticality,Missing criticality,Completeness,High,Medium,
part_master,PT01321,criticality,Missing criticality,Completeness,High,Low,
part_master,PT03941,criticality,Missing criticality,Completeness,High,Low,
part_master,PT03299,criticality,Missing criticality,Completeness,High,High,
part_master,PT01767,criticality,Missing criticality,Completeness,High,Medium,
part_master,PT00740,criticality,Missing criticality,Completeness,High,High,
part_master,PT03231,criticality,Missing criticality,Completeness,High,High,
part_master,PT02328,criticality,Missing criticality,Completeness,High,Low,
part_master,PT04091,criticality,Missing criticality,Completeness,High,Low,
part_master,PT01689,criticality,Missing criticality,Completeness,High,Low,
part_master,PT03694,criticality,Missing criticality,Completeness,High,Medium,
part_master,PT03222,criticality,Missing criticality,Completeness,High,High,
part_master,PT04288,unit_cost_usd,"Zero, negative, or missing unit cost",Validity,High,12969.64,
part_master,PT03800,unit_cost_usd,"Zero, negative, or missing unit cost",Validity,High,928.23,
part_master,PT03141,unit_cost_usd,"Zero, negative, or missing unit cost",Validity,High,138.24,-138.24
part_master,PT03003,unit_cost_usd,"Zero, negative, or missing unit cost",Validity,High,4816.11,0
part_master,PT03347,unit_cost_usd,"Zero, negative, or missing unit cost",Validity,High,2810.76,0
part_master,PT02421,unit_cost_usd,"Zero, negative, or missing unit cost",Validity,High,359.28,-359.28
part_master,PT04093,unit_cost_usd,"Zero, negative, or missing unit cost",Validity,High,3.91,0
part_master,PT00896,unit_cost_usd,"Zero, negative, or missing unit cost",Validity,High,4402.36,-4402.36
part_master,PT04369,unit_cost_usd,"Zero, negative, or missing unit cost",Validity,High,391.34,
part_master,PT00657,unit_cost_usd,"Zero, negative, or missing unit cost",Validity,High,164.0,-164.0
part_master,PT03952,unit_cost_usd,"Zero, negative, or missing unit cost",Validity,High,50.04,-50.04
part_master,PT02920,unit_cost_usd,"Zero, negative, or missing unit cost",Validity,High,566.38,
part_master,PT01860,unit_cost_usd,"Zero, negative, or missing unit cost",Validity,High,33.59,-33.59
part_master,PT02181,unit_cost_usd,"Zero, negative, or missing unit cost",Validity,High,1545.16,
part_master,PT00320,unit_cost_usd,"Zero, negative, or missing unit cost",Validity,High,5829.91,0
part_master,PT03542,unit_cost_usd,"Zero, negative, or missing unit cost",Validity,High,38.72,
part_master,PT00883,unit_cost_usd,"Zero, negative, or missing unit cost",Validity,High,4831.53,
part_master,PT03615,unit_cost_usd,"Zero, negative, or missing unit cost",Validity,High,349.89,
part_master,PT02820,unit_cost_usd,"Zero, negative, or missing unit cost",Validity,High,251.84,
part_master,PT00930,unit_cost_usd,"Zero, negative, or missing unit cost",Validity,High,1060.29,0
part_master,PT00714,unit_cost_usd,"Zero, negative, or missing unit cost",Validity,High,10355.88,-10355.88
part_master,PT03977,unit_cost_usd,"Zero, negative, or missing unit cost",Validity,High,3.5,
part_master,PT02590,unit_cost_usd,"Zero, negative, or missing unit cost",Validity,High,9810.87,-9810.87
part_master,PT03434,unit_cost_usd,"Zero, negative, or missing unit cost",Validity,High,1291.3,0
part_master,PT01788,unit_cost_usd,"Zero, negative, or missing unit cost",Validity,High,49.97,0
part_master,PT02320,unit_cost_usd,"Zero, negative, or missing unit cost",Validity,High,10.14,0
part_master,PT02289,unit_cost_usd,"Zero, negative, or missing unit cost",Validity,High,70.42,-70.42
part_master,PT00479,unit_cost_usd,"Zero, negative, or missing unit cost",Validity,High,129.85,-129.85
part_master,PT03379,unit_cost_usd,"Zero, negative, or missing unit cost",Validity,High,4422.29,0
part_master,PT00409,unit_cost_usd,"Zero, negative, or missing unit cost",Validity,High,237.59,0
part_master,PT01249,unit_cost_usd,"Zero, negative, or missing unit cost",Validity,High,36.11,0
part_master,PT00966,unit_cost_usd,"Zero, negative, or missing unit cost",Validity,High,696.7,0
part_master,PT00286,unit_cost_usd,"Zero, negative, or missing unit cost",Validity,High,343.64,-343.64
part_master,PT00830,unit_cost_usd,"Zero, negative, or missing unit cost",Validity,High,80.08,-80.08
part_master,PT03137,unit_cost_usd,"Zero, negative, or missing unit cost",Validity,High,68.89,
part_master,PT01496,unit_cost_usd,"Zero, negative, or missing unit cost",Validity,High,597.84,-597.84
part_master,PT03550,unit_cost_usd,"Zero, negative, or missing unit cost",Validity,High,29.33,
part_master,PT03403,unit_cost_usd,"Zero, negative, or missing unit cost",Validity,High,1044.54,0
part_master,PT03439,unit_cost_usd,"Zero, negative, or missing unit cost",Validity,High,1427.17,-1427.17
part_master,PT03936,unit_cost_usd,"Zero, negative, or missing unit cost",Validity,High,65.74,-65.74
part_master,PT01332,unit_cost_usd,"Zero, negative, or missing unit cost",Validity,High,999.67,
part_master,PT03727,unit_cost_usd,"Zero, negative, or missing unit cost",Validity,High,69.45,
part_master,PT04132,unit_cost_usd,"Zero, negative, or missing unit cost",Validity,High,4.01,
part_master,PT01958,unit_cost_usd,"Zero, negative, or missing unit cost",Validity,High,80.28,0
part_master,PT01759,unit_cost_usd,"Zero, negative, or missing unit cost",Validity,High,35.29,
part_master,PT01435,unit_cost_usd,"Zero, negative, or missing unit cost",Validity,High,908.76,
part_master,PT01457,unit_cost_usd,"Zero, negative, or missing unit cost",Validity,High,872.66,
part_master,PT03108,unit_cost_usd,"Zero, negative, or missing unit cost",Validity,High,666.08,
part_master,PT01704,unit_cost_usd,"Zero, negative, or missing unit cost",Validity,High,28.54,
part_master,PT04032,unit_cost_usd,"Zero, negative, or missing unit cost",Validity,High,2.25,0
part_master,PT01634,unit_cost_usd,"Zero, negative, or missing unit cost",Validity,High,332.54,-332.54
part_master,PT00534,unit_cost_usd,"Zero, negative, or missing unit cost",Validity,High,111.13,
part_master,PT03384,unit_cost_usd,"Zero, negative, or missing unit cost",Validity,High,2201.43,-2201.43
part_master,PT04233,unit_cost_usd,"Zero, negative, or missing unit cost",Validity,High,1.02,-1.02
part_master,PT01429,unit_cost_usd,"Zero, negative, or missing unit cost",Validity,High,652.91,
part_master,PT02496,unit_cost_usd,"Zero, negative, or missing unit cost",Validity,High,5181.65,
part_master,PT01585,unit_cost_usd,"Zero, negative, or missing unit cost",Validity,High,245.4,0
part_master,PT03445,unit_cost_usd,"Zero, negative, or missing unit cost",Validity,High,2013.34,0
part_master,PT04098,unit_cost_usd,"Zero, negative, or missing unit cost",Validity,High,6.49,-6.49
part_master,PT00585,unit_cost_usd,"Zero, negative, or missing unit cost",Validity,High,189.24,-189.24
part_master,PT01035,unit_cost_usd,"Zero, negative, or missing unit cost",Validity,High,746.69,
part_master,PT00379,unit_cost_usd,"Zero, negative, or missing unit cost",Validity,High,285.51,0
part_master,PT00367,unit_cost_usd,"Zero, negative, or missing unit cost",Validity,High,458.65,0
part_master,PT03527,unit_cost_usd,"Zero, negative, or missing unit cost",Validity,High,23.51,0
part_master,PT03873,unit_cost_usd,"Zero, negative, or missing unit cost",Validity,High,328.19,0
part_master,PT03677,unit_cost_usd,"Zero, negative, or missing unit cost",Validity,High,171.96,
part_master,PT01294,unit_cost_usd,"Zero, negative, or missing unit cost",Validity,High,38.78,-38.78
part_master,PT03458,unit_cost_usd,"Zero, negative, or missing unit cost",Validity,High,26.36,0
part_master,PT03758,unit_cost_usd,"Zero, negative, or missing unit cost",Validity,High,46.2,
part_master,PT00988,unit_cost_usd,"Zero, negative, or missing unit cost",Validity,High,513.37,0
part_master,PT03035,unit_cost_usd,"Zero, negative, or missing unit cost",Validity,High,853.61,0
part_master,PT03457,unit_cost_usd,"Zero, negative, or missing unit cost",Validity,High,1154.86,0
part_master,PT00707,unit_cost_usd,"Zero, negative, or missing unit cost",Validity,High,9152.56,0
part_master,PT02472,unit_cost_usd,"Zero, negative, or missing unit cost",Validity,High,6889.17,0
part_master,PT03840,unit_cost_usd,"Zero, negative, or missing unit cost",Validity,High,268.54,
part_master,PT00122,unit_cost_usd,"Zero, negative, or missing unit cost",Validity,High,580.98,
part_master,PT00598,unit_cost_usd,"Zero, negative, or missing unit cost",Validity,High,88.74,-88.74
part_master,PT01292,unit_cost_usd,"Zero, negative, or missing unit cost",Validity,High,31.43,0
part_master,PT01732,unit_cost_usd,"Zero, negative, or missing unit cost",Validity,High,51.16,
part_master,PT02094,unit_cost_usd,"Zero, negative, or missing unit cost",Validity,High,360.27,-360.27
part_master,PT02923,unit_cost_usd,"Zero, negative, or missing unit cost",Validity,High,492.4,0
part_master,PT02398,unit_cost_usd,"Zero, negative, or missing unit cost",Validity,High,6.84,
part_master,PT00644,unit_cost_usd,"Zero, negative, or missing unit cost",Validity,High,94.93,
part_master,PT03129,unit_cost_usd,"Zero, negative, or missing unit cost",Validity,High,753.75,-753.75
part_master,PT02259,unit_cost_usd,"Zero, negative, or missing unit cost",Validity,High,80.78,-80.78
part_master,PT03168,unit_cost_usd,"Zero, negative, or missing unit cost",Validity,High,117.33,
part_master,PT00224,unit_cost_usd,"Zero, negative, or missing unit cost",Validity,High,1502.92,0
part_master,PT03994,unit_cost_usd,"Zero, negative, or missing unit cost",Validity,High,3.0,-3.0
part_master,PT00881,unit_cost_usd,"Zero, negative, or missing unit cost",Validity,High,5008.29,
part_master,PT02877,unit_cost_usd,"Zero, negative, or missing unit cost",Validity,High,144.6,
part_master,PT00346,unit_cost_usd,"Zero, negative, or missing unit cost",Validity,High,3402.9,0
part_master,PT00010,unit_cost_usd,"Zero, negative, or missing unit cost",Validity,High,86.0,
part_master,PT03536,unit_cost_usd,"Zero, negative, or missing unit cost",Validity,High,25.58,-25.58
part_master,PT03223,unit_cost_usd,"Zero, negative, or missing unit cost",Validity,High,317.67,-317.67
part_master,PT02845,unit_cost_usd,"Zero, negative, or missing unit cost",Validity,High,117.38,0
part_master,PT01359,unit_cost_usd,"Zero, negative, or missing unit cost",Validity,High,529.11,
part_master,PT02717,unit_cost_usd,"Zero, negative, or missing unit cost",Validity,High,9464.43,
part_master,PT01641,unit_cost_usd,"Zero, negative, or missing unit cost",Validity,High,138.07,0
part_master,PT00411,unit_cost_usd,"Zero, negative, or missing unit cost",Validity,High,555.57,-555.57
part_master,PT00259,unit_cost_usd,"Zero, negative, or missing unit cost",Validity,High,2405.03,
part_master,PT02133,unit_cost_usd,"Zero, negative, or missing unit cost",Validity,High,1514.97,-1514.97
part_master,PT02686,unit_cost_usd,"Zero, negative, or missing unit cost",Validity,High,8517.42,-8517.42
part_master,PT03068,unit_cost_usd,"Zero, negative, or missing unit cost",Validity,High,910.46,0
part_master,PT03846,unit_cost_usd,"Zero, negative, or missing unit cost",Validity,High,568.11,
part_master,PT04172,unit_cost_usd,"Zero, negative, or missing unit cost",Validity,High,1.13,-1.13
part_master,PT03278,unit_cost_usd,"Zero, negative, or missing unit cost",Validity,High,642.74,
part_master,PT04375,unit_cost_usd,"Zero, negative, or missing unit cost",Validity,High,540.75,
part_master,PT02750,unit_cost_usd,"Zero, negative, or missing unit cost",Validity,High,13831.75,-13831.75
part_master,PT01494,unit_cost_usd,"Zero, negative, or missing unit cost",Validity,High,275.0,0
part_master,PT01230,unit_cost_usd,"Zero, negative, or missing unit cost",Validity,High,27.18,-27.18
part_master,PT01242,unit_cost_usd,"Zero, negative, or missing unit cost",Validity,High,49.53,-49.53
part_master,PT01033,unit_cost_usd,"Zero, negative, or missing unit cost",Validity,High,419.99,-419.99
part_master,PT00429,unit_cost_usd,"Zero, negative, or missing unit cost",Validity,High,151.91,0
part_master,PT00152,unit_cost_usd,"Zero, negative, or missing unit cost",Validity,High,577.43,
part_master,PT03153,unit_cost_usd,"Zero, negative, or missing unit cost",Validity,High,158.05,-158.05
part_master,PT02839,unit_cost_usd,"Zero, negative, or missing unit cost",Validity,High,130.26,-130.26
part_master,PT03919,unit_cost_usd,"Zero, negative, or missing unit cost",Validity,High,106.95,-106.95
part_master,PT03701,unit_cost_usd,"Zero, negative, or missing unit cost",Validity,High,319.54,-319.54
part_master,PT02506,unit_cost_usd,"Zero, negative, or missing unit cost",Validity,High,7233.28,-7233.28
part_master,PT00945,unit_cost_usd,"Zero, negative, or missing unit cost",Validity,High,594.56,0
part_master,PT02433,unit_cost_usd,"Zero, negative, or missing unit cost",Validity,High,217.56,
part_master,PT02230,unit_cost_usd,"Zero, negative, or missing unit cost",Validity,High,545.5,-545.5
part_master,PT01111,unit_cost_usd,"Zero, negative, or missing unit cost",Validity,High,2231.93,0
part_master,PT00461,unit_cost_usd,"Zero, negative, or missing unit cost",Validity,High,183.26,0
part_master,PT00680,unit_cost_usd,"Zero, negative, or missing unit cost",Validity,High,9864.13,0
part_master,PT04159,unit_cost_usd,"Zero, negative, or missing unit cost",Validity,High,0.91,0
part_master,PT00021,unit_cost_usd,"Zero, negative, or missing unit cost",Validity,High,149.01,0
part_master,PT01728,unit_cost_usd,"Zero, negative, or missing unit cost",Validity,High,43.3,
part_master,PT02337,unit_cost_usd,"Zero, negative, or missing unit cost",Validity,High,6.05,0
part_master,PT01180,unit_cost_usd,"Zero, negative, or missing unit cost",Validity,High,172.03,
part_master,PT00011,unit_cost_usd,"Zero, negative, or missing unit cost",Validity,High,46.0,-46.0
part_master,PT03102,unit_cost_usd,"Zero, negative, or missing unit cost",Validity,High,724.51,0
part_master,PT00960,unit_cost_usd,Unit cost stored as currency text,Validity,Medium,489.84,$489.84
part_master,PT04043,unit_cost_usd,Unit cost stored as currency text,Validity,Medium,2.84,$2.84
part_master,PT03213,unit_cost_usd,Unit cost stored as currency text,Validity,Medium,388.92,$388.92
part_master,PT00689,unit_cost_usd,Unit cost stored as currency text,Validity,Medium,11233.03,"$11,233.03"
part_master,PT00334,unit_cost_usd,Unit cost stored as currency text,Validity,Medium,4944.64,"$4,944.64"
part_master,PT01627,unit_cost_usd,Unit cost stored as currency text,Validity,Medium,325.34,$325.34
part_master,PT01128,unit_cost_usd,Unit cost stored as currency text,Validity,Medium,2047.54,"$2,047.54"
part_master,PT00856,unit_cost_usd,Unit cost stored as currency text,Validity,Medium,124.33,$124.33
part_master,PT03274,unit_cost_usd,Unit cost stored as currency text,Validity,Medium,764.18,$764.18
part_master,PT02834,unit_cost_usd,Unit cost stored as currency text,Validity,Medium,111.54,$111.54
part_master,PT04201,unit_cost_usd,Unit cost stored as currency text,Validity,Medium,0.61,$0.61
part_master,PT00040,unit_cost_usd,Unit cost stored as currency text,Validity,Medium,140.32,$140.32
part_master,PT03844,unit_cost_usd,Unit cost stored as currency text,Validity,Medium,456.6,$456.60
part_master,PT01257,unit_cost_usd,Unit cost stored as currency text,Validity,Medium,34.74,$34.74
part_master,PT03162,unit_cost_usd,Unit cost stored as currency text,Validity,Medium,169.34,$169.34
part_master,PT03982,unit_cost_usd,Unit cost stored as currency text,Validity,Medium,1.99,$1.99
part_master,PT00284,unit_cost_usd,Unit cost stored as currency text,Validity,Medium,313.88,$313.88
part_master,PT02770,unit_cost_usd,Unit cost stored as currency text,Validity,Medium,12424.58,"$12,424.58"
part_master,PT00635,unit_cost_usd,Unit cost stored as currency text,Validity,Medium,133.1,$133.10
part_master,PT00959,unit_cost_usd,Unit cost stored as currency text,Validity,Medium,929.57,$929.57
part_master,PT01880,unit_cost_usd,Unit cost stored as currency text,Validity,Medium,71.89,$71.89
part_master,PT04383,unit_cost_usd,Unit cost stored as currency text,Validity,Medium,425.39,$425.39
part_master,PT01794,unit_cost_usd,Unit cost stored as currency text,Validity,Medium,45.84,$45.84
part_master,PT00520,unit_cost_usd,Unit cost stored as currency text,Validity,Medium,109.27,$109.27
part_master,PT00156,unit_cost_usd,Unit cost stored as currency text,Validity,Medium,662.19,$662.19
part_master,PT02260,unit_cost_usd,Unit cost stored as currency text,Validity,Medium,78.29,$78.29
part_master,PT02851,unit_cost_usd,Unit cost stored as currency text,Validity,Medium,75.24,$75.24
part_master,PT04269,unit_cost_usd,Unit cost stored as currency text,Validity,Medium,11903.36,"$11,903.36"
part_master,PT00734,unit_cost_usd,Unit cost stored as currency text,Validity,Medium,7999.02,"$7,999.02"
part_master,PT03297,unit_cost_usd,Unit cost stored as currency text,Validity,Medium,324.82,$324.82
part_master,PT03933,unit_cost_usd,Unit cost stored as currency text,Validity,Medium,124.96,$124.96
part_master,PT01563,unit_cost_usd,Unit cost stored as currency text,Validity,Medium,200.61,$200.61
part_master,PT00692,unit_cost_usd,Unit cost stored as currency text,Validity,Medium,6797.87,"$6,797.87"
part_master,PT02034,unit_cost_usd,Unit cost stored as currency text,Validity,Medium,497.98,$497.98
part_master,PT00083,unit_cost_usd,Unit cost stored as currency text,Validity,Medium,427.8,$427.80
part_master,PT02264,unit_cost_usd,Unit cost stored as currency text,Validity,Medium,106.92,$106.92
part_master,PT01082,unit_cost_usd,Unit cost stored as currency text,Validity,Medium,2005.71,"$2,005.71"
part_master,PT00278,unit_cost_usd,Unit cost stored as currency text,Validity,Medium,406.94,$406.94
part_master,PT00735,unit_cost_usd,Unit cost stored as currency text,Validity,Medium,10901.32,"$10,901.32"
part_master,PT03053,unit_cost_usd,Unit cost stored as currency text,Validity,Medium,1101.82,"$1,101.82"
part_master,PT00517,unit_cost_usd,Unit cost stored as currency text,Validity,Medium,88.23,$88.23
part_master,PT02919,unit_cost_usd,Unit cost stored as currency text,Validity,Medium,527.82,$527.82
part_master,PT01341,unit_cost_usd,Unit cost stored as currency text,Validity,Medium,896.96,$896.96
part_master,PT03999,unit_cost_usd,Unit cost stored as currency text,Validity,Medium,2.48,$2.48
part_master,PT01903,unit_cost_usd,Unit cost stored as currency text,Validity,Medium,95.41,$95.41
part_master,PT00929,unit_cost_usd,Unit cost stored as currency text,Validity,Medium,437.56,$437.56
part_master,PT00656,unit_cost_usd,Unit cost stored as currency text,Validity,Medium,205.04,$205.04
part_master,PT03667,unit_cost_usd,Unit cost stored as currency text,Validity,Medium,330.8,$330.80
part_master,PT03288,unit_cost_usd,Unit cost stored as currency text,Validity,Medium,616.42,$616.42
part_master,PT02932,unit_cost_usd,Unit cost stored as currency text,Validity,Medium,490.98,$490.98
part_master,PT03435,unit_cost_usd,Unit cost stored as currency text,Validity,Medium,1554.31,"$1,554.31"
part_master,PT04109,unit_cost_usd,Unit cost stored as currency text,Validity,Medium,5.94,$5.94
part_master,PT01556,unit_cost_usd,Unit cost stored as currency text,Validity,Medium,140.58,$140.58
part_master,PT02293,unit_cost_usd,Unit cost stored as currency text,Validity,Medium,87.9,$87.90
part_master,PT00900,unit_cost_usd,Unit cost stored as currency text,Validity,Medium,1035.25,"$1,035.25"
part_master,PT01311,unit_cost_usd,Unit cost stored as currency text,Validity,Medium,41.28,$41.28
part_master,PT04270,unit_cost_usd,Unit cost stored as currency text,Validity,Medium,15669.34,"$15,669.34"
part_master,PT03254,unit_cost_usd,Unit cost stored as currency text,Validity,Medium,593.73,$593.73
part_master,PT02798,unit_cost_usd,Unit cost stored as currency text,Validity,Medium,183.56,$183.56
part_master,PT00198,unit_cost_usd,Unit cost stored as currency text,Validity,Medium,1490.85,"$1,490.85"
part_master,PT02077,unit_cost_usd,Unit cost stored as currency text,Validity,Medium,416.46,$416.46
part_master,PT04317,unit_cost_usd,Unit cost stored as currency text,Validity,Medium,10887.88,"$10,887.88"
part_master,PT02607,unit_cost_usd,Unit cost stored as currency text,Validity,Medium,6330.41,"$6,330.41"
part_master,PT01047,unit_cost_usd,Unit cost stored as currency text,Validity,Medium,668.29,$668.29
part_master,PT00460,unit_cost_usd,Unit cost stored as currency text,Validity,Medium,121.11,$121.11
part_master,PT00803,unit_cost_usd,Unit cost stored as currency text,Validity,Medium,121.13,$121.13
part_master,PT02955,unit_cost_usd,Unit cost stored as currency text,Validity,Medium,4027.05,"$4,027.05"
part_master,PT01564,unit_cost_usd,Unit cost stored as currency text,Validity,Medium,224.51,$224.51
part_master,PT01337,unit_cost_usd,Unit cost stored as currency text,Validity,Medium,913.84,$913.84
part_master,PT01520,unit_cost_usd,Unit cost stored as currency text,Validity,Medium,412.26,$412.26
part_master,PT02211,unit_cost_usd,Unit cost stored as currency text,Validity,Medium,781.01,$781.01
part_master,PT01493,unit_cost_usd,Unit cost stored as currency text,Validity,Medium,751.56,$751.56
part_master,PT02266,unit_cost_usd,Unit cost stored as currency text,Validity,Medium,87.19,$87.19
part_master,PT02130,unit_cost_usd,Unit cost stored as currency text,Validity,Medium,1932.8,"$1,932.80"
part_master,PT02203,unit_cost_usd,Unit cost stored as currency text,Validity,Medium,1108.27,"$1,108.27"
part_master,PT00230,unit_cost_usd,Unit cost stored as currency text,Validity,Medium,1987.09,"$1,987.09"
part_master,PT03340,unit_cost_usd,Unit cost stored as currency text,Validity,Medium,2566.5,"$2,566.50"
part_master,PT03613,unit_cost_usd,Unit cost stored as currency text,Validity,Medium,249.67,$249.67
part_master,PT00720,unit_cost_usd,Unit cost stored as currency text,Validity,Medium,9028.26,"$9,028.26"
part_master,PT02885,unit_cost_usd,Unit cost stored as currency text,Validity,Medium,82.29,$82.29
part_master,PT01482,unit_cost_usd,Unit cost stored as currency text,Validity,Medium,732.16,$732.16
part_master,PT01073,unit_cost_usd,Unit cost stored as currency text,Validity,Medium,3426.25,"$3,426.25"
part_master,PT01125,unit_cost_usd,Unit cost stored as currency text,Validity,Medium,4916.78,"$4,916.78"
part_master,PT00444,unit_cost_usd,Unit cost stored as currency text,Validity,Medium,246.92,$246.92
part_master,PT04104,unit_cost_usd,Unit cost stored as currency text,Validity,Medium,5.78,$5.78
part_master,PT03216,unit_cost_usd,Unit cost stored as currency text,Validity,Medium,438.81,$438.81
part_master,PT02316,unit_cost_usd,Unit cost stored as currency text,Validity,Medium,67.12,$67.12
part_master,PT03230,unit_cost_usd,Unit cost stored as currency text,Validity,Medium,353.84,$353.84
part_master,PT00540,primary_supplier_id,Invalid supplier reference,Integrity,High,S011,CAT
part_master,PT01542,primary_supplier_id,Invalid supplier reference,Integrity,High,S029,S099
part_master,PT01377,primary_supplier_id,Invalid supplier reference,Integrity,High,S003,CAT
part_master,PT02855,primary_supplier_id,Invalid supplier reference,Integrity,High,S002,CAT
part_master,PT02765,primary_supplier_id,Invalid supplier reference,Integrity,High,S003,S099
part_master,PT00974,primary_supplier_id,Invalid supplier reference,Integrity,High,S003,S099
part_master,PT02414,primary_supplier_id,Invalid supplier reference,Integrity,High,S001,CAT
part_master,PT01798,primary_supplier_id,Invalid supplier reference,Integrity,High,S001,
part_master,PT01447,primary_supplier_id,Invalid supplier reference,Integrity,High,S002,CAT
part_master,PT00610,primary_supplier_id,Invalid supplier reference,Integrity,High,S023,CAT
part_master,PT00937,primary_supplier_id,Invalid supplier reference,Integrity,High,S003,
part_master,PT03954,primary_supplier_id,Invalid supplier reference,Integrity,High,S003,CAT
part_master,PT01397,primary_supplier_id,Invalid supplier reference,Integrity,High,S015,
part_master,PT02289,primary_supplier_id,Invalid supplier reference,Integrity,High,S026,
part_master,PT02868,primary_supplier_id,Invalid supplier reference,Integrity,High,S002,S099
part_master,PT03093,primary_supplier_id,Invalid supplier reference,Integrity,High,S003,CAT
part_master,PT00497,primary_supplier_id,Invalid supplier reference,Integrity,High,S026,
part_master,PT02819,primary_supplier_id,Invalid supplier reference,Integrity,High,S003,
part_master,PT00632,primary_supplier_id,Invalid supplier reference,Integrity,High,S003,CAT
part_master,PT04193,primary_supplier_id,Invalid supplier reference,Integrity,High,S003,S099
part_master,PT01433,primary_supplier_id,Invalid supplier reference,Integrity,High,S002,CAT
part_master,PT00455,primary_supplier_id,Invalid supplier reference,Integrity,High,S003,
part_master,PT04319,primary_supplier_id,Invalid supplier reference,Integrity,High,S027,CAT
part_master,PT00314,primary_supplier_id,Invalid supplier reference,Integrity,High,S002,
part_master,PT03391,primary_supplier_id,Invalid supplier reference,Integrity,High,S002,S099
part_master,PT00933,primary_supplier_id,Invalid supplier reference,Integrity,High,S002,
part_master,PT03702,primary_supplier_id,Invalid supplier reference,Integrity,High,S002,S099
part_master,PT04206,primary_supplier_id,Invalid supplier reference,Integrity,High,S002,CAT
part_master,PT00018,primary_supplier_id,Invalid supplier reference,Integrity,High,S001,CAT
part_master,PT04312,primary_supplier_id,Invalid supplier reference,Integrity,High,S001,S099
part_master,PT04051,primary_supplier_id,Invalid supplier reference,Integrity,High,S002,S099
part_master,PT00910,primary_supplier_id,Invalid supplier reference,Integrity,High,S001,CAT
part_master,PT01637,primary_supplier_id,Invalid supplier reference,Integrity,High,S003,
part_master,PT02787,primary_supplier_id,Invalid supplier reference,Integrity,High,S024,
part_master,PT01835,primary_supplier_id,Invalid supplier reference,Integrity,High,S003,S099
part_master,PT04246,primary_supplier_id,Invalid supplier reference,Integrity,High,S003,S099
part_master,PT02515,primary_supplier_id,Invalid supplier reference,Integrity,High,S002,S099
part_master,PT03624,primary_supplier_id,Invalid supplier reference,Integrity,High,S035,CAT
part_master,PT01608,primary_supplier_id,Invalid supplier reference,Integrity,High,S034,
part_master,PT01226,primary_supplier_id,Invalid supplier reference,Integrity,High,S002,CAT
part_master,PT02173,primary_supplier_id,Invalid supplier reference,Integrity,High,S010,CAT
part_master,PT01270,primary_supplier_id,Invalid supplier reference,Integrity,High,S002,
part_master,PT00488,primary_supplier_id,Invalid supplier reference,Integrity,High,S002,
part_master,PT02933,primary_supplier_id,Invalid supplier reference,Integrity,High,S001,CAT
part_master,PT03804,primary_supplier_id,Invalid supplier reference,Integrity,High,S001,CAT
part_master,PT00485,primary_supplier_id,Invalid supplier reference,Integrity,High,S003,CAT
part_master,PT01830,primary_supplier_id,Invalid supplier reference,Integrity,High,S003,
part_master,PT03530,primary_supplier_id,Invalid supplier reference,Integrity,High,S002,CAT
part_master,PT02981,primary_supplier_id,Invalid supplier reference,Integrity,High,S003,S099
part_master,PT03065,primary_supplier_id,Invalid supplier reference,Integrity,High,S001,CAT
part_master,PT01531,primary_supplier_id,Invalid supplier reference,Integrity,High,S003,
part_master,PT02589,primary_supplier_id,Invalid supplier reference,Integrity,High,S003,
part_master,PT03918,primary_supplier_id,Invalid supplier reference,Integrity,High,S036,
part_master,PT00211,primary_supplier_id,Invalid supplier reference,Integrity,High,S010,S099
part_master,PT04035,primary_supplier_id,Invalid supplier reference,Integrity,High,S002,CAT
part_master,PT03928,primary_supplier_id,Invalid supplier reference,Integrity,High,S036,S099
part_master,PT01288,primary_supplier_id,Invalid supplier reference,Integrity,High,S003,S099
part_master,PT00016,primary_supplier_id,Invalid supplier reference,Integrity,High,S003,
part_master,PT02145,primary_supplier_id,Invalid supplier reference,Integrity,High,S001,
part_master,PT03527,primary_supplier_id,Invalid supplier reference,Integrity,High,S001,S099
part_master,PT04408,primary_supplier_id,Invalid supplier reference,Integrity,High,S027,S099
part_master,PT00590,primary_supplier_id,Invalid supplier reference,Integrity,High,S022,
part_master,PT00570,primary_supplier_id,Invalid supplier reference,Integrity,High,S026,CAT
part_master,PT03585,primary_supplier_id,Invalid supplier reference,Integrity,High,S002,CAT
part_master,PT01175,primary_supplier_id,Invalid supplier reference,Integrity,High,S003,CAT
part_master,PT00704,primary_supplier_id,Invalid supplier reference,Integrity,High,S002,CAT
part_master,PT01868,primary_supplier_id,Invalid supplier reference,Integrity,High,S003,
part_master,PT03934,primary_supplier_id,Invalid supplier reference,Integrity,High,S002,
part_master,PT00420,primary_supplier_id,Invalid supplier reference,Integrity,High,S001,S099
part_master,PT01484,primary_supplier_id,Invalid supplier reference,Integrity,High,S002,S099
part_master,PT03532,primary_supplier_id,Invalid supplier reference,Integrity,High,S002,CAT
part_master,PT00585,primary_supplier_id,Invalid supplier reference,Integrity,High,S003,CAT
part_master,PT03137,primary_supplier_id,Invalid supplier reference,Integrity,High,S003,CAT
part_master,PT04008,primary_supplier_id,Invalid supplier reference,Integrity,High,S016,S099
part_master,PT00757,primary_supplier_id,Invalid supplier reference,Integrity,High,S003,CAT
part_master,PT03165,primary_supplier_id,Invalid supplier reference,Integrity,High,S002,S099
part_master,PT03892,primary_supplier_id,Invalid supplier reference,Integrity,High,S030,
part_master,PT01482,primary_supplier_id,Invalid supplier reference,Integrity,High,S001,S099
part_master,PT04076,primary_supplier_id,Invalid supplier reference,Integrity,High,S016,S099
part_master,PT00439,primary_supplier_id,Invalid supplier reference,Integrity,High,S001,CAT
part_master,PT01238,primary_supplier_id,Invalid supplier reference,Integrity,High,S003,CAT
part_master,PT01188,primary_supplier_id,Invalid supplier reference,Integrity,High,S001,
part_master,PT02396,primary_supplier_id,Invalid supplier reference,Integrity,High,S003,
part_master,PT00650,primary_supplier_id,Invalid supplier reference,Integrity,High,S003,CAT
part_master,PT00311,primary_supplier_id,Invalid supplier reference,Integrity,High,S010,
part_master,PT01357,primary_supplier_id,Invalid supplier reference,Integrity,High,S029,S099
part_master,PT03423,primary_supplier_id,Invalid supplier reference,Integrity,High,S001,S099
part_master,PT01328,primary_supplier_id,Invalid supplier reference,Integrity,High,S001,
part_master,PT00799,primary_supplier_id,Invalid supplier reference,Integrity,High,S031,CAT
part_master,PT00136,primary_supplier_id,Invalid supplier reference,Integrity,High,S009,CAT
part_master,PT04379,primary_supplier_id,Invalid supplier reference,Integrity,High,S027,CAT
part_master,PT01692,primary_supplier_id,Invalid supplier reference,Integrity,High,S021,CAT
part_master,PT00109,primary_supplier_id,Invalid supplier reference,Integrity,High,S001,
part_master,PT01529,primary_supplier_id,Invalid supplier reference,Integrity,High,S015,
part_master,PT00154,primary_supplier_id,Invalid supplier reference,Integrity,High,S001,CAT
part_master,PT00710,primary_supplier_id,Invalid supplier reference,Integrity,High,S003,
part_master,PT02490,primary_supplier_id,Invalid supplier reference,Integrity,High,S007,CAT
part_master,PT01855,primary_supplier_id,Invalid supplier reference,Integrity,High,S003,S099
part_master,PT01001,primary_supplier_id,Invalid supplier reference,Integrity,High,S002,CAT
part_master,PT01948,primary_supplier_id,Invalid supplier reference,Integrity,High,S002,CAT
part_master,PT04391,primary_supplier_id,Invalid supplier reference,Integrity,High,S003,
part_master,PT02091,primary_supplier_id,Invalid supplier reference,Integrity,High,S002,CAT
part_master,PT00545,primary_supplier_id,Invalid supplier reference,Integrity,High,S001,S099
part_master,PT02700,primary_supplier_id,Invalid supplier reference,Integrity,High,S025,
part_master,PT02031,primary_supplier_id,Invalid supplier reference,Integrity,High,S003,
part_master,PT00741,primary_supplier_id,Invalid supplier reference,Integrity,High,S003,
part_master,PT00562,primary_supplier_id,Invalid supplier reference,Integrity,High,S002,
part_master,PT04229,primary_supplier_id,Invalid supplier reference,Integrity,High,S016,
part_master,PT01373,primary_supplier_id,Invalid supplier reference,Integrity,High,S002,
part_master,PT01883,primary_supplier_id,Invalid supplier reference,Integrity,High,S001,S099
part_master,PT00440,primary_supplier_id,Invalid supplier reference,Integrity,High,S002,CAT
part_master,PT03947,primary_supplier_id,Invalid supplier reference,Integrity,High,S003,CAT
part_master,PT01895,primary_supplier_id,Invalid supplier reference,Integrity,High,S035,S099
part_master,PT00653,primary_supplier_id,Invalid supplier reference,Integrity,High,S001,CAT
part_master,PT01888,primary_supplier_id,Invalid supplier reference,Integrity,High,S002,
part_master,PT03791,primary_supplier_id,Invalid supplier reference,Integrity,High,S001,
part_master,PT01169,primary_supplier_id,Invalid supplier reference,Integrity,High,S003,CAT
part_master,PT04256,primary_supplier_id,Invalid supplier reference,Integrity,High,S001,S099
part_master,PT03866,primary_supplier_id,Invalid supplier reference,Integrity,High,S002,
part_master,PT01472,primary_supplier_id,Invalid supplier reference,Integrity,High,S003,S099
part_master,PT04335,primary_supplier_id,Invalid supplier reference,Integrity,High,S003,S099
part_master,PT03690,primary_supplier_id,Invalid supplier reference,Integrity,High,S001,
part_master,PT03780,primary_supplier_id,Invalid supplier reference,Integrity,High,S035,
part_master,PT00597,primary_supplier_id,Invalid supplier reference,Integrity,High,S001,CAT
part_master,PT01724,primary_supplier_id,Invalid supplier reference,Integrity,High,S003,S099
part_master,PT00335,primary_supplier_id,Invalid supplier reference,Integrity,High,S010,CAT
part_master,PT02480,primary_supplier_id,Invalid supplier reference,Integrity,High,S003,S099
part_master,PT01153,primary_supplier_id,Invalid supplier reference,Integrity,High,S003,S099
part_master,PT01904,primary_supplier_id,Invalid supplier reference,Integrity,High,S010,CAT
part_master,PT04158,primary_supplier_id,Invalid supplier reference,Integrity,High,S002,S099
part_master,PT03843,primary_supplier_id,Invalid supplier reference,Integrity,High,S001,
part_master,PT03270,primary_supplier_id,Invalid supplier reference,Integrity,High,S002,S099
part_master,PT00936,unit_of_measure,UOM not standardized,Consistency,Low,EA,each
part_master,PT04262,unit_of_measure,UOM not standardized,Consistency,Low,EA,each
part_master,PT03935,unit_of_measure,UOM not standardized,Consistency,Low,EA,each
part_master,PT02093,unit_of_measure,UOM not standardized,Consistency,Low,EA,each
part_master,PT02335,unit_of_measure,UOM not standardized,Consistency,Low,EA,ea
part_master,PT03453,unit_of_measure,UOM not standardized,Consistency,Low,EA,Ea.
part_master,PT01651,unit_of_measure,UOM not standardized,Consistency,Low,EA,each
part_master,PT00738,unit_of_measure,UOM not standardized,Consistency,Low,EA,Ea.
part_master,PT03433,unit_of_measure,UOM not standardized,Consistency,Low,EA,Ea.
part_master,PT00728,unit_of_measure,UOM not standardized,Consistency,Low,EA,each
part_master,PT02826,unit_of_measure,UOM not standardized,Consistency,Low,EA,Ea.
part_master,PT00601,unit_of_measure,UOM not standardized,Consistency,Low,EA,each
part_master,PT03182,unit_of_measure,UOM not standardized,Consistency,Low,EA,each
part_master,PT02355,unit_of_measure,UOM not standardized,Consistency,Low,EA,PC
part_master,PT00942,unit_of_measure,UOM not standardized,Consistency,Low,EA,ea
part_master,PT00155,unit_of_measure,UOM not standardized,Consistency,Low,EA,PC
part_master,PT04043,unit_of_measure,UOM not standardized,Consistency,Low,EA,ea
part_master,PT00387,unit_of_measure,UOM not standardized,Consistency,Low,EA,Ea.
part_master,PT02220,unit_of_measure,UOM not standardized,Consistency,Low,EA,Ea.
part_master,PT02279,unit_of_measure,UOM not standardized,Consistency,Low,EA,ea
part_master,PT02796,unit_of_measure,UOM not standardized,Consistency,Low,EA,each
part_master,PT00951,unit_of_measure,UOM not standardized,Consistency,Low,EA,ea
part_master,PT03087,unit_of_measure,UOM not standardized,Consistency,Low,EA,each
part_master,PT02365,unit_of_measure,UOM not standardized,Consistency,Low,EA,each
part_master,PT01482,unit_of_measure,UOM not standardized,Consistency,Low,EA,ea
part_master,PT01956,unit_of_measure,UOM not standardized,Consistency,Low,EA,each
part_master,PT00205,unit_of_measure,UOM not standardized,Consistency,Low,EA,each
part_master,PT03117,unit_of_measure,UOM not standardized,Consistency,Low,EA,Ea.
part_master,PT03488,unit_of_measure,UOM not standardized,Consistency,Low,EA,ea
part_master,PT00535,unit_of_measure,UOM not standardized,Consistency,Low,EA,PC
part_master,PT00113,unit_of_measure,UOM not standardized,Consistency,Low,EA,each
part_master,PT00939,unit_of_measure,UOM not standardized,Consistency,Low,EA,ea
part_master,PT03923,unit_of_measure,UOM not standardized,Consistency,Low,EA,PC
part_master,PT02226,unit_of_measure,UOM not standardized,Consistency,Low,EA,each
part_master,PT04241,unit_of_measure,UOM not standardized,Consistency,Low,EA,PC
part_master,PT02404,unit_of_measure,UOM not standardized,Consistency,Low,EA,each
part_master,PT01344,unit_of_measure,UOM not standardized,Consistency,Low,EA,PC
part_master,PT02623,unit_of_measure,UOM not standardized,Consistency,Low,EA,each
part_master,PT01323,unit_of_measure,UOM not standardized,Consistency,Low,EA,PC
part_master,PT02202,unit_of_measure,UOM not standardized,Consistency,Low,EA,ea
part_master,PT03352,unit_of_measure,UOM not standardized,Consistency,Low,EA,ea
part_master,PT03802,unit_of_measure,UOM not standardized,Consistency,Low,EA,Ea.
part_master,PT00978,unit_of_measure,UOM not standardized,Consistency,Low,EA,PC
part_master,PT01786,unit_of_measure,UOM not standardized,Consistency,Low,EA,each
part_master,PT00511,unit_of_measure,UOM not standardized,Consistency,Low,EA,Ea.
part_master,PT03136,unit_of_measure,UOM not standardized,Consistency,Low,EA,each
part_master,PT02429,unit_of_measure,UOM not standardized,Consistency,Low,EA,PC
part_master,PT03995,unit_of_measure,UOM not standardized,Consistency,Low,EA,ea
part_master,PT01629,unit_of_measure,UOM not standardized,Consistency,Low,EA,PC
part_master,PT00201,unit_of_measure,UOM not standardized,Consistency,Low,EA,each
part_master,PT04334,unit_of_measure,UOM not standardized,Consistency,Low,EA,ea
part_master,PT03927,unit_of_measure,UOM not standardized,Consistency,Low,EA,Ea.
part_master,PT02890,unit_of_measure,UOM not standardized,Consistency,Low,EA,Ea.
part_master,PT01578,unit_of_measure,UOM not standardized,Consistency,Low,EA,Ea.
part_master,PT02787,unit_of_measure,UOM not standardized,Consistency,Low,EA,PC
part_master,PT04371,unit_of_measure,UOM not standardized,Consistency,Low,EA,PC
part_master,PT01670,unit_of_measure,UOM not standardized,Consistency,Low,EA,ea
part_master,PT01327,unit_of_measure,UOM not standardized,Consistency,Low,EA,Ea.
part_master,PT02239,unit_of_measure,UOM not standardized,Consistency,Low,EA,Ea.
part_master,PT01708,unit_of_measure,UOM not standardized,Consistency,Low,EA,ea
part_master,PT02699,unit_of_measure,UOM not standardized,Consistency,Low,EA,ea
part_master,PT02960,unit_of_measure,UOM not standardized,Consistency,Low,EA,each
part_master,PT00930,unit_of_measure,UOM not standardized,Consistency,Low,EA,Ea.
part_master,PT01932,unit_of_measure,UOM not standardized,Consistency,Low,EA,Ea.
part_master,PT01563,unit_of_measure,UOM not standardized,Consistency,Low,EA,PC
part_master,PT01855,unit_of_measure,UOM not standardized,Consistency,Low,EA,Ea.
part_master,PT00567,unit_of_measure,UOM not standardized,Consistency,Low,EA,each
part_master,PT03347,unit_of_measure,UOM not standardized,Consistency,Low,EA,ea
part_master,PT03054,unit_of_measure,UOM not standardized,Consistency,Low,EA,Ea.
part_master,PT02199,unit_of_measure,UOM not standardized,Consistency,Low,EA,each
part_master,PT01609,unit_of_measure,UOM not standardized,Consistency,Low,EA,each
part_master,PT01093,unit_of_measure,UOM not standardized,Consistency,Low,EA,Ea.
part_master,PT02005,unit_of_measure,UOM not standardized,Consistency,Low,EA,each
part_master,PT01503,unit_of_measure,UOM not standardized,Consistency,Low,EA,Ea.
part_master,PT02260,unit_of_measure,UOM not standardized,Consistency,Low,EA,each
part_master,PT03403,unit_of_measure,UOM not standardized,Consistency,Low,EA,PC
part_master,PT01798,unit_of_measure,UOM not standardized,Consistency,Low,EA,each
part_master,PT02874,unit_of_measure,UOM not standardized,Consistency,Low,EA,each
part_master,PT02917,unit_of_measure,UOM not standardized,Consistency,Low,EA,Ea.
part_master,PT01011,unit_of_measure,UOM not standardized,Consistency,Low,EA,ea
part_master,PT03428,unit_of_measure,UOM not standardized,Consistency,Low,EA,each
part_master,PT04066,unit_of_measure,UOM not standardized,Consistency,Low,EA,each
part_master,PT04232,unit_of_measure,UOM not standardized,Consistency,Low,EA,PC
part_master,PT01599,unit_of_measure,UOM not standardized,Consistency,Low,EA,each
part_master,PT04070,unit_of_measure,UOM not standardized,Consistency,Low,EA,PC
part_master,PT03880,unit_of_measure,UOM not standardized,Consistency,Low,EA,ea
part_master,PT03948,unit_of_measure,UOM not standardized,Consistency,Low,EA,ea
part_master,PT01294,unit_of_measure,UOM not standardized,Consistency,Low,EA,each
part_master,PT00439,unit_of_measure,UOM not standardized,Consistency,Low,EA,PC
part_master,PT02524,unit_of_measure,UOM not standardized,Consistency,Low,EA,ea
part_master,PT01885,unit_of_measure,UOM not standardized,Consistency,Low,EA,Ea.
part_master,PT04078,unit_of_measure,UOM not standardized,Consistency,Low,EA,Ea.
part_master,PT00990,unit_of_measure,UOM not standardized,Consistency,Low,EA,Ea.
part_master,PT04113,unit_of_measure,UOM not standardized,Consistency,Low,EA,each
part_master,PT04201,unit_of_measure,UOM not standardized,Consistency,Low,EA,PC
part_master,PT02237,unit_of_measure,UOM not standardized,Consistency,Low,EA,ea
part_master,PT01161,unit_of_measure,UOM not standardized,Consistency,Low,EA,ea
part_master,PT03813,unit_of_measure,UOM not standardized,Consistency,Low,EA,ea
part_master,PT00911,unit_of_measure,UOM not standardized,Consistency,Low,EA,PC
part_master,PT03080,unit_of_measure,UOM not standardized,Consistency,Low,EA,PC
part_master,PT03486,unit_of_measure,UOM not standardized,Consistency,Low,EA,Ea.
part_master,PT02592,unit_of_measure,UOM not standardized,Consistency,Low,EA,PC
part_master,PT03410,unit_of_measure,UOM not standardized,Consistency,Low,EA,ea
part_master,PT02309,unit_of_measure,UOM not standardized,Consistency,Low,EA,PC
part_master,PT02911,unit_of_measure,UOM not standardized,Consistency,Low,EA,PC
part_master,PT02945,unit_of_measure,UOM not standardized,Consistency,Low,EA,Ea.
part_master,PT01330,unit_of_measure,UOM not standardized,Consistency,Low,EA,PC
part_master,PT04268,unit_of_measure,UOM not standardized,Consistency,Low,EA,PC
part_master,PT02137,unit_of_measure,UOM not standardized,Consistency,Low,EA,ea
part_master,PT00152,unit_of_measure,UOM not standardized,Consistency,Low,EA,Ea.
part_master,PT01665,unit_of_measure,UOM not standardized,Consistency,Low,EA,ea
part_master,PT02182,unit_of_measure,UOM not standardized,Consistency,Low,EA,Ea.
part_master,PT03990,unit_of_measure,UOM not standardized,Consistency,Low,EA,Ea.
part_master,PT03544,unit_of_measure,UOM not standardized,Consistency,Low,EA,Ea.
part_master,PT03289,unit_of_measure,UOM not standardized,Consistency,Low,EA,each
part_master,PT02456,unit_of_measure,UOM not standardized,Consistency,Low,EA,each
part_master,PT03039,unit_of_measure,UOM not standardized,Consistency,Low,EA,Ea.
part_master,PT02183,unit_of_measure,UOM not standardized,Consistency,Low,EA,each
part_master,PT02509,unit_of_measure,UOM not standardized,Consistency,Low,EA,PC
part_master,PT00004,unit_of_measure,UOM not standardized,Consistency,Low,EA,ea
part_master,PT03423,unit_of_measure,UOM not standardized,Consistency,Low,EA,each
part_master,PT03220,unit_of_measure,UOM not standardized,Consistency,Low,EA,ea
part_master,PT04242,unit_of_measure,UOM not standardized,Consistency,Low,EA,ea
part_master,PT02457,unit_of_measure,UOM not standardized,Consistency,Low,EA,Ea.
part_master,PT01225,unit_of_measure,UOM not standardized,Consistency,Low,EA,Ea.
part_master,PT02786,unit_of_measure,UOM not standardized,Consistency,Low,EA,PC
part_master,PT01776,unit_of_measure,UOM not standardized,Consistency,Low,EA,Ea.
part_master,PT01324,unit_of_measure,UOM not standardized,Consistency,Low,EA,PC
part_master,PT04221,unit_of_measure,UOM not standardized,Consistency,Low,EA,Ea.
part_master,PT01547,unit_of_measure,UOM not standardized,Consistency,Low,EA,each
part_master,PT03252,unit_of_measure,UOM not standardized,Consistency,Low,EA,each
part_master,PT01903,unit_of_measure,UOM not standardized,Consistency,Low,EA,Ea.
part_master,PT04312,created_date,Non-ISO date format,Validity,Low,2018-12-05,20181205
part_master,PT00731,created_date,Non-ISO date format,Validity,Low,2022-07-29,29-Jul-22
part_master,PT02361,created_date,Non-ISO date format,Validity,Low,2023-06-29,06/29/2023
part_master,PT00098,created_date,Non-ISO date format,Validity,Low,2016-04-08,20160408
part_master,PT00032,created_date,Non-ISO date format,Validity,Low,2023-05-06,05/06/23
part_master,PT00890,created_date,Non-ISO date format,Validity,Low,2019-07-16,07/16/2019
part_master,PT00736,created_date,Non-ISO date format,Validity,Low,2015-03-06,03/06/15
part_master,PT01115,created_date,Non-ISO date format,Validity,Low,2016-03-02,20160302
part_master,PT02818,created_date,Non-ISO date format,Validity,Low,2019-07-14,07/14/2019
part_master,PT01100,created_date,Non-ISO date format,Validity,Low,2023-06-01,20230601
part_master,PT00423,created_date,Non-ISO date format,Validity,Low,2023-03-09,20230309
part_master,PT03999,created_date,Non-ISO date format,Validity,Low,2017-04-17,17-Apr-17
part_master,PT04118,created_date,Non-ISO date format,Validity,Low,2017-04-09,20170409
part_master,PT00837,created_date,Non-ISO date format,Validity,Low,2021-09-14,09/14/2021
part_master,PT04386,created_date,Non-ISO date format,Validity,Low,2022-02-27,02/27/22
part_master,PT04056,created_date,Non-ISO date format,Validity,Low,2022-01-18,18-Jan-22
part_master,PT02393,created_date,Non-ISO date format,Validity,Low,2021-12-12,12-Dec-21
part_master,PT00801,created_date,Non-ISO date format,Validity,Low,2024-02-02,02/02/24
part_master,PT02486,created_date,Non-ISO date format,Validity,Low,2017-06-01,20170601
part_master,PT03166,created_date,Non-ISO date format,Validity,Low,2020-05-14,05/14/20
part_master,PT02851,created_date,Non-ISO date format,Validity,Low,2022-10-28,10/28/2022
part_master,PT03409,created_date,Non-ISO date format,Validity,Low,2018-02-09,02/09/2018
part_master,PT03422,created_date,Non-ISO date format,Validity,Low,2019-12-28,20191228
part_master,PT01937,created_date,Non-ISO date format,Validity,Low,2024-06-19,20240619
part_master,PT03692,created_date,Non-ISO date format,Validity,Low,2022-05-22,05/22/2022
part_master,PT00364,created_date,Non-ISO date format,Validity,Low,2020-09-01,09/01/2020
part_master,PT04044,created_date,Non-ISO date format,Validity,Low,2021-10-02,10/02/21
part_master,PT00305,created_date,Non-ISO date format,Validity,Low,2025-04-30,30-Apr-25
part_master,PT02136,created_date,Non-ISO date format,Validity,Low,2019-02-25,20190225
part_master,PT01931,created_date,Non-ISO date format,Validity,Low,2017-05-01,20170501
part_master,PT03890,created_date,Non-ISO date format,Validity,Low,2017-05-25,20170525
part_master,PT01599,created_date,Non-ISO date format,Validity,Low,2015-09-01,20150901
part_master,PT03736,created_date,Non-ISO date format,Validity,Low,2018-02-11,20180211
part_master,PT03010,created_date,Non-ISO date format,Validity,Low,2024-08-13,08/13/2024
part_master,PT00665,created_date,Non-ISO date format,Validity,Low,2018-09-22,20180922
part_master,PT02091,created_date,Non-ISO date format,Validity,Low,2020-09-08,08-Sep-20
part_master,PT01934,created_date,Non-ISO date format,Validity,Low,2022-04-28,04/28/22
part_master,PT03062,created_date,Non-ISO date format,Validity,Low,2024-12-06,20241206
part_master,PT01962,created_date,Non-ISO date format,Validity,Low,2025-05-12,12-May-25
part_master,PT02632,created_date,Non-ISO date format,Validity,Low,2024-06-18,06/18/24
part_master,PT02880,created_date,Non-ISO date format,Validity,Low,2022-11-27,11/27/2022
part_master,PT02153,created_date,Non-ISO date format,Validity,Low,2018-03-12,20180312
part_master,PT03507,created_date,Non-ISO date format,Validity,Low,2021-12-16,12/16/21
part_master,PT01355,created_date,Non-ISO date format,Validity,Low,2024-07-26,07/26/24
part_master,PT01033,created_date,Non-ISO date format,Validity,Low,2016-08-05,08/05/2016
part_master,PT01249,created_date,Non-ISO date format,Validity,Low,2018-01-08,20180108
part_master,PT04387,created_date,Non-ISO date format,Validity,Low,2018-11-28,11/28/18
part_master,PT02462,created_date,Non-ISO date format,Validity,Low,2024-08-31,31-Aug-24
part_master,PT03754,created_date,Non-ISO date format,Validity,Low,2023-08-09,20230809
part_master,PT03315,created_date,Non-ISO date format,Validity,Low,2019-12-21,12/21/2019
part_master,PT03171,created_date,Non-ISO date format,Validity,Low,2021-06-14,20210614
part_master,PT00292,created_date,Non-ISO date format,Validity,Low,2024-07-20,07/20/2024
part_master,PT00462,created_date,Non-ISO date format,Validity,Low,2021-10-06,06-Oct-21
part_master,PT03990,created_date,Non-ISO date format,Validity,Low,2018-06-22,20180622
part_master,PT02514,created_date,Non-ISO date format,Validity,Low,2023-10-24,20231024
part_master,PT00012,created_date,Non-ISO date format,Validity,Low,2017-11-13,11/13/2017
part_master,PT00748,created_date,Non-ISO date format,Validity,Low,2016-08-07,07-Aug-16
part_master,PT01263,created_date,Non-ISO date format,Validity,Low,2021-09-06,09/06/21
part_master,PT03118,created_date,Non-ISO date format,Validity,Low,2015-12-31,20151231
part_master,PT00884,created_date,Non-ISO date format,Validity,Low,2019-07-11,20190711
part_master,PT01855,created_date,Non-ISO date format,Validity,Low,2022-12-23,20221223
part_master,PT03060,created_date,Non-ISO date format,Validity,Low,2023-07-02,07/02/23
part_master,PT00805,created_date,Non-ISO date format,Validity,Low,2015-11-05,11/05/2015
part_master,PT03022,created_date,Non-ISO date format,Validity,Low,2018-08-20,08/20/2018
part_master,PT00830,created_date,Non-ISO date format,Validity,Low,2025-05-20,20250520
part_master,PT02438,created_date,Non-ISO date format,Validity,Low,2022-10-05,05-Oct-22
part_master,PT00792,created_date,Non-ISO date format,Validity,Low,2019-10-06,20191006
part_master,PT03038,created_date,Non-ISO date format,Validity,Low,2019-11-14,11/14/2019
part_master,PT02436,created_date,Non-ISO date format,Validity,Low,2021-08-05,05-Aug-21
part_master,PT00465,created_date,Non-ISO date format,Validity,Low,2018-11-14,14-Nov-18
part_master,PT00473,created_date,Non-ISO date format,Validity,Low,2015-03-31,03/31/15
part_master,PT02547,created_date,Non-ISO date format,Validity,Low,2024-05-24,24-May-24
part_master,PT04175,created_date,Non-ISO date format,Validity,Low,2015-08-03,08/03/15
part_master,PT03291,created_date,Non-ISO date format,Validity,Low,2019-04-22,22-Apr-19
part_master,PT02746,created_date,Non-ISO date format,Validity,Low,2016-10-27,20161027
part_master,PT03562,created_date,Non-ISO date format,Validity,Low,2024-11-06,11/06/2024
part_master,PT00064,created_date,Non-ISO date format,Validity,Low,2022-09-01,01-Sep-22
part_master,PT02049,created_date,Non-ISO date format,Validity,Low,2025-02-01,02/01/2025
part_master,PT03168,created_date,Non-ISO date format,Validity,Low,2016-07-20,07/20/2016
part_master,PT03023,created_date,Non-ISO date format,Validity,Low,2016-08-21,08/21/2016
part_master,PT02219,created_date,Non-ISO date format,Validity,Low,2018-08-10,20180810
part_master,PT02230,created_date,Non-ISO date format,Validity,Low,2019-03-01,20190301
part_master,PT02572,created_date,Non-ISO date format,Validity,Low,2021-03-26,20210326
part_master,PT03096,created_date,Non-ISO date format,Validity,Low,2018-10-18,10/18/2018
part_master,PT03825,created_date,Non-ISO date format,Validity,Low,2022-12-08,20221208
part_master,PT03788,created_date,Non-ISO date format,Validity,Low,2015-07-31,07/31/15
part_master,PT02954,created_date,Non-ISO date format,Validity,Low,2025-05-07,05/07/2025
part_master,PT03020,created_date,Non-ISO date format,Validity,Low,2020-02-15,02/15/20
part_master,PT03510,created_date,Non-ISO date format,Validity,Low,2018-09-27,20180927
part_master,PT00545,created_date,Non-ISO date format,Validity,Low,2022-05-26,26-May-22
part_master,PT01315,created_date,Non-ISO date format,Validity,Low,2022-09-24,20220924
part_master,PT02015,created_date,Non-ISO date format,Validity,Low,2020-02-01,01-Feb-20
part_master,PT02390,created_date,Non-ISO date format,Validity,Low,2020-05-20,05/20/2020
part_master,PT00142,created_date,Non-ISO date format,Validity,Low,2017-05-04,05/04/17
part_master,PT00372,created_date,Non-ISO date format,Validity,Low,2021-09-10,09/10/21
part_master,PT00671,created_date,Non-ISO date format,Validity,Low,2017-12-13,12/13/17
part_master,PT02686,created_date,Non-ISO date format,Validity,Low,2024-03-04,04-Mar-24
part_master,PT01094,created_date,Non-ISO date format,Validity,Low,2018-11-13,20181113
part_master,PT01465,created_date,Non-ISO date format,Validity,Low,2021-10-18,10/18/2021
part_master,PT00216,created_date,Non-ISO date format,Validity,Low,2021-10-22,10/22/21
part_master,PT02407,created_date,Non-ISO date format,Validity,Low,2022-06-18,06/18/22
part_master,PT00208,created_date,Non-ISO date format,Validity,Low,2024-04-17,04/17/2024
part_master,PT00734,created_date,Non-ISO date format,Validity,Low,2016-11-23,20161123
part_master,PT02928,created_date,Non-ISO date format,Validity,Low,2020-10-10,20201010
part_master,PT00210,created_date,Non-ISO date format,Validity,Low,2015-08-04,08/04/15
part_master,PT03955,created_date,Non-ISO date format,Validity,Low,2021-04-04,04/04/21
part_master,PT03527,created_date,Non-ISO date format,Validity,Low,2025-03-06,06-Mar-25
part_master,PT01352,created_date,Non-ISO date format,Validity,Low,2019-08-14,08/14/2019
part_master,PT02215,created_date,Non-ISO date format,Validity,Low,2018-11-29,20181129
part_master,PT01399,created_date,Non-ISO date format,Validity,Low,2017-08-23,20170823
part_master,PT00191,created_date,Non-ISO date format,Validity,Low,2018-05-22,20180522
part_master,PT01211,created_date,Non-ISO date format,Validity,Low,2021-04-12,20210412
part_master,PT00895,created_date,Non-ISO date format,Validity,Low,2017-07-31,31-Jul-17
part_master,PT03761,created_date,Non-ISO date format,Validity,Low,2025-02-04,02/04/25
part_master,PT01120,created_date,Non-ISO date format,Validity,Low,2025-03-03,03-Mar-25
part_master,PT01520,created_date,Non-ISO date format,Validity,Low,2024-01-08,08-Jan-24
part_master,PT00346,created_date,Non-ISO date format,Validity,Low,2024-02-12,12-Feb-24
part_master,PT02463,created_date,Non-ISO date format,Validity,Low,2025-05-22,05/22/2025
part_master,PT01823,created_date,Non-ISO date format,Validity,Low,2022-08-08,08-Aug-22
part_master,PT02096,created_date,Non-ISO date format,Validity,Low,2024-11-21,11/21/2024
part_master,PT01426,created_date,Non-ISO date format,Validity,Low,2020-02-24,24-Feb-20
part_master,PT01536,created_date,Non-ISO date format,Validity,Low,2022-10-09,10/09/2022
part_master,PT00201,created_date,Non-ISO date format,Validity,Low,2022-05-29,05/29/2022
part_master,PT04242,created_date,Non-ISO date format,Validity,Low,2018-04-03,04/03/2018
part_master,PT01126,created_date,Non-ISO date format,Validity,Low,2018-07-28,07/28/2018
part_master,PT02434,created_date,Non-ISO date format,Validity,Low,2016-11-16,11/16/2016
part_master,PT00694,created_date,Non-ISO date format,Validity,Low,2024-07-06,06-Jul-24
part_master,PT02945,created_date,Non-ISO date format,Validity,Low,2020-02-04,02/04/20
part_master,PT03795,created_date,Non-ISO date format,Validity,Low,2019-09-19,09/19/19
part_master,PT03732,created_date,Non-ISO date format,Validity,Low,2021-07-29,29-Jul-21
part_master,PT04195,created_date,Non-ISO date format,Validity,Low,2019-09-15,09/15/2019
part_master,PT03889,created_date,Non-ISO date format,Validity,Low,2022-07-13,07/13/2022
part_master,PT01729,created_date,Non-ISO date format,Validity,Low,2018-04-10,04/10/18
part_master,PT02366,created_date,Non-ISO date format,Validity,Low,2016-10-22,10/22/16
part_master,PT00905,created_date,Non-ISO date format,Validity,Low,2017-03-01,03/01/2017
part_master,PT03653,created_date,Non-ISO date format,Validity,Low,2018-01-01,01/01/18
part_master,PT01222,created_date,Non-ISO date format,Validity,Low,2023-05-26,05/26/23
part_master,PT01704,created_date,Non-ISO date format,Validity,Low,2017-02-25,02/25/2017
part_master,PT00324,created_date,Non-ISO date format,Validity,Low,2023-12-30,12/30/23
part_master,PT03744,created_date,Non-ISO date format,Validity,Low,2019-12-22,12/22/19
part_master,PT01851,created_date,Non-ISO date format,Validity,Low,2016-04-26,04/26/16
part_master,PT02584,created_date,Non-ISO date format,Validity,Low,2020-02-05,20200205
part_master,PT04039,created_date,Non-ISO date format,Validity,Low,2015-03-15,15-Mar-15
part_master,PT00816,created_date,Non-ISO date format,Validity,Low,2017-03-07,07-Mar-17
part_master,PT01737,created_date,Non-ISO date format,Validity,Low,2024-09-09,09/09/2024
part_master,PT03197,created_date,Non-ISO date format,Validity,Low,2015-06-17,06/17/15
part_master,PT00563,created_date,Non-ISO date format,Validity,Low,2019-09-14,20190914
part_master,PT04106,created_date,Non-ISO date format,Validity,Low,2025-05-09,05/09/2025
part_master,PT03643,created_date,Non-ISO date format,Validity,Low,2017-09-08,08-Sep-17
part_master,PT03821,created_date,Non-ISO date format,Validity,Low,2021-10-05,05-Oct-21
part_master,PT02082,created_date,Non-ISO date format,Validity,Low,2017-12-02,12/02/2017
part_master,PT04075,created_date,Non-ISO date format,Validity,Low,2015-12-26,26-Dec-15
part_master,PT04211,created_date,Non-ISO date format,Validity,Low,2022-10-02,10/02/22
part_master,PT02948,created_date,Non-ISO date format,Validity,Low,2021-03-16,16-Mar-21
part_master,PT01712,created_date,Non-ISO date format,Validity,Low,2024-01-06,20240106
part_master,PT02978,created_date,Non-ISO date format,Validity,Low,2016-09-12,09/12/2016
part_master,PT01336,created_date,Non-ISO date format,Validity,Low,2015-08-17,08/17/2015
part_master,PT02630,created_date,Non-ISO date format,Validity,Low,2022-07-17,20220717
part_master,PT04371,created_date,Non-ISO date format,Validity,Low,2020-02-13,02/13/2020
part_master,PT02612,created_date,Non-ISO date format,Validity,Low,2019-06-23,20190623
part_master,PT02023,created_date,Non-ISO date format,Validity,Low,2019-07-21,20190721
part_master,PT02609,created_date,Non-ISO date format,Validity,Low,2023-05-31,31-May-23
part_master,PT02652,created_date,Non-ISO date format,Validity,Low,2022-08-02,02-Aug-22
part_master,PT02790,created_date,Non-ISO date format,Validity,Low,2023-04-16,20230416
part_master,PT00983,created_date,Non-ISO date format,Validity,Low,2020-10-19,10/19/20
part_master,PT02580,created_date,Non-ISO date format,Validity,Low,2017-05-30,20170530
part_master,PT02214,created_date,Non-ISO date format,Validity,Low,2024-06-27,06/27/24
part_master,PT00864,created_date,Non-ISO date format,Validity,Low,2018-11-04,04-Nov-18
part_master,PT02389,created_date,Non-ISO date format,Validity,Low,2023-07-31,20230731
part_master,PT02033,created_date,Non-ISO date format,Validity,Low,2024-02-01,01-Feb-24
part_master,PT03449,created_date,Non-ISO date format,Validity,Low,2022-09-13,20220913
part_master,PT00443,created_date,Non-ISO date format,Validity,Low,2016-01-17,17-Jan-16
part_master,PT02367,created_date,Non-ISO date format,Validity,Low,2017-05-09,05/09/17
part_master,PT01966,created_date,Non-ISO date format,Validity,Low,2024-09-04,04-Sep-24
part_master,PT04040,created_date,Non-ISO date format,Validity,Low,2025-03-25,20250325
part_master,PT01042,created_date,Non-ISO date format,Validity,Low,2019-12-28,12/28/2019
part_master,PT90741,*,Duplicate part (number entered without dash),Uniqueness,High,PT00741,PT90741
part_master,PT92755,*,Duplicate part (number entered without dash),Uniqueness,High,PT02755,PT92755
part_master,PT91902,*,Duplicate part (number entered without dash),Uniqueness,High,PT01902,PT91902
part_master,PT93021,*,Duplicate part (number entered without dash),Uniqueness,High,PT03021,PT93021
part_master,PT94270,*,Duplicate part (number entered without dash),Uniqueness,High,PT04270,PT94270
part_master,PT92305,*,Duplicate part (number entered without dash),Uniqueness,High,PT02305,PT92305
part_master,PT93386,*,Duplicate part (number entered without dash),Uniqueness,High,PT03386,PT93386
part_master,PT91252,*,Duplicate part (number entered without dash),Uniqueness,High,PT01252,PT91252
part_master,PT90146,*,Duplicate part (number entered without dash),Uniqueness,High,PT00146,PT90146
part_master,PT90289,*,Duplicate part (number entered without dash),Uniqueness,High,PT00289,PT90289
part_master,PT91676,*,Duplicate part (number entered without dash),Uniqueness,High,PT01676,PT91676
part_master,PT91495,*,Duplicate part (number entered without dash),Uniqueness,High,PT01495,PT91495
part_master,PT91841,*,Duplicate part (number entered without dash),Uniqueness,High,PT01841,PT91841
part_master,PT90290,*,Duplicate part (number entered without dash),Uniqueness,High,PT00290,PT90290
part_master,PT91331,*,Duplicate part (number entered without dash),Uniqueness,High,PT01331,PT91331
part_master,PT90090,*,Duplicate part (number entered without dash),Uniqueness,High,PT00090,PT90090
part_master,PT90915,*,Duplicate part (number entered without dash),Uniqueness,High,PT00915,PT90915
part_master,PT91112,*,Duplicate part (number entered without dash),Uniqueness,High,PT01112,PT91112
part_master,PT93110,*,Duplicate part (number entered without dash),Uniqueness,High,PT03110,PT93110
part_master,PT94391,*,Duplicate part (number entered without dash),Uniqueness,High,PT04391,PT94391
part_master,PT93266,*,Duplicate part (number entered without dash),Uniqueness,High,PT03266,PT93266
part_master,PT90496,*,Duplicate part (number entered without dash),Uniqueness,High,PT00496,PT90496
part_master,PT90906,*,Duplicate part (number entered without dash),Uniqueness,High,PT00906,PT90906
part_master,PT94024,*,Duplicate part (number entered without dash),Uniqueness,High,PT04024,PT94024
part_master,PT91877,*,Duplicate part (number entered without dash),Uniqueness,High,PT01877,PT91877
part_master,PT94158,*,Duplicate part (number entered without dash),Uniqueness,High,PT04158,PT94158
part_master,PT92907,*,Duplicate part (number entered without dash),Uniqueness,High,PT02907,PT92907
part_master,PT92649,*,Duplicate part (number entered without dash),Uniqueness,High,PT02649,PT92649
part_master,PT92984,*,Duplicate part (number entered without dash),Uniqueness,High,PT02984,PT92984
part_master,PT92978,*,Duplicate part (number entered without dash),Uniqueness,High,PT02978,PT92978
part_master,PT92900,*,Duplicate part (number entered without dash),Uniqueness,High,PT02900,PT92900
part_master,PT90405,*,Duplicate part (number entered without dash),Uniqueness,High,PT00405,PT90405
part_master,PT92832,*,Duplicate part (number entered without dash),Uniqueness,High,PT02832,PT92832
part_master,PT90780,*,Duplicate part (number entered without dash),Uniqueness,High,PT00780,PT90780
part_master,PT90754,*,Duplicate part (number entered without dash),Uniqueness,High,PT00754,PT90754
part_master,PT93822,*,Duplicate part (number entered without dash),Uniqueness,High,PT03822,PT93822
part_master,PT93088,*,Duplicate part (number entered without dash),Uniqueness,High,PT03088,PT93088
part_master,PT90752,*,Duplicate part (number entered without dash),Uniqueness,High,PT00752,PT90752
part_master,PT92465,*,Duplicate part (number entered without dash),Uniqueness,High,PT02465,PT92465
part_master,PT91305,*,Duplicate part (number entered without dash),Uniqueness,High,PT01305,PT91305
part_master,PT93164,*,Duplicate part (number entered without dash),Uniqueness,High,PT03164,PT93164
part_master,PT93435,*,Duplicate part (number entered without dash),Uniqueness,High,PT03435,PT93435
part_master,PT91136,*,Duplicate part (number entered without dash),Uniqueness,High,PT01136,PT91136
part_master,PT92424,*,Duplicate part (number entered without dash),Uniqueness,High,PT02424,PT92424
part_master,PT92505,*,Duplicate part (number entered without dash),Uniqueness,High,PT02505,PT92505
part_master,PT91857,*,Duplicate part (number entered without dash),Uniqueness,High,PT01857,PT91857
part_master,PT93375,*,Duplicate part (number entered without dash),Uniqueness,High,PT03375,PT93375
part_master,PT94051,*,Duplicate part (number entered without dash),Uniqueness,High,PT04051,PT94051
part_master,PT93912,*,Duplicate part (number entered without dash),Uniqueness,High,PT03912,PT93912
part_master,PT90026,*,Duplicate part (number entered without dash),Uniqueness,High,PT00026,PT90026
part_master,PT92107,*,Duplicate part (number entered without dash),Uniqueness,High,PT02107,PT92107
part_master,PT90736,*,Duplicate part (number entered without dash),Uniqueness,High,PT00736,PT90736
part_master,PT90712,*,Duplicate part (number entered without dash),Uniqueness,High,PT00712,PT90712
part_master,PT90131,*,Duplicate part (number entered without dash),Uniqueness,High,PT00131,PT90131
part_master,PT94107,*,Duplicate part (number entered without dash),Uniqueness,High,PT04107,PT94107
part_master,PT90330,*,Duplicate part (number entered without dash),Uniqueness,High,PT00330,PT90330
part_master,PT90438,*,Duplicate part (number entered without dash),Uniqueness,High,PT00438,PT90438
part_master,PT91464,*,Duplicate part (number entered without dash),Uniqueness,High,PT01464,PT91464
part_master,PT93220,*,Duplicate part (number entered without dash),Uniqueness,High,PT03220,PT93220
part_master,PT92258,*,Duplicate part (number entered without dash),Uniqueness,High,PT02258,PT92258
part_master,PT90845,*,Duplicate part (number entered without dash),Uniqueness,High,PT00845,PT90845
part_master,PT91663,*,Duplicate part (number entered without dash),Uniqueness,High,PT01663,PT91663
part_master,PT92635,*,Duplicate part (number entered without dash),Uniqueness,High,PT02635,PT92635
part_master,PT93905,*,Duplicate part (number entered without dash),Uniqueness,High,PT03905,PT93905
part_master,PT92119,*,Duplicate part (number entered without dash),Uniqueness,High,PT02119,PT92119
part_master,PT94310,*,Duplicate part (number entered without dash),Uniqueness,High,PT04310,PT94310
part_master,PT92942,*,Duplicate part (number entered without dash),Uniqueness,High,PT02942,PT92942
part_master,PT93315,*,Duplicate part (number entered without dash),Uniqueness,High,PT03315,PT93315
part_master,PT92179,*,Duplicate part (number entered without dash),Uniqueness,High,PT02179,PT92179
part_master,PT91145,*,Duplicate part (number entered without dash),Uniqueness,High,PT01145,PT91145
part_master,PT93047,*,Duplicate part (number entered without dash),Uniqueness,High,PT03047,PT93047
part_master,PT91230,*,Duplicate part (number entered without dash),Uniqueness,High,PT01230,PT91230
part_master,PT94028,*,Duplicate part (number entered without dash),Uniqueness,High,PT04028,PT94028
part_master,PT92776,*,Duplicate part (number entered without dash),Uniqueness,High,PT02776,PT92776
part_master,PT91760,*,Duplicate part (number entered without dash),Uniqueness,High,PT01760,PT91760
part_master,PT90740,*,Duplicate part (number entered without dash),Uniqueness,High,PT00740,PT90740
part_master,PT93631,*,Duplicate part (number entered without dash),Uniqueness,High,PT03631,PT93631
part_master,PT94001,*,Duplicate part (number entered without dash),Uniqueness,High,PT04001,PT94001
part_master,PT90575,*,Duplicate part (number entered without dash),Uniqueness,High,PT00575,PT90575
part_master,PT90055,*,Duplicate part (number entered without dash),Uniqueness,High,PT00055,PT90055
part_master,PT92972,*,Duplicate part (number entered without dash),Uniqueness,High,PT02972,PT92972
part_master,PT91892,*,Duplicate part (number entered without dash),Uniqueness,High,PT01892,PT91892
part_master,PT93620,*,Duplicate part (number entered without dash),Uniqueness,High,PT03620,PT93620
part_master,PT91433,*,Duplicate part (number entered without dash),Uniqueness,High,PT01433,PT91433
part_master,PT92934,*,Duplicate part (number entered without dash),Uniqueness,High,PT02934,PT92934
part_master,PT93360,*,Duplicate part (number entered without dash),Uniqueness,High,PT03360,PT93360
part_master,PT92819,*,Duplicate part (number entered without dash),Uniqueness,High,PT02819,PT92819
part_master,PT93154,*,Duplicate part (number entered without dash),Uniqueness,High,PT03154,PT93154
part_master,PT91835,*,Duplicate part (number entered without dash),Uniqueness,High,PT01835,PT91835
part_master,PT91707,*,Duplicate part (number entered without dash),Uniqueness,High,PT01707,PT91707
part_master,PT94069,*,Duplicate part (number entered without dash),Uniqueness,High,PT04069,PT94069
part_master,PT91622,*,Duplicate part (number entered without dash),Uniqueness,High,PT01622,PT91622
part_master,PT92109,*,Duplicate part (number entered without dash),Uniqueness,High,PT02109,PT92109
part_master,PT91569,*,Duplicate part (number entered without dash),Uniqueness,High,PT01569,PT91569
part_master,PT92519,*,Duplicate part (number entered without dash),Uniqueness,High,PT02519,PT92519
part_master,PT90608,*,Duplicate part (number entered without dash),Uniqueness,High,PT00608,PT90608
part_master,PT90207,*,Duplicate part (number entered without dash),Uniqueness,High,PT00207,PT90207
part_master,PT90254,*,Duplicate part (number entered without dash),Uniqueness,High,PT00254,PT90254
part_master,PT90201,*,Duplicate part (number entered without dash),Uniqueness,High,PT00201,PT90201
part_master,PT91381,*,Duplicate part (number entered without dash),Uniqueness,High,PT01381,PT91381
part_master,PT92055,*,Duplicate part (number entered without dash),Uniqueness,High,PT02055,PT92055
part_master,PT91450,*,Duplicate part (number entered without dash),Uniqueness,High,PT01450,PT91450
part_master,PT90182,*,Duplicate part (number entered without dash),Uniqueness,High,PT00182,PT90182
part_master,PT90592,*,Duplicate part (number entered without dash),Uniqueness,High,PT00592,PT90592
part_master,PT91086,*,Duplicate part (number entered without dash),Uniqueness,High,PT01086,PT91086
part_master,PT93681,*,Duplicate part (number entered without dash),Uniqueness,High,PT03681,PT93681
part_master,PT93787,*,Duplicate part (number entered without dash),Uniqueness,High,PT03787,PT93787
part_master,PT93077,*,Duplicate part (number entered without dash),Uniqueness,High,PT03077,PT93077
part_master,PT90231,*,Duplicate part (number entered without dash),Uniqueness,High,PT00231,PT90231
part_master,PT93188,*,Duplicate part (number entered without dash),Uniqueness,High,PT03188,PT93188
part_master,PT93260,*,Duplicate part (number entered without dash),Uniqueness,High,PT03260,PT93260
part_master,PT91089,*,Duplicate part (number entered without dash),Uniqueness,High,PT01089,PT91089
part_master,PT93058,*,Duplicate part (number entered without dash),Uniqueness,High,PT03058,PT93058
part_master,PT93035,*,Duplicate part (number entered without dash),Uniqueness,High,PT03035,PT93035
part_master,PT93858,*,Duplicate part (number entered without dash),Uniqueness,High,PT03858,PT93858
part_master,PT93870,*,Duplicate part (number entered without dash),Uniqueness,High,PT03870,PT93870
part_master,PT92444,*,Duplicate part (number entered without dash),Uniqueness,High,PT02444,PT92444
part_master,PT90911,*,Duplicate part (number entered without dash),Uniqueness,High,PT00911,PT90911
part_master,PT90796,*,Duplicate part (number entered without dash),Uniqueness,High,PT00796,PT90796
part_master,PT91060,*,Duplicate part (number entered without dash),Uniqueness,High,PT01060,PT91060
part_master,PT94121,*,Duplicate part (number entered without dash),Uniqueness,High,PT04121,PT94121
part_master,PT92545,*,Duplicate part (number entered without dash),Uniqueness,High,PT02545,PT92545
part_master,PT92352,*,Duplicate part (number entered without dash),Uniqueness,High,PT02352,PT92352
part_master,PT91431,*,Duplicate part (number entered without dash),Uniqueness,High,PT01431,PT91431
part_master,PT90766,*,Duplicate part (number entered without dash),Uniqueness,High,PT00766,PT90766
part_master,PT93966,*,Duplicate part (number entered without dash),Uniqueness,High,PT03966,PT93966
part_master,PT91438,*,Duplicate part (number entered without dash),Uniqueness,High,PT01438,PT91438
part_master,PT93984,*,Duplicate part (number entered without dash),Uniqueness,High,PT03984,PT93984
part_master,PT92077,*,Duplicate part (number entered without dash),Uniqueness,High,PT02077,PT92077
part_master,PT91217,*,Duplicate part (number entered without dash),Uniqueness,High,PT01217,PT91217
part_master,PT90638,*,Duplicate part (number entered without dash),Uniqueness,High,PT00638,PT90638
part_master,PT92099,*,Duplicate part (number entered without dash),Uniqueness,High,PT02099,PT92099
part_master,PT90451,*,Duplicate part (number entered without dash),Uniqueness,High,PT00451,PT90451
part_master,PT92354,*,Duplicate part (number entered without dash),Uniqueness,High,PT02354,PT92354
part_master,PT93874,*,Duplicate part (number entered without dash),Uniqueness,High,PT03874,PT93874
part_master,PT90707,*,Duplicate part (number entered without dash),Uniqueness,High,PT00707,PT90707
part_master,PT91660,*,Duplicate part (number entered without dash),Uniqueness,High,PT01660,PT91660
part_master,PT93544,*,Duplicate part (number entered without dash),Uniqueness,High,PT03544,PT93544
part_master,PT93932,*,Duplicate part (number entered without dash),Uniqueness,High,PT03932,PT93932
part_master,PT90907,*,Duplicate part (number entered without dash),Uniqueness,High,PT00907,PT90907
part_master,PT93578,*,Duplicate part (number entered without dash),Uniqueness,High,PT03578,PT93578
part_master,PT93421,*,Duplicate part (number entered without dash),Uniqueness,High,PT03421,PT93421
part_master,PT94301,*,Duplicate part (number entered without dash),Uniqueness,High,PT04301,PT94301
part_master,PT92414,*,Duplicate part (number entered without dash),Uniqueness,High,PT02414,PT92414
part_master,PT94127,*,Duplicate part (number entered without dash),Uniqueness,High,PT04127,PT94127
part_master,PT90618,*,Duplicate part (number entered without dash),Uniqueness,High,PT00618,PT90618
part_master,PT93145,*,Duplicate part (number entered without dash),Uniqueness,High,PT03145,PT93145
part_master,PT91930,*,Duplicate part (number entered without dash),Uniqueness,High,PT01930,PT91930
part_master,PT94351,*,Duplicate part (number entered without dash),Uniqueness,High,PT04351,PT94351
part_master,PT91040,*,Duplicate part (number entered without dash),Uniqueness,High,PT01040,PT91040
part_master,PT93699,*,Duplicate part (number entered without dash),Uniqueness,High,PT03699,PT93699
part_master,PT92528,*,Duplicate part (number entered without dash),Uniqueness,High,PT02528,PT92528
part_master,PT90710,*,Duplicate part (number entered without dash),Uniqueness,High,PT00710,PT90710
part_master,PT92511,*,Duplicate part (number entered without dash),Uniqueness,High,PT02511,PT92511
part_master,PT92871,*,Duplicate part (number entered without dash),Uniqueness,High,PT02871,PT92871
part_master,PT92820,*,Duplicate part (number entered without dash),Uniqueness,High,PT02820,PT92820
part_master,PT90027,*,Duplicate part (number entered without dash),Uniqueness,High,PT00027,PT90027
part_master,PT93815,*,Duplicate part (number entered without dash),Uniqueness,High,PT03815,PT93815
part_master,PT91960,*,Duplicate part (number entered without dash),Uniqueness,High,PT01960,PT91960
part_master,PT91729,*,Duplicate part (number entered without dash),Uniqueness,High,PT01729,PT91729
part_master,PT91604,*,Duplicate part (number entered without dash),Uniqueness,High,PT01604,PT91604
part_master,PT90377,*,Duplicate part (number entered without dash),Uniqueness,High,PT00377,PT90377
part_master,PT94272,*,Duplicate part (number entered without dash),Uniqueness,High,PT04272,PT94272
part_master,PT90381,*,Duplicate part (number entered without dash),Uniqueness,High,PT00381,PT90381
part_master,PT91817,*,Duplicate part (number entered without dash),Uniqueness,High,PT01817,PT91817
part_master,PT94211,*,Duplicate part (number entered without dash),Uniqueness,High,PT04211,PT94211
part_master,PT91324,*,Duplicate part (number entered without dash),Uniqueness,High,PT01324,PT91324
part_master,PT92245,*,Duplicate part (number entered without dash),Uniqueness,High,PT02245,PT92245
part_master,PT91393,*,Duplicate part (number entered without dash),Uniqueness,High,PT01393,PT91393
part_master,PT92952,*,Duplicate part (number entered without dash),Uniqueness,High,PT02952,PT92952
part_master,PT91277,*,Duplicate part (number entered without dash),Uniqueness,High,PT01277,PT91277
part_master,PT94066,*,Duplicate part (number entered without dash),Uniqueness,High,PT04066,PT94066
part_master,PT90488,*,Duplicate part (number entered without dash),Uniqueness,High,PT00488,PT90488
part_master,PT92394,*,Duplicate part (number entered without dash),Uniqueness,High,PT02394,PT92394
part_master,PT93653,*,Duplicate part (number entered without dash),Uniqueness,High,PT03653,PT93653
part_master,PT91896,*,Duplicate part (number entered without dash),Uniqueness,High,PT01896,PT91896
part_master,PT82275,*,Superseded part number still active,Uniqueness,Medium,PT02275,PT82275
part_master,PT82508,*,Superseded part number still active,Uniqueness,Medium,PT02508,PT82508
part_master,PT82506,*,Superseded part number still active,Uniqueness,Medium,PT02506,PT82506
part_master,PT83194,*,Superseded part number still active,Uniqueness,Medium,PT03194,PT83194
part_master,PT81717,*,Superseded part number still active,Uniqueness,Medium,PT01717,PT81717
part_master,PT82413,*,Superseded part number still active,Uniqueness,Medium,PT02413,PT82413
part_master,PT83138,*,Superseded part number still active,Uniqueness,Medium,PT03138,PT83138
part_master,PT82138,*,Superseded part number still active,Uniqueness,Medium,PT02138,PT82138
part_master,PT83940,*,Superseded part number still active,Uniqueness,Medium,PT03940,PT83940
part_master,PT82110,*,Superseded part number still active,Uniqueness,Medium,PT02110,PT82110
part_master,PT83552,*,Superseded part number still active,Uniqueness,Medium,PT03552,PT83552
part_master,PT82771,*,Superseded part number still active,Uniqueness,Medium,PT02771,PT82771
part_master,PT80994,*,Superseded part number still active,Uniqueness,Medium,PT00994,PT80994
part_master,PT82044,*,Superseded part number still active,Uniqueness,Medium,PT02044,PT82044
part_master,PT80808,*,Superseded part number still active,Uniqueness,Medium,PT00808,PT80808
part_master,PT80681,*,Superseded part number still active,Uniqueness,Medium,PT00681,PT80681
part_master,PT80119,*,Superseded part number still active,Uniqueness,Medium,PT00119,PT80119
part_master,PT80577,*,Superseded part number still active,Uniqueness,Medium,PT00577,PT80577
part_master,PT83051,*,Superseded part number still active,Uniqueness,Medium,PT03051,PT83051
part_master,PT81042,*,Superseded part number still active,Uniqueness,Medium,PT01042,PT81042
part_master,PT81356,*,Superseded part number still active,Uniqueness,Medium,PT01356,PT81356
part_master,PT80607,*,Superseded part number still active,Uniqueness,Medium,PT00607,PT80607
part_master,PT84352,*,Superseded part number still active,Uniqueness,Medium,PT04352,PT84352
part_master,PT80765,*,Superseded part number still active,Uniqueness,Medium,PT00765,PT80765
part_master,PT82877,*,Superseded part number still active,Uniqueness,Medium,PT02877,PT82877
part_master,PT82912,*,Superseded part number still active,Uniqueness,Medium,PT02912,PT82912
part_master,PT81841,*,Superseded part number still active,Uniqueness,Medium,PT91841,PT81841
part_master,PT84363,*,Superseded part number still active,Uniqueness,Medium,PT04363,PT84363
part_master,PT80592,*,Superseded part number still active,Uniqueness,Medium,PT00592,PT80592
part_master,PT81344,*,Superseded part number still active,Uniqueness,Medium,PT01344,PT81344
part_master,PT81601,*,Superseded part number still active,Uniqueness,Medium,PT01601,PT81601
part_master,PT83487,*,Superseded part number still active,Uniqueness,Medium,PT03487,PT83487
part_master,PT84316,*,Superseded part number still active,Uniqueness,Medium,PT04316,PT84316
part_master,PT83374,*,Superseded part number still active,Uniqueness,Medium,PT03374,PT83374
part_master,PT83148,*,Superseded part number still active,Uniqueness,Medium,PT03148,PT83148
part_master,PT80272,*,Superseded part number still active,Uniqueness,Medium,PT00272,PT80272
part_master,PT84164,*,Superseded part number still active,Uniqueness,Medium,PT04164,PT84164
part_master,PT81089,*,Superseded part number still active,Uniqueness,Medium,PT91089,PT81089
part_master,PT81418,*,Superseded part number still active,Uniqueness,Medium,PT01418,PT81418
part_master,PT81903,*,Superseded part number still active,Uniqueness,Medium,PT01903,PT81903
part_master,PT81214,*,Superseded part number still active,Uniqueness,Medium,PT01214,PT81214
part_master,PT81943,*,Superseded part number still active,Uniqueness,Medium,PT01943,PT81943
part_master,PT83043,*,Superseded part number still active,Uniqueness,Medium,PT03043,PT83043
part_master,PT80829,*,Superseded part number still active,Uniqueness,Medium,PT00829,PT80829
part_master,PT80586,*,Superseded part number still active,Uniqueness,Medium,PT00586,PT80586
part_master,PT82019,*,Superseded part number still active,Uniqueness,Medium,PT02019,PT82019
part_master,PT82693,*,Superseded part number still active,Uniqueness,Medium,PT02693,PT82693
part_master,PT81353,*,Superseded part number still active,Uniqueness,Medium,PT01353,PT81353
part_master,PT81415,*,Superseded part number still active,Uniqueness,Medium,PT01415,PT81415
part_master,PT82644,*,Superseded part number still active,Uniqueness,Medium,PT02644,PT82644
part_master,PT82167,*,Superseded part number still active,Uniqueness,Medium,PT02167,PT82167
part_master,PT82345,*,Superseded part number still active,Uniqueness,Medium,PT02345,PT82345
part_master,PT82963,*,Superseded part number still active,Uniqueness,Medium,PT02963,PT82963
part_master,PT83684,*,Superseded part number still active,Uniqueness,Medium,PT03684,PT83684
part_master,PT80158,*,Superseded part number still active,Uniqueness,Medium,PT00158,PT80158
part_master,PT81713,*,Superseded part number still active,Uniqueness,Medium,PT01713,PT81713
part_master,PT80656,*,Superseded part number still active,Uniqueness,Medium,PT00656,PT80656
part_master,PT83848,*,Superseded part number still active,Uniqueness,Medium,PT03848,PT83848
part_master,PT83295,*,Superseded part number still active,Uniqueness,Medium,PT03295,PT83295
part_master,PT80330,*,Superseded part number still active,Uniqueness,Medium,PT90330,PT80330
part_master,PT80842,*,Superseded part number still active,Uniqueness,Medium,PT00842,PT80842
part_master,PT80459,*,Superseded part number still active,Uniqueness,Medium,PT00459,PT80459
part_master,PT80710,*,Superseded part number still active,Uniqueness,Medium,PT00710,PT80710
part_master,PT81758,*,Superseded part number still active,Uniqueness,Medium,PT01758,PT81758
part_master,PT81298,*,Superseded part number still active,Uniqueness,Medium,PT01298,PT81298
part_master,PT82279,*,Superseded part number still active,Uniqueness,Medium,PT02279,PT82279
part_master,PT83849,*,Superseded part number still active,Uniqueness,Medium,PT03849,PT83849
part_master,PT80442,*,Superseded part number still active,Uniqueness,Medium,PT00442,PT80442
part_master,PT81541,*,Superseded part number still active,Uniqueness,Medium,PT01541,PT81541
part_master,PT80465,*,Superseded part number still active,Uniqueness,Medium,PT00465,PT80465
part_master,PT84188,*,Superseded part number still active,Uniqueness,Medium,PT04188,PT84188
part_master,PT80811,*,Superseded part number still active,Uniqueness,Medium,PT00811,PT80811
part_master,PT82397,*,Superseded part number still active,Uniqueness,Medium,PT02397,PT82397
part_master,PT80646,*,Superseded part number still active,Uniqueness,Medium,PT00646,PT80646
part_master,PT82273,*,Superseded part number still active,Uniqueness,Medium,PT02273,PT82273
part_master,PT81479,*,Superseded part number still active,Uniqueness,Medium,PT01479,PT81479
part_master,PT81826,*,Superseded part number still active,Uniqueness,Medium,PT01826,PT81826
part_master,PT83596,*,Superseded part number still active,Uniqueness,Medium,PT03596,PT83596
part_master,PT82934,*,Superseded part number still active,Uniqueness,Medium,PT02934,PT82934
part_master,PT83590,*,Superseded part number still active,Uniqueness,Medium,PT03590,PT83590
part_master,PT82259,*,Superseded part number still active,Uniqueness,Medium,PT02259,PT82259
part_master,PT82813,*,Superseded part number still active,Uniqueness,Medium,PT02813,PT82813
part_master,PT82244,*,Superseded part number still active,Uniqueness,Medium,PT02244,PT82244
part_master,PT83065,*,Superseded part number still active,Uniqueness,Medium,PT03065,PT83065
part_master,PT81004,*,Superseded part number still active,Uniqueness,Medium,PT01004,PT81004
part_master,PT83618,*,Superseded part number still active,Uniqueness,Medium,PT03618,PT83618
part_master,PT81899,*,Superseded part number still active,Uniqueness,Medium,PT01899,PT81899
part_master,PT81588,*,Superseded part number still active,Uniqueness,Medium,PT01588,PT81588
part_master,PT80042,*,Superseded part number still active,Uniqueness,Medium,PT00042,PT80042
part_master,PT80551,*,Superseded part number still active,Uniqueness,Medium,PT00551,PT80551
part_master,PT83330,*,Superseded part number still active,Uniqueness,Medium,PT03330,PT83330
