txn_id,txn_timestamp,branch_id,part_id,part_number,txn_type,qty,unit_of_measure,reference_type,reference_id,balance_after,unit_cost_usd
IT000000001,2023-01-01 06:00:02,B001,PT00008,6I-2502,Opening Balance,3,EA,MIGRATION,OB-2023,3,65.12
IT000000002,2023-01-01 06:00:09,B001,PT01545,598-4554,Opening Balance,2,EA,MIGRATION,OB-2023,2,89.65
IT000000003,2023-01-01 06:00:16,B001,PT02568,8I-1728,Opening Balance,2,EA,MIGRATION,OB-2023,2,7514.99
IT000000004,2023-01-01 06:00:25,B001,PT02060,4G-7556,Opening Balance,3,EA,MIGRATION,OB-2023,3,224.42
IT000000005,2023-01-01 06:00:40,B001,PT00528,524-2290,Opening Balance,12,EA,MIGRATION,OB-2023,12,110.86
IT000000006,2023-01-01 06:00:51,B001,PT02064,193-3542,Opening Balance,4,EA,MIGRATION,OB-2023,4,320.32
IT000000007,2023-01-01 06:01:08,B001,PT04113,146-9671,Opening Balance,16,EA,MIGRATION,OB-2023,16,5.44
IT000000008,2023-01-01 06:01:10,B001,PT03603,1B-7385,Opening Balance,3,EA,MIGRATION,OB-2023,3,134.89
IT000000009,2023-01-01 06:01:19,B001,PT04116,202-9021,Opening Balance,13,EA,MIGRATION,OB-2023,13,5.52
IT000000010,2023-01-01 06:01:30,B001,PT00531,3A-4948,Opening Balance,9,EA,MIGRATION,OB-2023,9,58.89
IT000000011,2023-01-01 06:01:45,B001,PT01558,3G-9488,Opening Balance,3,EA,MIGRATION,OB-2023,3,92.71
IT000000012,2023-01-01 06:01:55,B001,PT01040,229-0450,Opening Balance,3,EA,MIGRATION,OB-2023,3,802.98
IT000000013,2023-01-01 06:02:13,B001,PT03608,207-1758,Opening Balance,3,EA,MIGRATION,OB-2023,3,204.22
IT000000014,2023-01-01 06:02:29,B001,PT04120,6C-3111,Opening Balance,22,EA,MIGRATION,OB-2023,22,5.71
IT000000015,2023-01-01 06:02:43,B001,PT00529,563-9831,Opening Balance,7,EA,MIGRATION,OB-2023,7,59.25
IT000000016,2023-01-01 06:02:51,B001,PT00025,3H-5164,Opening Balance,4,EA,MIGRATION,OB-2023,4,282.54
IT000000017,2023-01-01 06:02:58,B001,PT00544,274-6169,Opening Balance,8,EA,MIGRATION,OB-2023,8,121.94
IT000000018,2023-01-01 06:03:09,B001,PT04131,9D-6936,Opening Balance,9,EA,MIGRATION,OB-2023,9,3.99
IT000000019,2023-01-01 06:03:18,B001,PT02083,1S-1694,Opening Balance,4,EA,MIGRATION,OB-2023,4,245.14
IT000000020,2023-01-01 06:03:19,B001,PT00551,292-4745,Opening Balance,6,EA,MIGRATION,OB-2023,6,94.41
IT000000021,2023-01-01 06:03:24,B001,PT02603,1T-3810,Opening Balance,2,EA,MIGRATION,OB-2023,2,6412.28
IT000000022,2023-01-01 06:03:40,B001,PT00556,437-7715,Opening Balance,10,EA,MIGRATION,OB-2023,10,115.17
IT000000023,2023-01-01 06:03:49,B001,PT04143,1J-1403,Opening Balance,11,EA,MIGRATION,OB-2023,11,0.92
IT000000024,2023-01-01 06:04:08,B001,PT03632,117-3730,Opening Balance,3,EA,MIGRATION,OB-2023,3,153.5
IT000000025,2023-01-01 06:04:13,B001,PT03122,286-1016,Opening Balance,3,EA,MIGRATION,OB-2023,3,648.67
IT000000026,2023-01-01 06:04:32,B001,PT00563,225-2219,Opening Balance,6,EA,MIGRATION,OB-2023,6,65.32
IT000000027,2023-01-01 06:04:48,B001,PT02102,7S-3797,Opening Balance,3,EA,MIGRATION,OB-2023,3,415.36
IT000000028,2023-01-01 06:04:55,B001,PT01590,8A-9900,Opening Balance,2,EA,MIGRATION,OB-2023,2,319.91
IT000000029,2023-01-01 06:05:07,B001,PT04154,9B-3690,Opening Balance,8,EA,MIGRATION,OB-2023,8,1.36
IT000000030,2023-01-01 06:05:26,B001,PT04157,361-1593,Opening Balance,10,EA,MIGRATION,OB-2023,10,1.04
IT000000031,2023-01-01 06:05:39,B001,PT00578,1M-5785,Opening Balance,2,EA,MIGRATION,OB-2023,2,84.1
IT000000032,2023-01-01 06:05:57,B001,PT00066,227-5352,Opening Balance,4,EA,MIGRATION,OB-2023,4,228.69
IT000000033,2023-01-01 06:06:00,B001,PT02626,6R-8215,Opening Balance,3,EA,MIGRATION,OB-2023,3,5975.92
IT000000034,2023-01-01 06:06:04,B001,PT01606,4W-7872,Opening Balance,3,EA,MIGRATION,OB-2023,3,180.34
IT000000035,2023-01-01 06:06:05,B001,PT03142,223-5376,Opening Balance,3,EA,MIGRATION,OB-2023,3,85.18
IT000000036,2023-01-01 06:06:12,B001,PT04168,7T-9190,Opening Balance,43,EA,MIGRATION,OB-2023,43,0.63
IT000000037,2023-01-01 06:06:27,B001,PT00073,122-2117,Opening Balance,3,EA,MIGRATION,OB-2023,3,233.97
IT000000038,2023-01-01 06:06:46,B001,PT04170,3T-1571,Opening Balance,15,EA,MIGRATION,OB-2023,15,0.92
IT000000039,2023-01-01 06:06:57,B001,PT04171,229-5333,Opening Balance,9,EA,MIGRATION,OB-2023,9,0.8
IT000000040,2023-01-01 06:07:06,B001,PT03149,585-2754,Opening Balance,3,EA,MIGRATION,OB-2023,3,109.54
IT000000041,2023-01-01 06:07:24,B001,PT00078,169-0381,Opening Balance,4,EA,MIGRATION,OB-2023,4,210.66
IT000000042,2023-01-01 06:07:36,B001,PT00591,8F-9785,Opening Balance,2,EA,MIGRATION,OB-2023,2,183.07
IT000000043,2023-01-01 06:07:47,B001,PT04186,5L-4209,Opening Balance,10,EA,MIGRATION,OB-2023,10,0.62
IT000000044,2023-01-01 06:07:49,B001,PT01628,8V-6398,Opening Balance,3,EA,MIGRATION,OB-2023,3,208.52
IT000000045,2023-01-01 06:07:54,B001,PT04188,359-7947,Opening Balance,8,EA,MIGRATION,OB-2023,8,1.4
IT000000046,2023-01-01 06:08:08,B001,PT04190,8H-9735,Opening Balance,17,EA,MIGRATION,OB-2023,17,0.94
IT000000047,2023-01-01 06:08:22,B001,PT02143,8J-9167,Opening Balance,4,EA,MIGRATION,OB-2023,4,1860.71
IT000000048,2023-01-01 06:08:32,B001,PT03168,552-4638,Opening Balance,2,EA,MIGRATION,OB-2023,2,103.25
IT000000049,2023-01-01 06:08:46,B001,PT02141,8G-8457,Opening Balance,3,EA,MIGRATION,OB-2023,3,2244.92
IT000000050,2023-01-01 06:09:00,B001,PT03683,9U-7154,Opening Balance,3,EA,MIGRATION,OB-2023,3,316.91
IT000000051,2023-01-01 06:09:02,B001,PT03174,1P-7933,Opening Balance,3,EA,MIGRATION,OB-2023,3,59.81
IT000000052,2023-01-01 06:09:18,B001,PT01639,3L-5278,Opening Balance,3,EA,MIGRATION,OB-2023,3,138.86
IT000000053,2023-01-01 06:09:32,B001,PT02665,6K-8358,Opening Balance,2,EA,MIGRATION,OB-2023,2,7995.48
IT000000054,2023-01-01 06:09:37,B001,PT04204,8F-7713,Opening Balance,12,EA,MIGRATION,OB-2023,12,0.61
IT000000055,2023-01-01 06:09:42,B001,PT04206,4R-8675,Opening Balance,14,EA,MIGRATION,OB-2023,14,1.51
IT000000056,2023-01-01 06:10:01,B001,PT02671,396-0044,Opening Balance,3,EA,MIGRATION,OB-2023,3,8477.81
IT000000057,2023-01-01 06:10:06,B001,PT00116,428-1642,Opening Balance,3,EA,MIGRATION,OB-2023,3,471.76
IT000000058,2023-01-01 06:10:07,B001,PT04216,517-9888,Opening Balance,29,EA,MIGRATION,OB-2023,29,1.55
IT000000059,2023-01-01 06:10:08,B001,PT01658,311-4289,Opening Balance,3,EA,MIGRATION,OB-2023,3,56.08
IT000000060,2023-01-01 06:10:13,B001,PT04218,8W-8214,Opening Balance,10,EA,MIGRATION,OB-2023,10,0.75
IT000000061,2023-01-01 06:10:25,B001,PT02174,413-0540,Opening Balance,6,EA,MIGRATION,OB-2023,6,1424.74
IT000000062,2023-01-01 06:10:34,B001,PT04223,434-5224,Opening Balance,9,EA,MIGRATION,OB-2023,9,1.36
IT000000063,2023-01-01 06:10:48,B001,PT04224,2S-0257,Opening Balance,13,EA,MIGRATION,OB-2023,13,0.64
IT000000064,2023-01-01 06:10:53,B001,PT01663,4X-2943,Opening Balance,6,EA,MIGRATION,OB-2023,6,65.53
IT000000065,2023-01-01 06:10:58,B001,PT04226,375-0955,Opening Balance,10,EA,MIGRATION,OB-2023,10,1.44
IT000000066,2023-01-01 06:11:06,B001,PT01664,560-8743,Opening Balance,6,EA,MIGRATION,OB-2023,6,28.79
IT000000067,2023-01-01 06:11:22,B001,PT04230,2L-7941,Opening Balance,12,EA,MIGRATION,OB-2023,12,0.79
IT000000068,2023-01-01 06:11:32,B001,PT03213,315-3548,Opening Balance,3,EA,MIGRATION,OB-2023,3,342.25
IT000000069,2023-01-01 06:11:47,B001,PT03728,360-9609,Opening Balance,3,EA,MIGRATION,OB-2023,3,64.6
IT000000070,2023-01-01 06:11:49,B001,PT01681,360-4865,Opening Balance,5,EA,MIGRATION,OB-2023,5,25.39
IT000000071,2023-01-01 06:11:57,B001,PT02192,424-1351,Opening Balance,7,EA,MIGRATION,OB-2023,7,596.74
IT000000072,2023-01-01 06:12:06,B001,PT01171,5C-1054,Opening Balance,3,EA,MIGRATION,OB-2023,3,203.72
IT000000073,2023-01-01 06:12:08,B001,PT00663,124-2319,Opening Balance,3,EA,MIGRATION,OB-2023,3,8734.21
IT000000074,2023-01-01 06:12:14,B001,PT00152,404-7957,Opening Balance,3,EA,MIGRATION,OB-2023,3,508.14
IT000000075,2023-01-01 06:12:20,B001,PT01689,592-5818,Opening Balance,3,EA,MIGRATION,OB-2023,3,39.6
IT000000076,2023-01-01 06:12:29,B001,PT02202,431-9871,Opening Balance,6,EA,MIGRATION,OB-2023,6,882.61
IT000000077,2023-01-01 06:12:33,B001,PT02205,8X-8484,Opening Balance,9,EA,MIGRATION,OB-2023,9,1294.93
IT000000078,2023-01-01 06:12:39,B001,PT01699,5T-5716,Opening Balance,5,EA,MIGRATION,OB-2023,5,28.8
IT000000079,2023-01-01 06:12:58,B001,PT02729,7W-7747,Opening Balance,2,EA,MIGRATION,OB-2023,2,5967.38
IT000000080,2023-01-01 06:13:01,B001,PT00174,428-6063,Opening Balance,4,EA,MIGRATION,OB-2023,4,399.53
IT000000081,2023-01-01 06:13:17,B001,PT01712,4X-4451,Opening Balance,3,EA,MIGRATION,OB-2023,3,52.46
IT000000082,2023-01-01 06:13:28,B001,PT01713,5G-7485,Opening Balance,3,EA,MIGRATION,OB-2023,3,36.85
IT000000083,2023-01-01 06:13:30,B001,PT00692,5M-8826,Opening Balance,2,EA,MIGRATION,OB-2023,2,5982.13
IT000000084,2023-01-01 06:13:38,B001,PT01717,560-6984,Opening Balance,5,EA,MIGRATION,OB-2023,5,49.33
IT000000085,2023-01-01 06:13:48,B001,PT02744,3N-2812,Opening Balance,3,EA,MIGRATION,OB-2023,3,4790.82
IT000000086,2023-01-01 06:13:54,B001,PT00185,7K-5370,Opening Balance,4,EA,MIGRATION,OB-2023,4,555.11
IT000000087,2023-01-01 06:14:00,B001,PT00189,7S-2175,Opening Balance,4,EA,MIGRATION,OB-2023,4,350.9
IT000000088,2023-01-01 06:14:14,B001,PT01726,283-0099,Opening Balance,4,EA,MIGRATION,OB-2023,4,50.09
IT000000089,2023-01-01 06:14:15,B001,PT03773,143-4160,Opening Balance,2,EA,MIGRATION,OB-2023,2,53.2
IT000000090,2023-01-01 06:14:33,B001,PT00703,4C-9061,Opening Balance,3,EA,MIGRATION,OB-2023,3,6774.13
IT000000091,2023-01-01 06:14:40,B001,PT01733,1Y-5014,Opening Balance,5,EA,MIGRATION,OB-2023,5,61.06
IT000000092,2023-01-01 06:14:48,B001,PT01226,247-4306,Opening Balance,3,EA,MIGRATION,OB-2023,3,125.1
IT000000093,2023-01-01 06:14:51,B001,PT01744,6Y-5381,Opening Balance,3,EA,MIGRATION,OB-2023,3,89.4
IT000000094,2023-01-01 06:15:08,B001,PT00724,3X-8696,Opening Balance,3,EA,MIGRATION,OB-2023,3,7487.37
IT000000095,2023-01-01 06:15:13,B001,PT00725,7H-7085,Opening Balance,2,EA,MIGRATION,OB-2023,2,7502.12
IT000000096,2023-01-01 06:15:29,B001,PT03799,4P-3717,Opening Balance,2,EA,MIGRATION,OB-2023,2,652.48
IT000000097,2023-01-01 06:15:36,B001,PT02269,7Y-6571,Opening Balance,14,EA,MIGRATION,OB-2023,14,31.76
IT000000098,2023-01-01 06:15:37,B001,PT01758,448-1152,Opening Balance,5,EA,MIGRATION,OB-2023,5,38.58
IT000000099,2023-01-01 06:15:45,B001,PT01760,8I-6396,Opening Balance,4,EA,MIGRATION,OB-2023,4,85.9
IT000000100,2023-01-01 06:15:55,B001,PT02277,2G-6572,Opening Balance,6,EA,MIGRATION,OB-2023,6,71.31
IT000000101,2023-01-01 06:16:04,B001,PT02278,1L-5505,Opening Balance,6,EA,MIGRATION,OB-2023,6,39.34
IT000000102,2023-01-01 06:16:23,B001,PT00742,8C-1870,Opening Balance,3,EA,MIGRATION,OB-2023,3,9633.14
IT000000103,2023-01-01 06:16:33,B001,PT01770,221-8133,Opening Balance,4,EA,MIGRATION,OB-2023,4,66.6
IT000000104,2023-01-01 06:16:48,B001,PT03306,138-0993,Opening Balance,3,EA,MIGRATION,OB-2023,3,3197.92
IT000000105,2023-01-01 06:16:56,B001,PT02285,2V-6923,Opening Balance,9,EA,MIGRATION,OB-2023,9,36.99
IT000000106,2023-01-01 06:16:59,B001,PT01261,538-5077,Opening Balance,3,EA,MIGRATION,OB-2023,3,19.66
IT000000107,2023-01-01 06:17:09,B001,PT02289,523-3493,Opening Balance,6,EA,MIGRATION,OB-2023,6,61.97
IT000000108,2023-01-01 06:17:20,B001,PT03317,533-8964,Opening Balance,3,EA,MIGRATION,OB-2023,3,3865.19
IT000000109,2023-01-01 06:17:28,B001,PT01783,258-3573,Opening Balance,6,EA,MIGRATION,OB-2023,6,91.32
IT000000110,2023-01-01 06:17:43,B001,PT01272,3C-4322,Opening Balance,2,EA,MIGRATION,OB-2023,2,33.31
IT000000111,2023-01-01 06:18:02,B001,PT01787,4K-0418,Opening Balance,3,EA,MIGRATION,OB-2023,3,69.94
IT000000112,2023-01-01 06:18:04,B001,PT01788,360-8758,Opening Balance,5,EA,MIGRATION,OB-2023,5,43.97
IT000000113,2023-01-01 06:18:06,B001,PT01789,3G-3233,Opening Balance,6,EA,MIGRATION,OB-2023,6,74.45
IT000000114,2023-01-01 06:18:12,B001,PT02303,320-9092,Opening Balance,6,EA,MIGRATION,OB-2023,6,73.37
IT000000115,2023-01-01 06:18:24,B001,PT01792,6X-0708,Opening Balance,6,EA,MIGRATION,OB-2023,6,75.21
IT000000116,2023-01-01 06:18:25,B001,PT00258,332-9603,Opening Balance,3,EA,MIGRATION,OB-2023,3,1267.96
IT000000117,2023-01-01 06:18:29,B001,PT01797,4E-2096,Opening Balance,3,EA,MIGRATION,OB-2023,3,45.67
IT000000118,2023-01-01 06:18:37,B001,PT03333,8P-6817,Opening Balance,3,EA,MIGRATION,OB-2023,3,3849.66
IT000000119,2023-01-01 06:18:45,B001,PT01801,176-0602,Opening Balance,4,EA,MIGRATION,OB-2023,4,33.13
IT000000120,2023-01-01 06:19:02,B001,PT02314,402-5446,Opening Balance,11,EA,MIGRATION,OB-2023,11,84.18
IT000000121,2023-01-01 06:19:13,B001,PT02833,553-1060,Opening Balance,3,EA,MIGRATION,OB-2023,3,84.09
IT000000122,2023-01-01 06:19:30,B001,PT02323,6G-0735,Opening Balance,7,EA,MIGRATION,OB-2023,7,3.78
IT000000123,2023-01-01 06:19:45,B001,PT03352,139-9061,Opening Balance,3,EA,MIGRATION,OB-2023,3,3385.44
IT000000124,2023-01-01 06:19:53,B001,PT03870,8N-2613,Opening Balance,3,EA,MIGRATION,OB-2023,3,271.44
IT000000125,2023-01-01 06:20:12,B001,PT02338,480-6394,Opening Balance,6,EA,MIGRATION,OB-2023,6,8.43
IT000000126,2023-01-01 06:20:29,B001,PT00291,537-6108,Opening Balance,3,EA,MIGRATION,OB-2023,3,156.22
IT000000127,2023-01-01 06:20:39,B001,PT04387,591-1170,Opening Balance,2,EA,MIGRATION,OB-2023,2,212.1
IT000000128,2023-01-01 06:20:56,B001,PT02343,6G-1436,Opening Balance,9,EA,MIGRATION,OB-2023,9,4.36
IT000000129,2023-01-01 06:21:01,B001,PT01320,453-5655,Opening Balance,3,EA,MIGRATION,OB-2023,3,18.39
IT000000130,2023-01-01 06:21:05,B001,PT01833,332-0887,Opening Balance,2,EA,MIGRATION,OB-2023,2,2066.94
IT000000131,2023-01-01 06:21:21,B001,PT02350,562-8818,Opening Balance,8,EA,MIGRATION,OB-2023,8,9.04
IT000000132,2023-01-01 06:21:36,B001,PT03888,6W-8490,Opening Balance,3,EA,MIGRATION,OB-2023,3,541.38
IT000000133,2023-01-01 06:21:41,B001,PT03379,391-2906,Opening Balance,3,EA,MIGRATION,OB-2023,3,3891.62
IT000000134,2023-01-01 06:21:56,B001,PT01845,1P-0059,Opening Balance,2,EA,MIGRATION,OB-2023,2,3321.23
IT000000135,2023-01-01 06:22:06,B001,PT02357,9C-8228,Opening Balance,7,EA,MIGRATION,OB-2023,7,3.86
IT000000136,2023-01-01 06:22:17,B001,PT03895,7F-0844,Opening Balance,2,EA,MIGRATION,OB-2023,2,424.47
IT000000137,2023-01-01 06:22:34,B001,PT02872,4D-0264,Opening Balance,3,EA,MIGRATION,OB-2023,3,134.31
IT000000138,2023-01-01 06:22:38,B001,PT02365,195-2101,Opening Balance,7,EA,MIGRATION,OB-2023,7,7.22
IT000000139,2023-01-01 06:22:46,B001,PT00830,8V-2072,Opening Balance,3,EA,MIGRATION,OB-2023,3,70.47
IT000000140,2023-01-01 06:22:52,B001,PT04413,1X-9099,Opening Balance,45,GAL,MIGRATION,OB-2023,45,21.12
IT000000141,2023-01-01 06:23:03,B001,PT04414,4S-5275,Opening Balance,34,GAL,MIGRATION,OB-2023,34,23.76
IT000000142,2023-01-01 06:23:07,B001,PT04415,576-2232,Opening Balance,105,GAL,MIGRATION,OB-2023,105,16.72
IT000000143,2023-01-01 06:23:10,B001,PT04416,9I-8063,Opening Balance,35,GAL,MIGRATION,OB-2023,35,22.88
IT000000144,2023-01-01 06:23:24,B001,PT02387,147-0412,Opening Balance,7,EA,MIGRATION,OB-2023,7,7.92
IT000000145,2023-01-01 06:23:26,B001,PT01376,9A-4193,Opening Balance,3,EA,MIGRATION,OB-2023,3,429.48
IT000000146,2023-01-01 06:23:34,B001,PT03939,464-7793,Opening Balance,2,EA,MIGRATION,OB-2023,2,101.84
IT000000147,2023-01-01 06:23:53,B001,PT01385,6T-6574,Opening Balance,3,EA,MIGRATION,OB-2023,3,943.34
IT000000148,2023-01-01 06:24:12,B001,PT01386,3T-7732,Opening Balance,3,EA,MIGRATION,OB-2023,3,686.58
IT000000149,2023-01-01 06:24:16,B001,PT01902,282-9451,Opening Balance,2,EA,MIGRATION,OB-2023,2,62.6
IT000000150,2023-01-01 06:24:34,B001,PT00368,526-6745,Opening Balance,7,EA,MIGRATION,OB-2023,7,386.05
IT000000151,2023-01-01 06:24:41,B001,PT02930,1Y-4239,Opening Balance,3,EA,MIGRATION,OB-2023,3,359.19
IT000000152,2023-01-01 06:24:45,B001,PT00371,102-2838,Opening Balance,6,EA,MIGRATION,OB-2023,6,250.01
IT000000153,2023-01-01 06:24:55,B001,PT03959,215-9407,Opening Balance,14,EA,MIGRATION,OB-2023,14,1.74
IT000000154,2023-01-01 06:25:05,B001,PT03960,6U-2212,Opening Balance,8,EA,MIGRATION,OB-2023,8,2.54
IT000000155,2023-01-01 06:25:13,B001,PT00377,527-1509,Opening Balance,6,EA,MIGRATION,OB-2023,6,273.21
IT000000156,2023-01-01 06:25:22,B001,PT03963,416-4600,Opening Balance,12,EA,MIGRATION,OB-2023,12,2.03
IT000000157,2023-01-01 06:25:24,B001,PT03964,392-6922,Opening Balance,23,EA,MIGRATION,OB-2023,23,1.35
IT000000158,2023-01-01 06:25:30,B001,PT01917,9S-7454,Opening Balance,3,EA,MIGRATION,OB-2023,3,74.8
IT000000159,2023-01-01 06:25:34,B001,PT00383,397-6076,Opening Balance,8,EA,MIGRATION,OB-2023,8,215.81
IT000000160,2023-01-01 06:25:52,B001,PT00391,9H-5308,Opening Balance,6,EA,MIGRATION,OB-2023,6,252.54
IT000000161,2023-01-01 06:26:02,B001,PT00392,5N-8987,Opening Balance,6,EA,MIGRATION,OB-2023,6,271.22
IT000000162,2023-01-01 06:26:13,B001,PT03465,6L-3365,Opening Balance,3,EA,MIGRATION,OB-2023,3,17.08
IT000000163,2023-01-01 06:26:22,B001,PT01930,558-1017,Opening Balance,2,EA,MIGRATION,OB-2023,2,100.63
IT000000164,2023-01-01 06:26:39,B001,PT00395,427-3872,Opening Balance,7,EA,MIGRATION,OB-2023,7,365.31
IT000000165,2023-01-01 06:26:55,B001,PT03988,100-7705,Opening Balance,8,EA,MIGRATION,OB-2023,8,2.98
IT000000166,2023-01-01 06:27:09,B001,PT02453,8X-8177,Opening Balance,7,EA,MIGRATION,OB-2023,7,156.47
IT000000167,2023-01-01 06:27:15,B001,PT02454,7A-9604,Opening Balance,6,EA,MIGRATION,OB-2023,6,204.91
IT000000168,2023-01-01 06:27:21,B001,PT00919,453-3186,Opening Balance,2,EA,MIGRATION,OB-2023,2,622.85
IT000000169,2023-01-01 06:27:39,B001,PT03993,442-4472,Opening Balance,9,EA,MIGRATION,OB-2023,9,2.06
IT000000170,2023-01-01 06:27:57,B001,PT00922,1J-9864,Opening Balance,3,EA,MIGRATION,OB-2023,3,902.11
IT000000171,2023-01-01 06:28:03,B001,PT02458,9M-7845,Opening Balance,9,EA,MIGRATION,OB-2023,9,302.03
IT000000172,2023-01-01 06:28:10,B001,PT00412,428-6776,Opening Balance,7,EA,MIGRATION,OB-2023,7,393.66
IT000000173,2023-01-01 06:28:17,B001,PT00409,155-7536,Opening Balance,7,EA,MIGRATION,OB-2023,7,209.08
IT000000174,2023-01-01 06:28:32,B001,PT01438,216-7829,Opening Balance,2,EA,MIGRATION,OB-2023,2,753.83
IT000000175,2023-01-01 06:28:51,B001,PT02463,5K-8490,Opening Balance,7,EA,MIGRATION,OB-2023,7,209.44
IT000000176,2023-01-01 06:29:08,B001,PT01952,445-2745,Opening Balance,3,EA,MIGRATION,OB-2023,3,90.23
IT000000177,2023-01-01 06:29:24,B001,PT00420,343-6869,Opening Balance,9,EA,MIGRATION,OB-2023,9,197.1
IT000000178,2023-01-01 06:29:31,B001,PT04005,4X-6633,Opening Balance,15,EA,MIGRATION,OB-2023,15,2.47
IT000000179,2023-01-01 06:29:38,B001,PT00421,4X-4483,Opening Balance,6,EA,MIGRATION,OB-2023,6,152.79
IT000000180,2023-01-01 06:29:55,B001,PT02981,8L-5980,Opening Balance,3,EA,MIGRATION,OB-2023,3,5363.5
IT000000181,2023-01-01 06:30:03,B001,PT02472,6I-9076,Opening Balance,2,EA,MIGRATION,OB-2023,2,6062.47
IT000000182,2023-01-01 06:30:08,B001,PT04012,447-1265,Opening Balance,10,EA,MIGRATION,OB-2023,10,1.87
IT000000183,2023-01-01 06:30:25,B001,PT01966,8R-0598,Opening Balance,2,EA,MIGRATION,OB-2023,2,32.29
IT000000184,2023-01-01 06:30:35,B001,PT00942,3Y-1763,Opening Balance,2,EA,MIGRATION,OB-2023,2,527.65
IT000000185,2023-01-01 06:30:37,B001,PT04016,4Y-7805,Opening Balance,14,EA,MIGRATION,OB-2023,14,2.64
IT000000186,2023-01-01 06:30:55,B001,PT01457,1Y-0910,Opening Balance,2,EA,MIGRATION,OB-2023,2,767.94
IT000000187,2023-01-01 06:31:01,B001,PT04019,9M-7219,Opening Balance,9,EA,MIGRATION,OB-2023,9,2.03
IT000000188,2023-01-01 06:31:07,B001,PT03507,9S-1150,Opening Balance,3,EA,MIGRATION,OB-2023,3,19.69
IT000000189,2023-01-01 06:31:18,B001,PT00435,8U-1633,Opening Balance,6,EA,MIGRATION,OB-2023,6,104.29
IT000000190,2023-01-01 06:31:24,B001,PT01974,4U-7370,Opening Balance,3,EA,MIGRATION,OB-2023,3,80.87
IT000000191,2023-01-01 06:31:40,B001,PT00948,167-2812,Opening Balance,2,EA,MIGRATION,OB-2023,2,629.48
IT000000192,2023-01-01 06:31:54,B001,PT04023,460-8996,Opening Balance,12,EA,MIGRATION,OB-2023,12,1.44
IT000000193,2023-01-01 06:32:05,B001,PT04026,360-9370,Opening Balance,11,EA,MIGRATION,OB-2023,11,1.47
IT000000194,2023-01-01 06:32:09,B001,PT00443,5K-2239,Opening Balance,6,EA,MIGRATION,OB-2023,6,208.25
IT000000195,2023-01-01 06:32:19,B001,PT04028,379-8777,Opening Balance,10,EA,MIGRATION,OB-2023,10,1.66
IT000000196,2023-01-01 06:32:25,B001,PT04029,346-1369,Opening Balance,11,EA,MIGRATION,OB-2023,11,2.52
IT000000197,2023-01-01 06:32:44,B001,PT01471,7J-1662,Opening Balance,3,EA,MIGRATION,OB-2023,3,1107.96
IT000000198,2023-01-01 06:33:00,B001,PT03523,204-6368,Opening Balance,2,EA,MIGRATION,OB-2023,2,24.88
IT000000199,2023-01-01 06:33:03,B001,PT01476,167-5351,Opening Balance,3,EA,MIGRATION,OB-2023,3,283.14
IT000000200,2023-01-01 06:33:14,B001,PT01988,112-9095,Opening Balance,3,EA,MIGRATION,OB-2023,3,63.58
IT000000201,2023-01-01 06:33:29,B001,PT00454,134-6660,Opening Balance,7,EA,MIGRATION,OB-2023,7,154.92
IT000000202,2023-01-01 06:33:39,B001,PT00456,5C-0033,Opening Balance,6,EA,MIGRATION,OB-2023,6,94.46
IT000000203,2023-01-01 06:33:42,B001,PT00459,369-5880,Opening Balance,6,EA,MIGRATION,OB-2023,6,136.88
IT000000204,2023-01-01 06:33:45,B001,PT03024,504-5624,Opening Balance,3,EA,MIGRATION,OB-2023,3,590.23
IT000000205,2023-01-01 06:33:59,B001,PT02001,5L-8104,Opening Balance,3,EA,MIGRATION,OB-2023,3,48.82
IT000000206,2023-01-01 06:34:09,B001,PT00978,4H-4216,Opening Balance,2,EA,MIGRATION,OB-2023,2,389.15
IT000000207,2023-01-01 06:34:20,B001,PT03537,485-2088,Opening Balance,2,EA,MIGRATION,OB-2023,2,18.79
IT000000208,2023-01-01 06:34:26,B001,PT00468,250-4496,Opening Balance,6,EA,MIGRATION,OB-2023,6,90.37
IT000000209,2023-01-01 06:34:32,B001,PT03028,440-9311,Opening Balance,2,EA,MIGRATION,OB-2023,2,1225.75
IT000000210,2023-01-01 06:34:40,B001,PT00472,7N-8871,Opening Balance,8,EA,MIGRATION,OB-2023,8,162.55
IT000000211,2023-01-01 06:34:51,B001,PT04059,158-1216,Opening Balance,10,EA,MIGRATION,OB-2023,10,1.79
IT000000212,2023-01-01 06:35:00,B001,PT00476,175-2965,Opening Balance,6,EA,MIGRATION,OB-2023,6,99.79
IT000000213,2023-01-01 06:35:17,B001,PT00478,179-8618,Opening Balance,8,EA,MIGRATION,OB-2023,8,102.4
IT000000214,2023-01-01 06:35:21,B001,PT04064,313-0432,Opening Balance,8,EA,MIGRATION,OB-2023,8,2.38
IT000000215,2023-01-01 06:35:30,B001,PT04066,400-7975,Opening Balance,8,EA,MIGRATION,OB-2023,8,2.01
IT000000216,2023-01-01 06:35:35,B001,PT02533,6G-1530,Opening Balance,3,EA,MIGRATION,OB-2023,3,4694.33
IT000000217,2023-01-01 06:35:36,B001,PT00495,567-9162,Opening Balance,6,EA,MIGRATION,OB-2023,6,168.91
IT000000218,2023-01-01 06:35:44,B001,PT00499,394-0225,Opening Balance,6,EA,MIGRATION,OB-2023,6,121.07
IT000000219,2023-01-01 06:35:46,B001,PT02037,7X-6752,Opening Balance,3,EA,MIGRATION,OB-2023,3,321.83
IT000000220,2023-01-01 06:35:54,B001,PT00501,5Y-0341,Opening Balance,11,EA,MIGRATION,OB-2023,11,154.45
IT000000221,2023-01-01 06:36:07,B001,PT01527,8G-9643,Opening Balance,3,EA,MIGRATION,OB-2023,3,680.49
IT000000222,2023-01-01 06:36:15,B001,PT04090,8D-2207,Opening Balance,9,EA,MIGRATION,OB-2023,9,2.9
IT000000223,2023-01-01 06:36:28,B001,PT00507,239-6082,Opening Balance,7,EA,MIGRATION,OB-2023,7,94.71
IT000000224,2023-01-01 06:36:34,B001,PT00509,574-3648,Opening Balance,7,EA,MIGRATION,OB-2023,7,92.12
IT000000225,2023-01-01 06:36:42,B002,PT04097,8S-9044,Opening Balance,9,EA,MIGRATION,OB-2023,9,2.73
IT000000226,2023-01-01 06:36:59,B002,PT00514,496-8173,Opening Balance,6,EA,MIGRATION,OB-2023,6,136.4
IT000000227,2023-01-01 06:37:04,B002,PT00518,164-5043,Opening Balance,13,EA,MIGRATION,OB-2023,13,61.26
IT000000228,2023-01-01 06:37:14,B002,PT00017,186-1200,Opening Balance,4,EA,MIGRATION,OB-2023,4,189.38
IT000000229,2023-01-01 06:37:28,B002,PT00530,348-4841,Opening Balance,7,EA,MIGRATION,OB-2023,7,145.6
IT000000230,2023-01-01 06:37:35,B002,PT02579,6L-5508,Opening Balance,3,EA,MIGRATION,OB-2023,3,11137.37
IT000000231,2023-01-01 06:37:41,B002,PT04113,146-9671,Opening Balance,12,EA,MIGRATION,OB-2023,12,5.44
IT000000232,2023-01-01 06:37:55,B002,PT02584,511-9511,Opening Balance,2,EA,MIGRATION,OB-2023,2,4748.41
IT000000233,2023-01-01 06:37:57,B002,PT00536,1G-1984,Opening Balance,7,EA,MIGRATION,OB-2023,7,134.33
IT000000234,2023-01-01 06:38:03,B002,PT04124,542-8531,Opening Balance,13,EA,MIGRATION,OB-2023,13,6.07
IT000000235,2023-01-01 06:38:11,B002,PT04132,302-6972,Opening Balance,8,EA,MIGRATION,OB-2023,8,3.53
IT000000236,2023-01-01 06:38:16,B002,PT00552,225-7273,Opening Balance,17,EA,MIGRATION,OB-2023,17,51.44
IT000000237,2023-01-01 06:38:27,B002,PT02093,4R-7406,Opening Balance,3,EA,MIGRATION,OB-2023,3,236.55
IT000000238,2023-01-01 06:38:39,B002,PT00047,407-3385,Opening Balance,3,EA,MIGRATION,OB-2023,3,259.83
IT000000239,2023-01-01 06:38:58,B002,PT00565,170-6202,Opening Balance,10,EA,MIGRATION,OB-2023,10,132.3
IT000000240,2023-01-01 06:39:10,B002,PT01590,8A-9900,Opening Balance,2,EA,MIGRATION,OB-2023,2,319.91
IT000000241,2023-01-01 06:39:22,B002,PT03126,9L-0665,Opening Balance,3,EA,MIGRATION,OB-2023,3,752.97
IT000000242,2023-01-01 06:39:36,B002,PT02618,7I-9652,Opening Balance,3,EA,MIGRATION,OB-2023,3,7131.56
IT000000243,2023-01-01 06:39:40,B002,PT04155,387-3564,Opening Balance,13,EA,MIGRATION,OB-2023,13,0.95
IT000000244,2023-01-01 06:39:49,B002,PT00572,276-9821,Opening Balance,9,EA,MIGRATION,OB-2023,9,116.24
IT000000245,2023-01-01 06:40:05,B002,PT04159,5W-3014,Opening Balance,12,EA,MIGRATION,OB-2023,12,0.8
IT000000246,2023-01-01 06:40:09,B002,PT00065,8M-6687,Opening Balance,6,EA,MIGRATION,OB-2023,6,120.18
IT000000247,2023-01-01 06:40:15,B002,PT04162,564-8991,Opening Balance,10,EA,MIGRATION,OB-2023,10,0.55
IT000000248,2023-01-01 06:40:20,B002,PT03653,459-0991,Opening Balance,2,EA,MIGRATION,OB-2023,2,186.01
IT000000249,2023-01-01 06:40:39,B002,PT04168,7T-9190,Opening Balance,12,EA,MIGRATION,OB-2023,12,0.63
IT000000250,2023-01-01 06:40:46,B002,PT01104,2K-3661,Opening Balance,2,EA,MIGRATION,OB-2023,2,1650.61
IT000000251,2023-01-01 06:40:53,B002,PT01617,5V-9595,Opening Balance,2,EA,MIGRATION,OB-2023,2,240.3
IT000000252,2023-01-01 06:41:09,B002,PT04179,4C-5518,Opening Balance,12,EA,MIGRATION,OB-2023,12,1.35
IT000000253,2023-01-01 06:41:27,B002,PT04182,5P-1434,Opening Balance,9,EA,MIGRATION,OB-2023,9,1.48
IT000000254,2023-01-01 06:41:28,B002,PT03673,7F-5710,Opening Balance,3,EA,MIGRATION,OB-2023,3,203.35
IT000000255,2023-01-01 06:41:45,B002,PT04186,5L-4209,Opening Balance,10,EA,MIGRATION,OB-2023,10,0.62
IT000000256,2023-01-01 06:41:59,B002,PT00607,170-2482,Opening Balance,2,EA,MIGRATION,OB-2023,2,66.79
IT000000257,2023-01-01 06:42:16,B002,PT01119,575-6588,Opening Balance,3,EA,MIGRATION,OB-2023,3,2053.34
IT000000258,2023-01-01 06:42:18,B002,PT00096,316-0499,Opening Balance,4,EA,MIGRATION,OB-2023,4,420.3
IT000000259,2023-01-01 06:42:19,B002,PT04199,6L-1186,Opening Balance,8,EA,MIGRATION,OB-2023,8,1.42
IT000000260,2023-01-01 06:42:26,B002,PT04201,3R-5558,Opening Balance,13,EA,MIGRATION,OB-2023,13,0.54
IT000000261,2023-01-01 06:42:43,B002,PT04205,205-5027,Opening Balance,46,EA,MIGRATION,OB-2023,46,0.56
IT000000262,2023-01-01 06:42:53,B002,PT01646,4A-0768,Opening Balance,2,EA,MIGRATION,OB-2023,2,260.03
IT000000263,2023-01-01 06:43:07,B002,PT02163,309-5695,Opening Balance,3,EA,MIGRATION,OB-2023,3,885.88
IT000000264,2023-01-01 06:43:12,B002,PT02679,5G-2380,Opening Balance,3,EA,MIGRATION,OB-2023,3,14081.47
IT000000265,2023-01-01 06:43:19,B002,PT04216,517-9888,Opening Balance,35,EA,MIGRATION,OB-2023,35,1.55
IT000000266,2023-01-01 06:43:36,B002,PT01660,567-9985,Opening Balance,3,EA,MIGRATION,OB-2023,3,48.39
IT000000267,2023-01-01 06:43:46,B002,PT01661,336-7119,Opening Balance,5,EA,MIGRATION,OB-2023,5,34.33
IT000000268,2023-01-01 06:44:01,B002,PT04222,448-8749,Opening Balance,14,EA,MIGRATION,OB-2023,14,0.77
IT000000269,2023-01-01 06:44:14,B002,PT01149,6H-9176,Opening Balance,2,EA,MIGRATION,OB-2023,2,112.95
IT000000270,2023-01-01 06:44:18,B002,PT01668,7I-4229,Opening Balance,3,EA,MIGRATION,OB-2023,3,35.53
IT000000271,2023-01-01 06:44:36,B002,PT04235,3E-5094,Opening Balance,13,EA,MIGRATION,OB-2023,13,1.44
IT000000272,2023-01-01 06:44:54,B002,PT02190,554-3221,Opening Balance,17,EA,MIGRATION,OB-2023,17,1124.13
IT000000273,2023-01-01 06:45:09,B002,PT02209,1E-5433,Opening Balance,6,EA,MIGRATION,OB-2023,6,486.31
IT000000274,2023-01-01 06:45:18,B002,PT02212,313-7717,Opening Balance,6,EA,MIGRATION,OB-2023,6,564.18
IT000000275,2023-01-01 06:45:27,B002,PT01704,302-5345,Opening Balance,4,EA,MIGRATION,OB-2023,4,25.12
IT000000276,2023-01-01 06:45:33,B002,PT01708,3N-2833,Opening Balance,6,EA,MIGRATION,OB-2023,6,31.4
IT000000277,2023-01-01 06:45:46,B002,PT02227,6M-7556,Opening Balance,6,EA,MIGRATION,OB-2023,6,669.93
IT000000278,2023-01-01 06:45:52,B002,PT01717,560-6984,Opening Balance,5,EA,MIGRATION,OB-2023,5,49.33
IT000000279,2023-01-01 06:45:56,B002,PT01718,8X-5006,Opening Balance,5,EA,MIGRATION,OB-2023,5,22.59
IT000000280,2023-01-01 06:45:58,B002,PT00183,561-5220,Opening Balance,3,EA,MIGRATION,OB-2023,3,546.62
IT000000281,2023-01-01 06:46:07,B002,PT02229,5U-3503,Opening Balance,8,EA,MIGRATION,OB-2023,8,1043.91
IT000000282,2023-01-01 06:46:23,B002,PT01721,397-7607,Opening Balance,4,EA,MIGRATION,OB-2023,4,22.37
IT000000283,2023-01-01 06:46:39,B002,PT01724,584-6764,Opening Balance,5,EA,MIGRATION,OB-2023,5,81.47
IT000000284,2023-01-01 06:46:56,B002,PT02237,5C-7935,Opening Balance,7,EA,MIGRATION,OB-2023,7,1417.73
IT000000285,2023-01-01 06:47:08,B002,PT02239,5Y-5992,Opening Balance,7,EA,MIGRATION,OB-2023,7,1082.03
IT000000286,2023-01-01 06:47:25,B002,PT01729,6L-2618,Opening Balance,8,EA,MIGRATION,OB-2023,8,73.38
IT000000287,2023-01-01 06:47:40,B002,PT04293,7R-1602,Opening Balance,2,EA,MIGRATION,OB-2023,2,5560.97
IT000000288,2023-01-01 06:47:56,B002,PT01740,221-0325,Opening Balance,7,EA,MIGRATION,OB-2023,7,46.23
IT000000289,2023-01-01 06:48:06,B002,PT00213,186-4111,Opening Balance,4,EA,MIGRATION,OB-2023,4,1545.46
IT000000290,2023-01-01 06:48:08,B002,PT03806,222-2015,Opening Balance,3,EA,MIGRATION,OB-2023,3,639.94
IT000000291,2023-01-01 06:48:16,B002,PT02275,128-6304,Opening Balance,6,EA,MIGRATION,OB-2023,6,79.05
IT000000292,2023-01-01 06:48:33,B002,PT01765,9X-5779,Opening Balance,9,EA,MIGRATION,OB-2023,9,84.67
IT000000293,2023-01-01 06:48:48,B002,PT00229,306-2978,Opening Balance,3,EA,MIGRATION,OB-2023,3,2695.45
IT000000294,2023-01-01 06:48:49,B002,PT00743,319-0645,Opening Balance,2,EA,MIGRATION,OB-2023,2,3993.11
IT000000295,2023-01-01 06:48:51,B002,PT01771,5I-5122,Opening Balance,4,EA,MIGRATION,OB-2023,4,58.95
IT000000296,2023-01-01 06:49:04,B002,PT01772,5J-4540,Opening Balance,4,EA,MIGRATION,OB-2023,4,37.38
IT000000297,2023-01-01 06:49:23,B002,PT00238,1B-7019,Opening Balance,3,EA,MIGRATION,OB-2023,3,1637.94
IT000000298,2023-01-01 06:49:37,B002,PT01779,1P-9928,Opening Balance,5,EA,MIGRATION,OB-2023,5,73.74
IT000000299,2023-01-01 06:49:56,B002,PT01268,6F-6800,Opening Balance,3,EA,MIGRATION,OB-2023,3,21.8
IT000000300,2023-01-01 06:49:58,B002,PT00245,8S-1086,Opening Balance,3,EA,MIGRATION,OB-2023,3,1710.94
IT000000301,2023-01-01 06:50:15,B002,PT03324,8C-1453,Opening Balance,2,EA,MIGRATION,OB-2023,2,2638.21
IT000000302,2023-01-01 06:50:18,B002,PT02302,504-4661,Opening Balance,6,EA,MIGRATION,OB-2023,6,83.38
IT000000303,2023-01-01 06:50:35,B002,PT01790,5A-3871,Opening Balance,10,EA,MIGRATION,OB-2023,10,86.0
IT000000304,2023-01-01 06:50:54,B002,PT01796,330-2553,Opening Balance,8,EA,MIGRATION,OB-2023,8,46.7
IT000000305,2023-01-01 06:51:04,B002,PT02321,534-3121,Opening Balance,7,EA,MIGRATION,OB-2023,7,7.44
IT000000306,2023-01-01 06:51:15,B002,PT02325,2R-4808,Opening Balance,6,EA,MIGRATION,OB-2023,6,7.43
IT000000307,2023-01-01 06:51:25,B002,PT01306,8X-0869,Opening Balance,3,EA,MIGRATION,OB-2023,3,18.44
IT000000308,2023-01-01 06:51:36,B002,PT03370,2F-1822,Opening Balance,2,EA,MIGRATION,OB-2023,2,1710.55
IT000000309,2023-01-01 06:51:52,B002,PT00307,536-5699,Opening Balance,3,EA,MIGRATION,OB-2023,3,403.39
IT000000310,2023-01-01 06:51:58,B002,PT02359,3N-5632,Opening Balance,6,EA,MIGRATION,OB-2023,6,9.46
IT000000311,2023-01-01 06:52:04,B002,PT02363,367-8735,Opening Balance,7,EA,MIGRATION,OB-2023,7,4.07
IT000000312,2023-01-01 06:52:23,B002,PT03901,2N-6401,Opening Balance,2,EA,MIGRATION,OB-2023,2,378.95
IT000000313,2023-01-01 06:52:40,B002,PT02366,159-1107,Opening Balance,7,EA,MIGRATION,OB-2023,7,8.86
IT000000314,2023-01-01 06:52:51,B002,PT04415,576-2232,Opening Balance,44,GAL,MIGRATION,OB-2023,44,16.72
IT000000315,2023-01-01 06:52:55,B002,PT04414,4S-5275,Opening Balance,66,GAL,MIGRATION,OB-2023,66,23.76
IT000000316,2023-01-01 06:53:14,B002,PT04413,1X-9099,Opening Balance,17,GAL,MIGRATION,OB-2023,17,21.12
IT000000317,2023-01-01 06:53:31,B002,PT04416,9I-8063,Opening Balance,66,GAL,MIGRATION,OB-2023,66,22.88
IT000000318,2023-01-01 06:53:38,B002,PT02372,9T-8112,Opening Balance,8,EA,MIGRATION,OB-2023,8,5.06
IT000000319,2023-01-01 06:53:49,B002,PT02375,531-3524,Opening Balance,7,EA,MIGRATION,OB-2023,7,7.71
IT000000320,2023-01-01 06:53:57,B002,PT03399,535-7570,Opening Balance,3,EA,MIGRATION,OB-2023,3,1535.44
IT000000321,2023-01-01 06:54:14,B002,PT03914,6I-4575,Opening Balance,2,EA,MIGRATION,OB-2023,2,106.16
IT000000322,2023-01-01 06:54:28,B002,PT02379,560-1346,Opening Balance,8,EA,MIGRATION,OB-2023,8,4.8
IT000000323,2023-01-01 06:54:38,B002,PT02387,147-0412,Opening Balance,6,EA,MIGRATION,OB-2023,6,7.92
IT000000324,2023-01-01 06:54:57,B002,PT02906,1H-1752,Opening Balance,3,EA,MIGRATION,OB-2023,3,286.5
IT000000325,2023-01-01 06:55:09,B002,PT02396,4G-1925,Opening Balance,7,EA,MIGRATION,OB-2023,7,4.18
IT000000326,2023-01-01 06:55:19,B002,PT03932,2S-7064,Opening Balance,2,EA,MIGRATION,OB-2023,2,105.97
IT000000327,2023-01-01 06:55:37,B002,PT02402,310-5787,Opening Balance,9,EA,MIGRATION,OB-2023,9,5.72
IT000000328,2023-01-01 06:55:46,B002,PT01890,145-7500,Opening Balance,2,EA,MIGRATION,OB-2023,2,40.61
IT000000329,2023-01-01 06:55:54,B002,PT03431,5N-7503,Opening Balance,3,EA,MIGRATION,OB-2023,3,1775.18
IT000000330,2023-01-01 06:56:02,B002,PT01895,6P-4185,Opening Balance,3,EA,MIGRATION,OB-2023,3,38.8
IT000000331,2023-01-01 06:56:07,B002,PT03950,3A-4675,Opening Balance,2,EA,MIGRATION,OB-2023,2,76.2
IT000000332,2023-01-01 06:56:13,B002,PT00371,102-2838,Opening Balance,15,EA,MIGRATION,OB-2023,15,250.01
IT000000333,2023-01-01 06:56:15,B002,PT00372,7G-4384,Opening Balance,7,EA,MIGRATION,OB-2023,7,220.6
IT000000334,2023-01-01 06:56:29,B002,PT03959,215-9407,Opening Balance,12,EA,MIGRATION,OB-2023,12,1.74
IT000000335,2023-01-01 06:56:41,B002,PT03961,464-9179,Opening Balance,14,EA,MIGRATION,OB-2023,14,1.76
IT000000336,2023-01-01 06:56:59,B002,PT02425,6U-8135,Opening Balance,8,EA,MIGRATION,OB-2023,8,150.19
IT000000337,2023-01-01 06:57:11,B002,PT00377,527-1509,Opening Balance,6,EA,MIGRATION,OB-2023,6,273.21
IT000000338,2023-01-01 06:57:13,B002,PT02428,2G-5056,Opening Balance,6,EA,MIGRATION,OB-2023,6,130.68
IT000000339,2023-01-01 06:57:25,B002,PT01915,238-5638,Opening Balance,3,EA,MIGRATION,OB-2023,3,89.28
IT000000340,2023-01-01 06:57:29,B002,PT01405,476-8894,Opening Balance,3,EA,MIGRATION,OB-2023,3,922.44
IT000000341,2023-01-01 06:57:30,B002,PT01412,8A-1567,Opening Balance,3,EA,MIGRATION,OB-2023,3,557.19
IT000000342,2023-01-01 06:57:43,B002,PT03974,1X-8376,Opening Balance,14,EA,MIGRATION,OB-2023,14,1.07
IT000000343,2023-01-01 06:57:44,B002,PT03975,6S-7925,Opening Balance,9,EA,MIGRATION,OB-2023,9,2.96
IT000000344,2023-01-01 06:57:52,B002,PT00393,4X-9465,Opening Balance,6,EA,MIGRATION,OB-2023,6,172.23
IT000000345,2023-01-01 06:58:10,B002,PT03980,337-2544,Opening Balance,12,EA,MIGRATION,OB-2023,12,2.62
IT000000346,2023-01-01 06:58:15,B002,PT01935,528-7208,Opening Balance,3,EA,MIGRATION,OB-2023,3,100.23
IT000000347,2023-01-01 06:58:29,B002,PT03983,8L-7331,Opening Balance,9,EA,MIGRATION,OB-2023,9,2.49
IT000000348,2023-01-01 06:58:37,B002,PT03985,3M-5485,Opening Balance,9,EA,MIGRATION,OB-2023,9,2.18
IT000000349,2023-01-01 06:58:40,B002,PT00403,558-2292,Opening Balance,9,EA,MIGRATION,OB-2023,9,290.23
IT000000350,2023-01-01 06:58:44,B002,PT03988,100-7705,Opening Balance,8,EA,MIGRATION,OB-2023,8,2.98
IT000000351,2023-01-01 06:58:46,B002,PT00407,3U-2694,Opening Balance,10,EA,MIGRATION,OB-2023,10,290.89
IT000000352,2023-01-01 06:58:49,B002,PT00408,6M-3360,Opening Balance,7,EA,MIGRATION,OB-2023,7,463.92
IT000000353,2023-01-01 06:58:53,B002,PT01436,1W-0500,Opening Balance,2,EA,MIGRATION,OB-2023,2,1005.71
IT000000354,2023-01-01 06:59:10,B002,PT01949,9J-2877,Opening Balance,6,EA,MIGRATION,OB-2023,6,71.17
IT000000355,2023-01-01 06:59:26,B002,PT00415,407-1817,Opening Balance,18,EA,MIGRATION,OB-2023,18,78.78
IT000000356,2023-01-01 06:59:33,B002,PT01954,108-3407,Opening Balance,2,EA,MIGRATION,OB-2023,2,93.86
IT000000357,2023-01-01 06:59:47,B002,PT02466,4I-7263,Opening Balance,6,EA,MIGRATION,OB-2023,6,312.05
IT000000358,2023-01-01 06:59:51,B002,PT00422,123-9229,Opening Balance,7,EA,MIGRATION,OB-2023,7,154.56
IT000000359,2023-01-01 07:00:04,B002,PT04006,494-9389,Opening Balance,12,EA,MIGRATION,OB-2023,12,1.89
IT000000360,2023-01-01 07:00:08,B002,PT00425,378-1493,Opening Balance,11,EA,MIGRATION,OB-2023,11,89.26
IT000000361,2023-01-01 07:00:21,B002,PT04016,4Y-7805,Opening Balance,21,EA,MIGRATION,OB-2023,21,2.64
IT000000362,2023-01-01 07:00:28,B002,PT00438,548-2215,Opening Balance,8,EA,MIGRATION,OB-2023,8,189.63
IT000000363,2023-01-01 07:00:45,B002,PT04023,460-8996,Opening Balance,14,EA,MIGRATION,OB-2023,14,1.44
IT000000364,2023-01-01 07:01:01,B002,PT02487,271-9742,Opening Balance,2,EA,MIGRATION,OB-2023,2,2867.96
IT000000365,2023-01-01 07:01:08,B002,PT04022,7V-9852,Opening Balance,8,EA,MIGRATION,OB-2023,8,3.02
IT000000366,2023-01-01 07:01:09,B002,PT00442,5C-1953,Opening Balance,10,EA,MIGRATION,OB-2023,10,93.51
IT000000367,2023-01-01 07:01:16,B002,PT03517,463-7039,Opening Balance,2,EA,MIGRATION,OB-2023,2,32.6
IT000000368,2023-01-01 07:01:22,B002,PT04030,2S-4356,Opening Balance,18,EA,MIGRATION,OB-2023,18,1.42
IT000000369,2023-01-01 07:01:31,B002,PT00447,503-1305,Opening Balance,10,EA,MIGRATION,OB-2023,10,79.46
IT000000370,2023-01-01 07:01:42,B002,PT03008,5B-4557,Opening Balance,3,EA,MIGRATION,OB-2023,3,5059.05
IT000000371,2023-01-01 07:02:01,B002,PT00445,361-6037,Opening Balance,8,EA,MIGRATION,OB-2023,8,146.48
IT000000372,2023-01-01 07:02:03,B002,PT00454,134-6660,Opening Balance,6,EA,MIGRATION,OB-2023,6,154.92
IT000000373,2023-01-01 07:02:14,B002,PT00967,395-9726,Opening Balance,3,EA,MIGRATION,OB-2023,3,818.23
IT000000374,2023-01-01 07:02:18,B002,PT00968,589-2859,Opening Balance,3,EA,MIGRATION,OB-2023,3,407.37
IT000000375,2023-01-01 07:02:29,B002,PT04042,8I-6756,Opening Balance,12,EA,MIGRATION,OB-2023,12,1.64
IT000000376,2023-01-01 07:02:42,B002,PT02506,4R-6737,Opening Balance,3,EA,MIGRATION,OB-2023,3,6365.29
IT000000377,2023-01-01 07:02:58,B002,PT01489,6L-8129,Opening Balance,3,EA,MIGRATION,OB-2023,3,688.75
IT000000378,2023-01-01 07:03:09,B002,PT04050,9X-6888,Opening Balance,8,EA,MIGRATION,OB-2023,8,2.09
IT000000379,2023-01-01 07:03:13,B002,PT04054,424-4844,Opening Balance,11,EA,MIGRATION,OB-2023,11,1.87
IT000000380,2023-01-01 07:03:31,B002,PT04055,579-3592,Opening Balance,14,EA,MIGRATION,OB-2023,14,1.55
IT000000381,2023-01-01 07:03:39,B002,PT00985,9W-8569,Opening Balance,2,EA,MIGRATION,OB-2023,2,717.68
IT000000382,2023-01-01 07:03:49,B002,PT02523,1P-6090,Opening Balance,3,EA,MIGRATION,OB-2023,3,4150.08
IT000000383,2023-01-01 07:04:02,B002,PT02011,422-3030,Opening Balance,3,EA,MIGRATION,OB-2023,3,34.42
IT000000384,2023-01-01 07:04:08,B002,PT01501,245-6841,Opening Balance,3,EA,MIGRATION,OB-2023,3,585.8
IT000000385,2023-01-01 07:04:27,B002,PT00479,5B-0021,Opening Balance,8,EA,MIGRATION,OB-2023,8,114.27
IT000000386,2023-01-01 07:04:28,B002,PT04065,7F-9751,Opening Balance,16,EA,MIGRATION,OB-2023,16,1.21
IT000000387,2023-01-01 07:04:31,B002,PT02018,5J-0157,Opening Balance,3,EA,MIGRATION,OB-2023,3,71.83
IT000000388,2023-01-01 07:04:50,B002,PT00485,3A-7154,Opening Balance,6,EA,MIGRATION,OB-2023,6,116.69
IT000000389,2023-01-01 07:04:59,B002,PT04069,484-4883,Opening Balance,10,EA,MIGRATION,OB-2023,10,2.08
IT000000390,2023-01-01 07:05:16,B002,PT01002,7N-5337,Opening Balance,3,EA,MIGRATION,OB-2023,3,274.59
IT000000391,2023-01-01 07:05:34,B002,PT01003,377-8276,Opening Balance,3,EA,MIGRATION,OB-2023,3,506.49
IT000000392,2023-01-01 07:05:53,B002,PT03051,6U-1588,Opening Balance,2,EA,MIGRATION,OB-2023,2,661.96
IT000000393,2023-01-01 07:06:07,B002,PT02027,2G-4957,Opening Balance,3,EA,MIGRATION,OB-2023,3,72.08
IT000000394,2023-01-01 07:06:20,B002,PT00492,8J-2111,Opening Balance,9,EA,MIGRATION,OB-2023,9,155.32
IT000000395,2023-01-01 07:06:32,B002,PT04079,172-3641,Opening Balance,9,EA,MIGRATION,OB-2023,9,4.26
IT000000396,2023-01-01 07:06:45,B002,PT04080,8L-6283,Opening Balance,10,EA,MIGRATION,OB-2023,10,5.92
IT000000397,2023-01-01 07:06:50,B002,PT03055,376-2045,Opening Balance,2,EA,MIGRATION,OB-2023,2,649.09
IT000000398,2023-01-01 07:07:06,B002,PT00507,239-6082,Opening Balance,6,EA,MIGRATION,OB-2023,6,94.71
IT000000399,2023-01-01 07:07:10,B002,PT00499,394-0225,Opening Balance,7,EA,MIGRATION,OB-2023,7,121.07
IT000000400,2023-01-01 07:07:20,B002,PT01529,6N-5427,Opening Balance,3,EA,MIGRATION,OB-2023,3,598.0
IT000000401,2023-01-01 07:07:28,B002,PT04091,580-0906,Opening Balance,9,EA,MIGRATION,OB-2023,9,5.39
IT000000402,2023-01-01 07:07:43,B002,PT02556,1H-5446,Opening Balance,3,EA,MIGRATION,OB-2023,3,4227.58
IT000000403,2023-01-01 07:07:48,B003,PT02049,557-8507,Opening Balance,4,EA,MIGRATION,OB-2023,4,391.15
IT000000404,2023-01-01 07:07:52,B003,PT00515,510-0149,Opening Balance,7,EA,MIGRATION,OB-2023,7,103.48
IT000000405,2023-01-01 07:08:08,B003,PT00006,326-1644,Opening Balance,6,EA,MIGRATION,OB-2023,6,56.32
IT000000406,2023-01-01 07:08:18,B003,PT00008,6I-2502,Opening Balance,4,EA,MIGRATION,OB-2023,4,65.12
IT000000407,2023-01-01 07:08:32,B003,PT04105,3V-0445,Opening Balance,8,EA,MIGRATION,OB-2023,8,5.01
IT000000408,2023-01-01 07:08:49,B003,PT01545,598-4554,Opening Balance,3,EA,MIGRATION,OB-2023,3,89.65
IT000000409,2023-01-01 07:09:05,B003,PT00523,131-3918,Opening Balance,7,EA,MIGRATION,OB-2023,7,150.15
IT000000410,2023-01-01 07:09:13,B003,PT04108,6J-6321,Opening Balance,10,EA,MIGRATION,OB-2023,10,3.12
IT000000411,2023-01-01 07:09:17,B003,PT00011,1U-3352,Opening Balance,6,EA,MIGRATION,OB-2023,6,40.48
IT000000412,2023-01-01 07:09:36,B003,PT03598,3N-6874,Opening Balance,2,EA,MIGRATION,OB-2023,2,119.33
IT000000413,2023-01-01 07:09:42,B003,PT00527,298-3708,Opening Balance,6,EA,MIGRATION,OB-2023,6,54.78
IT000000414,2023-01-01 07:09:57,B003,PT00018,1H-6865,Opening Balance,4,EA,MIGRATION,OB-2023,4,111.42
IT000000415,2023-01-01 07:10:12,B003,PT00536,1G-1984,Opening Balance,9,EA,MIGRATION,OB-2023,9,134.33
IT000000416,2023-01-01 07:10:21,B003,PT00539,443-9585,Opening Balance,6,EA,MIGRATION,OB-2023,6,55.05
IT000000417,2023-01-01 07:10:25,B003,PT02079,5D-6437,Opening Balance,4,EA,MIGRATION,OB-2023,4,293.3
IT000000418,2023-01-01 07:10:34,B003,PT01568,178-6230,Opening Balance,3,EA,MIGRATION,OB-2023,3,174.31
IT000000419,2023-01-01 07:10:37,B003,PT04129,9L-8694,Opening Balance,8,EA,MIGRATION,OB-2023,8,3.03
IT000000420,2023-01-01 07:10:44,B003,PT04133,578-6538,Opening Balance,13,EA,MIGRATION,OB-2023,13,4.12
IT000000421,2023-01-01 07:10:52,B003,PT02599,9F-1028,Opening Balance,3,EA,MIGRATION,OB-2023,3,8503.91
IT000000422,2023-01-01 07:11:02,B003,PT01064,7T-2412,Opening Balance,2,EA,MIGRATION,OB-2023,2,3699.9
IT000000423,2023-01-01 07:11:06,B003,PT00040,4V-8944,Opening Balance,3,EA,MIGRATION,OB-2023,3,123.48
IT000000424,2023-01-01 07:11:23,B003,PT04138,522-8735,Opening Balance,22,EA,MIGRATION,OB-2023,22,4.86
IT000000425,2023-01-01 07:11:25,B003,PT04137,6A-4811,Opening Balance,14,EA,MIGRATION,OB-2023,14,2.28
IT000000426,2023-01-01 07:11:44,B003,PT00558,144-5261,Opening Balance,6,EA,MIGRATION,OB-2023,6,97.99
IT000000427,2023-01-01 07:11:50,B003,PT02607,431-9155,Opening Balance,3,EA,MIGRATION,OB-2023,3,5570.76
IT000000428,2023-01-01 07:12:00,B003,PT02096,390-5802,Opening Balance,4,EA,MIGRATION,OB-2023,4,471.33
IT000000429,2023-01-01 07:12:17,B003,PT00562,297-7828,Opening Balance,8,EA,MIGRATION,OB-2023,8,113.63
IT000000430,2023-01-01 07:12:30,B003,PT04146,2C-5624,Opening Balance,8,EA,MIGRATION,OB-2023,8,1.2
IT000000431,2023-01-01 07:12:32,B003,PT01587,237-0895,Opening Balance,3,EA,MIGRATION,OB-2023,3,211.78
IT000000432,2023-01-01 07:12:44,B003,PT04152,1W-6298,Opening Balance,8,EA,MIGRATION,OB-2023,8,0.85
IT000000433,2023-01-01 07:12:55,B003,PT04156,545-2699,Opening Balance,8,EA,MIGRATION,OB-2023,8,0.85
IT000000434,2023-01-01 07:13:13,B003,PT04159,5W-3014,Opening Balance,9,EA,MIGRATION,OB-2023,9,0.8
IT000000435,2023-01-01 07:13:24,B003,PT00579,249-3014,Opening Balance,2,EA,MIGRATION,OB-2023,2,117.99
IT000000436,2023-01-01 07:13:43,B003,PT00582,513-4078,Opening Balance,3,EA,MIGRATION,OB-2023,3,125.33
IT000000437,2023-01-01 07:13:54,B003,PT03654,360-7017,Opening Balance,2,EA,MIGRATION,OB-2023,2,151.46
IT000000438,2023-01-01 07:13:58,B003,PT02635,5F-0693,Opening Balance,2,EA,MIGRATION,OB-2023,2,8596.95
IT000000439,2023-01-01 07:14:08,B003,PT01612,8I-3726,Opening Balance,3,EA,MIGRATION,OB-2023,3,162.41
IT000000440,2023-01-01 07:14:26,B003,PT02125,4B-4433,Opening Balance,4,EA,MIGRATION,OB-2023,4,2176.35
IT000000441,2023-01-01 07:14:27,B003,PT03150,553-8792,Opening Balance,3,EA,MIGRATION,OB-2023,3,78.65
IT000000442,2023-01-01 07:14:35,B003,PT04176,6R-9574,Opening Balance,8,EA,MIGRATION,OB-2023,8,1.52
IT000000443,2023-01-01 07:14:36,B003,PT01105,257-4863,Opening Balance,3,EA,MIGRATION,OB-2023,3,1562.62
IT000000444,2023-01-01 07:14:52,B003,PT04182,5P-1434,Opening Balance,11,EA,MIGRATION,OB-2023,11,1.48
IT000000445,2023-01-01 07:15:02,B003,PT01631,550-1989,Opening Balance,3,EA,MIGRATION,OB-2023,3,197.05
IT000000446,2023-01-01 07:15:16,B003,PT00096,316-0499,Opening Balance,3,EA,MIGRATION,OB-2023,3,420.3
IT000000447,2023-01-01 07:15:35,B003,PT01636,6L-7962,Opening Balance,2,EA,MIGRATION,OB-2023,2,111.97
IT000000448,2023-01-01 07:15:51,B003,PT00612,3Y-8851,Opening Balance,3,EA,MIGRATION,OB-2023,3,140.06
IT000000449,2023-01-01 07:15:59,B003,PT04199,6L-1186,Opening Balance,8,EA,MIGRATION,OB-2023,8,1.42
IT000000450,2023-01-01 07:16:17,B003,PT03687,450-8582,Opening Balance,2,EA,MIGRATION,OB-2023,2,363.52
IT000000451,2023-01-01 07:16:26,B003,PT01646,4A-0768,Opening Balance,3,EA,MIGRATION,OB-2023,3,260.03
IT000000452,2023-01-01 07:16:45,B003,PT04207,4E-6663,Opening Balance,12,EA,MIGRATION,OB-2023,12,1.02
IT000000453,2023-01-01 07:17:04,B003,PT02160,1U-8435,Opening Balance,4,EA,MIGRATION,OB-2023,4,1163.57
IT000000454,2023-01-01 07:17:09,B003,PT02162,325-6707,Opening Balance,4,EA,MIGRATION,OB-2023,4,2271.25
IT000000455,2023-01-01 07:17:24,B003,PT01652,311-5944,Opening Balance,3,EA,MIGRATION,OB-2023,3,65.17
IT000000456,2023-01-01 07:17:38,B003,PT04214,2G-6833,Opening Balance,10,EA,MIGRATION,OB-2023,10,1.05
IT000000457,2023-01-01 07:17:53,B003,PT02679,5G-2380,Opening Balance,2,EA,MIGRATION,OB-2023,2,14081.47
IT000000458,2023-01-01 07:17:57,B003,PT00636,7D-1395,Opening Balance,2,EA,MIGRATION,OB-2023,2,135.43
IT000000459,2023-01-01 07:18:07,B003,PT02175,496-4225,Opening Balance,7,EA,MIGRATION,OB-2023,7,1212.29
IT000000460,2023-01-01 07:18:10,B003,PT02177,275-2402,Opening Balance,6,EA,MIGRATION,OB-2023,6,1090.39
IT000000461,2023-01-01 07:18:28,B003,PT04230,2L-7941,Opening Balance,14,EA,MIGRATION,OB-2023,14,0.79
IT000000462,2023-01-01 07:18:45,B003,PT01673,387-8186,Opening Balance,3,EA,MIGRATION,OB-2023,3,43.42
IT000000463,2023-01-01 07:18:57,B003,PT04234,119-2312,Opening Balance,11,EA,MIGRATION,OB-2023,11,0.96
IT000000464,2023-01-01 07:19:00,B003,PT02187,341-0871,Opening Balance,8,EA,MIGRATION,OB-2023,8,481.76
IT000000465,2023-01-01 07:19:13,B003,PT04236,427-9914,Opening Balance,10,EA,MIGRATION,OB-2023,10,0.67
IT000000466,2023-01-01 07:19:22,B003,PT00653,1F-5241,Opening Balance,2,EA,MIGRATION,OB-2023,2,79.3
IT000000467,2023-01-01 07:19:37,B003,PT01678,465-4365,Opening Balance,5,EA,MIGRATION,OB-2023,5,64.51
IT000000468,2023-01-01 07:19:39,B003,PT01679,8F-1904,Opening Balance,4,EA,MIGRATION,OB-2023,4,40.47
IT000000469,2023-01-01 07:19:47,B003,PT03724,6I-1081,Opening Balance,2,EA,MIGRATION,OB-2023,2,184.15
IT000000470,2023-01-01 07:19:54,B003,PT01681,360-4865,Opening Balance,3,EA,MIGRATION,OB-2023,3,25.39
IT000000471,2023-01-01 07:20:13,B003,PT04239,505-4009,Opening Balance,9,EA,MIGRATION,OB-2023,9,0.88
IT000000472,2023-01-01 07:20:19,B003,PT04240,3C-0988,Opening Balance,13,EA,MIGRATION,OB-2023,13,1.09
IT000000473,2023-01-01 07:20:38,B003,PT02198,254-2360,Opening Balance,10,EA,MIGRATION,OB-2023,10,566.31
IT000000474,2023-01-01 07:20:56,B003,PT02200,442-2577,Opening Balance,7,EA,MIGRATION,OB-2023,7,888.69
IT000000475,2023-01-01 07:21:08,B003,PT01690,7D-1694,Opening Balance,3,EA,MIGRATION,OB-2023,3,29.29
IT000000476,2023-01-01 07:21:12,B003,PT00157,244-9784,Opening Balance,4,EA,MIGRATION,OB-2023,4,533.2
IT000000477,2023-01-01 07:21:17,B003,PT00158,3N-7151,Opening Balance,3,EA,MIGRATION,OB-2023,3,353.31
IT000000478,2023-01-01 07:21:18,B003,PT03742,165-9679,Opening Balance,3,EA,MIGRATION,OB-2023,3,54.6
IT000000479,2023-01-01 07:21:33,B003,PT02208,7L-5944,Opening Balance,8,EA,MIGRATION,OB-2023,8,1215.92
IT000000480,2023-01-01 07:21:47,B003,PT00162,2X-1709,Opening Balance,4,EA,MIGRATION,OB-2023,4,367.92
IT000000481,2023-01-01 07:21:54,B003,PT03238,5R-6600,Opening Balance,2,EA,MIGRATION,OB-2023,2,455.2
IT000000482,2023-01-01 07:22:08,B003,PT02218,564-7237,Opening Balance,7,EA,MIGRATION,OB-2023,7,755.52
IT000000483,2023-01-01 07:22:19,B003,PT01707,255-8810,Opening Balance,4,EA,MIGRATION,OB-2023,4,56.27
IT000000484,2023-01-01 07:22:35,B003,PT04268,426-5988,Opening Balance,3,EA,MIGRATION,OB-2023,3,11519.98
IT000000485,2023-01-01 07:22:37,B003,PT02734,6M-9902,Opening Balance,2,EA,MIGRATION,OB-2023,2,9340.58
IT000000486,2023-01-01 07:22:41,B003,PT01713,5G-7485,Opening Balance,4,EA,MIGRATION,OB-2023,4,36.85
IT000000487,2023-01-01 07:22:57,B003,PT01714,158-7122,Opening Balance,3,EA,MIGRATION,OB-2023,3,56.21
IT000000488,2023-01-01 07:23:05,B003,PT03252,5W-4119,Opening Balance,2,EA,MIGRATION,OB-2023,2,653.51
IT000000489,2023-01-01 07:23:24,B003,PT00181,550-2305,Opening Balance,3,EA,MIGRATION,OB-2023,3,406.79
IT000000490,2023-01-01 07:23:41,B003,PT01720,2A-6382,Opening Balance,3,EA,MIGRATION,OB-2023,3,26.59
IT000000491,2023-01-01 07:23:43,B003,PT00185,7K-5370,Opening Balance,4,EA,MIGRATION,OB-2023,4,555.11
IT000000492,2023-01-01 07:23:51,B003,PT01722,5J-5427,Opening Balance,8,EA,MIGRATION,OB-2023,8,46.68
IT000000493,2023-01-01 07:24:05,B003,PT02237,5C-7935,Opening Balance,7,EA,MIGRATION,OB-2023,7,1417.73
IT000000494,2023-01-01 07:24:08,B003,PT04287,1A-5451,Opening Balance,3,EA,MIGRATION,OB-2023,3,9159.91
IT000000495,2023-01-01 07:24:25,B003,PT00194,4G-8671,Opening Balance,4,EA,MIGRATION,OB-2023,4,1818.87
IT000000496,2023-01-01 07:24:27,B003,PT03268,491-6013,Opening Balance,2,EA,MIGRATION,OB-2023,2,323.32
IT000000497,2023-01-01 07:24:30,B003,PT02246,2T-3135,Opening Balance,7,EA,MIGRATION,OB-2023,7,59.72
IT000000498,2023-01-01 07:24:41,B003,PT03271,522-6471,Opening Balance,2,EA,MIGRATION,OB-2023,2,540.38
IT000000499,2023-01-01 07:24:46,B003,PT00714,457-4201,Opening Balance,2,EA,MIGRATION,OB-2023,2,9113.17
IT000000500,2023-01-01 07:24:59,B003,PT01741,9S-0114,Opening Balance,4,EA,MIGRATION,OB-2023,4,73.91
IT000000501,2023-01-01 07:25:07,B003,PT00207,106-4895,Opening Balance,4,EA,MIGRATION,OB-2023,4,1640.78
IT000000502,2023-01-01 07:25:13,B003,PT03281,5G-8360,Opening Balance,2,EA,MIGRATION,OB-2023,2,669.87
IT000000503,2023-01-01 07:25:29,B003,PT01746,6U-6664,Opening Balance,4,EA,MIGRATION,OB-2023,4,57.75
IT000000504,2023-01-01 07:25:33,B003,PT00723,2S-8114,Opening Balance,3,EA,MIGRATION,OB-2023,3,7027.96
IT000000505,2023-01-01 07:25:43,B003,PT02259,258-6874,Opening Balance,6,EA,MIGRATION,OB-2023,6,71.09
IT000000506,2023-01-01 07:25:47,B003,PT01753,9U-7614,Opening Balance,5,EA,MIGRATION,OB-2023,5,86.45
IT000000507,2023-01-01 07:25:50,B003,PT00223,7Y-8426,Opening Balance,4,EA,MIGRATION,OB-2023,4,2620.32
IT000000508,2023-01-01 07:25:54,B003,PT01761,4U-9900,Opening Balance,5,EA,MIGRATION,OB-2023,5,76.88
IT000000509,2023-01-01 07:25:59,B003,PT03300,1F-5240,Opening Balance,2,EA,MIGRATION,OB-2023,2,1635.96
IT000000510,2023-01-01 07:26:07,B003,PT00229,306-2978,Opening Balance,3,EA,MIGRATION,OB-2023,3,2695.45
IT000000511,2023-01-01 07:26:16,B003,PT01766,287-9188,Opening Balance,5,EA,MIGRATION,OB-2023,5,83.34
IT000000512,2023-01-01 07:26:19,B003,PT02278,1L-5505,Opening Balance,7,EA,MIGRATION,OB-2023,7,39.34
IT000000513,2023-01-01 07:26:20,B003,PT01770,221-8133,Opening Balance,6,EA,MIGRATION,OB-2023,6,66.6
IT000000514,2023-01-01 07:26:22,B003,PT03822,8J-3676,Opening Balance,2,EA,MIGRATION,OB-2023,2,1394.66
IT000000515,2023-01-01 07:26:34,B003,PT00754,121-0223,Opening Balance,3,EA,MIGRATION,OB-2023,3,9209.09
IT000000516,2023-01-01 07:26:53,B003,PT01784,8Y-3449,Opening Balance,20,EA,MIGRATION,OB-2023,20,34.1
IT000000517,2023-01-01 07:26:54,B003,PT00249,362-7262,Opening Balance,3,EA,MIGRATION,OB-2023,3,1827.88
IT000000518,2023-01-01 07:26:55,B003,PT02298,3X-3768,Opening Balance,7,EA,MIGRATION,OB-2023,7,87.11
IT000000519,2023-01-01 07:27:10,B003,PT03328,5B-7337,Opening Balance,3,EA,MIGRATION,OB-2023,3,3399.81
IT000000520,2023-01-01 07:27:24,B003,PT03330,226-8886,Opening Balance,3,EA,MIGRATION,OB-2023,3,4070.8
IT000000521,2023-01-01 07:27:38,B003,PT01794,7K-3204,Opening Balance,6,EA,MIGRATION,OB-2023,6,40.34
IT000000522,2023-01-01 07:27:42,B003,PT02307,125-3557,Opening Balance,6,EA,MIGRATION,OB-2023,6,81.9
IT000000523,2023-01-01 07:27:59,B003,PT01798,138-4784,Opening Balance,5,EA,MIGRATION,OB-2023,5,56.58
IT000000524,2023-01-01 07:28:11,B003,PT02312,4I-6960,Opening Balance,11,EA,MIGRATION,OB-2023,11,67.41
IT000000525,2023-01-01 07:28:14,B003,PT00265,281-7308,Opening Balance,3,EA,MIGRATION,OB-2023,3,140.92
IT000000526,2023-01-01 07:28:17,B003,PT02313,389-5773,Opening Balance,6,EA,MIGRATION,OB-2023,6,33.57
IT000000527,2023-01-01 07:28:29,B003,PT01801,176-0602,Opening Balance,3,EA,MIGRATION,OB-2023,3,33.13
IT000000528,2023-01-01 07:28:44,B003,PT00780,6I-5658,Opening Balance,3,EA,MIGRATION,OB-2023,3,92.43
IT000000529,2023-01-01 07:28:59,B003,PT00270,9I-4590,Opening Balance,4,EA,MIGRATION,OB-2023,4,209.6
IT000000530,2023-01-01 07:29:11,B003,PT00278,3H-4957,Opening Balance,3,EA,MIGRATION,OB-2023,3,358.11
IT000000531,2023-01-01 07:29:21,B003,PT04380,540-5395,Opening Balance,3,EA,MIGRATION,OB-2023,3,505.66
IT000000532,2023-01-01 07:29:35,B003,PT00285,160-5817,Opening Balance,4,EA,MIGRATION,OB-2023,4,297.16
IT000000533,2023-01-01 07:29:38,B003,PT02334,5B-2590,Opening Balance,6,EA,MIGRATION,OB-2023,6,3.56
IT000000534,2023-01-01 07:29:45,B003,PT02348,5I-3706,Opening Balance,7,EA,MIGRATION,OB-2023,7,7.76
IT000000535,2023-01-01 07:29:47,B003,PT03895,7F-0844,Opening Balance,3,EA,MIGRATION,OB-2023,3,424.47
IT000000536,2023-01-01 07:30:03,B003,PT02361,597-4624,Opening Balance,6,EA,MIGRATION,OB-2023,6,8.09
IT000000537,2023-01-01 07:30:15,B003,PT01339,544-5575,Opening Balance,3,EA,MIGRATION,OB-2023,3,397.0
IT000000538,2023-01-01 07:30:30,B003,PT00827,4C-0624,Opening Balance,3,EA,MIGRATION,OB-2023,3,93.9
IT000000539,2023-01-01 07:30:40,B003,PT04413,1X-9099,Opening Balance,39,GAL,MIGRATION,OB-2023,39,21.12
IT000000540,2023-01-01 07:30:58,B003,PT04414,4S-5275,Opening Balance,19,GAL,MIGRATION,OB-2023,19,23.76
IT000000541,2023-01-01 07:31:16,B003,PT04415,576-2232,Opening Balance,30,GAL,MIGRATION,OB-2023,30,16.72
IT000000542,2023-01-01 07:31:28,B003,PT04416,9I-8063,Opening Balance,21,GAL,MIGRATION,OB-2023,21,22.88
IT000000543,2023-01-01 07:31:44,B003,PT02378,435-0564,Opening Balance,7,EA,MIGRATION,OB-2023,7,6.21
IT000000544,2023-01-01 07:31:57,B003,PT03403,531-8000,Opening Balance,3,EA,MIGRATION,OB-2023,3,919.2
IT000000545,2023-01-01 07:32:11,B003,PT02380,4A-1995,Opening Balance,6,EA,MIGRATION,OB-2023,6,3.26
IT000000546,2023-01-01 07:32:16,B003,PT01866,432-1695,Opening Balance,3,EA,MIGRATION,OB-2023,3,62.07
IT000000547,2023-01-01 07:32:35,B003,PT02382,7J-5775,Opening Balance,7,EA,MIGRATION,OB-2023,7,7.66
IT000000548,2023-01-01 07:32:39,B003,PT02403,595-7361,Opening Balance,7,EA,MIGRATION,OB-2023,7,5.56
IT000000549,2023-01-01 07:32:53,B003,PT00356,118-1689,Opening Balance,8,EA,MIGRATION,OB-2023,8,266.81
IT000000550,2023-01-01 07:33:05,B003,PT02407,5P-2189,Opening Balance,6,EA,MIGRATION,OB-2023,6,205.5
IT000000551,2023-01-01 07:33:07,B003,PT01386,3T-7732,Opening Balance,3,EA,MIGRATION,OB-2023,3,686.58
IT000000552,2023-01-01 07:33:22,B003,PT02417,3D-0476,Opening Balance,14,EA,MIGRATION,OB-2023,14,304.46
IT000000553,2023-01-01 07:33:24,B003,PT03442,8M-4057,Opening Balance,2,EA,MIGRATION,OB-2023,2,1144.52
IT000000554,2023-01-01 07:33:34,B003,PT00373,514-9557,Opening Balance,30,EA,MIGRATION,OB-2023,30,474.92
IT000000555,2023-01-01 07:33:50,B003,PT00886,7G-6810,Opening Balance,3,EA,MIGRATION,OB-2023,3,2735.64
IT000000556,2023-01-01 07:33:53,B003,PT03959,215-9407,Opening Balance,9,EA,MIGRATION,OB-2023,9,1.74
IT000000557,2023-01-01 07:34:00,B003,PT01401,478-0293,Opening Balance,3,EA,MIGRATION,OB-2023,3,824.47
IT000000558,2023-01-01 07:34:10,B003,PT02426,318-8514,Opening Balance,6,EA,MIGRATION,OB-2023,6,220.07
IT000000559,2023-01-01 07:34:28,B003,PT02427,390-3434,Opening Balance,7,EA,MIGRATION,OB-2023,7,190.91
IT000000560,2023-01-01 07:34:36,B003,PT03961,464-9179,Opening Balance,9,EA,MIGRATION,OB-2023,9,1.76
IT000000561,2023-01-01 07:34:39,B003,PT00382,342-6053,Opening Balance,6,EA,MIGRATION,OB-2023,6,235.43
IT000000562,2023-01-01 07:34:42,B003,PT03966,492-9219,Opening Balance,16,EA,MIGRATION,OB-2023,16,3.04
IT000000563,2023-01-01 07:34:46,B003,PT00384,5M-7115,Opening Balance,6,EA,MIGRATION,OB-2023,6,399.27
IT000000564,2023-01-01 07:35:03,B003,PT03970,358-6681,Opening Balance,34,EA,MIGRATION,OB-2023,34,2.46
IT000000565,2023-01-01 07:35:18,B003,PT03973,1U-6513,Opening Balance,9,EA,MIGRATION,OB-2023,9,2.0
IT000000566,2023-01-01 07:35:26,B003,PT02438,399-9891,Opening Balance,6,EA,MIGRATION,OB-2023,6,113.71
IT000000567,2023-01-01 07:35:43,B003,PT03975,6S-7925,Opening Balance,8,EA,MIGRATION,OB-2023,8,2.96
IT000000568,2023-01-01 07:36:01,B003,PT02440,578-6299,Opening Balance,7,EA,MIGRATION,OB-2023,7,283.26
IT000000569,2023-01-01 07:36:18,B003,PT01930,558-1017,Opening Balance,3,EA,MIGRATION,OB-2023,3,100.63
IT000000570,2023-01-01 07:36:19,B003,PT03982,488-3850,Opening Balance,11,EA,MIGRATION,OB-2023,11,1.75
IT000000571,2023-01-01 07:36:21,B003,PT00399,2A-4011,Opening Balance,8,EA,MIGRATION,OB-2023,8,171.25
IT000000572,2023-01-01 07:36:35,B003,PT02448,286-8338,Opening Balance,7,EA,MIGRATION,OB-2023,7,287.94
IT000000573,2023-01-01 07:36:43,B003,PT02962,9I-5397,Opening Balance,3,EA,MIGRATION,OB-2023,3,3354.78
IT000000574,2023-01-01 07:36:47,B003,PT03991,1R-4328,Opening Balance,14,EA,MIGRATION,OB-2023,14,3.16
IT000000575,2023-01-01 07:37:00,B003,PT03992,462-6755,Opening Balance,9,EA,MIGRATION,OB-2023,9,2.33
IT000000576,2023-01-01 07:37:07,B003,PT03993,442-4472,Opening Balance,10,EA,MIGRATION,OB-2023,10,2.06
IT000000577,2023-01-01 07:37:25,B003,PT03483,408-5869,Opening Balance,2,EA,MIGRATION,OB-2023,2,33.72
IT000000578,2023-01-01 07:37:36,B003,PT02460,239-8129,Opening Balance,6,EA,MIGRATION,OB-2023,6,122.21
IT000000579,2023-01-01 07:37:41,B003,PT03492,8R-9815,Opening Balance,2,EA,MIGRATION,OB-2023,2,27.59
IT000000580,2023-01-01 07:37:59,B003,PT03498,238-6936,Opening Balance,3,EA,MIGRATION,OB-2023,3,12.61
IT000000581,2023-01-01 07:38:11,B003,PT02475,7U-3088,Opening Balance,3,EA,MIGRATION,OB-2023,3,3044.9
IT000000582,2023-01-01 07:38:17,B003,PT01452,8R-1350,Opening Balance,3,EA,MIGRATION,OB-2023,3,1221.47
IT000000583,2023-01-01 07:38:20,B003,PT02479,5C-5763,Opening Balance,2,EA,MIGRATION,OB-2023,2,2223.4
IT000000584,2023-01-01 07:38:31,B003,PT00432,6J-9068,Opening Balance,10,EA,MIGRATION,OB-2023,10,112.53
IT000000585,2023-01-01 07:38:46,B003,PT02993,290-0962,Opening Balance,3,EA,MIGRATION,OB-2023,3,4732.39
IT000000586,2023-01-01 07:39:02,B003,PT00951,475-3845,Opening Balance,3,EA,MIGRATION,OB-2023,3,512.81
IT000000587,2023-01-01 07:39:05,B003,PT03511,7H-6357,Opening Balance,3,EA,MIGRATION,OB-2023,3,17.44
IT000000588,2023-01-01 07:39:14,B003,PT04024,8A-0813,Opening Balance,10,EA,MIGRATION,OB-2023,10,2.45
IT000000589,2023-01-01 07:39:33,B003,PT00440,3J-7601,Opening Balance,8,EA,MIGRATION,OB-2023,8,172.82
IT000000590,2023-01-01 07:39:46,B003,PT04030,2S-4356,Opening Balance,15,EA,MIGRATION,OB-2023,15,1.42
IT000000591,2023-01-01 07:39:48,B003,PT00450,428-2486,Opening Balance,8,EA,MIGRATION,OB-2023,8,91.51
IT000000592,2023-01-01 07:40:06,B003,PT02499,471-6610,Opening Balance,2,EA,MIGRATION,OB-2023,2,6035.06
IT000000593,2023-01-01 07:40:20,B003,PT01477,462-1470,Opening Balance,2,EA,MIGRATION,OB-2023,2,411.35
IT000000594,2023-01-01 07:40:29,B003,PT01990,540-4013,Opening Balance,3,EA,MIGRATION,OB-2023,3,62.49
IT000000595,2023-01-01 07:40:44,B003,PT00454,134-6660,Opening Balance,8,EA,MIGRATION,OB-2023,8,154.92
IT000000596,2023-01-01 07:40:57,B003,PT02506,4R-6737,Opening Balance,2,EA,MIGRATION,OB-2023,2,6365.29
IT000000597,2023-01-01 07:41:02,B003,PT04043,117-7452,Opening Balance,8,EA,MIGRATION,OB-2023,8,2.5
IT000000598,2023-01-01 07:41:18,B003,PT04044,4D-0160,Opening Balance,16,EA,MIGRATION,OB-2023,16,3.01
IT000000599,2023-01-01 07:41:23,B003,PT04045,381-5790,Opening Balance,9,EA,MIGRATION,OB-2023,9,2.59
IT000000600,2023-01-01 07:41:28,B003,PT00461,289-1736,Opening Balance,6,EA,MIGRATION,OB-2023,6,161.27
IT000000601,2023-01-01 07:41:40,B003,PT00462,6N-7396,Opening Balance,6,EA,MIGRATION,OB-2023,6,125.35
IT000000602,2023-01-01 07:41:41,B003,PT04047,306-5087,Opening Balance,11,EA,MIGRATION,OB-2023,11,2.79
IT000000603,2023-01-01 07:41:53,B003,PT04051,594-4259,Opening Balance,11,EA,MIGRATION,OB-2023,11,1.59
IT000000604,2023-01-01 07:42:04,B003,PT04053,9N-6175,Opening Balance,21,EA,MIGRATION,OB-2023,21,1.47
IT000000605,2023-01-01 07:42:18,B003,PT04054,424-4844,Opening Balance,10,EA,MIGRATION,OB-2023,10,1.87
IT000000606,2023-01-01 07:42:22,B003,PT02519,478-1355,Opening Balance,2,EA,MIGRATION,OB-2023,2,4115.96
IT000000607,2023-01-01 07:42:34,B003,PT00471,8D-0084,Opening Balance,7,EA,MIGRATION,OB-2023,7,74.43
IT000000608,2023-01-01 07:42:43,B003,PT00473,2R-2221,Opening Balance,7,EA,MIGRATION,OB-2023,7,153.21
IT000000609,2023-01-01 07:42:47,B003,PT04060,348-4754,Opening Balance,8,EA,MIGRATION,OB-2023,8,1.5
IT000000610,2023-01-01 07:42:56,B003,PT04061,8H-4723,Opening Balance,9,EA,MIGRATION,OB-2023,9,3.14
IT000000611,2023-01-01 07:43:14,B003,PT04062,593-2696,Opening Balance,8,EA,MIGRATION,OB-2023,8,1.3
IT000000612,2023-01-01 07:43:30,B003,PT03550,450-8050,Opening Balance,3,EA,MIGRATION,OB-2023,3,25.81
IT000000613,2023-01-01 07:43:34,B003,PT02526,1E-9945,Opening Balance,3,EA,MIGRATION,OB-2023,3,6420.31
IT000000614,2023-01-01 07:43:51,B003,PT04063,263-0063,Opening Balance,9,EA,MIGRATION,OB-2023,9,1.59
IT000000615,2023-01-01 07:44:02,B003,PT00991,1B-9697,Opening Balance,2,EA,MIGRATION,OB-2023,2,712.85
IT000000616,2023-01-01 07:44:03,B003,PT04064,313-0432,Opening Balance,16,EA,MIGRATION,OB-2023,16,2.38
IT000000617,2023-01-01 07:44:21,B003,PT04069,484-4883,Opening Balance,8,EA,MIGRATION,OB-2023,8,2.08
IT000000618,2023-01-01 07:44:31,B003,PT04074,509-8769,Opening Balance,13,EA,MIGRATION,OB-2023,13,3.19
IT000000619,2023-01-01 07:44:49,B003,PT00491,2W-4303,Opening Balance,7,EA,MIGRATION,OB-2023,7,116.49
IT000000620,2023-01-01 07:44:51,B003,PT03564,145-4031,Opening Balance,3,EA,MIGRATION,OB-2023,3,171.06
IT000000621,2023-01-01 07:44:55,B003,PT02027,2G-4957,Opening Balance,2,EA,MIGRATION,OB-2023,2,72.08
IT000000622,2023-01-01 07:45:13,B003,PT04083,9H-2078,Opening Balance,12,EA,MIGRATION,OB-2023,12,5.2
IT000000623,2023-01-01 07:45:18,B003,PT02549,9X-1298,Opening Balance,2,EA,MIGRATION,OB-2023,2,3710.24
IT000000624,2023-01-01 07:45:29,B003,PT01015,7F-6166,Opening Balance,2,EA,MIGRATION,OB-2023,2,754.79
IT000000625,2023-01-01 07:45:41,B003,PT00508,304-5215,Opening Balance,7,EA,MIGRATION,OB-2023,7,64.59
IT000000626,2023-01-01 07:46:00,B003,PT00511,425-0335,Opening Balance,7,EA,MIGRATION,OB-2023,7,101.53
IT000000627,2023-01-01 07:46:07,B004,PT04097,8S-9044,Opening Balance,8,EA,MIGRATION,OB-2023,8,2.73
IT000000628,2023-01-01 07:46:22,B004,PT00002,1R-0751,Opening Balance,6,EA,MIGRATION,OB-2023,6,36.08
IT000000629,2023-01-01 07:46:36,B004,PT00515,510-0149,Opening Balance,7,EA,MIGRATION,OB-2023,7,103.48
IT000000630,2023-01-01 07:46:50,B004,PT04100,397-8445,Opening Balance,18,EA,MIGRATION,OB-2023,18,5.17
IT000000631,2023-01-01 07:47:00,B004,PT00006,326-1644,Opening Balance,10,EA,MIGRATION,OB-2023,10,56.32
IT000000632,2023-01-01 07:47:02,B004,PT00008,6I-2502,Opening Balance,4,EA,MIGRATION,OB-2023,4,65.12
IT000000633,2023-01-01 07:47:08,B004,PT04106,326-3789,Opening Balance,10,EA,MIGRATION,OB-2023,10,5.11
IT000000634,2023-01-01 07:47:19,B004,PT01034,169-6359,Opening Balance,2,EA,MIGRATION,OB-2023,2,409.09
IT000000635,2023-01-01 07:47:27,B004,PT04110,161-1108,Opening Balance,13,EA,MIGRATION,OB-2023,13,4.05
IT000000636,2023-01-01 07:47:31,B004,PT01551,119-2124,Opening Balance,3,EA,MIGRATION,OB-2023,3,107.1
IT000000637,2023-01-01 07:47:45,B004,PT00015,4R-5173,Opening Balance,3,EA,MIGRATION,OB-2023,3,256.69
IT000000638,2023-01-01 07:47:54,B004,PT04111,399-9029,Opening Balance,11,EA,MIGRATION,OB-2023,11,5.66
IT000000639,2023-01-01 07:48:09,B004,PT01554,288-8497,Opening Balance,3,EA,MIGRATION,OB-2023,3,157.28
IT000000640,2023-01-01 07:48:20,B004,PT00530,348-4841,Opening Balance,8,EA,MIGRATION,OB-2023,8,145.6
IT000000641,2023-01-01 07:48:28,B004,PT00532,574-2897,Opening Balance,6,EA,MIGRATION,OB-2023,6,140.97
IT000000642,2023-01-01 07:48:31,B004,PT02070,6I-5833,Opening Balance,3,EA,MIGRATION,OB-2023,3,327.59
IT000000643,2023-01-01 07:48:33,B004,PT04119,6B-7429,Opening Balance,8,EA,MIGRATION,OB-2023,8,5.24
IT000000644,2023-01-01 07:48:43,B004,PT04120,6C-3111,Opening Balance,9,EA,MIGRATION,OB-2023,9,5.71
IT000000645,2023-01-01 07:48:50,B004,PT04121,312-7347,Opening Balance,10,EA,MIGRATION,OB-2023,10,2.88
IT000000646,2023-01-01 07:49:04,B004,PT04127,342-1694,Opening Balance,14,EA,MIGRATION,OB-2023,14,4.14
IT000000647,2023-01-01 07:49:16,B004,PT00545,8C-8423,Opening Balance,6,EA,MIGRATION,OB-2023,6,124.4
IT000000648,2023-01-01 07:49:22,B004,PT04129,9L-8694,Opening Balance,8,EA,MIGRATION,OB-2023,8,3.03
IT000000649,2023-01-01 07:49:37,B004,PT00035,7X-5992,Opening Balance,3,EA,MIGRATION,OB-2023,3,142.35
IT000000650,2023-01-01 07:49:48,B004,PT03108,1P-2013,Opening Balance,3,EA,MIGRATION,OB-2023,3,586.15
IT000000651,2023-01-01 07:50:05,B004,PT01573,3K-6199,Opening Balance,3,EA,MIGRATION,OB-2023,3,215.32
IT000000652,2023-01-01 07:50:24,B004,PT04135,224-5359,Opening Balance,11,EA,MIGRATION,OB-2023,11,3.34
IT000000653,2023-01-01 07:50:43,B004,PT01065,290-2181,Opening Balance,3,EA,MIGRATION,OB-2023,3,2660.79
IT000000654,2023-01-01 07:50:46,B004,PT03113,313-8979,Opening Balance,2,EA,MIGRATION,OB-2023,2,897.06
IT000000655,2023-01-01 07:50:57,B004,PT03627,9C-9026,Opening Balance,3,EA,MIGRATION,OB-2023,3,226.71
IT000000656,2023-01-01 07:50:58,B004,PT02092,4M-8299,Opening Balance,3,EA,MIGRATION,OB-2023,3,502.83
IT000000657,2023-01-01 07:51:15,B004,PT04139,1W-8856,Opening Balance,9,EA,MIGRATION,OB-2023,9,1.49
IT000000658,2023-01-01 07:51:29,B004,PT04142,1S-0348,Opening Balance,8,EA,MIGRATION,OB-2023,8,0.69
IT000000659,2023-01-01 07:51:34,B004,PT04146,2C-5624,Opening Balance,8,EA,MIGRATION,OB-2023,8,1.2
IT000000660,2023-01-01 07:51:46,B004,PT00562,297-7828,Opening Balance,8,EA,MIGRATION,OB-2023,8,113.63
IT000000661,2023-01-01 07:51:57,B004,PT00568,5G-0353,Opening Balance,6,EA,MIGRATION,OB-2023,6,54.17
IT000000662,2023-01-01 07:52:08,B004,PT00057,195-1954,Opening Balance,4,EA,MIGRATION,OB-2023,4,116.22
IT000000663,2023-01-01 07:52:19,B004,PT00063,2P-1040,Opening Balance,4,EA,MIGRATION,OB-2023,4,150.02
IT000000664,2023-01-01 07:52:38,B004,PT01088,1U-8560,Opening Balance,3,EA,MIGRATION,OB-2023,3,2460.91
IT000000665,2023-01-01 07:52:53,B004,PT04161,120-0571,Opening Balance,8,EA,MIGRATION,OB-2023,8,0.8
IT000000666,2023-01-01 07:53:01,B004,PT01601,7P-9821,Opening Balance,3,EA,MIGRATION,OB-2023,3,177.48
IT000000667,2023-01-01 07:53:16,B004,PT00068,296-1207,Opening Balance,3,EA,MIGRATION,OB-2023,3,235.67
IT000000668,2023-01-01 07:53:19,B004,PT00072,302-3910,Opening Balance,4,EA,MIGRATION,OB-2023,4,177.53
IT000000669,2023-01-01 07:53:25,B004,PT00605,422-3599,Opening Balance,3,EA,MIGRATION,OB-2023,3,148.38
IT000000670,2023-01-01 07:53:28,B004,PT04190,8H-9735,Opening Balance,9,EA,MIGRATION,OB-2023,9,0.94
IT000000671,2023-01-01 07:53:45,B004,PT01120,7E-0499,Opening Balance,2,EA,MIGRATION,OB-2023,2,3151.45
IT000000672,2023-01-01 07:53:46,B004,PT02146,576-1553,Opening Balance,4,EA,MIGRATION,OB-2023,4,1040.41
IT000000673,2023-01-01 07:54:03,B004,PT01122,391-3774,Opening Balance,3,EA,MIGRATION,OB-2023,3,1957.34
IT000000674,2023-01-01 07:54:19,B004,PT04197,583-7049,Opening Balance,10,EA,MIGRATION,OB-2023,10,1.28
IT000000675,2023-01-01 07:54:38,B004,PT04198,4T-4191,Opening Balance,8,EA,MIGRATION,OB-2023,8,1.52
IT000000676,2023-01-01 07:54:53,B004,PT01638,2T-6473,Opening Balance,2,EA,MIGRATION,OB-2023,2,199.04
IT000000677,2023-01-01 07:55:02,B004,PT04200,6I-2171,Opening Balance,9,EA,MIGRATION,OB-2023,9,1.44
IT000000678,2023-01-01 07:55:18,B004,PT00105,326-9292,Opening Balance,3,EA,MIGRATION,OB-2023,3,339.45
IT000000679,2023-01-01 07:55:37,B004,PT01130,1Y-2415,Opening Balance,3,EA,MIGRATION,OB-2023,3,4328.79
IT000000680,2023-01-01 07:55:54,B004,PT02671,396-0044,Opening Balance,2,EA,MIGRATION,OB-2023,2,8477.81
IT000000681,2023-01-01 07:56:09,B004,PT01654,371-8961,Opening Balance,3,EA,MIGRATION,OB-2023,3,28.22
IT000000682,2023-01-01 07:56:24,B004,PT01655,310-3495,Opening Balance,9,EA,MIGRATION,OB-2023,9,55.47
IT000000683,2023-01-01 07:56:37,B004,PT03704,7E-2667,Opening Balance,3,EA,MIGRATION,OB-2023,3,383.03
IT000000684,2023-01-01 07:56:54,B004,PT02683,5C-1061,Opening Balance,3,EA,MIGRATION,OB-2023,3,8517.0
IT000000685,2023-01-01 07:57:03,B004,PT01660,567-9985,Opening Balance,4,EA,MIGRATION,OB-2023,4,48.39
IT000000686,2023-01-01 07:57:13,B004,PT01665,7P-1666,Opening Balance,3,EA,MIGRATION,OB-2023,3,29.93
IT000000687,2023-01-01 07:57:30,B004,PT00641,429-8832,Opening Balance,2,EA,MIGRATION,OB-2023,2,71.84
IT000000688,2023-01-01 07:57:35,B004,PT02179,462-9141,Opening Balance,6,EA,MIGRATION,OB-2023,6,665.38
IT000000689,2023-01-01 07:57:50,B004,PT03203,7Y-8195,Opening Balance,2,EA,MIGRATION,OB-2023,2,351.16
IT000000690,2023-01-01 07:57:53,B004,PT04229,553-3948,Opening Balance,12,EA,MIGRATION,OB-2023,12,1.13
IT000000691,2023-01-01 07:58:05,B004,PT00134,4T-3623,Opening Balance,3,EA,MIGRATION,OB-2023,3,276.9
IT000000692,2023-01-01 07:58:06,B004,PT01671,2J-3646,Opening Balance,4,EA,MIGRATION,OB-2023,4,31.97
IT000000693,2023-01-01 07:58:25,B004,PT00135,526-6444,Opening Balance,4,EA,MIGRATION,OB-2023,4,571.52
IT000000694,2023-01-01 07:58:41,B004,PT01163,7T-4882,Opening Balance,3,EA,MIGRATION,OB-2023,3,199.63
IT000000695,2023-01-01 07:58:46,B004,PT01675,1W-6367,Opening Balance,3,EA,MIGRATION,OB-2023,3,53.16
IT000000696,2023-01-01 07:58:49,B004,PT04237,6D-9015,Opening Balance,8,EA,MIGRATION,OB-2023,8,1.58
IT000000697,2023-01-01 07:59:02,B004,PT00142,260-2776,Opening Balance,3,EA,MIGRATION,OB-2023,3,498.48
IT000000698,2023-01-01 07:59:20,B004,PT04238,590-6983,Opening Balance,10,EA,MIGRATION,OB-2023,10,1.54
IT000000699,2023-01-01 07:59:27,B004,PT01686,3I-7396,Opening Balance,3,EA,MIGRATION,OB-2023,3,34.13
IT000000700,2023-01-01 07:59:46,B004,PT01688,8A-3578,Opening Balance,6,EA,MIGRATION,OB-2023,6,53.69
IT000000701,2023-01-01 07:59:55,B004,PT02202,431-9871,Opening Balance,6,EA,MIGRATION,OB-2023,6,882.61
IT000000702,2023-01-01 08:00:04,B004,PT02203,4I-2175,Opening Balance,7,EA,MIGRATION,OB-2023,7,975.28
IT000000703,2023-01-01 08:00:11,B004,PT01692,9B-5922,Opening Balance,3,EA,MIGRATION,OB-2023,3,39.83
IT000000704,2023-01-01 08:00:17,B004,PT01691,5F-3363,Opening Balance,3,EA,MIGRATION,OB-2023,3,31.4
IT000000705,2023-01-01 08:00:24,B004,PT02215,2A-3786,Opening Balance,6,EA,MIGRATION,OB-2023,6,976.76
IT000000706,2023-01-01 08:00:28,B004,PT00169,8C-8411,Opening Balance,3,EA,MIGRATION,OB-2023,3,565.2
IT000000707,2023-01-01 08:00:36,B004,PT02218,564-7237,Opening Balance,7,EA,MIGRATION,OB-2023,7,755.52
IT000000708,2023-01-01 08:00:42,B004,PT01707,255-8810,Opening Balance,4,EA,MIGRATION,OB-2023,4,56.27
IT000000709,2023-01-01 08:00:44,B004,PT02222,439-6029,Opening Balance,12,EA,MIGRATION,OB-2023,12,663.75
IT000000710,2023-01-01 08:00:51,B004,PT03246,194-6176,Opening Balance,3,EA,MIGRATION,OB-2023,3,418.33
IT000000711,2023-01-01 08:00:52,B004,PT01712,4X-4451,Opening Balance,4,EA,MIGRATION,OB-2023,4,52.46
IT000000712,2023-01-01 08:00:56,B004,PT02225,513-7663,Opening Balance,6,EA,MIGRATION,OB-2023,6,1368.59
IT000000713,2023-01-01 08:01:10,B004,PT00690,586-8107,Opening Balance,2,EA,MIGRATION,OB-2023,2,8564.34
IT000000714,2023-01-01 08:01:11,B004,PT01719,100-4165,Opening Balance,4,EA,MIGRATION,OB-2023,4,38.76
IT000000715,2023-01-01 08:01:17,B004,PT02232,365-7058,Opening Balance,7,EA,MIGRATION,OB-2023,7,851.88
IT000000716,2023-01-01 08:01:30,B004,PT01730,3X-9055,Opening Balance,15,EA,MIGRATION,OB-2023,15,87.92
IT000000717,2023-01-01 08:01:31,B004,PT00707,3V-0828,Opening Balance,2,EA,MIGRATION,OB-2023,2,8054.25
IT000000718,2023-01-01 08:01:46,B004,PT03270,210-1199,Opening Balance,2,EA,MIGRATION,OB-2023,2,678.67
IT000000719,2023-01-01 08:01:48,B004,PT00200,455-5452,Opening Balance,4,EA,MIGRATION,OB-2023,4,2470.52
IT000000720,2023-01-01 08:01:50,B004,PT01737,192-7585,Opening Balance,7,EA,MIGRATION,OB-2023,7,57.9
IT000000721,2023-01-01 08:01:54,B004,PT00714,457-4201,Opening Balance,3,EA,MIGRATION,OB-2023,3,9113.17
IT000000722,2023-01-01 08:02:11,B004,PT02251,7F-5298,Opening Balance,6,EA,MIGRATION,OB-2023,6,35.34
IT000000723,2023-01-01 08:02:12,B004,PT01230,594-7992,Opening Balance,2,EA,MIGRATION,OB-2023,2,23.92
IT000000724,2023-01-01 08:02:14,B004,PT01742,2T-7074,Opening Balance,3,EA,MIGRATION,OB-2023,3,34.75
IT000000725,2023-01-01 08:02:32,B004,PT01746,6U-6664,Opening Balance,3,EA,MIGRATION,OB-2023,3,57.75
IT000000726,2023-01-01 08:02:44,B004,PT01234,6R-9794,Opening Balance,3,EA,MIGRATION,OB-2023,3,23.7
IT000000727,2023-01-01 08:02:55,B004,PT01748,448-3086,Opening Balance,3,EA,MIGRATION,OB-2023,3,78.72
IT000000728,2023-01-01 08:02:56,B004,PT04308,444-3340,Opening Balance,3,EA,MIGRATION,OB-2023,3,9466.89
IT000000729,2023-01-01 08:03:04,B004,PT01750,8N-2339,Opening Balance,5,EA,MIGRATION,OB-2023,5,57.7
IT000000730,2023-01-01 08:03:15,B004,PT01751,492-1705,Opening Balance,3,EA,MIGRATION,OB-2023,3,36.0
IT000000731,2023-01-01 08:03:26,B004,PT01749,9H-0300,Opening Balance,5,EA,MIGRATION,OB-2023,5,74.03
IT000000732,2023-01-01 08:03:36,B004,PT01755,3F-1905,Opening Balance,4,EA,MIGRATION,OB-2023,4,78.19
IT000000733,2023-01-01 08:03:39,B004,PT02267,1B-4959,Opening Balance,7,EA,MIGRATION,OB-2023,7,39.45
IT000000734,2023-01-01 08:03:58,B004,PT01762,552-9738,Opening Balance,3,EA,MIGRATION,OB-2023,3,38.38
IT000000735,2023-01-01 08:04:12,B004,PT02280,7T-7176,Opening Balance,8,EA,MIGRATION,OB-2023,8,36.85
IT000000736,2023-01-01 08:04:17,B004,PT01769,464-9313,Opening Balance,4,EA,MIGRATION,OB-2023,4,31.15
IT000000737,2023-01-01 08:04:36,B004,PT04332,570-6923,Opening Balance,3,EA,MIGRATION,OB-2023,3,8937.61
IT000000738,2023-01-01 08:04:42,B004,PT01773,8M-9527,Opening Balance,4,EA,MIGRATION,OB-2023,4,86.09
IT000000739,2023-01-01 08:04:45,B004,PT00237,177-2805,Opening Balance,3,EA,MIGRATION,OB-2023,3,1460.66
IT000000740,2023-01-01 08:05:02,B004,PT01778,9G-8449,Opening Balance,6,EA,MIGRATION,OB-2023,6,50.8
IT000000741,2023-01-01 08:05:05,B004,PT00245,8S-1086,Opening Balance,3,EA,MIGRATION,OB-2023,3,1710.94
IT000000742,2023-01-01 08:05:07,B004,PT03325,5T-5761,Opening Balance,3,EA,MIGRATION,OB-2023,3,3951.36
IT000000743,2023-01-01 08:05:19,B004,PT01793,491-2264,Opening Balance,7,EA,MIGRATION,OB-2023,7,87.57
IT000000744,2023-01-01 08:05:25,B004,PT02305,7T-0793,Opening Balance,7,EA,MIGRATION,OB-2023,7,92.95
IT000000745,2023-01-01 08:05:28,B004,PT01795,455-5423,Opening Balance,5,EA,MIGRATION,OB-2023,5,80.17
IT000000746,2023-01-01 08:05:30,B004,PT01284,7S-4930,Opening Balance,2,EA,MIGRATION,OB-2023,2,37.86
IT000000747,2023-01-01 08:05:33,B004,PT00261,9X-7154,Opening Balance,4,EA,MIGRATION,OB-2023,4,2330.13
IT000000748,2023-01-01 08:05:52,B004,PT00259,175-9658,Opening Balance,4,EA,MIGRATION,OB-2023,4,2116.43
IT000000749,2023-01-01 08:06:05,B004,PT04361,277-4413,Opening Balance,2,EA,MIGRATION,OB-2023,2,180.87
IT000000750,2023-01-01 08:06:22,B004,PT01806,1N-5323,Opening Balance,2,EA,MIGRATION,OB-2023,2,1342.38
IT000000751,2023-01-01 08:06:34,B004,PT02322,5P-6655,Opening Balance,8,EA,MIGRATION,OB-2023,8,7.94
IT000000752,2023-01-01 08:06:45,B004,PT02323,6G-0735,Opening Balance,6,EA,MIGRATION,OB-2023,6,3.78
IT000000753,2023-01-01 08:06:50,B004,PT00787,235-3809,Opening Balance,2,EA,MIGRATION,OB-2023,2,104.89
IT000000754,2023-01-01 08:07:09,B004,PT03348,465-9935,Opening Balance,3,EA,MIGRATION,OB-2023,3,3569.03
IT000000755,2023-01-01 08:07:25,B004,PT03350,446-7453,Opening Balance,2,EA,MIGRATION,OB-2023,2,2054.98
IT000000756,2023-01-01 08:07:36,B004,PT00793,193-5635,Opening Balance,2,EA,MIGRATION,OB-2023,2,48.39
IT000000757,2023-01-01 08:07:38,B004,PT02336,467-2416,Opening Balance,11,EA,MIGRATION,OB-2023,11,5.21
IT000000758,2023-01-01 08:07:53,B004,PT02339,264-8560,Opening Balance,7,EA,MIGRATION,OB-2023,7,8.47
IT000000759,2023-01-01 08:08:00,B004,PT00805,3N-4216,Opening Balance,2,EA,MIGRATION,OB-2023,2,109.53
IT000000760,2023-01-01 08:08:04,B004,PT02341,589-0926,Opening Balance,7,EA,MIGRATION,OB-2023,7,5.32
IT000000761,2023-01-01 08:08:19,B004,PT02352,4X-7628,Opening Balance,7,EA,MIGRATION,OB-2023,7,8.72
IT000000762,2023-01-01 08:08:35,B004,PT00312,5F-0525,Opening Balance,3,EA,MIGRATION,OB-2023,3,3483.77
IT000000763,2023-01-01 08:08:47,B004,PT04413,1X-9099,Opening Balance,21,GAL,MIGRATION,OB-2023,21,21.12
IT000000764,2023-01-01 08:08:49,B004,PT04414,4S-5275,Opening Balance,28,GAL,MIGRATION,OB-2023,28,23.76
IT000000765,2023-01-01 08:09:01,B004,PT04415,576-2232,Opening Balance,60,GAL,MIGRATION,OB-2023,60,16.72
IT000000766,2023-01-01 08:09:19,B004,PT04416,9I-8063,Opening Balance,36,GAL,MIGRATION,OB-2023,36,22.88
IT000000767,2023-01-01 08:09:33,B004,PT03393,101-2273,Opening Balance,2,EA,MIGRATION,OB-2023,2,3369.26
IT000000768,2023-01-01 08:09:39,B004,PT02372,9T-8112,Opening Balance,8,EA,MIGRATION,OB-2023,8,5.06
IT000000769,2023-01-01 08:09:52,B004,PT00837,495-0440,Opening Balance,3,EA,MIGRATION,OB-2023,3,68.03
IT000000770,2023-01-01 08:09:57,B004,PT02383,576-3354,Opening Balance,6,EA,MIGRATION,OB-2023,6,4.52
IT000000771,2023-01-01 08:10:14,B004,PT02384,8D-2006,Opening Balance,6,EA,MIGRATION,OB-2023,6,7.5
IT000000772,2023-01-01 08:10:31,B004,PT00341,1D-8780,Opening Balance,4,EA,MIGRATION,OB-2023,4,5383.7
IT000000773,2023-01-01 08:10:42,B004,PT02390,7W-1127,Opening Balance,8,EA,MIGRATION,OB-2023,8,7.81
IT000000774,2023-01-01 08:10:45,B004,PT02392,3D-6002,Opening Balance,10,EA,MIGRATION,OB-2023,10,6.79
IT000000775,2023-01-01 08:10:53,B004,PT02393,410-4180,Opening Balance,7,EA,MIGRATION,OB-2023,7,4.54
IT000000776,2023-01-01 08:10:56,B004,PT02395,247-9557,Opening Balance,8,EA,MIGRATION,OB-2023,8,8.67
IT000000777,2023-01-01 08:11:11,B004,PT00350,4C-6099,Opening Balance,3,EA,MIGRATION,OB-2023,3,7918.67
IT000000778,2023-01-01 08:11:24,B004,PT01378,226-7275,Opening Balance,3,EA,MIGRATION,OB-2023,3,586.31
IT000000779,2023-01-01 08:11:29,B004,PT02405,9E-1981,Opening Balance,6,EA,MIGRATION,OB-2023,6,239.73
IT000000780,2023-01-01 08:11:46,B004,PT03942,235-2099,Opening Balance,3,EA,MIGRATION,OB-2023,3,68.12
IT000000781,2023-01-01 08:12:01,B004,PT00870,158-9831,Opening Balance,3,EA,MIGRATION,OB-2023,3,2463.24
IT000000782,2023-01-01 08:12:19,B004,PT02411,305-6568,Opening Balance,7,EA,MIGRATION,OB-2023,7,257.27
IT000000783,2023-01-01 08:12:25,B004,PT01391,318-0136,Opening Balance,2,EA,MIGRATION,OB-2023,2,473.11
IT000000784,2023-01-01 08:12:29,B004,PT02932,9P-7638,Opening Balance,3,EA,MIGRATION,OB-2023,3,432.06
IT000000785,2023-01-01 08:12:39,B004,PT03446,553-6678,Opening Balance,3,EA,MIGRATION,OB-2023,3,791.05
IT000000786,2023-01-01 08:12:45,B004,PT00376,6F-7731,Opening Balance,6,EA,MIGRATION,OB-2023,6,435.51
IT000000787,2023-01-01 08:13:00,B004,PT02426,318-8514,Opening Balance,10,EA,MIGRATION,OB-2023,10,220.07
IT000000788,2023-01-01 08:13:09,B004,PT03450,152-1080,Opening Balance,2,EA,MIGRATION,OB-2023,2,1346.66
IT000000789,2023-01-01 08:13:21,B004,PT03969,2A-0494,Opening Balance,15,EA,MIGRATION,OB-2023,15,1.26
IT000000790,2023-01-01 08:13:25,B004,PT00900,7W-0875,Opening Balance,3,EA,MIGRATION,OB-2023,3,911.02
IT000000791,2023-01-01 08:13:27,B004,PT03973,1U-6513,Opening Balance,15,EA,MIGRATION,OB-2023,15,2.0
IT000000792,2023-01-01 08:13:45,B004,PT03972,400-5573,Opening Balance,10,EA,MIGRATION,OB-2023,10,1.28
IT000000793,2023-01-01 08:13:54,B004,PT00391,9H-5308,Opening Balance,6,EA,MIGRATION,OB-2023,6,252.54
IT000000794,2023-01-01 08:13:57,B004,PT03976,437-2858,Opening Balance,13,EA,MIGRATION,OB-2023,13,2.08
IT000000795,2023-01-01 08:14:13,B004,PT03978,460-2105,Opening Balance,11,EA,MIGRATION,OB-2023,11,2.37
IT000000796,2023-01-01 08:14:16,B004,PT02445,118-9568,Opening Balance,7,EA,MIGRATION,OB-2023,7,260.7
IT000000797,2023-01-01 08:14:35,B004,PT03984,208-4107,Opening Balance,8,EA,MIGRATION,OB-2023,8,2.97
IT000000798,2023-01-01 08:14:43,B004,PT02448,286-8338,Opening Balance,6,EA,MIGRATION,OB-2023,6,287.94
IT000000799,2023-01-01 08:14:52,B004,PT02451,4F-8010,Opening Balance,7,EA,MIGRATION,OB-2023,7,214.42
IT000000800,2023-01-01 08:14:57,B004,PT03989,558-2987,Opening Balance,10,EA,MIGRATION,OB-2023,10,2.89
IT000000801,2023-01-01 08:14:59,B004,PT01943,6S-6575,Opening Balance,4,EA,MIGRATION,OB-2023,4,60.17
IT000000802,2023-01-01 08:15:07,B004,PT03993,442-4472,Opening Balance,12,EA,MIGRATION,OB-2023,12,2.06
IT000000803,2023-01-01 08:15:14,B004,PT03482,2U-9657,Opening Balance,3,EA,MIGRATION,OB-2023,3,33.77
IT000000804,2023-01-01 08:15:23,B004,PT00411,9X-1309,Opening Balance,6,EA,MIGRATION,OB-2023,6,488.9
IT000000805,2023-01-01 08:15:33,B004,PT01950,9J-7356,Opening Balance,2,EA,MIGRATION,OB-2023,2,94.96
IT000000806,2023-01-01 08:15:45,B004,PT04001,596-9178,Opening Balance,19,EA,MIGRATION,OB-2023,19,2.66
IT000000807,2023-01-01 08:15:47,B004,PT00419,215-3794,Opening Balance,9,EA,MIGRATION,OB-2023,9,114.16
IT000000808,2023-01-01 08:15:54,B004,PT01957,583-8873,Opening Balance,3,EA,MIGRATION,OB-2023,3,82.54
IT000000809,2023-01-01 08:16:11,B004,PT01446,5R-5378,Opening Balance,3,EA,MIGRATION,OB-2023,3,758.69
IT000000810,2023-01-01 08:16:30,B004,PT03497,560-0531,Opening Balance,2,EA,MIGRATION,OB-2023,2,30.87
IT000000811,2023-01-01 08:16:41,B004,PT04012,447-1265,Opening Balance,9,EA,MIGRATION,OB-2023,9,1.87
IT000000812,2023-01-01 08:16:48,B004,PT01453,404-0325,Opening Balance,2,EA,MIGRATION,OB-2023,2,1062.26
IT000000813,2023-01-01 08:16:56,B004,PT04014,1J-8215,Opening Balance,10,EA,MIGRATION,OB-2023,10,1.28
IT000000814,2023-01-01 08:17:11,B004,PT00431,162-3286,Opening Balance,16,EA,MIGRATION,OB-2023,16,112.03
IT000000815,2023-01-01 08:17:19,B004,PT03501,450-1438,Opening Balance,2,EA,MIGRATION,OB-2023,2,20.57
IT000000816,2023-01-01 08:17:37,B004,PT00433,130-3432,Opening Balance,8,EA,MIGRATION,OB-2023,8,121.11
IT000000817,2023-01-01 08:17:38,B004,PT00436,1C-5307,Opening Balance,7,EA,MIGRATION,OB-2023,7,190.3
IT000000818,2023-01-01 08:17:50,B004,PT00448,5V-1821,Opening Balance,8,EA,MIGRATION,OB-2023,8,171.14
IT000000819,2023-01-01 08:18:00,B004,PT03010,293-3791,Opening Balance,3,EA,MIGRATION,OB-2023,3,4137.51
IT000000820,2023-01-01 08:18:09,B004,PT00450,428-2486,Opening Balance,6,EA,MIGRATION,OB-2023,6,91.51
IT000000821,2023-01-01 08:18:19,B004,PT00451,124-1247,Opening Balance,7,EA,MIGRATION,OB-2023,7,178.89
IT000000822,2023-01-01 08:18:23,B004,PT01988,112-9095,Opening Balance,2,EA,MIGRATION,OB-2023,2,63.58
IT000000823,2023-01-01 08:18:30,B004,PT02505,9J-1678,Opening Balance,2,EA,MIGRATION,OB-2023,2,5321.72
IT000000824,2023-01-01 08:18:37,B004,PT04042,8I-6756,Opening Balance,12,EA,MIGRATION,OB-2023,12,1.64
IT000000825,2023-01-01 08:18:50,B004,PT03531,503-2456,Opening Balance,2,EA,MIGRATION,OB-2023,2,15.66
IT000000826,2023-01-01 08:19:02,B004,PT04046,379-0804,Opening Balance,11,EA,MIGRATION,OB-2023,11,3.03
IT000000827,2023-01-01 08:19:10,B004,PT04058,3Y-7051,Opening Balance,9,EA,MIGRATION,OB-2023,9,3.0
IT000000828,2023-01-01 08:19:20,B004,PT04062,593-2696,Opening Balance,10,EA,MIGRATION,OB-2023,10,1.3
IT000000829,2023-01-01 08:19:31,B004,PT03038,485-1986,Opening Balance,2,EA,MIGRATION,OB-2023,2,842.17
IT000000830,2023-01-01 08:19:32,B004,PT00479,5B-0021,Opening Balance,11,EA,MIGRATION,OB-2023,11,114.27
IT000000831,2023-01-01 08:19:49,B004,PT04065,7F-9751,Opening Balance,11,EA,MIGRATION,OB-2023,11,1.21
IT000000832,2023-01-01 08:20:06,B004,PT00481,2H-6111,Opening Balance,6,EA,MIGRATION,OB-2023,6,205.48
IT000000833,2023-01-01 08:20:13,B004,PT03552,424-3242,Opening Balance,2,EA,MIGRATION,OB-2023,2,221.69
IT000000834,2023-01-01 08:20:28,B004,PT03556,516-4088,Opening Balance,3,EA,MIGRATION,OB-2023,3,105.41
IT000000835,2023-01-01 08:20:36,B004,PT04070,286-3358,Opening Balance,8,EA,MIGRATION,OB-2023,8,4.71
IT000000836,2023-01-01 08:20:38,B004,PT00505,1M-1092,Opening Balance,10,EA,MIGRATION,OB-2023,10,123.18
IT000000837,2023-01-01 08:20:55,B004,PT04076,322-3983,Opening Balance,16,EA,MIGRATION,OB-2023,16,5.68
IT000000838,2023-01-01 08:21:01,B004,PT04078,242-3883,Opening Balance,11,EA,MIGRATION,OB-2023,11,3.97
IT000000839,2023-01-01 08:21:08,B004,PT01007,552-4558,Opening Balance,2,EA,MIGRATION,OB-2023,2,452.58
IT000000840,2023-01-01 08:21:19,B004,PT00497,174-1594,Opening Balance,8,EA,MIGRATION,OB-2023,8,106.73
IT000000841,2023-01-01 08:21:28,B004,PT01522,8L-1120,Opening Balance,3,EA,MIGRATION,OB-2023,3,650.26
IT000000842,2023-01-01 08:21:34,B004,PT03059,5X-3168,Opening Balance,2,EA,MIGRATION,OB-2023,2,1177.1
IT000000843,2023-01-01 08:21:50,B004,PT00501,5Y-0341,Opening Balance,6,EA,MIGRATION,OB-2023,6,154.45
IT000000844,2023-01-01 08:21:57,B004,PT03062,557-9170,Opening Balance,3,EA,MIGRATION,OB-2023,3,965.37
IT000000845,2023-01-01 08:22:09,B004,PT02038,196-1917,Opening Balance,3,EA,MIGRATION,OB-2023,3,531.49
IT000000846,2023-01-01 08:22:22,B004,PT04089,309-2059,Opening Balance,12,EA,MIGRATION,OB-2023,12,5.75
IT000000847,2023-01-01 08:22:40,B004,PT01533,3N-1765,Opening Balance,3,EA,MIGRATION,OB-2023,3,128.8
IT000000848,2023-01-01 08:22:50,B004,PT04094,9A-9344,Opening Balance,8,EA,MIGRATION,OB-2023,8,3.78
IT000000849,2023-01-01 08:22:59,B005,PT04098,8G-7619,Opening Balance,9,EA,MIGRATION,OB-2023,9,5.71
IT000000850,2023-01-01 08:23:17,B005,PT02051,3L-7524,Opening Balance,4,EA,MIGRATION,OB-2023,4,261.64
IT000000851,2023-01-01 08:23:27,B005,PT00004,1R-1808,Opening Balance,5,EA,MIGRATION,OB-2023,5,29.04
IT000000852,2023-01-01 08:23:33,B005,PT04108,6J-6321,Opening Balance,8,EA,MIGRATION,OB-2023,8,3.12
IT000000853,2023-01-01 08:23:34,B005,PT00013,8E-6208,Opening Balance,18,EA,MIGRATION,OB-2023,18,3.08
IT000000854,2023-01-01 08:23:41,B005,PT04115,5A-8107,Opening Balance,11,EA,MIGRATION,OB-2023,11,3.5
IT000000855,2023-01-01 08:23:45,B005,PT03605,4W-5063,Opening Balance,2,EA,MIGRATION,OB-2023,2,233.51
IT000000856,2023-01-01 08:23:51,B005,PT02581,385-3517,Opening Balance,3,EA,MIGRATION,OB-2023,3,5646.31
IT000000857,2023-01-01 08:24:02,B005,PT04119,6B-7429,Opening Balance,9,EA,MIGRATION,OB-2023,9,5.24
IT000000858,2023-01-01 08:24:12,B005,PT00537,9B-4949,Opening Balance,7,EA,MIGRATION,OB-2023,7,103.5
IT000000859,2023-01-01 08:24:16,B005,PT00539,443-9585,Opening Balance,6,EA,MIGRATION,OB-2023,6,55.05
IT000000860,2023-01-01 08:24:25,B005,PT03613,4L-9849,Opening Balance,2,EA,MIGRATION,OB-2023,2,219.71
IT000000861,2023-01-01 08:24:34,B005,PT04126,591-9396,Opening Balance,24,EA,MIGRATION,OB-2023,24,2.83
IT000000862,2023-01-01 08:24:35,B005,PT02596,447-3888,Opening Balance,2,EA,MIGRATION,OB-2023,2,9691.84
IT000000863,2023-01-01 08:24:41,B005,PT04133,578-6538,Opening Balance,9,EA,MIGRATION,OB-2023,9,4.12
IT000000864,2023-01-01 08:24:55,B005,PT01575,4J-1038,Opening Balance,2,EA,MIGRATION,OB-2023,2,217.15
IT000000865,2023-01-01 08:24:56,B005,PT04136,6W-7240,Opening Balance,13,EA,MIGRATION,OB-2023,13,4.14
IT000000866,2023-01-01 08:25:02,B005,PT04139,1W-8856,Opening Balance,11,EA,MIGRATION,OB-2023,11,1.49
IT000000867,2023-01-01 08:25:12,B005,PT00556,437-7715,Opening Balance,6,EA,MIGRATION,OB-2023,6,115.17
IT000000868,2023-01-01 08:25:16,B005,PT00559,439-1215,Opening Balance,7,EA,MIGRATION,OB-2023,7,130.13
IT000000869,2023-01-01 08:25:29,B005,PT04143,1J-1403,Opening Balance,10,EA,MIGRATION,OB-2023,10,0.92
IT000000870,2023-01-01 08:25:43,B005,PT02096,390-5802,Opening Balance,3,EA,MIGRATION,OB-2023,3,471.33
IT000000871,2023-01-01 08:25:50,B005,PT00562,297-7828,Opening Balance,8,EA,MIGRATION,OB-2023,8,113.63
IT000000872,2023-01-01 08:25:55,B005,PT00561,344-8963,Opening Balance,9,EA,MIGRATION,OB-2023,9,118.35
IT000000873,2023-01-01 08:26:10,B005,PT01588,213-3519,Opening Balance,3,EA,MIGRATION,OB-2023,3,301.12
IT000000874,2023-01-01 08:26:15,B005,PT02101,2W-7291,Opening Balance,4,EA,MIGRATION,OB-2023,4,499.09
IT000000875,2023-01-01 08:26:18,B005,PT03126,9L-0665,Opening Balance,3,EA,MIGRATION,OB-2023,3,752.97
IT000000876,2023-01-01 08:26:19,B005,PT00567,354-1372,Opening Balance,8,EA,MIGRATION,OB-2023,8,58.5
IT000000877,2023-01-01 08:26:21,B005,PT02104,1U-3173,Opening Balance,4,EA,MIGRATION,OB-2023,4,304.43
IT000000878,2023-01-01 08:26:38,B005,PT00564,2T-5828,Opening Balance,7,EA,MIGRATION,OB-2023,7,108.93
IT000000879,2023-01-01 08:26:56,B005,PT04148,241-7216,Opening Balance,8,EA,MIGRATION,OB-2023,8,1.23
IT000000880,2023-01-01 08:27:07,B005,PT04153,4K-7161,Opening Balance,10,EA,MIGRATION,OB-2023,10,1.21
IT000000881,2023-01-01 08:27:25,B005,PT03644,6E-6869,Opening Balance,3,EA,MIGRATION,OB-2023,3,317.03
IT000000882,2023-01-01 08:27:39,B005,PT04150,382-4929,Opening Balance,11,EA,MIGRATION,OB-2023,11,0.56
IT000000883,2023-01-01 08:27:47,B005,PT03133,4H-0324,Opening Balance,3,EA,MIGRATION,OB-2023,3,1150.55
IT000000884,2023-01-01 08:28:01,B005,PT04167,402-8209,Opening Balance,10,EA,MIGRATION,OB-2023,10,1.55
IT000000885,2023-01-01 08:28:09,B005,PT04168,7T-9190,Opening Balance,8,EA,MIGRATION,OB-2023,8,0.63
IT000000886,2023-01-01 08:28:28,B005,PT04172,178-6057,Opening Balance,9,EA,MIGRATION,OB-2023,9,0.99
IT000000887,2023-01-01 08:28:45,B005,PT00077,479-3887,Opening Balance,3,EA,MIGRATION,OB-2023,3,216.52
IT000000888,2023-01-01 08:29:02,B005,PT04174,325-6593,Opening Balance,8,EA,MIGRATION,OB-2023,8,1.15
IT000000889,2023-01-01 08:29:13,B005,PT04181,580-1351,Opening Balance,11,EA,MIGRATION,OB-2023,11,0.81
IT000000890,2023-01-01 08:29:23,B005,PT01110,500-9148,Opening Balance,2,EA,MIGRATION,OB-2023,2,3803.45
IT000000891,2023-01-01 08:29:26,B005,PT04184,194-7047,Opening Balance,9,EA,MIGRATION,OB-2023,9,0.8
IT000000892,2023-01-01 08:29:39,B005,PT04187,2H-7584,Opening Balance,24,EA,MIGRATION,OB-2023,24,1.12
IT000000893,2023-01-01 08:29:42,B005,PT04188,359-7947,Opening Balance,8,EA,MIGRATION,OB-2023,8,1.4
IT000000894,2023-01-01 08:29:53,B005,PT04190,8H-9735,Opening Balance,8,EA,MIGRATION,OB-2023,8,0.94
IT000000895,2023-01-01 08:29:56,B005,PT00096,316-0499,Opening Balance,4,EA,MIGRATION,OB-2023,4,420.3
IT000000896,2023-01-01 08:30:06,B005,PT02660,328-3919,Opening Balance,3,EA,MIGRATION,OB-2023,3,22453.92
IT000000897,2023-01-01 08:30:21,B005,PT04197,583-7049,Opening Balance,8,EA,MIGRATION,OB-2023,8,1.28
IT000000898,2023-01-01 08:30:27,B005,PT02149,309-6649,Opening Balance,3,EA,MIGRATION,OB-2023,3,1444.5
IT000000899,2023-01-01 08:30:39,B005,PT04092,6H-3312,Opening Balance,12,EA,MIGRATION,OB-2023,12,3.68
IT000000900,2023-01-01 08:30:44,B005,PT02153,522-8677,Opening Balance,4,EA,MIGRATION,OB-2023,4,1003.61
IT000000901,2023-01-01 08:30:50,B005,PT01142,574-2261,Opening Balance,3,EA,MIGRATION,OB-2023,3,226.97
IT000000902,2023-01-01 08:30:54,B005,PT01657,422-3659,Opening Balance,4,EA,MIGRATION,OB-2023,4,58.92
IT000000903,2023-01-01 08:30:58,B005,PT01658,311-4289,Opening Balance,3,EA,MIGRATION,OB-2023,3,56.08
IT000000904,2023-01-01 08:31:06,B005,PT01659,7V-3911,Opening Balance,5,EA,MIGRATION,OB-2023,5,40.96
IT000000905,2023-01-01 08:31:09,B005,PT00635,364-6377,Opening Balance,2,EA,MIGRATION,OB-2023,2,117.13
IT000000906,2023-01-01 08:31:26,B005,PT01660,567-9985,Opening Balance,4,EA,MIGRATION,OB-2023,4,48.39
IT000000907,2023-01-01 08:31:41,B005,PT01147,4S-0273,Opening Balance,3,EA,MIGRATION,OB-2023,3,119.5
IT000000908,2023-01-01 08:31:46,B005,PT01663,4X-2943,Opening Balance,4,EA,MIGRATION,OB-2023,4,65.53
IT000000909,2023-01-01 08:32:03,B005,PT02176,295-3720,Opening Balance,10,EA,MIGRATION,OB-2023,10,793.59
IT000000910,2023-01-01 08:32:10,B005,PT01153,283-1523,Opening Balance,2,EA,MIGRATION,OB-2023,2,246.22
IT000000911,2023-01-01 08:32:21,B005,PT01666,4P-9554,Opening Balance,6,EA,MIGRATION,OB-2023,6,33.71
IT000000912,2023-01-01 08:32:35,B005,PT04225,376-0185,Opening Balance,10,EA,MIGRATION,OB-2023,10,0.7
IT000000913,2023-01-01 08:32:50,B005,PT01157,9M-8662,Opening Balance,3,EA,MIGRATION,OB-2023,3,210.9
IT000000914,2023-01-01 08:32:51,B005,PT04229,553-3948,Opening Balance,13,EA,MIGRATION,OB-2023,13,1.13
IT000000915,2023-01-01 08:32:57,B005,PT00647,9I-6968,Opening Balance,3,EA,MIGRATION,OB-2023,3,117.57
IT000000916,2023-01-01 08:33:04,B005,PT00136,4X-2535,Opening Balance,4,EA,MIGRATION,OB-2023,4,303.5
IT000000917,2023-01-01 08:33:16,B005,PT04235,3E-5094,Opening Balance,8,EA,MIGRATION,OB-2023,8,1.44
IT000000918,2023-01-01 08:33:33,B005,PT03724,6I-1081,Opening Balance,3,EA,MIGRATION,OB-2023,3,184.15
IT000000919,2023-01-01 08:33:42,B005,PT01676,346-8694,Opening Balance,5,EA,MIGRATION,OB-2023,5,43.42
IT000000920,2023-01-01 08:33:51,B005,PT04238,590-6983,Opening Balance,13,EA,MIGRATION,OB-2023,13,1.54
IT000000921,2023-01-01 08:33:53,B005,PT01168,202-1329,Opening Balance,2,EA,MIGRATION,OB-2023,2,242.9
IT000000922,2023-01-01 08:34:03,B005,PT01683,8P-3725,Opening Balance,7,EA,MIGRATION,OB-2023,7,54.17
IT000000923,2023-01-01 08:34:13,B005,PT01685,6L-1105,Opening Balance,6,EA,MIGRATION,OB-2023,6,47.2
IT000000924,2023-01-01 08:34:26,B005,PT01686,3I-7396,Opening Balance,4,EA,MIGRATION,OB-2023,4,34.13
IT000000925,2023-01-01 08:34:43,B005,PT03735,3R-4105,Opening Balance,2,EA,MIGRATION,OB-2023,2,52.29
IT000000926,2023-01-01 08:34:54,B005,PT01688,8A-3578,Opening Balance,6,EA,MIGRATION,OB-2023,6,53.69
IT000000927,2023-01-01 08:34:55,B005,PT04251,105-9875,Opening Balance,3,EA,MIGRATION,OB-2023,3,13981.2
IT000000928,2023-01-01 08:35:11,B005,PT02206,2Y-6099,Opening Balance,7,EA,MIGRATION,OB-2023,7,496.93
IT000000929,2023-01-01 08:35:21,B005,PT01185,383-0799,Opening Balance,2,EA,MIGRATION,OB-2023,2,180.4
IT000000930,2023-01-01 08:35:31,B005,PT03757,9A-3161,Opening Balance,3,EA,MIGRATION,OB-2023,3,44.49
IT000000931,2023-01-01 08:35:48,B005,PT02734,6M-9902,Opening Balance,3,EA,MIGRATION,OB-2023,3,9340.58
IT000000932,2023-01-01 08:36:00,B005,PT01713,5G-7485,Opening Balance,3,EA,MIGRATION,OB-2023,3,36.85
IT000000933,2023-01-01 08:36:16,B005,PT02226,292-3628,Opening Balance,6,EA,MIGRATION,OB-2023,6,1124.23
IT000000934,2023-01-01 08:36:33,B005,PT00693,3R-2105,Opening Balance,2,EA,MIGRATION,OB-2023,2,5673.54
IT000000935,2023-01-01 08:36:43,B005,PT01718,8X-5006,Opening Balance,3,EA,MIGRATION,OB-2023,3,22.59
IT000000936,2023-01-01 08:37:02,B005,PT02236,4X-7684,Opening Balance,8,EA,MIGRATION,OB-2023,8,963.8
IT000000937,2023-01-01 08:37:06,B005,PT01727,412-6683,Opening Balance,4,EA,MIGRATION,OB-2023,4,68.31
IT000000938,2023-01-01 08:37:23,B005,PT01217,285-5343,Opening Balance,3,EA,MIGRATION,OB-2023,3,135.67
IT000000939,2023-01-01 08:37:40,B005,PT00705,1F-8629,Opening Balance,2,EA,MIGRATION,OB-2023,2,8212.66
IT000000940,2023-01-01 08:37:42,B005,PT00195,7A-8397,Opening Balance,4,EA,MIGRATION,OB-2023,4,2559.22
IT000000941,2023-01-01 08:37:45,B005,PT03779,4V-6306,Opening Balance,3,EA,MIGRATION,OB-2023,3,28.23
IT000000942,2023-01-01 08:37:46,B005,PT03781,565-6577,Opening Balance,3,EA,MIGRATION,OB-2023,3,49.49
IT000000943,2023-01-01 08:37:52,B005,PT01733,1Y-5014,Opening Balance,4,EA,MIGRATION,OB-2023,4,61.06
IT000000944,2023-01-01 08:38:11,B005,PT01224,124-1798,Opening Balance,3,EA,MIGRATION,OB-2023,3,105.27
IT000000945,2023-01-01 08:38:14,B005,PT01226,247-4306,Opening Balance,2,EA,MIGRATION,OB-2023,2,125.1
IT000000946,2023-01-01 08:38:15,B005,PT03275,117-1841,Opening Balance,2,EA,MIGRATION,OB-2023,2,324.53
IT000000947,2023-01-01 08:38:24,B005,PT02252,361-9349,Opening Balance,8,EA,MIGRATION,OB-2023,8,72.54
IT000000948,2023-01-01 08:38:31,B005,PT02254,3I-3642,Opening Balance,8,EA,MIGRATION,OB-2023,8,50.57
IT000000949,2023-01-01 08:38:43,B005,PT02256,157-3058,Opening Balance,7,EA,MIGRATION,OB-2023,7,83.65
IT000000950,2023-01-01 08:38:55,B005,PT02257,7B-3852,Opening Balance,6,EA,MIGRATION,OB-2023,6,63.64
IT000000951,2023-01-01 08:39:11,B005,PT01747,406-9949,Opening Balance,3,EA,MIGRATION,OB-2023,3,90.81
IT000000952,2023-01-01 08:39:19,B005,PT01748,448-3086,Opening Balance,4,EA,MIGRATION,OB-2023,4,78.72
IT000000953,2023-01-01 08:39:28,B005,PT04308,444-3340,Opening Balance,3,EA,MIGRATION,OB-2023,3,9466.89
IT000000954,2023-01-01 08:39:29,B005,PT01241,8W-1573,Opening Balance,3,EA,MIGRATION,OB-2023,3,22.31
IT000000955,2023-01-01 08:39:48,B005,PT01754,487-1786,Opening Balance,5,EA,MIGRATION,OB-2023,5,84.41
IT000000956,2023-01-01 08:39:53,B005,PT01753,9U-7614,Opening Balance,3,EA,MIGRATION,OB-2023,3,86.45
IT000000957,2023-01-01 08:40:05,B005,PT02268,4G-3550,Opening Balance,6,EA,MIGRATION,OB-2023,6,55.3
IT000000958,2023-01-01 08:40:22,B005,PT01757,103-8421,Opening Balance,5,EA,MIGRATION,OB-2023,5,42.61
IT000000959,2023-01-01 08:40:34,B005,PT01759,9U-3723,Opening Balance,9,EA,MIGRATION,OB-2023,9,31.06
IT000000960,2023-01-01 08:40:46,B005,PT00224,392-6885,Opening Balance,4,EA,MIGRATION,OB-2023,4,1322.57
IT000000961,2023-01-01 08:40:50,B005,PT01762,552-9738,Opening Balance,4,EA,MIGRATION,OB-2023,4,38.38
IT000000962,2023-01-01 08:41:04,B005,PT01763,564-5379,Opening Balance,3,EA,MIGRATION,OB-2023,3,73.25
IT000000963,2023-01-01 08:41:08,B005,PT01764,4G-8533,Opening Balance,3,EA,MIGRATION,OB-2023,3,72.07
IT000000964,2023-01-01 08:41:22,B005,PT01769,464-9313,Opening Balance,5,EA,MIGRATION,OB-2023,5,31.15
IT000000965,2023-01-01 08:41:33,B005,PT02282,105-5098,Opening Balance,6,EA,MIGRATION,OB-2023,6,70.35
IT000000966,2023-01-01 08:41:43,B005,PT02283,535-3342,Opening Balance,9,EA,MIGRATION,OB-2023,9,76.48
IT000000967,2023-01-01 08:41:57,B005,PT01261,538-5077,Opening Balance,2,EA,MIGRATION,OB-2023,2,19.66
IT000000968,2023-01-01 08:42:11,B005,PT02287,395-5783,Opening Balance,6,EA,MIGRATION,OB-2023,6,42.02
IT000000969,2023-01-01 08:42:15,B005,PT04337,5D-1574,Opening Balance,3,EA,MIGRATION,OB-2023,3,11948.42
IT000000970,2023-01-01 08:42:23,B005,PT01778,9G-8449,Opening Balance,3,EA,MIGRATION,OB-2023,3,50.8
IT000000971,2023-01-01 08:42:33,B005,PT01275,3K-5015,Opening Balance,2,EA,MIGRATION,OB-2023,2,26.44
IT000000972,2023-01-01 08:42:36,B005,PT00255,2S-2192,Opening Balance,3,EA,MIGRATION,OB-2023,3,2639.38
IT000000973,2023-01-01 08:42:43,B005,PT02304,2A-9546,Opening Balance,10,EA,MIGRATION,OB-2023,10,76.28
IT000000974,2023-01-01 08:42:44,B005,PT00770,1S-9977,Opening Balance,3,EA,MIGRATION,OB-2023,3,62.63
IT000000975,2023-01-01 08:42:53,B005,PT02307,125-3557,Opening Balance,7,EA,MIGRATION,OB-2023,7,81.9
IT000000976,2023-01-01 08:42:57,B005,PT01798,138-4784,Opening Balance,4,EA,MIGRATION,OB-2023,4,56.58
IT000000977,2023-01-01 08:43:02,B005,PT00776,7P-2706,Opening Balance,3,EA,MIGRATION,OB-2023,3,97.64
IT000000978,2023-01-01 08:43:18,B005,PT01802,137-3187,Opening Balance,2,EA,MIGRATION,OB-2023,2,2326.83
IT000000979,2023-01-01 08:43:21,B005,PT03342,401-2991,Opening Balance,3,EA,MIGRATION,OB-2023,3,2833.78
IT000000980,2023-01-01 08:43:24,B005,PT02323,6G-0735,Opening Balance,8,EA,MIGRATION,OB-2023,8,3.78
IT000000981,2023-01-01 08:43:31,B005,PT02840,433-6987,Opening Balance,3,EA,MIGRATION,OB-2023,3,91.19
IT000000982,2023-01-01 08:43:32,B005,PT01825,3D-6265,Opening Balance,3,EA,MIGRATION,OB-2023,3,1729.28
IT000000983,2023-01-01 08:43:49,B005,PT00806,317-0470,Opening Balance,3,EA,MIGRATION,OB-2023,3,80.28
IT000000984,2023-01-01 08:44:08,B005,PT00808,418-0970,Opening Balance,3,EA,MIGRATION,OB-2023,3,73.17
IT000000985,2023-01-01 08:44:24,B005,PT01321,2J-0771,Opening Balance,2,EA,MIGRATION,OB-2023,2,41.62
IT000000986,2023-01-01 08:44:40,B005,PT02365,195-2101,Opening Balance,7,EA,MIGRATION,OB-2023,7,7.22
IT000000987,2023-01-01 08:44:42,B005,PT04414,4S-5275,Opening Balance,45,GAL,MIGRATION,OB-2023,45,23.76
IT000000988,2023-01-01 08:44:53,B005,PT00319,225-5741,Opening Balance,3,EA,MIGRATION,OB-2023,3,3089.72
IT000000989,2023-01-01 08:44:55,B005,PT04413,1X-9099,Opening Balance,48,GAL,MIGRATION,OB-2023,48,21.12
IT000000990,2023-01-01 08:45:01,B005,PT04415,576-2232,Opening Balance,27,GAL,MIGRATION,OB-2023,27,16.72
IT000000991,2023-01-01 08:45:11,B005,PT04416,9I-8063,Opening Balance,43,GAL,MIGRATION,OB-2023,43,22.88
IT000000992,2023-01-01 08:45:24,B005,PT02372,9T-8112,Opening Balance,7,EA,MIGRATION,OB-2023,7,5.06
IT000000993,2023-01-01 08:45:30,B005,PT00837,495-0440,Opening Balance,2,EA,MIGRATION,OB-2023,2,68.03
IT000000994,2023-01-01 08:45:35,B005,PT02374,420-7743,Opening Balance,7,EA,MIGRATION,OB-2023,7,5.16
IT000000995,2023-01-01 08:45:51,B005,PT00842,167-6181,Opening Balance,2,EA,MIGRATION,OB-2023,2,98.4
IT000000996,2023-01-01 08:45:56,B005,PT03407,8Y-7156,Opening Balance,2,EA,MIGRATION,OB-2023,2,979.27
IT000000997,2023-01-01 08:46:06,B005,PT01872,340-0835,Opening Balance,2,EA,MIGRATION,OB-2023,2,66.67
IT000000998,2023-01-01 08:46:12,B005,PT03929,497-5976,Opening Balance,3,EA,MIGRATION,OB-2023,3,92.43
IT000000999,2023-01-01 08:46:29,B005,PT02914,127-7671,Opening Balance,2,EA,MIGRATION,OB-2023,2,494.56
IT000001000,2023-01-01 08:46:40,B005,PT02403,595-7361,Opening Balance,6,EA,MIGRATION,OB-2023,6,5.56
