equipment_id,serial_number,equipment_model,product_id,product_category_id,model_year,service_meter_hours,home_branch_id,ownership
E04135,EDH61562,CAT R1700,P111,PC027,2010,17239,B002,Rental Fleet
E00001,RHC12834,CAT 301.7,P001,PC001,2025,3268,B027,Customer
E03537,RDV01099,CAT PL87,P092,PC020,2024,2582,Richmond,Customer
E02930,YSD37036,CAT C13,P075,PC015,2014,12864,B011,Customer
E02911,YSD98542,CAT C13,P075,PC015,2022,4784,B099,Customer
E03072,LWM07737,CAT AP1055,P079,PC016,2019,6653,B016,Customer
E92812,MCL34961,CAT 3516,P072,PC014,2026,0,B025,Rental Fleet
E00211,ZBX66264,CAT 313,P005,PC002,2022,4183,B023,Customer
E02201,PZH81016,CAT 262,P056,PC011,2008,19444,B003,Customer
E02614,GJG92567,CAT C9.3B,P068,PC014,2022,3542,B008,Customer
E00340,WMR73875,CAT 326,P009,PC002,2018,9525,B002,Rental Fleet
E00409,MZZ83718,CAT 330,P010,PC002,2011,16933,B020,Customer
E04122,HPZ63869,CAT R1300G,P110,PC027,1899,10702,B009,Customer
E02498,CEJ79294,CAT TL943,P065,PC013,2012,16209,B018,Customer
E03661,RSX57209,CAT G3516,P096,PC022,2026,0,B005,Rental Fleet
E03808,MVL12771,CAT 794 AC,P099,PC023,2024,2243,B026,Customer
E01213,MXW42648,CAT 908,P030,PC006,2022,3351,B006,Customer
E00623,YYZ68126,CAT M320,P015,PC003,2015,11010,B015,Dealer Demo
E01473,CKD44036,CAT 980,P036,PC006,2014,12104,B022,Customer
E03647,RYP73077,CAT MH3040,P095,PC021,2009,17830,B009,Customer
E03403,CMC14011,CAT RM400,P088,PC019,2025,1028,B018,Rental Fleet
E03578,CHR24953,CAT MH3024,P093,PC021,2013,13850,B004,Customer
E00568,JVM26519,CAT M318,P014,PC003,2021,6333,B023,Rental Fleet
E04714,NEE06930,CAT H120,P125,PC032,2020,7339,B002,Customer
E01148,GEK36453,CAT D11,P028,PC005,2025,1230,B099,Customer
E02271,MVA06441,CAT 259,P059,PC012,2011,15920,B014,Customer
E02505,CEJ65733,CAT TL943,P065,PC013,2011,15946,B006,Customer
E04632,VRA26425,CAT 568,P122,PC031,2024,2460,B013,Customer
E02451,MHR93322,th357d,P064,PC013,2015,11953,B027,Rental Fleet
E03933,EJX96393,CAT 797F,P101,PC023,2015,12141,B008,Customer
E01531,DLV57038,CAT 988,P037,PC006,2024,2401,B027,Customer
E00871,EBE27753,CAT D5,P022,PC005,2019,6962,B017,Customer
E02804,MCL70350,CAT 3516,P072,PC014,2021,5607,B015,Customer
E04363,BSK54836,CAT 535D,P117,PC029,2008,20329,B018,Customer
E04307,XHW85345,CAT AD60,P115,PC028,2025,732,B005,Customer
E00525,VWW97058,CAT 395,P013,PC002,2013,14314,B006,Customer
E00335,WMR21230,CAT 326,P009,PC002,2013,13884,B012,Rental Fleet
E00506,NZV77625,CAT 352,P012,PC002,2014,12652,B018,Customer
E04214,YBY84517,CAT AD22,P113,PC028,2019,8105,B028,Rental Fleet
E02637,GJG33073,CAT C9.3B,P068,PC014,2019,6896,B025,Rental Fleet
E04142,EDH60360,CAT R1700,P111,PC027,2020,7295,B025,Rental Fleet
E00677,JBS54267,CAT 416,P016,PC004,2013,13715,B018,Customer
E03583,AVS68157,CAT MH3026,P094,PC021,2015,11682,B022,Customer
E00754,BEE50243,CAT 440,P019,PC004,2023,2739,B001,Customer
E05023,HBE39972,CAT 3516E Well Service,P134,PC035,0,17551,Richmond,Customer
E01796,KMN44542,CAT 745,P045,PC008,2019,7670,B008,Customer
E02046,PSK05380,CAT 963,P051,PC010,2011,16370,B019,Rental Fleet
E04694,NEE66881,CAT H120,P125,PC032,2011,16650,B010,Customer
E02974,NGD83454,CAT C18 ACERT,P076,PC015,2019,7463,B015,Customer
E00288,CXX10385,CAT 320,P007,PC002,2008,18916,B001,Customer
E04657,TNH36404,CAT H95,P123,PC032,2015,11973,B011,Customer
E04289,SYV37627,CAT AD45,P114,PC028,2014,12481,B012,Customer
E01502,CKD55427,CAT 980,P036,PC006,2015,11247,B007,Customer
E04156,EDH93221,CAT R1700,P111,PC027,2017,9471,B003,Customer
E01857,RES84359,CAT 770,P046,PC009,2018,8839,B026,Dealer Demo
E00605,YYZ74303,CAT M320,P015,PC003,2023,3475,B025,Customer
E04076,WMB85714,CAT MD6250,P108,PC026,2015,-12322,B011,Rental Fleet
E01575,WEG64923,CAT 140,P039,PC007,2012,14546,B003,Customer
E02101,PXY50414,CAT 236,P054,PC011,2015,12922,B017,Customer
E00037,RHC36586,CAT 301.7,P001,PC001,2010,17174,B022,Dealer Demo
E02980,ERV60755,CAT AP400,P077,PC016,2020,6896,B012,Customer
E00323,RBK26238,CAT 323,P008,PC002,2031,4142,B015,Customer
E01565,WEG71717,CAT 140,P039,PC007,2010,18161,B013,Customer
E01694,SRE00072,CAT 18,P042,PC007,2013,14585,B002,Rental Fleet
E03934,EJX95617,CAT 797F,P101,PC023,2026,0,B013,Rental Fleet
E02168,HGZ80808,CAT 246,P055,PC011,2026,0,B005,Customer
E02067,DFH28742,CAT 973,P052,PC010,2019,7640,B009,Dealer Demo
E00197,ZBX26897,CAT 313,P005,PC002,2026,927,B007,Customer
E04800,MXE04245,CAT G115B Grapple,P128,PC033,2015,13209,B012,Customer
E00153,KNJ43516,CAT 308 CR,P004,PC001,2026,834,B015,Customer
E03137,ZJG88567,CAT PM620,P081,PC017,2023,2752,B014,Customer
E02173,HGZ12773,CAT 246,P055,PC011,2026,966,B007,Customer
E04727,,CAT H140,P126,PC032,2022,4377,B025,Customer
E00897,LME97244,CAT D6,P023,PC005,2016,10937,B006,Customer
E04570,MCY99295,CAT 558,P121,PC031,2011,16281,B013,Rental Fleet
E03779,YKH23087,CAT 793,P098,PC023,2017,10296,B026,Customer
E04663,TNH85540,CAT H95,P123,PC032,2012,15512,B025,Customer
E03842,GTZ82684,CAT 795,P100,PC023,2008,20180,B026,Customer
E02607,GJG07052,CAT C9.3B,P068,PC014,2018,9307,,Customer
E04888,PJB17626,CAT C32 Marine,P131,PC034,2013,14867,B006,Customer
E03918,EJX01201,CAT 797F,P101,PC023,2009,19027,B023,Rental Fleet
E02321,GPW16507,CAT 279,P060,PC012,2020,6546,B026,Customer
E01582,FNB92325,CAT 150,P040,PC007,2021,5600,B010,Customer
E02439,MHR47433,CAT TH357D,P064,PC013,2021,6174,B003,Rental Fleet
E01877,LFR09337,CAT 772,P047,PC009,2026,0,,Customer
E01642,SDS95943,CAT 160,P041,PC007,2011,16055,B002,Rental Fleet
E00407,MZZ08143,CAT 330,P010,PC002,2015,11768,B006,Customer
E04686,ZND70092,CAT H110,P124,PC032,2021,6263,B006,Customer
E00971,fdg61781 ,CAT D6 XE,P024,PC005,2016,11531,B006,Customer
E04550,MCY61806,CAT 558,P121,PC031,2015,11523,B016,Customer
E04629,vra57452 ,CAT 568,P122,PC031,2015,12429,B003,Dealer Demo
E04796,MXE48627,CAT G115B Grapple,P128,PC033,2022,4623,B021,Rental Fleet
E03728,KMY20285,CAT G3520,P097,PC022,2020,6471,B028,Customer
E00360,WMR36664,CAT 326,P009,PC002,2025,1476,B027,Dealer Demo
E04309,XHW20053,CAT AD60,P115,PC028,2009,19359,B021,Customer
E00578,JVM08967,CAT M318,P014,PC003,2012,16138,B017,Customer
E02120,PXY79310,CAT 236,P054,PC011,2025,1909,B027,Customer
E00973,FDG52507,CAT D6 XE,P024,PC005,2019,7630,B005,Dealer Demo
E00616,YYZ60808,CAT M320,P015,PC003,2015,12836,B012,Customer
E02858,LPM77378,CAT C4.4,P073,PC015,2011,16337,B027,Customer
E02489,CEJ15181,CAT TL943,P065,PC013,2021,6171,B022,Customer
E03545,RDV37597,CAT PL87,P092,PC020,2026,386,B008,Customer
E01125,GEK94399,CAT D11,P028,PC005,2020,6282,B024,Customer
E03407,CMC31273,CAT RM400,P088,PC019,2024,2261,B017,Rental Fleet
E01843,RES01571,CAT 770,P046,PC009,2018,8289,B003,Customer
E01426,ZKJ24220,CAT 972,P035,PC006,2014,13375,B022,Customer
E00503,NZV62785,CAT 352,P012,PC002,2014,12591,B011,Customer
E04909,PJB37622,c32 marine,P131,PC034,2013,13694,B009,Customer
E03691,RSX12764,CAT G3516,P096,PC022,2031,2247,B028,Customer
E03073,LWM42889,CAT AP1055,P079,PC016,2008,19283,B099,Customer
E02203,PZH83161,CAT 262,P056,PC011,2022,4017,B008,Customer
E00649,YYZ02560,CAT M320,P015,PC003,2025,2144,Richmond,Customer
E03902,EJX98659,CAT 797F,P101,PC023,2025,1531,B025,Customer
E02905,FSC78844,CAT C7.1,P074,PC015,2015,12369,B027,Customer
E04310,XHW57430,CAT AD60,P115,PC028,2023,2726,B010,Customer
E00802,ZCD66629,CAT D3,P020,PC005,2017,10069,B018,Customer
E03281,DXP32161,CAT CS56B,P085,PC018,2009,19911,B004,Customer
E00177,ZBX26319,CAT 313,P005,PC002,0,14803,B012,Customer
E03823,MVL43298,CAT 794 AC,P099,PC023,2017,9805,B003,Customer
E04695,NEE39497,CAT H120,P125,PC032,2023,3606,B011,Rental Fleet
E00200,ZBX14409,CAT 313,P005,PC002,2013,14039,B022,Rental Fleet
E00622,YYZ93278,CAT M320,P015,PC003,0,-15334,B009,Customer
E90362,WMR47921,CAT 326,P009,PC002,0,1006,B025,Customer
E00226,ZDP18596,CAT 315,P006,PC002,2010,17646,,Customer
E02164,HGZ21566,CAT 246,P055,PC011,2017,9668,B007,Customer
E03752,YKH71825,CAT 793,P098,PC023,2009,18426,B007,Customer
E03786,ykh65085 ,CAT 793,P098,PC023,2026,0,B027,Customer
E05019,HBE97785,CAT 3516E Well Service,P134,PC035,2024,2577,B003,Customer
E04505,HNE75382,CAT 522B,P120,PC030,2031,0,B002,Customer
E03531,RDV31601,CAT PL87,P092,PC020,2014,12494,B007,Customer
E00383,MZZ49768,CAT 330,P010,PC002,2025,1576,B012,Rental Fleet
E01724,CWE03326,725,P043,PC008,2026,19,B024,Customer
E04405,FRP65746,CAT 545D,P118,PC029,2014,12742,B026,Rental Fleet
E00978,FDG63783,CAT D6 XE,P024,PC005,2018,9749,B010,Customer
E01465,ZKJ45728,CAT 972,P035,PC006,2019,7990,B025,Rental Fleet
E03370,,CAT CW34,P087,PC018,2013,14714,B025,Customer
E04295,XHW51575,CAT AD60,P115,PC028,2018,9284,B020,Customer
E03909,EJX56537,CAT 797F,P101,PC023,2021,5307,B026,Customer
E04555,MCY42380,CAT 558,P121,PC031,2022,4130,B018,Rental Fleet
E03139,ZJG59084,CAT PM620,P081,PC017,2022,4427,B006,Rental Fleet
E04787,MXE78143,CAT G115B Grapple,P128,PC033,2018,9185,B009,Customer
E00918,LME00158,CAT D6,P023,PC005,2025,1093,B025,Customer
E03707,RSX90857,CAT G3516,P096,PC022,2010,17114,B005,Rental Fleet
E04172,JYL42349,CAT R2900,P112,PC027,2012,15686,B099,Rental Fleet
E01022,XRY60403,CAT D9,P026,PC005,2014,12556,B024,Customer
E01482,CKD82293,CAT 980,P036,PC006,2008,19713,B023,Customer
E03236,DDH78607,CAT CB10,P084,PC018,2026,46,B028,Customer
E00803,ZCD44677,CAT D3,P020,PC005,2022,4269,B008,Rental Fleet
E01789,KMN99328,CAT 745,P045,PC008,2026,0,B017,Dealer Demo
E04589,VRA75280,CAT 568,P122,PC031,2016,10681,B012,Customer
E03240,DDH44865,CAT CB10,P084,PC018,2024,2077,B011,Customer
E00770,BEE67055,CAT 440,P019,PC004,2011,15850,B024,Customer
E04995,HBE32759,CAT 3516E Well Service,P134,PC035,2009,18031,B015,Customer
E03542,RDV00403,CAT PL87,P092,PC020,2021,4392,B020,Customer
E04677,ZND08998,CAT H110,P124,PC032,2021,5316,B021,Rental Fleet
E00285,,CAT 320,P007,PC002,2010,17683,B004,Rental Fleet
E03477,BGR06925,CAT PL61,P090,PC020,2012,14658,Richmond,Customer
E02383,ZBH57404,CAT 299,P062,PC012,2011,17111,B012,Customer
E04013,WME34918,CAT 6060,P106,PC024,2019,7944,B018,Customer
E04755,DHW00412,CAT A14B Auger,P127,PC033,2010,17090,B025,Customer
E00415,MZZ26498,CAT 330,P010,PC002,2024,1893,B011,Rental Fleet
E03386,,CAT RM400,P088,PC019,2025,299,B025,Customer
E01286,MLZ10546,CAT 938,P032,PC006,2018,7680,B027,Customer
E04594,VRA28196,CAT 568,P122,PC031,2020,7151,B002,Customer
E04450,XWK06193,CAT 521B,P119,PC030,2008,21028,B001,Customer
E01346,,CAT 950,P033,PC006,2017,10445,B025,Customer
E02033,PSK82433,963,P051,PC010,2026,0,B005,Customer
E04985,HBE31472,CAT 3516E Well Service,P134,PC035,2008,19331,B021,Customer
E04394,BSK75415,CAT 535D,P117,PC029,2016,10454,Richmond,Customer
E02731,RYG61671,CAT C32,P071,PC014,2024,1823,B025,Customer
E02884,FSC38902,CAT C7.1,P074,PC015,2008,19343,B008,Rental Fleet
E01885,LFR12099,CAT 772,P047,PC009,2011,15675,B013,Customer
E02405,ZBH98739,CAT 299,P062,PC012,2016,10150,B011,Customer
E04499,HNE14075,CAT 522B,P120,PC030,2026,0,B007,Customer
E00458,GBE74684,CAT 336,P011,PC002,2020,6107,B027,Customer
E03065,LWM44664,CAT AP1055,P079,PC016,2025,624,B007,Rental Fleet
E03968,JJP58921,CAT 6020B,P103,PC024,2026,299,B006,Customer
E91557,JDL86919,CAT 120,P038,PC007,2026,0,B001,Customer
E05012,HBE77069,CAT 3516E Well Service,P134,PC035,2012,16616,B024,Customer
E01088,VPD20447,CAT D10,P027,PC005,2019,7844,B025,Customer
E02589,VNN84126,CAT TL1255,P067,PC013,2019,6583,B022,Rental Fleet
E03593,AVS24942,CAT MH3026,P094,PC021,2012,15583,B011,Dealer Demo
E03628,RYP01837,CAT MH3040,P095,PC021,2010,16739,Richmond,Customer
E04507,HNE75687,CAT 522B,P120,PC030,2015,13397,B027,Rental Fleet
E95016,HBE15915,CAT 3516E Well Service,P134,PC035,2017,9528,B008,Customer
E01816,KMN51261,CAT 745,P045,PC008,2017,8830,B020,Rental Fleet
E00607,YYZ00337,CAT M320,P015,PC003,2024,3350,B008,Customer
E04325,,CAT 525D,P116,PC029,2016,11069,B009,Customer
E00450,GBE97895,CAT 336,P011,PC002,2011,16471,B025,Customer
E00259,,CAT 320,P007,PC002,2013,14309,B015,Customer
E01906,LFR87174,CAT 772,P047,PC009,2019,8614,B013,Customer
E91751,,CAT 730,P044,PC008,2021,5845,B026,Rental Fleet
E02600,GJG75493,CAT C9.3B,P068,PC014,2026,115,B023,Customer
E00575,JVM55354,m318,P014,PC003,2011,16264,B008,Customer
E00730,VMM81738,CAT 430,P018,PC004,2024,1665,B013,Customer
E03965,JJP33266,CAT 6020B,P103,PC024,2012,15283,B003,Rental Fleet
E00362,WMR47921,CAT 326,P009,PC002,0,1006,B025,Customer
E03087,LWM84361,CAT AP1055,P079,PC016,2009,18540,B019,Customer
E03190,NVD72488,CAT PM822,P082,PC017,2020,6013,B021,Customer
E01201,AFG12749,CAT 906,P029,PC006,0,3523,Richmond,Customer
E04988,HBE84139,3516e well service,P134,PC035,2013,14829,B009,Customer
E01826,KMN32848,CAT 745,P045,PC008,2008,20303,B004,Customer
E03509,GSD94134,CAT PL72,P091,PC020,2020,6663,B003,Customer
E04546,MCY85284,CAT 558,P121,PC031,2010,18712,B011,Rental Fleet
E02657,VJF70970,CAT C15,P069,PC014,2018,7739,B001,Customer
E03289,DXP06674,CAT CS56B,P085,PC018,2019,7951,Richmond,Customer
E00930,LME73282,CAT D6,P023,PC005,2019,8428,B018,Customer
E01072,VPD45604,CAT D10,P027,PC005,2018,8250,B027,Customer
E03243,DDH22071,CAT CB10,P084,PC018,2020,6696,Richmond,Customer
E02152,HGZ84212,CAT 246,P055,PC011,2022,4831,B018,Rental Fleet
E02560,VNN28021,CAT TL1255,P067,PC013,2021,4620,B020,Customer
E02338,YKA19421,CAT 289,P061,PC012,2031,6207,B001,Customer
E03096,LWM62744,CAT AP1055,P079,PC016,1899,12961,B002,Customer
E00008,RHC62494,CAT 301.7,P001,PC001,2026,0,B017,Rental Fleet
E04877,pjb95596 ,CAT C32 Marine,P131,PC034,2019,8096,B013,Customer
E04374,BSK70050,CAT 535D,P117,PC029,2026,0,B028,Rental Fleet
E04529,HNE58366,CAT 522B,P120,PC030,2011,16317,B011,Customer
E03639,RYP19208,CAT MH3040,P095,PC021,2024,2267,B025,Customer
E04057,EPC12420,CAT 7495,P107,PC025,2020,5863,B005,Customer
E03178,NVD90940,CAT PM822,P082,PC017,2024,2417,B012,Customer
E02773,RYG33929,CAT C32,P071,PC014,2012,15889,B025,Customer
E00202,ZBX34783,313,P005,PC002,2013,15122,B002,Customer
E04267,SYV77184,CAT AD45,P114,PC028,2009,18588,B019,Customer
E00848,ebe58415 ,CAT D5,P022,PC005,2019,6187,B008,Rental Fleet
E04354,BSK02428,CAT 535D,P117,PC029,2022,4302,B010,Customer
E02666,VJF70464,CAT C15,P069,PC014,2020,6472,B005,Customer
E01100,VPD63526,CAT D10,P027,PC005,2018,8709,B028,Customer
E00719,FGG07554,CAT 420,P017,PC004,2014,13202,B012,Customer
E03672,RSX35292,CAT G3516,P096,PC022,2026,0,B026,Customer
E02651,VJF36288,CAT C15,P069,PC014,2013,14116,B013,Rental Fleet
E03008,ERV14546,CAT AP400,P077,PC016,2012,16153,B026,Rental Fleet
E04019,WME36060,CAT 6060,P106,PC024,2021,6133,B007,Rental Fleet
E04125,,CAT R1300G,P110,PC027,2008,20390,B001,Customer
E03388,cmc13969 ,rm400,P088,PC019,2009,19173,B002,Rental Fleet
E00723,VMM98168,CAT 430,P018,PC004,2016,11127,B001,Customer
E03438,GTK42910,CAT RM600,P089,PC019,2008,18613,B025,Customer
E01868,LFR55404,CAT 772,P047,PC009,2022,4228,B017,Customer
E04141,EDH48090,CAT R1700,P111,PC027,2009,17664,B027,Customer
E02596,GJG04437,CAT C9.3B,P068,PC014,2026,614,B099,Customer
E04486,HNE14698,CAT 522B,P120,PC030,2017,9400,B099,Customer
E03090,LWM93567,CAT AP1055,P079,PC016,2013,14387,B008,Customer
E03153,ZJG71037,CAT PM620,P081,PC017,2014,12246,B007,Customer
E02888,FSC56534,CAT C7.1,P074,PC015,0,10060,B012,Customer
E01645,SDS59395,CAT 160,P041,PC007,2008,19566,B024,Dealer Demo
E00480,GBE76944,CAT 336,P011,PC002,2014,13139,B005,Customer
E04420,FRP91068,CAT 545D,P118,PC029,2024,1266,B004,Customer
E02486,CEJ87553,CAT TL943,P065,PC013,2017,9616,B016,Customer
E01934,XGE28693,CAT 775,P048,PC009,2017,10356,B016,Customer
E00840,VKP33426,CAT D4,P021,PC005,2026,122,B001,Customer
E01313,,CAT 938,P032,PC006,2009,19000,B003,Customer
E03780,YKH81966,CAT 793,P098,PC023,2020,6889,B017,Customer
E04198,YBY29716,CAT AD22,P113,PC028,2017,9575,B019,Customer
E02163,HGZ24128,CAT 246,P055,PC011,2016,11128,B014,Customer
E01207,MXW42713,CAT 908,P030,PC006,2011,16284,B010,Customer
E01192,afg67379 ,CAT 906,P029,PC006,2025,1329,B004,Customer
E02138,HGZ31341,CAT 246,P055,PC011,2020,7508,B007,Dealer Demo
E02674,DZZ86009,CAT C18,P070,PC014,2022,4428,B006,Customer
E03036,FBY99128,CAT AP555,P078,PC016,2018,7911,B008,Customer
E04964,HHR70597,CAT 3512E Well Service,P133,PC035,2018,8898,B015,Customer
E91889,LFR14323,CAT 772,P047,PC009,2010,16918,B012,Rental Fleet
E00253,ZDP09725,CAT 315,P006,PC002,2024,1956,B002,Customer
E01317,MLZ36232,CAT 938,P032,PC006,2014,13477,B005,Customer
E01848,RES88854,CAT 770,P046,PC009,2020,6867,B025,Customer
E04917,tpj44200 ,CAT 3512E Marine,P132,PC034,2024,1834,B024,Rental Fleet
E00874,EBE60459,CAT D5,P022,PC005,2025,2077,B021,Customer
E02021,KMD55189,CAT 953,P050,PC010,2020,6550,B006,Customer
E02772,RYG01120,CAT C32,P071,PC014,2008,20090,B008,Customer
E03107,TFN50785,CAT PM310,P080,PC017,2009,19032,B028,Customer
E04208,YBY46405,CAT AD22,P113,PC028,2015,12079,B008,Customer
E01333,,CAT 950,P033,PC006,2010,18033,B007,Customer
E04501,HNE97296,CAT 522B,P120,PC030,2022,4141,B026,Customer
E02767,RYG75226,CAT C32,P071,PC014,2010,18327,B007,Customer
E00057,PCZ55725,CAT 303 CR,P002,PC001,2011,16710,B023,Customer
E03837,GTZ76398,CAT 795,P100,PC023,2017,9631,B020,Customer
E00710,FGG51878,CAT 420,P017,PC004,2009,19176,B011,Customer
E02306,mva65798 ,CAT 259,P059,PC012,2017,9734,B022,Rental Fleet
E02871,FSC41489,CAT C7.1,P074,PC015,2015,12231,B024,Customer
E00127,KNJ76956,CAT 308 CR,P004,PC001,2026,2251,B022,Rental Fleet
E01625,,160,P041,PC007,2021,5190,B025,Customer
E01698,SRE18305,CAT 18,P042,PC007,2011,15729,B024,Customer
E04493,HNE70117,CAT 522B,P120,PC030,2024,3043,B018,Customer
E03773,YKH05486,CAT 793,P098,PC023,2013,14995,B015,Customer
E02305,MVA86541,CAT 259,P059,PC012,2019,7796,B005,Customer
E02414,ZBH40226,CAT 299,P062,PC012,2011,17372,B019,Customer
E01520,DLV41121,CAT 988,P037,PC006,2017,10199,B019,Customer
E03767,YKH10833,CAT 793,P098,PC023,2023,3498,B003,Customer
E02470,MHR55903,CAT TH357D,P064,PC013,2026,0,B024,Customer
E04698,NEE83519,CAT H120,P125,PC032,2018,8044,B014,Rental Fleet
E04254,SYV15112,CAT AD45,P114,PC028,2014,12018,B020,Customer
E00666,JBS85090,CAT 416,P016,PC004,2023,3152,B011,Customer
E01458,ZKJ23183,CAT 972,P035,PC006,2009,19062,B018,Customer
E03404,,CAT RM400,P088,PC019,2015,12898,B011,Customer
E01773,NND68876,CAT 730,P044,PC008,2019,7374,B016,Customer
E01469,CKD02584,CAT 980,P036,PC006,2013,14139,B022,Rental Fleet
E00619,YYZ83355,CAT M320,P015,PC003,2019,8355,B011,Customer
E04074,WMB05978,CAT MD6250,P108,PC026,2021,5510,B017,Customer
E04693,NEE75784,CAT H120,P125,PC032,2013,14680,B001,Customer
E01832,RES88480,CAT 770,P046,PC009,2009,19339,B018,Customer
E02541,FTD70482,CAT TL1055,P066,PC013,2011,16241,B020,Customer
E02793,MCL74001,CAT 3516,P072,PC014,2013,15024,B005,Customer
E03161,NVD03582,CAT PM822,P082,PC017,2023,2178,B025,Rental Fleet
E01245,EAC22162,CAT 926,P031,PC006,2026,0,B010,Rental Fleet
E02849,LPM11610,CAT C4.4,P073,PC015,2011,17315,B020,Rental Fleet
E00144,,CAT 308 CR,P004,PC001,2024,2958,B005,Rental Fleet
E04155,EDH96981,CAT R1700,P111,PC027,2011,16059,B021,Customer
E03712,KMY72817,CAT G3520,P097,PC022,2021,6113,B024,Customer
E02870,FSC80794,CAT C7.1,P074,PC015,2019,8246,B018,Customer
E04575,MCY53046,CAT 558,P121,PC031,2014,13055,B001,Rental Fleet
E03104,TFN43842,CAT PM310,P080,PC017,2016,10751,B007,Customer
E02618,GJG03526,c9.3b,P068,PC014,2026,143,B008,Rental Fleet
E02972,NGD84514,CAT C18 ACERT,P076,PC015,2026,0,B013,Customer
E01255,EAC06885,CAT 926,P031,PC006,2011,16799,B010,Customer
E00759,BEE39086,CAT 440,P019,PC004,2009,19327,B017,Customer
E01586,FNB22510,CAT 150,P040,PC007,2008,20259,B021,Customer
E02407,,CAT 299,P062,PC012,2009,17301,B022,Customer
E01381,VKR88868,CAT 966,P034,PC006,2012,14911,B013,Customer
E02073,DFH48319,CAT 973,P052,PC010,2021,5908,B016,Customer
E01971,CTW58317,CAT 777,P049,PC009,2025,1544,B011,Customer
E00507,NZV03528,CAT 352,P012,PC002,2025,1738,B023,Customer
E00364,WMR68070,CAT 326,P009,PC002,2023,3299,B015,Customer
E03093,LWM91041,CAT AP1055,P079,PC016,2020,7227,B027,Customer
E92418,ZBH41161,CAT 299,P062,PC012,2025,1610,B003,Customer
E03009,ERV83129,CAT AP400,P077,PC016,2014,12793,B026,Customer
E00329,WMR80210,CAT 326,P009,PC002,2012,15565,B013,Dealer Demo
E04062,EPC23887,CAT 7495,P107,PC025,2012,15068,B015,Rental Fleet
E02158,HGZ08179,CAT 246,P055,PC011,2020,6193,B026,Customer
E02205,PZH95200,CAT 262,P056,PC011,2015,12297,B025,Customer
E01322,BBY94556,CAT 950,P033,PC006,2015,12222,B015,Customer
E04442,XWK37995,CAT 521B,P119,PC030,2020,6882,B018,Customer
E02989,ERV87425,ap400,P077,PC016,2026,806,B022,Customer
E01390,VKR97194,CAT 966,P034,PC006,2022,4228,B014,Rental Fleet
E04132,EDH46644,CAT R1700,P111,PC027,2022,3612,B013,Rental Fleet
E03754,YKH67978,CAT 793,P098,PC023,2022,3706,B017,Customer
E00428,MZZ39108,CAT 330,P010,PC002,2008,20994,B015,Customer
E03128,TFN05772,CAT PM310,P080,PC017,2026,276,B022,Customer
E00404,MZZ00896,CAT 330,P010,PC002,2015,13057,B009,Customer
E01598,FNB04852,CAT 150,P040,PC007,1899,9101,B016,Customer
E00531,vww24506 ,CAT 395,P013,PC002,2025,835,B004,Customer
E02681,DZZ60001,CAT C18,P070,PC014,2013,13468,B006,Customer
E02047,PSK25288,CAT 963,P051,PC010,2014,12815,B003,Rental Fleet
E02556,VNN21774,CAT TL1255,P067,PC013,2014,13874,B099,Rental Fleet
E01046,XRY26487,CAT D9,P026,PC005,2009,18549,B004,Customer
E01738,NND77046,CAT 730,P044,PC008,2018,8068,B007,Customer
E03373,CMC50841,CAT RM400,P088,PC019,2013,14562,B009,Customer
E00550,JVM31057,CAT M318,P014,PC003,2011,17399,B007,Rental Fleet
E01640,SDS03656,CAT 160,P041,PC007,2008,19567,B099,Customer
E00179,ZBX38685,CAT 313,P005,PC002,2023,3288,,Customer
E02093,EAX45664,CAT 226,P053,PC011,2017,10238,B016,Customer
E03522,GSD66220,CAT PL72,P091,PC020,2024,1045,B001,Customer
E02713,DZZ29934,CAT C18,P070,PC014,2024,2169,B002,Customer
E03759,YKH30971,CAT 793,P098,PC023,2017,10663,B027,Customer
E01553,JDL64869,CAT 120,P038,PC007,2011,17044,B023,Customer
E02768,RYG36290,CAT C32,P071,PC014,2031,5114,B015,Customer
E02734,RYG40028,CAT C32,P071,PC014,2024,2469,,Customer
E03277,DXP58975,CAT CS56B,P085,PC018,2012,16102,B024,Customer
E02469,MHR64012,th357d,P064,PC013,2008,19867,B007,Customer
E03874,GTZ52446,CAT 795,P100,PC023,2025,792,B018,Customer
E01533,DLV37744,CAT 988,P037,PC006,2016,10986,Richmond,Rental Fleet
E00658,JBS24673,CAT 416,P016,PC004,2026,164,B027,Dealer Demo
E01545,DLV66028,CAT 988,P037,PC006,2013,13754,B015,Customer
E01116,GEK79378,CAT D11,P028,PC005,2016,10719,B019,Customer
E04899,PJB37109,CAT C32 Marine,P131,PC034,2016,10637,B010,Customer
E90785,ZCD20893,CAT D3,P020,PC005,2009,19749,B016,Rental Fleet
E04121,HPZ17731,CAT R1300G,P110,PC027,2015,11917,B009,Customer
E02413,ZBH86407,CAT 299,P062,PC012,2016,10997,B025,Customer
E02522,CEJ18525,CAT TL943,P065,PC013,2010,17447,B013,Customer
E03859,GTZ75838,CAT 795,P100,PC023,2020,7437,B028,Customer
E01827,KMN42876,CAT 745,P045,PC008,2012,15078,B015,Customer
E03732,KMY84597,CAT G3520,P097,PC022,2011,16896,B016,Customer
E04472,XWK37680,CAT 521B,P119,PC030,2012,15288,B011,Customer
E02778,MCL86268,CAT 3516,P072,PC014,2015,11408,B007,Customer
E02944,NGD05867,CAT C18 ACERT,P076,PC015,2020,6508,B005,Customer
E04015,WME41807,CAT 6060,P106,PC024,2009,18046,B001,Rental Fleet
E03457,,CAT PL61,P090,PC020,2019,6815,B001,Customer
E03000,ERV81041,CAT AP400,P077,PC016,2025,2143,B014,Customer
E00365,WMR18322,CAT 326,P009,PC002,2024,1810,B006,Customer
E01234,EAC95803,CAT 926,P031,PC006,2023,3603,B008,Customer
E01985,CTW35868,CAT 777,P049,PC009,2015,12682,B008,Customer
E01205,AFG14797,CAT 906,P029,PC006,2023,2902,B006,Customer
E00961,FDG88581,CAT D6 XE,P024,PC005,2010,18272,B001,Customer
E02096,EAX08823,CAT 226,P053,PC011,2023,2967,B004,Customer
E03372,FAF87556,CAT CW34,P087,PC018,2023,2261,B020,Customer
E04790,MXE65512,CAT G115B Grapple,P128,PC033,2022,4701,B023,Customer
E00884,LME95346,CAT D6,P023,PC005,2010,17349,B003,Rental Fleet
E05009,HBE81250,CAT 3516E Well Service,P134,PC035,2026,407,B013,Customer
E03362,FAF50991,CAT CW34,P087,PC018,2015,11938,B018,Customer
E03692,rsx81366 ,CAT G3516,P096,PC022,2008,20430,B009,Rental Fleet
E02640,vjf32589 ,CAT C15,P069,PC014,2020,-6665,B006,Customer
E03319,SNW17496,CAT CS66B,P086,PC018,2009,18402,B022,Customer
E02398,ZBH85185,CAT 299,P062,PC012,2022,3356,B025,Customer
E02875,FSC42305,CAT C7.1,P074,PC015,2013,14687,B010,Rental Fleet
E03517,GSD99308,CAT PL72,P091,PC020,2019,7392,B006,Customer
E04200,YBY21559,CAT AD22,P113,PC028,2023,2566,B002,Customer
E00980,JSY97596,CAT D8,P025,PC005,2022,4947,B011,Customer
E00499,NZV77832,CAT 352,P012,PC002,2023,2806,B005,Customer
E03351,FAF70621,CAT CW34,P087,PC018,2017,10562,B010,Customer
E00042,RHC92902,CAT 301.7,P001,PC001,2009,18670,B014,Customer
E01792,KMN44651,CAT 745,P045,PC008,2022,5193,B026,Customer
E03232,YBM80780,CAT CB2.7,P083,PC018,2025,2166,B001,Rental Fleet
E01266,eac33017 ,CAT 926,P031,PC006,2017,10061,B007,Customer
E03894,EJX80925,CAT 797F,P101,PC023,2025,60,B026,Rental Fleet
E03130,ZJG00256,CAT PM620,P081,PC017,2022,5071,B021,Customer
E02670,VJF41865,CAT C15,P069,PC014,2016,11544,B025,Customer
E00076,PCZ99776,CAT 303 CR,P002,PC001,2018,8982,B013,Customer
E03312,DXP20192,CAT CS56B,P085,PC018,2021,5710,B014,Customer
E02113,PXY91563,CAT 236,P054,PC011,2024,2841,B024,Customer
E04905,PJB36366,CAT C32 Marine,P131,PC034,2009,19495,B016,Customer
E00511,NZV58861,CAT 352,P012,PC002,2010,18284,B013,Customer
E01011,XRY54121,CAT D9,P026,PC005,2016,11085,B005,Customer
E04373,BSK29234,CAT 535D,P117,PC029,2011,-15929,B002,Customer
E03220,YBM33399,CAT CB2.7,P083,PC018,2031,12970,B016,Customer
E04306,XHW70815,CAT AD60,P115,PC028,2020,7252,B027,Customer
E01583,FNB99268,CAT 150,P040,PC007,2022,3997,B009,Customer
E03883,GTZ12373,CAT 795,P100,PC023,2024,1353,B023,Customer
E02020,KMD24847,CAT 953,P050,PC010,2011,16435,B010,Customer
E00451,GBE91178,CAT 336,P011,PC002,2015,11778,B008,Customer
E02288,MVA71528,CAT 259,P059,PC012,2019,8336,B009,Customer
E02943,NGD23208,CAT C18 ACERT,P076,PC015,2018,9919,B012,Rental Fleet
E02594,GJG04122,CAT C9.3B,P068,PC014,2016,10064,B004,Customer
E00310,RBK13448,CAT 323,P008,PC002,2018,9626,B003,Customer
E03039,FBY85832,CAT AP555,P078,PC016,2008,20503,B010,Customer
E03445,GTK64639,CAT RM600,P089,PC019,2018,9011,B001,Customer
E03683,RSX34303,CAT G3516,P096,PC022,2017,9963,B021,Customer
E03543,RDV48223,CAT PL87,P092,PC020,2020,-6174,B002,Customer
E03862,GTZ14745,CAT 795,P100,PC023,2021,6378,B012,Customer
E02819,LPM15443,c4.4,P073,PC015,2022,4372,B017,Rental Fleet
E02700,DZZ40195,CAT C18,P070,PC014,2017,9881,B023,Customer
E00441,GBE39307,CAT 336,P011,PC002,2012,14682,B016,Customer
E02094,EAX93233,CAT 226,P053,PC011,2016,10663,B026,Customer
E03879,GTZ46891,CAT 795,P100,PC023,2015,11162,B021,Rental Fleet
E00476,GBE74168,336,P011,PC002,2018,9421,Richmond,Dealer Demo
E02957,NGD99948,CAT C18 ACERT,P076,PC015,2010,17522,B014,Customer
E04262,SYV52549,CAT AD45,P114,PC028,2023,3614,B010,Customer
E03361,FAF27973,CAT CW34,P087,PC018,2026,0,B025,Customer
E01160,GEK55975,CAT D11,P028,PC005,2017,9993,B020,Rental Fleet
E04675,ZND68469,CAT H110,P124,PC032,2031,12258,B003,Customer
E03436,GTK80426,CAT RM600,P089,PC019,2025,1588,B019,Customer
E02403,ZBH06850,CAT 299,P062,PC012,2025,1019,B025,Customer
E00336,WMR37231,CAT 326,P009,PC002,2024,3046,B028,Customer
E00222,ZDP81491,CAT 315,P006,PC002,2025,318,B020,Customer
E04715,NEE91602,CAT H120,P125,PC032,2009,18941,B018,Rental Fleet
E02001,CTW62870,CAT 777,P049,PC009,2012,14487,B022,Rental Fleet
E01729,CWE43725,CAT 725,P043,PC008,2009,18262,B003,Customer
E00949,FDG70505,d6 xe,P024,PC005,2016,11303,B023,Customer
E04526,HNE75555,CAT 522B,P120,PC030,2018,8738,B001,Rental Fleet
E00374,WMR19849,CAT 326,P009,PC002,2021,5407,B014,Customer
E00308,rbk34960 ,CAT 323,P008,PC002,2024,2084,B026,Customer
E03258,DDH37781,CAT CB10,P084,PC018,2013,14562,B018,Customer
E01464,ZKJ77394,CAT 972,P035,PC006,2008,19424,B002,Customer
E04052,EPC20901,CAT 7495,P107,PC025,2020,6770,B007,Customer
E02127,,CAT 236,P054,PC011,2010,16890,B026,Customer
E02215,,CAT 272,P057,PC011,2013,-14229,B007,Customer
E00330,WMR68904,CAT 326,P009,PC002,2023,3152,B014,Customer
E01196,AFG13885,CAT 906,P029,PC006,2009,18809,B013,Customer
E02544,FTD76608,CAT TL1055,P066,PC013,2021,4503,B024,Customer
E01546,DLV93095,CAT 988,P037,PC006,2018,8824,B017,Customer
E00043,RHC90028,CAT 301.7,P001,PC001,2025,911,B022,Customer
E00315,RBK98291,CAT 323,P008,PC002,2024,1563,B005,Rental Fleet
E03347,FAF26439,CAT CW34,P087,PC018,2024,2330,B022,Rental Fleet
E03084,LWM72428,CAT AP1055,P079,PC016,2018,9068,B016,Customer
E00397,MZZ37299,CAT 330,P010,PC002,2018,7975,B017,Customer
E02123,,CAT 236,P054,PC011,2016,11451,B025,Rental Fleet
E00986,JSY21965,CAT D8,P025,PC005,2012,15479,B021,Rental Fleet
E03265,DDH17689,CAT CB10,P084,PC018,2020,6936,B028,Customer
E03682,RSX79939,CAT G3516,P096,PC022,1899,20390,,Customer
E03592,AVS12879,CAT MH3026,P094,PC021,2031,5998,Richmond,Rental Fleet
E01874,LFR24855,CAT 772,P047,PC009,2012,15464,B001,Customer
E01261,EAC35433,CAT 926,P031,PC006,2018,8770,B021,Customer
E01596,FNB43759,CAT 150,P040,PC007,2009,19200,B001,Customer
E01723,CWE69785,CAT 725,P043,PC008,2021,5442,B007,Customer
E90920,LME63193,CAT D6,P023,PC005,2015,12684,B026,Customer
E02009,CTW15449,CAT 777,P049,PC009,2025,928,B009,Customer
E03634,RYP53534,CAT MH3040,P095,PC021,2018,9096,B001,Customer
E03306,DXP39367,CAT CS56B,P085,PC018,2026,1530,B026,Rental Fleet
E02216,BJC03020,CAT 272,P057,PC011,2025,0,B017,Customer
E94935,HHR77613,3512e well service,P133,PC035,2021,5087,B013,Customer
E01043,XRY68691,CAT D9,P026,PC005,2014,12783,B005,Customer
E02299,MVA56815,CAT 259,P059,PC012,2011,16718,B026,Customer
E02041,PSK56480,CAT 963,P051,PC010,2011,17081,B012,Customer
E01162,GEK68119,CAT D11,P028,PC005,2023,2918,B024,Customer
E02255,MVA42194,CAT 259,P059,PC012,2016,11097,B003,Customer
E00745,VMM60787,CAT 430,P018,PC004,2017,10301,B028,Customer
E01149,GEK06412,CAT D11,P028,PC005,2014,13280,B012,Customer
E03906,EJX39471,CAT 797F,P101,PC023,2026,237,B026,Customer
E02586,VNN54262,CAT TL1255,P067,PC013,2018,9139,B008,Rental Fleet
E02198,PZH99900,CAT 262,P056,PC011,2020,5925,B021,Rental Fleet
E04608,VRA71718,CAT 568,P122,PC031,2013,14460,Richmond,Dealer Demo
E02534,FTD80623,CAT TL1055,P066,PC013,2018,8774,B012,Customer
E00827,VKP87852,CAT D4,P021,PC005,2009,19143,B026,Customer
E01650,SDS12844,CAT 160,P041,PC007,2022,5099,B005,Customer
E00224,ZDP35819,CAT 315,P006,PC002,2013,13744,B023,Customer
E00592,JVM82389,CAT M318,P014,PC003,2017,9952,B023,Customer
E03446,GTK74077,rm600,P089,PC019,2011,17993,B005,Customer
E03329,SNW47023,CAT CS66B,P086,PC018,2022,4889,B021,Customer
E00993,JSY21878,CAT D8,P025,PC005,2014,12985,B016,Customer
E00207,ZBX62782,CAT 313,P005,PC002,2009,19063,B004,Customer
E04422,FRP45868,CAT 545D,P118,PC029,2017,9544,B022,Customer
E04027,EPC80009,CAT 7495,P107,PC025,2008,20092,B026,Customer
E00815,ZCD66629,CAT D3,P020,PC005,2023,3555,B023,Customer
E04774,DHW21234,CAT A14B Auger,P127,PC033,2009,17929,B019,Customer
E04528,HNE82612,CAT 522B,P120,PC030,2026,0,B028,Customer
E00950,FDG73816,CAT D6 XE,P024,PC005,2020,5876,B016,Customer
E02736,RYG42437,CAT C32,P071,PC014,2012,14139,B006,Customer
E94887,,CAT C32 Marine,P131,PC034,2010,17709,B007,Customer
E01331,BBY38688,CAT 950,P033,PC006,2015,11257,B021,Rental Fleet
E01957,XGE36074,CAT 775,P048,PC009,2020,6161,B001,Customer
E03665,RSX48324,CAT G3516,P096,PC022,2015,12550,B001,Customer
E02303,MVA02044,CAT 259,P059,PC012,2017,9497,B027,Customer
E04171,JYL66591,CAT R2900,P112,PC027,2017,10367,B025,Customer
E04849,TVV82518,CAT C18 Marine,P130,PC034,2024,2597,B004,Rental Fleet
E01822,KMN99012,CAT 745,P045,PC008,2010,18137,Richmond,Customer
E01376,VKR19056,CAT 966,P034,PC006,2023,3235,B015,Rental Fleet
E00009,RHC20636,CAT 301.7,P001,PC001,2024,2869,B028,Customer
E04744,DHW19031,CAT A14B Auger,P127,PC033,2017,10780,B013,Customer
E00302,RBK26145,CAT 323,P008,PC002,2009,18751,B002,Customer
E02144,HGZ85236,CAT 246,P055,PC011,2022,3753,B005,Rental Fleet
E04089,ZWL24071,CAT MD6310,P109,PC026,2020,6451,B009,Customer
E00021,RHC20375,CAT 301.7,P001,PC001,2025,985,B023,Customer
E04898,pjb01630 ,CAT C32 Marine,P131,PC034,2011,17603,B021,Rental Fleet
E03850,GTZ99331,CAT 795,P100,PC023,2013,13744,B004,Customer
E00195,ZBX12016,CAT 313,P005,PC002,2022,3952,B020,Dealer Demo
E00240,ZDP15097,CAT 315,P006,PC002,2017,9541,B013,Customer
E03606,RYP57757,CAT MH3040,P095,PC021,2023,2879,B015,Customer
E00684,JBS53646,CAT 416,P016,PC004,2014,12975,B023,Customer
E04951,HHR52720,CAT 3512E Well Service,P133,PC035,2010,17664,B022,Rental Fleet
E00469,GBE23497,CAT 336,P011,PC002,2021,5711,B005,Customer
E03201,NVD54699,CAT PM822,P082,PC017,1899,20031,B025,Customer
E03492,GSD62493,CAT PL72,P091,PC020,2025,1659,B010,Customer
E04221,YBY93333,CAT AD22,P113,PC028,2013,13449,B025,Customer
E01416,ZKJ10014,CAT 972,P035,PC006,2022,3491,B004,Rental Fleet
E03953,,CAT 6015B,P102,PC024,2011,17604,B015,Customer
E01589,FNB39670,CAT 150,P040,PC007,2020,6875,B007,Customer
E03702,RSX21967,CAT G3516,P096,PC022,2017,10408,B005,Customer
E04792,MXE69071,CAT G115B Grapple,P128,PC033,2015,12193,B009,Customer
E02762,RYG69259,CAT C32,P071,PC014,2009,19120,B002,Rental Fleet
E04329,JGB86759,CAT 525D,P116,PC029,2013,14445,B012,Customer
E01001,XRY57014,CAT D9,P026,PC005,2026,0,B010,Rental Fleet
E03614,RYP46908,CAT MH3040,P095,PC021,2018,9425,B023,Rental Fleet
E02192,PZH97157,262,P056,PC011,2024,2233,B020,Customer
E02708,DZZ63184,CAT C18,P070,PC014,2024,2114,B006,Customer
E00577,JVM17974,CAT M318,P014,PC003,2017,9085,B028,Customer
E04352,BSK25213,CAT 535D,P117,PC029,2020,5776,B007,Customer
E00044,PCZ86952,CAT 303 CR,P002,PC001,2018,7830,B028,Customer
E04548,MCY13273,CAT 558,P121,PC031,2011,16105,B013,Customer
E01559,JDL65289,CAT 120,P038,PC007,2015,11544,B001,Customer
E01823,KMN53753,CAT 745,P045,PC008,2018,8363,B017,Customer
E03735,KMY42707,CAT G3520,P097,PC022,2008,19944,B019,Rental Fleet
E02280,MVA22313,CAT 259,P059,PC012,2015,11417,B011,Customer
E03530,GSD93233,CAT PL72,P091,PC020,2011,15422,B020,Customer
E03722,KMY81798,CAT G3520,P097,PC022,2017,10217,B003,Customer
E04400,BSK32018,CAT 535D,P117,PC029,2016,11020,B017,Rental Fleet
E04012,WME92686,CAT 6060,P106,PC024,2009,18510,B009,Customer
E04245,YBY17820,CAT AD22,P113,PC028,2011,16465,B010,Customer
E00920,LME63193,CAT D6,P023,PC005,2015,12684,B026,Customer
E01085,VPD45654,CAT D10,P027,PC005,2019,7901,B021,Customer
E03967,JJP35102,CAT 6020B,P103,PC024,2013,14573,B018,Customer
E04188,JYL84256,CAT R2900,P112,PC027,2014,12466,B006,Rental Fleet
E04182,JYL64971,CAT R2900,P112,PC027,2011,17297,B017,Rental Fleet
E00187,ZBX18321,CAT 313,P005,PC002,2011,16658,B016,Customer
E04475,HNE31042,CAT 522B,P120,PC030,2023,4059,B021,Rental Fleet
E00237,ZDP65571,CAT 315,P006,PC002,2015,11268,B012,Customer
E02906,YSD12342,CAT C13,P075,PC015,2010,15807,B013,Customer
E01869,LFR99658,CAT 772,P047,PC009,2021,6329,B016,Customer
E00471,GBE10358,CAT 336,P011,PC002,2020,6172,B099,Customer
E01187,AFG40761,CAT 906,P029,PC006,2008,20633,B020,Rental Fleet
E03401,CMC12363,CAT RM400,P088,PC019,2010,18358,B004,Rental Fleet
E00289,CXX71933,CAT 320,P007,PC002,2012,16164,B014,Customer
E01278,EAC04570,CAT 926,P031,PC006,2011,17344,B003,Customer
E04383,BSK65861,CAT 535D,P117,PC029,2026,607,B021,Customer
E00808,ZCD18409,CAT D3,P020,PC005,2023,3171,B027,Customer
E03219,YBM16310,CAT CB2.7,P083,PC018,2016,12074,B013,Customer
E04866,,CAT C18 Marine,P130,PC034,2011,17202,B028,Customer
E03394,cmc43750 ,CAT RM400,P088,PC019,2016,10293,B011,Rental Fleet
E00298,CXX08856,CAT 320,P007,PC002,2019,6427,B012,Customer
E01732,CWE16717,CAT 725,P043,PC008,2010,17386,B002,Rental Fleet
E02954,NGD11339,CAT C18 ACERT,P076,PC015,2014,13390,B018,Rental Fleet
E02236,FMH25972,CAT 239,P058,PC012,2018,8407,B007,Customer
E02525,CEJ19742,CAT TL943,P065,PC013,2018,9692,B020,Customer
E02354,YKA04905,CAT 289,P061,PC012,2011,16273,B028,Customer
E03528,GSD68972,CAT PL72,P091,PC020,2014,-13602,B009,Customer
E02643,VJF74589,CAT C15,P069,PC014,2024,1968,B012,Customer
E03188,NVD41882,CAT PM822,P082,PC017,2012,15327,B008,Rental Fleet
E02690,DZZ95047,CAT C18,P070,PC014,2020,6702,B025,Customer
E01658,SRE78853,CAT 18,P042,PC007,2011,16571,B028,Customer
E02207,BJC60179,CAT 272,P057,PC011,2011,16775,B005,Customer
E02682,DZZ42301,CAT C18,P070,PC014,2014,14096,B005,Customer
E03179,NVD54870,CAT PM822,P082,PC017,2011,16021,B018,Customer
E04658,TNH79589,CAT H95,P123,PC032,2026,-78,B020,Customer
E04484,HNE61816,CAT 522B,P120,PC030,2016,11247,B008,Customer
E02817,LPM45076,CAT C4.4,P073,PC015,2023,3761,B019,Customer
E02473,CEJ46363,CAT TL943,P065,PC013,2011,16827,B008,Customer
E00545,VWW22048,CAT 395,P013,PC002,2017,10048,B025,Customer
E03699,RSX52717,CAT G3516,P096,PC022,2019,7869,B011,Customer
E02874,FSC57380,CAT C7.1,P074,PC015,2018,9116,B012,Customer
E01544,DLV05391,CAT 988,P037,PC006,2025,974,B019,Customer
E03091,LWM46804,CAT AP1055,P079,PC016,2019,7374,B025,Customer
E03195,NVD98615,CAT PM822,P082,PC017,2009,17595,B025,Customer
E02213,BJC82735,CAT 272,P057,PC011,2026,0,B011,Dealer Demo
E01038,XRY21017,CAT D9,P026,PC005,2025,1896,B003,Customer
E01274,EAC43602,CAT 926,P031,PC006,2020,6800,B002,Customer
E03585,AVS18157,CAT MH3026,P094,PC021,2024,1776,B001,Rental Fleet
E02111,PXY10102,CAT 236,P054,PC011,2015,13228,B014,Customer
E03384,CMC11171,CAT RM400,P088,PC019,2022,5247,B005,Rental Fleet
E01639,SDS67066,CAT 160,P041,PC007,2010,16909,B025,Customer
E04462,XWK49051,CAT 521B,P119,PC030,2020,6689,B006,Customer
E03463,BGR90015,CAT PL61,P090,PC020,2031,9067,B027,Rental Fleet
E02260,MVA99825,CAT 259,P059,PC012,2026,0,B017,Customer
E02619,GJG30823,CAT C9.3B,P068,PC014,2013,13927,B027,Customer
E00818,ZCD35861,CAT D3,P020,PC005,2015,11676,B013,Rental Fleet
E00382,MZZ37722,CAT 330,P010,PC002,2016,10496,B004,Customer
E01366,VKR71889,CAT 966,P034,PC006,2024,1776,B015,Customer
E01395,VKR00868,CAT 966,P034,PC006,2010,16479,B014,Customer
E01799,kmn74474 ,CAT 745,P045,PC008,2018,8241,B020,Customer
E04794,MXE23628,CAT G115B Grapple,P128,PC033,2014,13789,B002,Customer
E04022,WME11661,CAT 6060,P106,PC024,2009,19545,B016,Customer
E02931,YSD38399,CAT C13,P075,PC015,2014,13794,B014,Customer
E01200,AFG74422,CAT 906,P029,PC006,2022,3309,B005,Customer
E04068,WMB16927,CAT MD6250,P108,PC026,2014,13509,B015,Customer
E04083,ZWL35004,CAT MD6310,P109,PC026,2024,2093,B007,Customer
E00689,jbs83649 ,CAT 416,P016,PC004,2013,14235,B028,Customer
E01347,BBY75397,CAT 950,P033,PC006,2025,1391,B003,Customer
E03055,LWM56736,CAT AP1055,P079,PC016,2023,2224,B016,Rental Fleet
E01256,EAC30627,CAT 926,P031,PC006,2025,1625,B013,Customer
E01339,BBY31525,CAT 950,P033,PC006,2023,4169,B023,Customer
E04576,MCY30481,CAT 558,P121,PC031,2011,17165,B023,Customer
E02483,CEJ80114,CAT TL943,P065,PC013,2025,1196,B014,Customer
E01889,LFR14323,CAT 772,P047,PC009,2010,16918,B012,Rental Fleet
E03307,dxp19395 ,CAT CS56B,P085,PC018,2011,15410,B008,Rental Fleet
E04870,PJB91682,CAT C32 Marine,P131,PC034,2031,8733,B014,Customer
E03101,LWM64418,CAT AP1055,P079,PC016,2026,932,B019,Rental Fleet
E05014,HBE72874,CAT 3516E Well Service,P134,PC035,2020,7577,B017,Customer
E04726,btj69270 ,CAT H140,P126,PC032,2025,1361,B022,Rental Fleet
E03666,RSX99034,CAT G3516,P096,PC022,2019,7852,Richmond,Customer
E04154,EDH69967,CAT R1700,P111,PC027,2009,19436,B099,Customer
E02471,MHR59487,CAT TH357D,P064,PC013,2012,15319,B023,Rental Fleet
E03343,FAF19421,CAT CW34,P087,PC018,2018,9118,B017,Customer
E03166,NVD12446,CAT PM822,P082,PC017,2021,6467,B001,Customer
E00610,YYZ32541,CAT M320,P015,PC003,2018,7903,B014,Rental Fleet
E02687,DZZ68127,CAT C18,P070,PC014,2021,6694,B003,Customer
E03944,jmj84550 ,CAT 6015B,P102,PC024,2017,10290,B021,Customer
E02764,RYG70623,CAT C32,P071,PC014,2018,8865,B016,Customer
E03063,LWM32259,CAT AP1055,P079,PC016,2021,5634,B008,Rental Fleet
E03590,AVS50127,CAT MH3026,P094,PC021,2025,526,B019,Customer
E02702,DZZ19206,CAT C18,P070,PC014,2012,14526,B020,Customer
E00163,KNJ22281,308 cr,P004,PC001,2013,14673,B013,Customer
E02419,ZBH36195,CAT 299,P062,PC012,2016,10957,B008,Customer
E91254,EAC07121,CAT 926,P031,PC006,2019,6882,B021,Customer
E04533,MCY02619,CAT 558,P121,PC031,2020,6592,B019,Customer
E00095,EHE33863,CAT 305 CR,P003,PC001,2019,7035,B023,Rental Fleet
E04845,TVV44814,CAT C18 Marine,P130,PC034,2022,3629,B019,Customer
E04502,HNE40684,CAT 522B,P120,PC030,2010,17846,B008,Customer
E01784,NND29851,CAT 730,P044,PC008,2016,10398,B099,Customer
E03651,RYP56774,CAT MH3040,P095,PC021,2025,1900,B023,Customer
E03745,YKH23654,CAT 793,P098,PC023,2011,17139,B028,Rental Fleet
E03677,RSX52908,CAT G3516,P096,PC022,2013,14700,B023,Customer
E00178,ZBX21568,CAT 313,P005,PC002,2016,11551,B009,Rental Fleet
E04655,TNH40508,CAT H95,P123,PC032,2026,67,B021,Customer
E02145,HGZ63998,CAT 246,P055,PC011,2026,1151,B013,Customer
E03322,SNW80526,CAT CS66B,P086,PC018,2009,18848,B099,Rental Fleet
E01154,GEK12207,CAT D11,P028,PC005,2009,19293,B025,Customer
E01241,EAC70128,926,P031,PC006,2018,8920,B017,Rental Fleet
E04735,BTJ88308,CAT H140,P126,PC032,2008,19671,B026,Customer
E04303,XHW04390,CAT AD60,P115,PC028,2012,15647,B015,Customer
E00194,ZBX36161,CAT 313,P005,PC002,2020,6531,B099,Rental Fleet
E04120,HPZ16707,CAT R1300G,P110,PC027,2025,1102,B021,Rental Fleet
E03382,CMC74835,CAT RM400,P088,PC019,2008,20744,B012,Customer
E00595,JVM26634,CAT M318,P014,PC003,2024,2544,B011,Customer
E01677,SRE64419,CAT 18,P042,PC007,2009,18784,B014,Customer
E03032,FBY61501,ap555,P078,PC016,2013,13441,B010,Customer
E02523,CEJ68604,CAT TL943,P065,PC013,2023,3169,B008,Customer
E05025,HBE15494,CAT 3516E Well Service,P134,PC035,2017,10619,B019,Customer
E03667,RSX89865,CAT G3516,P096,PC022,2018,8638,B022,Customer
E03040,FBY08077,CAT AP555,P078,PC016,2010,17022,B003,Customer
E03979,HFA72488,CAT 6030,P104,PC024,2015,11971,B008,Customer
E04731,BTJ83066,CAT H140,P126,PC032,2026,455,B016,Customer
E03098,LWM02524,CAT AP1055,P079,PC016,0,6507,B017,Customer
E00956,FDG72687,CAT D6 XE,P024,PC005,2010,18188,B006,Customer
E03985,HFA00460,CAT 6030,P104,PC024,2013,13544,B011,Rental Fleet
E02089,EAX13335,CAT 226,P053,PC011,2015,-12571,B003,Customer
E03595,AVS52255,CAT MH3026,P094,PC021,2016,10569,B026,Customer
E00536,VWW48930,CAT 395,P013,PC002,2013,13840,B023,Customer
E01459,ZKJ92545,CAT 972,P035,PC006,2017,10227,B010,Customer
E02528,cej92913 ,CAT TL943,P065,PC013,2022,4253,B016,Customer
E03416,GTK89663,CAT RM600,P089,PC019,2010,17178,B013,Customer
E02692,DZZ13583,CAT C18,P070,PC014,2011,16127,B005,Rental Fleet
E03330,SNW54785,CAT CS66B,P086,PC018,2020,6446,B026,Rental Fleet
E01027,,d9,P026,PC005,2015,12004,B026,Customer
E01993,CTW96394,CAT 777,P049,PC009,2026,0,B021,Dealer Demo
E02106,PXY31785,CAT 236,P054,PC011,2021,5821,B007,Rental Fleet
E02136,,CAT 246,P055,PC011,2024,3509,B015,Customer
E00690,JBS61728,CAT 416,P016,PC004,2020,6839,B016,Rental Fleet
E02177,HGZ65810,CAT 246,P055,PC011,2017,10030,B099,Customer
E01229,EAC18874,CAT 926,P031,PC006,2008,19675,B014,Dealer Demo
E03554,CHR05526,CAT MH3024,P093,PC021,2008,19519,B007,Rental Fleet
E00673,jbs83387 ,CAT 416,P016,PC004,2013,14494,B023,Customer
E04108,HPZ64073,CAT R1300G,P110,PC027,2026,1053,B024,Customer
E01411,,CAT 972,P035,PC006,2019,7154,B005,Customer
E01330,BBY54818,CAT 950,P033,PC006,2022,4196,B006,Customer
E04025,EPC46063,CAT 7495,P107,PC025,2009,19504,B025,Rental Fleet
E03480,BGR34034,CAT PL61,P090,PC020,2010,18359,B009,Customer
E02656,VJF77060,CAT C15,P069,PC014,2022,4592,B014,Customer
E03136,ZJG45540,CAT PM620,P081,PC017,2022,3929,B025,Customer
E03132,ZJG37555,CAT PM620,P081,PC017,2009,18361,B012,Customer
E04793,mxe62503 ,CAT G115B Grapple,P128,PC033,2013,14451,B027,Customer
E01389,vkr40382 ,CAT 966,P034,PC006,2019,8909,B003,Customer
E04187,JYL89166,CAT R2900,P112,PC027,2016,10470,B002,Customer
E03295,DXP01588,CAT CS56B,P085,PC018,2017,10277,B019,Customer
E03409,CMC71771,CAT RM400,P088,PC019,2023,3348,B020,Customer
E91028,xry51880 ,CAT D9,P026,PC005,2011,16542,B099,Customer
E04864,TVV75312,CAT C18 Marine,P130,PC034,2020,5917,B007,Rental Fleet
E01722,,CAT 725,P043,PC008,2009,18091,B008,Customer
E04336,JGB82435,CAT 525D,P116,PC029,2023,2990,B005,Customer
E04812,FPR04262,CAT G120B Grapple,P129,PC033,2026,0,B024,Customer
E03586,AVS00403,CAT MH3026,P094,PC021,2017,9257,B012,Rental Fleet
E02180,hgz56150 ,CAT 246,P055,PC011,2022,4251,B012,Customer
E00582,JVM46077,CAT M318,P014,PC003,2020,6400,B014,Customer
E00597,YYZ07590,CAT M320,P015,PC003,1899,12147,B004,Customer
E00461,GBE22186,CAT 336,P011,PC002,2019,8181,B006,Rental Fleet
E01852,RES30489,CAT 770,P046,PC009,2008,20378,B001,Customer
E01646,SDS93671,CAT 160,P041,PC007,2026,373,B021,Customer
E04095,ZWL72848,CAT MD6310,P109,PC026,2025,1713,B008,Customer
E02085,EAX13477,CAT 226,P053,PC011,2009,18431,B027,Customer
E01685,SRE30998,CAT 18,P042,PC007,2026,0,B013,Rental Fleet
E03393,CMC68807,CAT RM400,P088,PC019,2012,14464,B012,Customer
E04883,PJB05212,CAT C32 Marine,P131,PC034,2022,4801,B009,Rental Fleet
E02317,GPW53774,279,P060,PC012,2021,4214,B001,Rental Fleet
E01627,SDS53649,CAT 160,P041,PC007,2021,6684,B017,Customer
E01270,EAC14529,CAT 926,P031,PC006,2013,13229,B023,Customer
E04930,TPJ19550,CAT 3512E Marine,P132,PC034,2009,19219,B015,Customer
E03886,gtz25330 ,CAT 795,P100,PC023,2009,19528,B023,Customer
E01904,LFR62028,CAT 772,P047,PC009,2023,2234,B025,Customer
E04599,VRA04087,CAT 568,P122,PC031,2026,669,B020,Customer
E02130,PXY95118,CAT 236,P054,PC011,2020,5085,B012,Dealer Demo
E01791,KMN62186,CAT 745,P045,PC008,0,13281,B018,Customer
E00276,CXX30672,CAT 320,P007,PC002,2022,2843,B018,Customer
E92665,,CAT C15,P069,PC014,2008,20554,B016,Dealer Demo
E00071,PCZ63994,CAT 303 CR,P002,PC001,1899,12222,B001,Customer
E02086,EAX29402,CAT 226,P053,PC011,2008,19722,B001,Customer
E04320,JGB59808,CAT 525D,P116,PC029,2021,5853,B012,Rental Fleet
E04922,TPJ96606,CAT 3512E Marine,P132,PC034,2021,5725,B004,Customer
E00969,FDG88357,CAT D6 XE,P024,PC005,2008,19993,B011,Customer
E04191,JYL56358,CAT R2900,P112,PC027,2026,0,B007,Customer
E00234,ZDP01008,CAT 315,P006,PC002,2009,18613,,Customer
E00160,KNJ58154,CAT 308 CR,P004,PC001,2011,15860,B006,Customer
E00671,JBS80135,CAT 416,P016,PC004,2018,8940,B016,Customer
E01014,xry36978 ,CAT D9,P026,PC005,2011,16811,B009,Customer
E00927,LME85404,CAT D6,P023,PC005,2021,5098,B018,Customer
E03286,DXP35339,CAT CS56B,P085,PC018,2025,929,B002,Customer
E02074,DFH23084,CAT 973,P052,PC010,2013,14850,B007,Customer
E04193,YBY19989,CAT AD22,P113,PC028,2019,8242,B003,Customer
E02239,FMH75552,CAT 239,P058,PC012,2015,12212,B026,Rental Fleet
E03539,RDV14682,pl87,P092,PC020,2021,4411,B017,Rental Fleet
E01081,VPD63036,CAT D10,P027,PC005,2012,14753,B021,Customer
E04353,BSK90749,CAT 535D,P117,PC029,2008,19416,B010,Customer
E04741,BTJ52221,CAT H140,P126,PC032,2016,10939,B026,Customer
E04357,BSK80459,CAT 535D,P117,PC029,2019,7282,B022,Customer
E00526,VWW60563,CAT 395,P013,PC002,2021,5871,B099,Customer
E00797,ZCD06600,CAT D3,P020,PC005,2016,10241,B013,Customer
E04058,EPC92296,CAT 7495,P107,PC025,2017,9357,B015,Customer
E02716,DZZ58542,c18,P070,PC014,2009,18087,B019,Customer
E04288,SYV39500,CAT AD45,P114,PC028,2018,9855,B028,Customer
E03897,EJX42904,CAT 797F,P101,PC023,2010,17349,B011,Rental Fleet
E02458,MHR66673,th357d,P064,PC013,2013,14933,,Customer
E02609,GJG86326,CAT C9.3B,P068,PC014,2008,20546,B010,Customer
E03656,RYP12015,CAT MH3040,P095,PC021,2022,4165,B012,Rental Fleet
E00319,RBK75226,CAT 323,P008,PC002,2010,17972,B011,Customer
E02705,DZZ97709,CAT C18,P070,PC014,2024,2696,B016,Customer
E00664,JBS76811,CAT 416,P016,PC004,2020,5621,B004,Customer
E04613,VRA44869,568,P122,PC031,2012,15954,B009,Customer
E03678,RSX79684,CAT G3516,P096,PC022,2024,-2059,B026,Customer
E02508,CEJ17196,CAT TL943,P065,PC013,2020,6905,B027,Customer
E00473,GBE85687,CAT 336,P011,PC002,2010,18468,B002,Customer
E00459,GBE85801,336,P011,PC002,2025,1610,B025,Rental Fleet
E00908,LME33851,CAT D6,P023,PC005,2013,14176,B006,Customer
E03012,ERV03073,CAT AP400,P077,PC016,2024,2543,B016,Customer
E02466,MHR30367,CAT TH357D,P064,PC013,2011,16173,B022,Customer
E02748,RYG42662,CAT C32,P071,PC014,2013,14278,B024,Customer
E04282,SYV22458,ad45,P114,PC028,2025,264,B005,Customer
E01311,MLZ90749,CAT 938,P032,PC006,2023,3532,B009,Customer
E02095,EAX19483,CAT 226,P053,PC011,2008,19858,B005,Customer
E01447,ZKJ46675,CAT 972,P035,PC006,2020,5793,B013,Dealer Demo
E02406,ZBH56040,CAT 299,P062,PC012,2021,4953,B026,Customer
E02326,GPW67668,279,P060,PC012,2014,12302,B005,Customer
E03144,zjg13608 ,CAT PM620,P081,PC017,2024,1092,B019,Customer
E02864,LPM12951,CAT C4.4,P073,PC015,2018,8571,B010,Rental Fleet
E00115,EHE38975,CAT 305 CR,P003,PC001,2022,5562,B010,Customer
E02330,yka58172 ,CAT 289,P061,PC012,2024,2431,B013,Customer
E01855,RES19880,CAT 770,P046,PC009,2014,12589,B008,Rental Fleet
E02286,MVA29923,CAT 259,P059,PC012,2017,10603,B017,Customer
E01480,CKD41072,CAT 980,P036,PC006,2025,685,B007,Customer
E02104,PXY14439,CAT 236,P054,PC011,2012,15395,B002,Rental Fleet
E03558,CHR33296,CAT MH3024,P093,PC021,2014,14096,B011,Customer
E03485,BGR03927,CAT PL61,P090,PC020,2018,8889,B001,Customer
E03456,BGR00013,CAT PL61,P090,PC020,2016,11417,B014,Customer
E04078,ZWL47363,md6310,P109,PC026,2009,19484,B013,Customer
E05016,HBE15915,CAT 3516E Well Service,P134,PC035,2017,9528,B008,Customer
E04035,EPC68407,CAT 7495,P107,PC025,2026,0,B019,Customer
E02835,LPM94575,CAT C4.4,P073,PC015,2012,15414,B009,Customer
E01809,KMN17031,CAT 745,P045,PC008,2014,13554,B027,Customer
E02467,MHR27112,CAT TH357D,P064,PC013,2011,15822,B006,Customer
E93686,RSX76281,CAT G3516,P096,PC022,2018,8590,B008,Customer
E04996,HBE31757,CAT 3516E Well Service,P134,PC035,2017,9346,Richmond,Customer
E04716,NEE10510,CAT H120,P125,PC032,2009,19469,B003,Rental Fleet
E02477,CEJ41619,CAT TL943,P065,PC013,2024,-2481,B027,Rental Fleet
E00350,WMR12690,CAT 326,P009,PC002,2012,16010,B002,Customer
E00761,BEE64249,CAT 440,P019,PC004,2018,8554,B026,Customer
E01130,GEK52172,CAT D11,P028,PC005,2022,5063,B010,Customer
E01691,SRE26668,CAT 18,P042,PC007,2024,2268,B018,Dealer Demo
E04907,PJB11344,CAT C32 Marine,P131,PC034,2008,20160,B020,Customer
E00862,EBE99086,CAT D5,P022,PC005,2010,18144,B024,Customer
E04539,MCY42958,CAT 558,P121,PC031,2017,10200,B007,Customer
E03796,MVL20788,CAT 794 AC,P099,PC023,2016,10719,B027,Rental Fleet
E01608,SDS22714,CAT 160,P041,PC007,2012,16286,B007,Customer
E02658,VJF45399,CAT C15,P069,PC014,2018,9688,B027,Customer
E01718,CWE80539,CAT 725,P043,PC008,2025,716,B009,Customer
E03149,ZJG29598,CAT PM620,P081,PC017,2011,16080,B027,Customer
E01314,MLZ45594,CAT 938,P032,PC006,2017,10539,B014,Customer
E01316,MLZ66525,CAT 938,P032,PC006,2025,1596,B008,Customer
E03061,LWM94996,CAT AP1055,P079,PC016,2018,8158,B005,Customer
E01870,LFR56020,CAT 772,P047,PC009,2020,7835,B028,Customer
E01604,SDS77026,CAT 160,P041,PC007,2015,11432,B022,Customer
E01157,GEK43151,CAT D11,P028,PC005,2016,10278,B023,Customer
E03246,DDH31992,CAT CB10,P084,PC018,2026,0,B021,Customer
E03912,EJX03826,CAT 797F,P101,PC023,2025,1363,B019,Customer
E01935,XGE78836,CAT 775,P048,PC009,2012,15192,B028,Rental Fleet
E00487,NZV86596,CAT 352,P012,PC002,2026,0,B010,Customer
E04707,NEE70365,CAT H120,P125,PC032,2021,6105,B009,Rental Fleet
E04436,XWK82565,CAT 521B,P119,PC030,2024,2634,B011,Customer
E02879,FSC46374,CAT C7.1,P074,PC015,2025,22,B004,Rental Fleet
E00812,ZCD16151,CAT D3,P020,PC005,2026,859,B025,Rental Fleet
E04944,HHR99083,CAT 3512E Well Service,P133,PC035,2024,3068,B016,Dealer Demo
E01071,VPD95787,CAT D10,P027,PC005,2009,18910,B025,Customer
E04630,VRA74959,CAT 568,P122,PC031,2011,15808,B002,Customer
E00201,ZBX01948,CAT 313,P005,PC002,2012,14734,B019,Customer
E01277,EAC56526,CAT 926,P031,PC006,2025,1270,B015,Customer
E01417,ZKJ62852,CAT 972,P035,PC006,2008,19267,B005,Rental Fleet
E01385,VKR88745,CAT 966,P034,PC006,2022,4278,B017,Customer
E03785,YKH93805,CAT 793,P098,PC023,2014,12797,B005,Customer
E03077,LWM68617,CAT AP1055,P079,PC016,2014,13347,B026,Customer
E01741,NND55183,CAT 730,P044,PC008,2019,6870,B006,Customer
E02282,MVA43786,CAT 259,P059,PC012,2021,6075,B001,Customer
E01980,CTW79292,CAT 777,P049,PC009,2024,1829,B006,Customer
E01655,SDS95908,CAT 160,P041,PC007,2023,4402,B005,Customer
E04195,YBY04767,CAT AD22,P113,PC028,2009,-19041,B028,Customer
E00891,LME18399,CAT D6,P023,PC005,2024,1844,B019,Customer
E00171,KNJ02876,CAT 308 CR,P004,PC001,2017,10770,B009,Customer
E02308,GPW28687,CAT 279,P060,PC012,2017,-9628,B002,Customer
E04360,BSK20967,CAT 535D,P117,PC029,2014,12288,B099,Customer
E04832,FPR45096,CAT G120B Grapple,P129,PC033,2018,9023,B028,Dealer Demo
E01119,GEK24115,CAT D11,P028,PC005,2019,8117,B005,Customer
E01003,XRY40353,CAT D9,P026,PC005,0,4090,B010,Customer
E01847,RES22474,CAT 770,P046,PC009,2026,0,B011,Dealer Demo
E00782,ZCD23970,CAT D3,P020,PC005,2018,8667,B004,Customer
E01817,KMN54402,CAT 745,P045,PC008,2013,14306,B024,Customer
E04893,PJB62129,c32 marine,P131,PC034,2009,19898,B013,Customer
E02759,RYG24136,CAT C32,P071,PC014,2014,13013,B012,Customer
E01403,VKR78498,CAT 966,P034,PC006,2010,17577,B019,Customer
E02519,CEJ03263,CAT TL943,P065,PC013,2026,0,B012,Customer
E04038,EPC18515,CAT 7495,P107,PC025,2024,-1584,B016,Customer
E02500,CEJ08319,CAT TL943,P065,PC013,2025,1603,B021,Customer
E00533,VWW80126,CAT 395,P013,PC002,2020,6369,B012,Rental Fleet
E01492,CKD26476,CAT 980,P036,PC006,2009,18869,B006,Customer
E04874,PJB96615,CAT C32 Marine,P131,PC034,2018,9194,B012,Customer
E02143,HGZ23487,CAT 246,P055,PC011,2010,17436,B016,Dealer Demo
E04679,ZND57046,CAT H110,P124,PC032,2021,5503,B027,Customer
E02387,ZBH94350,CAT 299,P062,PC012,2008,19800,B002,Customer
E02935,YSD40255,CAT C13,P075,PC015,2010,18375,B019,Customer
E03812,MVL43535,CAT 794 AC,P099,PC023,2015,12273,B003,Rental Fleet
E03014,FBY86431,CAT AP555,P078,PC016,2022,4601,B003,Customer
E04102,HPZ90993,CAT R1300G,P110,PC027,2008,20357,B005,Customer
E00540,VWW81188,CAT 395,P013,PC002,2022,4829,B002,Rental Fleet
E00269,CXX47426,CAT 320,P007,PC002,2024,2712,B007,Customer
E91246,EAC37594,926,P031,PC006,2008,19412,B016,Customer
E02401,ZBH64928,CAT 299,P062,PC012,2020,7185,B015,Customer
E04185,JYL47547,CAT R2900,P112,PC027,2014,13552,B024,Rental Fleet
E01448,ZKJ36555,CAT 972,P035,PC006,2024,2323,B005,Customer
E00020,RHC34665,CAT 301.7,P001,PC001,2012,14736,B004,Rental Fleet
E04347,BSK96367,CAT 535D,P117,PC029,2018,9568,B016,Customer
E00804,ZCD73421,CAT D3,P020,PC005,2018,8951,B025,Customer
E03472,BGR79467,pl61,P090,PC020,2016,12008,B007,Rental Fleet
E05003,HBE53886,CAT 3516E Well Service,P134,PC035,2020,6829,B005,Customer
E02750,RYG32748,CAT C32,P071,PC014,2023,2868,B009,Dealer Demo
E00921,,CAT D6,P023,PC005,2019,8140,B027,Customer
E04824,FPR47630,CAT G120B Grapple,P129,PC033,2023,2803,B025,Customer
E03739,,CAT 793,P098,PC023,2018,7785,B026,Customer
E01711,SRE94085,CAT 18,P042,PC007,2031,10202,B012,Customer
E00291,CXX55028,CAT 320,P007,PC002,2015,11561,B003,Customer
E02770,RYG90779,CAT C32,P071,PC014,2024,2532,B024,Rental Fleet
E90517,NZV13887,CAT 352,P012,PC002,2021,5963,B017,Customer
E01517,DLV46119,CAT 988,P037,PC006,2010,16747,B018,Customer
E03858,GTZ19719,CAT 795,P100,PC023,2024,1415,B015,Customer
E03572,CHR81853,CAT MH3024,P093,PC021,2021,5964,B019,Rental Fleet
E04429,FRP75935,CAT 545D,P118,PC029,2012,15482,B009,Customer
E02132,PXY03105,CAT 236,P054,PC011,2012,15942,B019,Customer
E03119,TFN97236,CAT PM310,P080,PC017,2021,5670,B014,Customer
E04622,VRA75363,CAT 568,P122,PC031,2011,16427,B022,Customer
E02157,HGZ19073,CAT 246,P055,PC011,2023,2964,B002,Dealer Demo
E02378,ZBH56560,CAT 299,P062,PC012,2019,7741,B016,Customer
E04031,EPC60605,CAT 7495,P107,PC025,2009,19274,B011,Customer
E93066,LWM82927,ap1055,P079,PC016,2018,8549,B019,Dealer Demo
E00273,CXX78283,CAT 320,P007,PC002,2012,15144,B027,Customer
E01556,,CAT 120,P038,PC007,2013,14628,B017,Rental Fleet
E02964,NGD03318,CAT C18 ACERT,P076,PC015,2022,4384,B028,Customer
E01970,CTW68085,CAT 777,P049,PC009,2009,19372,B026,Customer
E00702,FGG95303,CAT 420,P017,PC004,2018,8785,B026,Customer
E00700,FGG55493,CAT 420,P017,PC004,2009,18663,B003,Dealer Demo
E03266,DDH75218,CAT CB10,P084,PC018,2019,8285,B026,Customer
E03486,BGR94777,CAT PL61,P090,PC020,2008,19818,B001,Customer
E01802,,CAT 745,P045,PC008,2022,4845,B010,Customer
E03134,ZJG95185,CAT PM620,P081,PC017,2019,7020,B018,Customer
E03244,DDH32607,CAT CB10,P084,PC018,2016,10602,B023,Customer
E01460,ZKJ14337,CAT 972,P035,PC006,2023,3846,B019,Customer
E04986,HBE55218,CAT 3516E Well Service,P134,PC035,2013,13831,B007,Customer
E04259,SYV37066,CAT AD45,P114,PC028,2016,10389,B010,Customer
E93118,TFN28221,CAT PM310,P080,PC017,2019,8227,B021,Customer
E04113,HPZ72878,CAT R1300G,P110,PC027,2020,5662,B025,Dealer Demo
E01960,XGE77710,CAT 775,P048,PC009,2011,16612,B006,Customer
E04343,JGB67308,CAT 525D,P116,PC029,2022,5295,B023,Customer
E90623,YYZ68126,CAT M320,P015,PC003,2015,11010,B015,Dealer Demo
E02891,FSC92846,CAT C7.1,P074,PC015,2024,1685,B026,Rental Fleet
E02859,LPM75449,CAT C4.4,P073,PC015,2011,17795,B008,Customer
E03514,GSD56478,CAT PL72,P091,PC020,2024,1882,B007,Customer
E00475,GBE92124,CAT 336,P011,PC002,2008,20134,B014,Customer
E03356,FAF87613,CAT CW34,P087,PC018,2015,13359,B019,Customer
E02801,MCL06095,CAT 3516,P072,PC014,2021,4513,B024,Customer
E04908,PJB39293,CAT C32 Marine,P131,PC034,2013,13698,B023,Customer
E03426,GTK18442,CAT RM600,P089,PC019,2017,10027,B010,Customer
E00934,FDG51001,CAT D6 XE,P024,PC005,2013,13513,B021,Customer
E00077,PCZ33066,CAT 303 CR,P002,PC001,2021,5843,B024,Customer
E02866,LPM46187,CAT C4.4,P073,PC015,2019,8040,B008,Customer
E00393,MZZ96822,CAT 330,P010,PC002,2025,863,B006,Customer
E01619,SDS82566,CAT 160,P041,PC007,2013,14599,B012,Customer
E04151,EDH33519,CAT R1700,P111,PC027,2012,15529,B005,Rental Fleet
E02727,RYG64567,CAT C32,P071,PC014,2016,10636,B016,Customer
E04753,DHW52990,CAT A14B Auger,P127,PC033,2017,9796,B022,Rental Fleet
E04879,PJB77200,CAT C32 Marine,P131,PC034,2014,13281,B021,Customer
E01124,GEK53067,CAT D11,P028,PC005,0,5533,B025,Customer
E02269,MVA46456,CAT 259,P059,PC012,2010,17288,B017,Customer
E02371,YKA91426,CAT 289,P061,PC012,2025,1716,B009,Customer
E04977,HBE21707,CAT 3516E Well Service,P134,PC035,2024,1699,B006,Customer
E02375,ZBH45331,CAT 299,P062,PC012,2009,20157,Richmond,Customer
E01268,EAC92809,CAT 926,P031,PC006,2011,16169,B004,Customer
E02256,MVA93243,CAT 259,P059,PC012,2017,9218,B003,Customer
E01798,KMN04222,CAT 745,P045,PC008,2026,0,B005,Customer
E00192,ZBX58116,CAT 313,P005,PC002,2014,14005,B015,Rental Fleet
E03263,DDH01147,CAT CB10,P084,PC018,2015,11931,B009,Customer
E02363,YKA62094,CAT 289,P061,PC012,2026,0,B018,Rental Fleet
E04401,BSK93033,CAT 535D,P117,PC029,2025,1662,B023,Customer
E04536,MCY45818,CAT 558,P121,PC031,2018,-7415,B004,Customer
E00341,WMR10647,CAT 326,P009,PC002,2008,20624,B019,Customer
E04237,yby09532 ,CAT AD22,P113,PC028,2026,429,B022,Customer
E00997,JSY58086,CAT D8,P025,PC005,2017,9677,B027,Customer
E03058,LWM28365,CAT AP1055,P079,PC016,2023,3372,B014,Customer
E02204,PZH38919,CAT 262,P056,PC011,2015,11684,B007,Customer
E04407,FRP66278,CAT 545D,P118,PC029,2010,17447,B021,Rental Fleet
E01488,CKD34988,CAT 980,P036,PC006,2021,6136,,Customer
E02252,MVA41856,CAT 259,P059,PC012,2012,14105,B028,Customer
E00967,FDG51606,CAT D6 XE,P024,PC005,2019,8363,B015,Dealer Demo
E04993,HBE29207,CAT 3516E Well Service,P134,PC035,2012,14961,B006,Customer
E03921,,CAT 797F,P101,PC023,2023,2470,B020,Customer
E04697,NEE96852,CAT H120,P125,PC032,2021,-5519,B004,Customer
E03901,EJX62192,CAT 797F,P101,PC023,2010,18400,B002,Customer
E03520,GSD87644,CAT PL72,P091,PC020,2008,20161,B003,Customer
E00074,PCZ11004,CAT 303 CR,P002,PC001,2008,19521,B021,Customer
E03995,CHK79552,CAT 6040,P105,PC024,2020,6497,B008,Customer
E01600,FNB93624,CAT 150,P040,PC007,2015,10713,B002,Customer
E94063,wmb54747 ,md6250,P108,PC026,2013,14355,B002,Customer
E02499,CEJ49701,CAT TL943,P065,PC013,2008,20590,B012,Customer
E00876,LME13114,CAT D6,P023,PC005,2015,12212,B010,Customer
E03443,GTK81871,CAT RM600,P089,PC019,2023,3448,B002,Rental Fleet
E04073,WMB15535,CAT MD6250,P108,PC026,2026,555,B002,Rental Fleet
E04998,HBE98816,CAT 3516E Well Service,P134,PC035,2024,2541,B099,Customer
E03421,GTK89171,CAT RM600,P089,PC019,2024,2061,B028,Customer
E02798,MCL40117,CAT 3516,P072,PC014,2014,13001,B013,Customer
E04616,VRA49261,CAT 568,P122,PC031,2013,15350,B020,Customer
E03110,TFN74298,CAT PM310,P080,PC017,2015,-11584,B027,Customer
E04863,TVV39651,CAT C18 Marine,P130,PC034,2008,19893,B002,Customer
E00232,ZDP45243,CAT 315,P006,PC002,2011,16113,B014,Customer
E01452,ZKJ20020,CAT 972,P035,PC006,2018,7355,B010,Customer
E03676,RSX50998,CAT G3516,P096,PC022,2018,8687,B006,Rental Fleet
E00449,GBE39740,CAT 336,P011,PC002,2018,8901,B007,Rental Fleet
E02050,PSK99531,CAT 963,P051,PC010,2016,10823,B028,Rental Fleet
E04851,TVV15790,CAT C18 Marine,P130,PC034,2021,4529,B001,Customer
E02065,DFH34609,CAT 973,P052,PC010,2025,992,B020,Customer
E02199,PZH20848,CAT 262,P056,PC011,2025,1484,Richmond,Customer
E00111,EHE52522,CAT 305 CR,P003,PC001,2010,16813,B022,Customer
E00534,VWW88289,CAT 395,P013,PC002,2013,14484,B023,Rental Fleet
E02962,NGD84429,CAT C18 ACERT,P076,PC015,2014,12847,B002,Customer
E00216,ZBX12220,CAT 313,P005,PC002,2010,17337,B014,Customer
E01981,CTW41466,CAT 777,P049,PC009,2012,16039,B001,Rental Fleet
E01301,MLZ08272,CAT 938,P032,PC006,2015,-12313,B026,Rental Fleet
E00278,CXX50053,CAT 320,P007,PC002,2017,10973,B017,Customer
E02408,ZBH60753,CAT 299,P062,PC012,2025,613,B014,Customer
E01456,ZKJ04142,CAT 972,P035,PC006,2008,20349,B014,Rental Fleet
E02445,MHR64776,CAT TH357D,P064,PC013,2026,0,B006,Rental Fleet
E03544,RDV16145,CAT PL87,P092,PC020,2010,17248,B028,Customer
E00680,JBS34227,CAT 416,P016,PC004,2018,9123,B004,Customer
E00904,LME94406,CAT D6,P023,PC005,2018,8505,B004,Customer
E00046,PCZ16684,CAT 303 CR,P002,PC001,2025,1672,B007,Customer
E02102,PXY92156,CAT 236,P054,PC011,2015,12576,B003,Customer
E04971,HBE76143,CAT 3516E Well Service,P134,PC035,2016,11773,B028,Customer
E01966,,CAT 777,P049,PC009,2018,8094,B002,Customer
E02037,PSK66829,CAT 963,P051,PC010,2009,18524,B004,Customer
E01944,XGE95258,CAT 775,P048,PC009,2024,2292,B010,Customer
E02181,HGZ71142,CAT 246,P055,PC011,2013,13847,B022,Customer
E01062,VPD58655,CAT D10,P027,PC005,2022,5396,B013,Customer
E03290,DXP67368,CAT CS56B,P085,PC018,2021,4744,B002,Customer
E03801,MVL88745,CAT 794 AC,P099,PC023,2026,98,B010,Customer
E03299,DXP88161,CAT CS56B,P085,PC018,2013,14055,B015,Rental Fleet
E00422,MZZ61876,CAT 330,P010,PC002,2010,18029,B002,Customer
E03904,ejx67459 ,CAT 797F,P101,PC023,2011,16715,B019,Customer
E03607,RYP21275,CAT MH3040,P095,PC021,2020,7940,B005,Customer
E03970,JJP65532,CAT 6020B,P103,PC024,2025,768,B001,Customer
E04598,VRA25768,CAT 568,P122,PC031,2019,7314,B014,Rental Fleet
E02359,YKA25205,CAT 289,P061,PC012,2024,2313,B022,Customer
E02453,,CAT TH357D,P064,PC013,2009,18660,B015,Rental Fleet
E03470,BGR86576,CAT PL61,P090,PC020,2025,977,B019,Customer
E01163,GEK23581,d11,P028,PC005,2023,3625,B010,Dealer Demo
E04159,EDH60416,CAT R1700,P111,PC027,2017,10280,B012,Customer
E02259,MVA61362,CAT 259,P059,PC012,2014,13361,B004,Customer
E90486,NZV72488,CAT 352,P012,PC002,2019,7788,B013,Customer
E01168,GEK39359,CAT D11,P028,PC005,2017,9190,B017,Customer
E01521,DLV32717,CAT 988,P037,PC006,2013,12721,B027,Customer
E03419,GTK27045,CAT RM600,P089,PC019,2018,8480,B021,Customer
E03483,BGR81900,CAT PL61,P090,PC020,2012,14812,B021,Customer
E02005,CTW22090,CAT 777,P049,PC009,2022,3833,B017,Rental Fleet
E01967,CTW85543,777,P049,PC009,2014,13608,,Customer
E02970,NGD74312,CAT C18 ACERT,P076,PC015,2020,7184,B004,Rental Fleet
E04225,YBY07493,CAT AD22,P113,PC028,2020,5802,B020,Dealer Demo
E02632,gjg99564 ,CAT C9.3B,P068,PC014,2025,1048,B013,Rental Fleet
E04274,SYV81365,CAT AD45,P114,PC028,2024,2441,B028,Customer
E00180,ZBX18450,313,P005,PC002,2010,17054,B025,Rental Fleet
E02993,ERV96380,CAT AP400,P077,PC016,2024,2088,B004,Customer
E01875,LFR95731,CAT 772,P047,PC009,2024,2092,B014,Rental Fleet
E03458,BGR02800,CAT PL61,P090,PC020,2026,273,B022,Customer
E02956,NGD04985,CAT C18 ACERT,P076,PC015,2015,12081,B027,Customer
E02097,EAX18962,CAT 226,P053,PC011,2016,12639,B006,Customer
E00417,MZZ64072,CAT 330,P010,PC002,2026,603,B026,Customer
E02612,GJG62567,CAT C9.3B,P068,PC014,2008,20711,B006,Customer
E03648,RYP37855,CAT MH3040,P095,PC021,2025,543,B026,Customer
E02991,ERV19751,CAT AP400,P077,PC016,2014,12627,B028,Customer
E00384,MZZ38071,CAT 330,P010,PC002,2012,15033,B002,Customer
E00011,RHC74669,CAT 301.7,P001,PC001,2011,16519,B099,Customer
E00485,NZV42779,CAT 352,P012,PC002,2020,7071,B015,Customer
E02273,MVA79620,CAT 259,P059,PC012,2024,1560,B022,Customer
E00013,RHC26773,CAT 301.7,P001,PC001,2016,10748,B009,Customer
E02462,MHR96289,CAT TH357D,P064,PC013,2009,19171,B024,Customer
E03428,GTK39741,CAT RM600,P089,PC019,2019,7870,B021,Customer
E02481,CEJ37041,CAT TL943,P065,PC013,2023,3875,B003,Rental Fleet
E00352,WMR94520,CAT 326,P009,PC002,2026,757,B011,Customer
E03716,KMY94289,CAT G3520,P097,PC022,2022,4403,B010,Customer
E01189,AFG02947,CAT 906,P029,PC006,2017,9441,B007,Customer
E01720,CWE56695,CAT 725,P043,PC008,2018,8473,B028,Dealer Demo
E02063,DFH70071,CAT 973,P052,PC010,2014,13846,B021,Customer
E04301,xhw71047 ,CAT AD60,P115,PC028,2015,11921,B007,Customer
E02122,PXY48691,CAT 236,P054,PC011,2009,19492,B021,Customer
E02694,DZZ18606,CAT C18,P070,PC014,2018,7872,B008,Customer
E03940,JMJ14602,CAT 6015B,P102,PC024,2010,17154,B005,Rental Fleet
E03695,RSX50192,CAT G3516,P096,PC022,2022,3310,B004,Customer
E03923,EJX12098,CAT 797F,P101,PC023,2011,15381,B017,Rental Fleet
E03344,FAF26511,CAT CW34,P087,PC018,2016,11086,B024,Customer
E01673,SRE68388,CAT 18,P042,PC007,2026,253,B001,Customer
E05007,HBE17681,CAT 3516E Well Service,P134,PC035,2013,14286,B006,Customer
E04217,YBY87323,CAT AD22,P113,PC028,2023,3529,B023,Customer
E03686,RSX76281,CAT G3516,P096,PC022,2018,8590,B008,Customer
E03649,RYP20754,CAT MH3040,P095,PC021,2008,20738,B028,Customer
E04670,TNH72308,CAT H95,P123,PC032,2012,15625,B099,Customer
E00051,PCZ86357,CAT 303 CR,P002,PC001,2013,14922,B021,Customer
E02490,CEJ92383,CAT TL943,P065,PC013,2020,7942,B005,Customer
E02860,LPM51609,CAT C4.4,P073,PC015,2021,6379,B023,Customer
E03657,RYP71300,CAT MH3040,P095,PC021,2015,11613,B007,Customer
E03433,GTK33399,CAT RM600,P089,PC019,2024,2023,B022,Customer
E01475,CKD70233,CAT 980,P036,PC006,2010,17705,B010,Dealer Demo
E00806,ZCD00288,CAT D3,P020,PC005,2015,11305,B011,Customer
E02641,VJF16523,CAT C15,P069,PC014,2011,16376,B014,Rental Fleet
E04572,MCY66045,CAT 558,P121,PC031,2026,0,B025,Customer
E02805,MCL40820,CAT 3516,P072,PC014,2008,18527,B009,Customer
E00396,MZZ39111,CAT 330,P010,PC002,2008,19204,B019,Customer
E00776,ZCD33541,CAT D3,P020,PC005,2011,16174,B021,Customer
E03744,YKH65290,CAT 793,P098,PC023,2026,0,B020,Customer
E04642,TNH15902,CAT H95,P123,PC032,2010,17520,B009,Customer
E01783,NND38604,CAT 730,P044,PC008,2010,17995,B021,Customer
E04916,TPJ00422,CAT 3512E Marine,P132,PC034,2008,19598,B020,Customer
E03566,CHR80545,CAT MH3024,P093,PC021,2019,7498,B024,Customer
E02206,BJC83675,CAT 272,P057,PC011,2008,18765,B019,Rental Fleet
E03189,NVD24729,CAT PM822,P082,PC017,2014,12848,B007,Customer
E01757,NND47175,CAT 730,P044,PC008,2026,141,B007,Customer
E03738,YKH18858,CAT 793,P098,PC023,2025,1336,Richmond,Rental Fleet
E03885,GTZ18959,CAT 795,P100,PC023,2023,-3237,B014,Customer
E04049,EPC53202,CAT 7495,P107,PC025,2017,10543,B011,Customer
E00256,CXX74929,CAT 320,P007,PC002,2022,3679,B021,Customer
E00913,LME21984,CAT D6,P023,PC005,2016,10911,B015,Customer
E00411,MZZ54506,CAT 330,P010,PC002,2019,7305,B025,Customer
E01907,LFR46666,CAT 772,P047,PC009,2009,19459,B001,Customer
E00408,MZZ92217,330,P010,PC002,2024,1616,B025,Customer
E03546,RDV44952,CAT PL87,P092,PC020,2023,3615,B027,Customer
E02927,YSD86463,CAT C13,P075,PC015,2023,2998,B004,Rental Fleet
E01828,KMN86118,CAT 745,P045,PC008,2025,511,B008,Customer
E90970,FDG24531,CAT D6 XE,P024,PC005,2016,11767,B018,Customer
E03582,AVS98210,CAT MH3026,P094,PC021,2013,14987,B007,Customer
E03275,DXP39259,CAT CS56B,P085,PC018,2020,6234,B007,Customer
E00175,ZBX40493,CAT 313,P005,PC002,0,18737,B012,Customer
E01036,XRY91363,CAT D9,P026,PC005,2025,688,B016,Customer
E04339,JGB93404,CAT 525D,P116,PC029,2017,9878,B024,Customer
E01013,XRY24614,d9,P026,PC005,2023,3151,B018,Customer
E01605,SDS17192,CAT 160,P041,PC007,2022,5113,B013,Rental Fleet
E03982,HFA25558,CAT 6030,P104,PC024,2012,15875,B011,Customer
E02960,NGD05736,CAT C18 ACERT,P076,PC015,2018,8385,B019,Customer
E04338,JGB50500,CAT 525D,P116,PC029,2018,9472,B013,Customer
E03768,YKH19030,CAT 793,P098,PC023,2011,17280,B013,Customer
E01961,XGE39108,CAT 775,P048,PC009,2021,5252,B003,Customer
E02404,ZBH79789,299,P062,PC012,2008,19672,B025,Rental Fleet
E04685,ZND34010,CAT H110,P124,PC032,2012,15472,B014,Customer
E02425,EXY26745,CAT TH255C,P063,PC013,2015,11834,B027,Customer
E00554,JVM37924,CAT M318,P014,PC003,2017,10292,B019,Customer
E03076,LWM96131,CAT AP1055,P079,PC016,2017,9127,B002,Customer
E04483,HNE47615,CAT 522B,P120,PC030,2009,18604,B015,Customer
E03723,KMY11777,CAT G3520,P097,PC022,2008,19183,B016,Customer
E01442,ZKJ15627,CAT 972,P035,PC006,2031,17614,B005,Customer
E04408,FRP23205,CAT 545D,P118,PC029,2020,6852,B013,Customer
E00763,BEE96217,CAT 440,P019,PC004,2014,13904,B004,Customer
E04130,EDH00379,CAT R1700,P111,PC027,2014,13817,B022,Dealer Demo
E04760,DHW58857,CAT A14B Auger,P127,PC033,2010,16270,B016,Customer
E04992,HBE76752,CAT 3516E Well Service,P134,PC035,2008,20846,B003,Rental Fleet
E04386,bsk78092 ,CAT 535D,P117,PC029,2011,17338,B014,Customer
E02655,VJF28975,CAT C15,P069,PC014,2018,9255,B023,Customer
E03828,MVL75258,CAT 794 AC,P099,PC023,2016,10302,B001,Customer
E03681,RSX68018,CAT G3516,P096,PC022,2023,3252,B028,Customer
E01115,GEK19918,CAT D11,P028,PC005,2016,11051,B006,Customer
E04020,WME61605,CAT 6060,P106,PC024,2016,10796,B006,Customer
E92952,NGD37331,CAT C18 ACERT,P076,PC015,2020,7088,B018,Customer
E02257,MVA86440,CAT 259,P059,PC012,2015,11388,B023,Customer
E00958,FDG65405,CAT D6 XE,P024,PC005,2014,12907,Richmond,Customer
E03006,ERV45067,CAT AP400,P077,PC016,2026,0,B011,Dealer Demo
E03387,CMC83635,CAT RM400,P088,PC019,2009,18487,B027,Customer
E01571,WEG26198,CAT 140,P039,PC007,2024,953,B016,Customer
E01540,DLV06831,CAT 988,P037,PC006,2009,19075,B011,Rental Fleet
E03986,HFA49702,CAT 6030,P104,PC024,2026,803,B015,Rental Fleet
E00829,VKP90518,CAT D4,P021,PC005,2009,18786,B018,Customer
E93708,RSX05165,CAT G3516,P096,PC022,2008,20035,B002,Customer
E00663,JBS14539,CAT 416,P016,PC004,2012,16078,B003,Customer
E00425,MZZ49237,CAT 330,P010,PC002,2020,7955,B028,Customer
E01574,WEG60756,140,P039,PC007,2018,9580,B022,Customer
E03163,NVD94933,CAT PM822,P082,PC017,2015,12511,B004,Customer
E01831,RES88786,CAT 770,P046,PC009,2008,19705,B006,Customer
E04091,ZWL92073,CAT MD6310,P109,PC026,2026,76,B008,Customer
E02916,YSD23828,CAT C13,P075,PC015,2023,2141,B018,Customer
E00650,YYZ45094,CAT M320,P015,PC003,2023,3230,B019,Customer
E05004,HBE49960,CAT 3516E Well Service,P134,PC035,2009,19025,B013,Rental Fleet
E03534,RDV98310,CAT PL87,P092,PC020,2010,16806,B020,Customer
E00218,ZDP94511,CAT 315,P006,PC002,2021,5223,B002,Rental Fleet
E01445,ZKJ16091,CAT 972,P035,PC006,2020,6667,B016,Customer
E00510,NZV93748,CAT 352,P012,PC002,2012,15403,B014,Customer
E01079,VPD74900,CAT D10,P027,PC005,2023,3277,B009,Customer
E01938,XGE64884,CAT 775,P048,PC009,2014,13181,B010,Customer
E03015,FBY17125,CAT AP555,P078,PC016,2009,19651,B001,Customer
E01504,ckd64273 ,CAT 980,P036,PC006,2009,18578,B018,Customer
E03199,NVD84678,CAT PM822,P082,PC017,2021,6090,B008,Customer
E03197,NVD58960,CAT PM822,P082,PC017,2020,5654,B024,Rental Fleet
E01681,SRE88947,CAT 18,P042,PC007,2021,5902,B011,Customer
E03129,TFN93049,CAT PM310,P080,PC017,2016,10864,B026,Customer
E01976,CTW34168,CAT 777,P049,PC009,2016,11955,B013,Customer
E04276,SYV32508,CAT AD45,P114,PC028,2021,5141,B010,Dealer Demo
E03383,CMC85029,CAT RM400,P088,PC019,2019,7171,B001,Rental Fleet
E04117,HPZ43477,CAT R1300G,P110,PC027,2016,11502,B002,Customer
E00642,YYZ06638,CAT M320,P015,PC003,2022,3766,B006,Rental Fleet
E03999,CHK56198,CAT 6040,P105,PC024,2026,278,B003,Customer
E04612,VRA12170,CAT 568,P122,PC031,2012,14314,B021,Customer
E01818,KMN86387,CAT 745,P045,PC008,2020,7887,B006,Customer
E04269,SYV85207,CAT AD45,P114,PC028,2026,0,B013,Customer
E03071,LWM51063,CAT AP1055,P079,PC016,2022,4582,B009,Customer
E04150,EDH15398,CAT R1700,P111,PC027,2021,5590,B003,Customer
E01325,BBY26209,CAT 950,P033,PC006,2021,-5200,B016,Customer
E00729,VMM49346,CAT 430,P018,PC004,2021,5896,B007,Customer
E02949,NGD05479,CAT C18 ACERT,P076,PC015,2020,-6382,B022,Customer
E03903,EJX27151,CAT 797F,P101,PC023,2020,6200,B023,Customer
E00003,RHC63654,CAT 301.7,P001,PC001,2021,4308,B002,Customer
E04437,,CAT 521B,P119,PC030,2026,102,B013,Customer
E02844,LPM39168,CAT C4.4,P073,PC015,2022,4907,,Customer
E00295,CXX68615,CAT 320,P007,PC002,2010,17821,B017,Customer
E04680,ZND40902,CAT H110,P124,PC032,2016,10572,B013,Customer
E02261,MVA99679,CAT 259,P059,PC012,2018,9685,B021,Customer
E04201,YBY49557,CAT AD22,P113,PC028,2014,12799,B005,Customer
E02988,ERV03125,ap400,P077,PC016,2022,3210,B023,Customer
E03131,ZJG57062,CAT PM620,P081,PC017,2026,0,B026,Customer
E01735,NND30555,CAT 730,P044,PC008,2021,6196,B020,Customer
E03288,DXP45473,CAT CS56B,P085,PC018,2022,4382,B020,Customer
E01290,MLZ25310,CAT 938,P032,PC006,2009,19131,B001,Customer
E02332,YKA34115,CAT 289,P061,PC012,2025,2064,B027,Customer
E02719,DZZ79841,CAT C18,P070,PC014,2009,18652,B024,Customer
E03620,RYP49281,CAT MH3040,P095,PC021,2019,8313,B004,Customer
E03022,FBY14880,CAT AP555,P078,PC016,2024,2076,B001,Rental Fleet
E04936,HHR87278,CAT 3512E Well Service,P133,PC035,2022,4376,B007,Customer
E04169,JYL16578,CAT R2900,P112,PC027,2016,11483,B012,Customer
E01217,MXW99232,CAT 908,P030,PC006,2008,20006,B018,Customer
E04705,NEE65595,CAT H120,P125,PC032,2017,10399,B006,Customer
E02823,LPM84187,c4.4,P073,PC015,2021,6241,B004,Customer
E03787,YKH29998,CAT 793,P098,PC023,2011,16795,B009,Customer
E00738,VMM92809,CAT 430,P018,PC004,2026,623,B019,Rental Fleet
E02899,fsc51937 ,CAT C7.1,P074,PC015,2012,15542,B018,Customer
E01091,VPD39993,CAT D10,P027,PC005,2011,16377,B007,Customer
E04816,FPR23617,CAT G120B Grapple,P129,PC033,2023,3108,B018,Rental Fleet
E01762,NND48450,CAT 730,P044,PC008,2015,11816,B026,Customer
E03833,MVL54340,CAT 794 AC,P099,PC023,2011,15934,B010,Customer
E01776,NND51892,CAT 730,P044,PC008,2015,12196,B007,Customer
E01031,XRY99558,d9,P026,PC005,2018,8651,B021,Customer
E04508,HNE21460,CAT 522B,P120,PC030,2018,8938,B004,Customer
E01248,EAC33680,CAT 926,P031,PC006,2016,10610,B001,Customer
E03481,BGR23372,CAT PL61,P090,PC020,2012,16070,B027,Customer
E00066,PCZ08419,CAT 303 CR,P002,PC001,2014,13532,B014,Customer
E02601,GJG62073,CAT C9.3B,P068,PC014,2020,6830,B012,Customer
E02802,MCL13123,CAT 3516,P072,PC014,2013,14050,B001,Customer
E04242,YBY24231,CAT AD22,P113,PC028,2019,7623,B002,Customer
E03616,RYP60851,CAT MH3040,P095,PC021,2010,17293,B001,Customer
E01144,GEK81601,CAT D11,P028,PC005,2008,19585,B025,Customer
E00629,YYZ14284,CAT M320,P015,PC003,2026,201,B015,Customer
E03231,YBM99923,CAT CB2.7,P083,PC018,2018,9004,B027,Customer
E00847,EBE73576,CAT D5,P022,PC005,2023,4055,B001,Customer
E03464,BGR49557,CAT PL61,P090,PC020,2023,3680,B001,Customer
E01231,EAC59773,CAT 926,P031,PC006,2021,6225,B014,Customer
E01943,xge88854 ,CAT 775,P048,PC009,2021,4952,B013,Customer
E02386,ZBH74456,CAT 299,P062,PC012,2025,1139,B002,Dealer Demo
E01181,AFG68826,CAT 906,P029,PC006,2014,13105,B026,Customer
E02433,EXY10134,CAT TH255C,P063,PC013,2010,19409,B019,Customer
E00965,FDG52151,CAT D6 XE,P024,PC005,2016,11137,B002,Customer
E03213,YBM24900,CAT CB2.7,P083,PC018,2017,9681,B018,Customer
E04974,HBE82682,CAT 3516E Well Service,P134,PC035,2021,5632,B010,Customer
E03057,LWM92540,CAT AP1055,P079,PC016,2018,8309,B008,Customer
E92800,MCL04486,CAT 3516,P072,PC014,2023,4246,B024,Rental Fleet
E03556,CHR99974,CAT MH3024,P093,PC021,2010,17224,B001,Customer
E02984,ERV27986,CAT AP400,P077,PC016,2017,9595,B013,Customer
E01374,VKR45069,CAT 966,P034,PC006,2018,9096,B005,Customer
E01936,XGE78497,CAT 775,P048,PC009,2009,19673,B011,Customer
E02156,HGZ05018,CAT 246,P055,PC011,2022,4480,B018,Customer
E04299,XHW92513,CAT AD60,P115,PC028,2016,10676,B009,Customer
E00915,LME02171,CAT D6,P023,PC005,2031,16850,B017,Customer
E03508,GSD65333,CAT PL72,P091,PC020,2023,1773,B008,Customer
E02019,KMD46366,CAT 953,P050,PC010,2012,15398,Richmond,Customer
E03700,RSX54537,CAT G3516,P096,PC022,2021,5777,B002,Rental Fleet
E01774,NND52553,CAT 730,P044,PC008,2026,0,B021,Rental Fleet
E00517,NZV13887,CAT 352,P012,PC002,2021,5963,B017,Customer
E01402,VKR36336,CAT 966,P034,PC006,2011,17680,B016,Dealer Demo
E02639,VJF83360,c15,P069,PC014,2017,10184,B024,Customer
E03718,KMY48344,CAT G3520,P097,PC022,2013,14322,B010,Customer
E03630,RYP34223,CAT MH3040,P095,PC021,2014,12706,B017,Rental Fleet
E01328,BBY35350,CAT 950,P033,PC006,2019,7911,B007,Customer
E05017,HBE06404,CAT 3516E Well Service,P134,PC035,2013,13107,B009,Rental Fleet
E03478,BGR06653,CAT PL61,P090,PC020,2015,12015,B017,Rental Fleet
E00247,zdp30969 ,CAT 315,P006,PC002,2012,15768,B006,Customer
E03813,MVL47333,CAT 794 AC,P099,PC023,2017,11361,B016,Customer
E03327,SNW65067,CAT CS66B,P086,PC018,2011,15780,B002,Customer
E00942,FDG11383,CAT D6 XE,P024,PC005,2013,14442,B009,Customer
E01803,KMN88459,CAT 745,P045,PC008,2011,16355,B023,Customer
E01506,DLV62289,CAT 988,P037,PC006,2019,8183,B023,Customer
E02616,GJG37119,CAT C9.3B,P068,PC014,2018,9535,B027,Customer
E00521,VWW45657,395,P013,PC002,2012,15149,B007,Customer
E03338,SNW06412,CAT CS66B,P086,PC018,2010,17125,B002,Rental Fleet
E00024,RHC83508,CAT 301.7,P001,PC001,2012,14557,B009,Customer
E01948,XGE18983,CAT 775,P048,PC009,2017,9249,B007,Customer
E04364,BSK03641,CAT 535D,P117,PC029,2012,15693,B021,Customer
E04771,DHW63790,CAT A14B Auger,P127,PC033,2011,15809,B017,Customer
E01424,ZKJ05673,CAT 972,P035,PC006,2016,10305,B003,Customer
E04268,SYV60871,CAT AD45,P114,PC028,2013,12673,B015,Customer
E01123,GEK80880,CAT D11,P028,PC005,2022,3869,B015,Rental Fleet
E01486,CKD31507,CAT 980,P036,PC006,2012,15191,B005,Customer
E00564,JVM35198,CAT M318,P014,PC003,2023,2720,B011,Rental Fleet
E03797,MVL29077,CAT 794 AC,P099,PC023,2008,19436,B002,Customer
E02752,RYG57426,CAT C32,P071,PC014,2019,7774,B010,Customer
E03448,BGR28932,CAT PL61,P090,PC020,2012,15799,B024,Customer
E00894,LME05611,CAT D6,P023,PC005,2015,12780,B022,Customer
E01283,EAC70796,CAT 926,P031,PC006,2010,17689,B023,Rental Fleet
E03611,ryp91657 ,CAT MH3040,P095,PC021,2026,203,B025,Customer
E02424,EXY58172,CAT TH255C,P063,PC013,2024,1403,B004,Customer
E00692,JBS24456,CAT 416,P016,PC004,2019,7237,B015,Customer
E03187,NVD14779,CAT PM822,P082,PC017,2008,19333,B017,Customer
E00348,WMR17140,CAT 326,P009,PC002,2020,6197,B025,Customer
E03427,GTK01805,CAT RM600,P089,PC019,2021,4496,B003,Customer
E01834,RES51200,CAT 770,P046,PC009,2011,15704,B023,Customer
E02909,YSD33032,CAT C13,P075,PC015,2021,5116,B013,Customer
E01610,SDS72985,CAT 160,P041,PC007,2014,11816,B002,Dealer Demo
E02364,YKA57525,289,P061,PC012,2010,17596,B014,Customer
E04921,,CAT 3512E Marine,P132,PC034,2016,10540,B028,Customer
E02402,ZBH49720,CAT 299,P062,PC012,2014,13269,B006,Customer
E01033,XRY73185,CAT D9,P026,PC005,2018,9042,,Rental Fleet
E04033,EPC66084,CAT 7495,P107,PC025,2010,17135,B023,Customer
E00636,YYZ12416,CAT M320,P015,PC003,2015,11750,B015,Customer
E03158,ZJG83260,CAT PM620,P081,PC017,0,3661,,Customer
E00380,MZZ39009,CAT 330,P010,PC002,2015,12249,B025,Customer
E00535,VWW11109,CAT 395,P013,PC002,2026,0,B008,Customer
E02545,FTD33391,CAT TL1055,P066,PC013,2020,5803,B007,Customer
E01683,SRE54110,CAT 18,P042,PC007,2012,15762,B027,Rental Fleet
E01369,VKR19444,CAT 966,P034,PC006,2009,18300,B006,Customer
E02476,CEJ05028,CAT TL943,P065,PC013,2031,7907,B014,Customer
E01372,VKR05394,CAT 966,P034,PC006,2011,15667,B011,Customer
E01195,AFG70855,CAT 906,P029,PC006,2018,8502,B016,Rental Fleet
E01413,zkj44606 ,CAT 972,P035,PC006,2021,5814,B007,Customer
E04224,YBY23415,CAT AD22,P113,PC028,2013,13431,B024,Rental Fleet
E01352,BBY85071,CAT 950,P033,PC006,2011,16107,B016,Customer
E01893,LFR54637,CAT 772,P047,PC009,2024,1649,B006,Customer
E02053,PSK02868,CAT 963,P051,PC010,2024,2439,B005,Customer
E03328,SNW87165,CAT CS66B,P086,PC018,2018,8231,B006,Customer
E00062,PCZ58992,CAT 303 CR,P002,PC001,2023,2638,B009,Customer
E00984,JSY46545,CAT D8,P025,PC005,2017,9501,B011,Customer
E03978,HFA37849,CAT 6030,P104,PC024,2010,17272,B002,Rental Fleet
E01576,WEG10379,CAT 140,P039,PC007,2021,5352,B026,Customer
E01992,CTW86189,CAT 777,P049,PC009,2012,15145,B005,Customer
E01494,CKD94697,CAT 980,P036,PC006,2009,18230,B016,Customer
E01198,AFG80782,CAT 906,P029,PC006,2022,-5129,B012,Customer
E01199,AFG93442,CAT 906,P029,PC006,2014,13257,B003,Dealer Demo
E03451,BGR12253,CAT PL61,P090,PC020,2014,12961,B004,Customer
E03325,SNW80313,CAT CS66B,P086,PC018,2010,17552,B020,Rental Fleet
E00627,YYZ91846,CAT M320,P015,PC003,2020,6862,B015,Customer
E02514,CEJ34639,CAT TL943,P065,PC013,2011,16489,B021,Customer
E03140,ZJG66369,CAT PM620,P081,PC017,2018,7606,,Dealer Demo
E01908,LFR95057,CAT 772,P047,PC009,2020,5822,B027,Rental Fleet
E04957,HHR69979,CAT 3512E Well Service,P133,PC035,2008,18799,B020,Customer
E02411,ZBH11212,CAT 299,P062,PC012,2016,12030,B010,Customer
E03591,AVS82622,CAT MH3026,P094,PC021,2021,6512,B001,Customer
E03832,MVL26040,CAT 794 AC,P099,PC023,2010,16879,B015,Customer
E03697,RSX99322,CAT G3516,P096,PC022,2012,14926,B005,Customer
E04393,BSK20110,CAT 535D,P117,PC029,2022,4679,B020,Customer
E01647,SDS45920,CAT 160,P041,PC007,2015,11829,B027,Customer
E03563,CHR00650,CAT MH3024,P093,PC021,2025,-1574,B025,Customer
E04387,BSK38823,CAT 535D,P117,PC029,2014,13041,B005,Customer
E03375,CMC68431,CAT RM400,P088,PC019,2013,14595,B016,Dealer Demo
E00443,GBE07553,CAT 336,P011,PC002,2022,2946,B018,Customer
E02644,VJF50059,CAT C15,P069,PC014,2011,16561,B017,Dealer Demo
E01485,CKD74203,CAT 980,P036,PC006,2021,5469,B007,Customer
E00233,ZDP63784,CAT 315,P006,PC002,2026,0,B008,Customer
E03877,GTZ08933,CAT 795,P100,PC023,2026,0,B003,Customer
E01055,XRY86099,CAT D9,P026,PC005,2024,2206,B006,Customer
E00599,YYZ15656,CAT M320,P015,PC003,2013,14624,B001,Customer
E00734,VMM24689,CAT 430,P018,PC004,2017,9837,B005,Customer
E04617,VRA55138,CAT 568,P122,PC031,2013,13947,B004,Customer
E03336,SNW95602,CAT CS66B,P086,PC018,2025,1171,B019,Customer
E02539,FTD01288,CAT TL1055,P066,PC013,2023,3144,B016,Customer
E04397,BSK92568,CAT 535D,P117,PC029,2013,14362,B007,Customer
E00479,GBE71177,CAT 336,P011,PC002,2016,10856,B028,Customer
E00606,YYZ88359,m320,P015,PC003,2026,304,B024,Customer
E01756,NND38087,CAT 730,P044,PC008,2012,15578,B015,Customer
E02699,DZZ19402,CAT C18,P070,PC014,2012,15263,B012,Customer
E03251,,CAT CB10,P084,PC018,2026,0,B007,Rental Fleet
E01629,SDS94061,CAT 160,P041,PC007,2008,20298,B003,Customer
E01670,SRE21708,CAT 18,P042,PC007,2010,17853,B023,Customer
E02087,EAX19317,CAT 226,P053,PC011,2020,6301,B022,Customer
E01077,VPD98677,CAT D10,P027,PC005,2022,3812,B008,Customer
E04059,EPC90013,CAT 7495,P107,PC025,2009,18593,B001,Customer
E02284,MVA76436,CAT 259,P059,PC012,2023,-4191,B001,Customer
E00886,LME04805,CAT D6,P023,PC005,2014,13354,B018,Customer
E01761,NND85836,CAT 730,P044,PC008,2020,6667,B007,Customer
E03337,SNW62027,CAT CS66B,P086,PC018,2014,12882,B013,Customer
E03024,FBY11454,CAT AP555,P078,PC016,2015,12361,B028,Customer
E00268,CXX12250,CAT 320,P007,PC002,2024,1211,B021,Customer
E02513,CEJ55726,CAT TL943,P065,PC013,2018,8669,B009,Customer
E02388,ZBH37041,CAT 299,P062,PC012,2013,14505,B002,Customer
E03374,CMC08315,CAT RM400,P088,PC019,2010,-16894,B006,Customer
E03952,JMJ01549,CAT 6015B,P102,PC024,2017,9595,B002,Rental Fleet
E03310,DXP10634,CAT CS56B,P085,PC018,2017,10649,B008,Customer
E04711,NEE03842,CAT H120,P125,PC032,2015,12547,B010,Customer
E04322,JGB98423,CAT 525D,P116,PC029,2019,7438,Richmond,Customer
E04368,BSK60723,CAT 535D,P117,PC029,2015,11168,B022,Customer
E03827,mvl08906 ,CAT 794 AC,P099,PC023,2025,1431,B023,Rental Fleet
E01505,DLV89488,CAT 988,P037,PC006,2023,3311,B026,Rental Fleet
E00059,PCZ59830,303 cr,P002,PC001,2011,16948,B017,Dealer Demo
E04631,,CAT 568,P122,PC031,2026,435,B002,Customer
E01920,XGE13825,CAT 775,P048,PC009,2010,17486,B014,Dealer Demo
E04778,dhw89548 ,CAT A14B Auger,P127,PC033,2020,6828,B007,Customer
E03228,YBM37250,CAT CB2.7,P083,PC018,2016,10965,B014,Customer
E05008,HBE24186,CAT 3516E Well Service,P134,PC035,2020,5124,B006,Rental Fleet
E04889,PJB12275,CAT C32 Marine,P131,PC034,2022,5086,B013,Rental Fleet
E02112,PXY61574,CAT 236,P054,PC011,2013,14388,B024,Customer
E01634,SDS69179,CAT 160,P041,PC007,2016,10487,B099,Rental Fleet
E03116,TFN01470,CAT PM310,P080,PC017,2009,17867,B009,Rental Fleet
E04865,TVV99295,CAT C18 Marine,P130,PC034,2015,12485,B018,Customer
E03459,BGR20573,CAT PL61,P090,PC020,2013,14318,B006,Customer
E04804,MXE35211,CAT G115B Grapple,P128,PC033,2020,6503,B016,Rental Fleet
E04828,FPR81225,CAT G120B Grapple,P129,PC033,2015,11511,B002,Customer
E00543,VWW64055,395,P013,PC002,2022,4784,B026,Customer
E01185,AFG67653,CAT 906,P029,PC006,2011,16357,B024,Customer
E03584,AVS85222,CAT MH3026,P094,PC021,2019,-7369,B008,Rental Fleet
E02051,PSK45527,CAT 963,P051,PC010,2025,1616,B023,Customer
E04962,,CAT 3512E Well Service,P133,PC035,2017,9108,B025,Customer
E01969,CTW22493,CAT 777,P049,PC009,2025,0,B001,Customer
E04517,HNE79850,CAT 522B,P120,PC030,2025,627,B021,Rental Fleet
E01019,XRY71198,CAT D9,P026,PC005,2010,17214,B027,Customer
E00040,RHC45310,CAT 301.7,P001,PC001,2021,4665,B024,Customer
E03285,DXP40678,CAT CS56B,P085,PC018,2014,13518,B004,Customer
E04385,BSK83599,CAT 535D,P117,PC029,2020,5419,B013,Customer
E00490,NZV58293,CAT 352,P012,PC002,2017,10262,B012,Customer
E02043,PSK17080,CAT 963,P051,PC010,2025,618,B012,Customer
E02938,YSD96802,CAT C13,P075,PC015,2021,5869,B017,Customer
E02766,RYG69700,CAT C32,P071,PC014,2011,16597,B006,Customer
E02800,MCL04486,CAT 3516,P072,PC014,2023,4246,B024,Rental Fleet
E02346,YKA49352,CAT 289,P061,PC012,2023,2441,B016,Customer
E01937,XGE35842,CAT 775,P048,PC009,2011,17439,B016,Customer
E04104,hpz00144 ,CAT R1300G,P110,PC027,2012,15825,B015,Customer
E01603,SDS37751,CAT 160,P041,PC007,2013,14199,B015,Customer
E00932,LME98018,CAT D6,P023,PC005,2011,17278,B008,Customer
E02851,LPM55270,CAT C4.4,P073,PC015,2021,5765,B025,Customer
E01034,XRY02799,CAT D9,P026,PC005,2014,12220,B023,Customer
E04901,PJB37711,CAT C32 Marine,P131,PC034,2016,11742,B015,Customer
E05022,HBE19241,CAT 3516E Well Service,P134,PC035,2020,7433,B027,Customer
E02004,CTW89664,CAT 777,P049,PC009,2024,2536,B020,Customer
E00209,ZBX08610,CAT 313,P005,PC002,2012,15989,B019,Customer
E04466,XWK16369,CAT 521B,P119,PC030,2013,14879,B020,Customer
E00387,,CAT 330,P010,PC002,2016,11762,B008,Customer
E00909,LME78559,CAT D6,P023,PC005,2020,-7439,B024,Customer
E02965,NGD78861,CAT C18 ACERT,P076,PC015,2015,11346,B005,Customer
E03308,DXP60863,CAT CS56B,P085,PC018,2015,11707,Richmond,Rental Fleet
E04520,HNE34432,CAT 522B,P120,PC030,2017,10222,,Rental Fleet
E02836,LPM27362,CAT C4.4,P073,PC015,2017,9893,B024,Customer
E02039,PSK06234,CAT 963,P051,PC010,2018,8808,B022,Customer
E02847,LPM14790,CAT C4.4,P073,PC015,2016,10558,B006,Rental Fleet
E01829,RES22360,CAT 770,P046,PC009,2013,14732,B006,Customer
E04314,JGB95661,CAT 525D,P116,PC029,2018,8584,B028,Customer
E00722,FGG23277,420,P017,PC004,2022,3978,B028,Customer
E00332,WMR45157,CAT 326,P009,PC002,2024,2571,B005,Rental Fleet
E04530,HNE55439,CAT 522B,P120,PC030,2021,5537,B019,Customer
E00552,JVM27083,CAT M318,P014,PC003,2012,16162,B027,Customer
E04039,EPC70572,CAT 7495,P107,PC025,2017,11022,B024,Customer
E03202,YBM36810,CAT CB2.7,P083,PC018,2020,6702,B015,Customer
E01121,GEK35371,CAT D11,P028,PC005,2008,20205,B022,Dealer Demo
E02685,DZZ79169,CAT C18,P070,PC014,2011,17138,B006,Customer
E03805,,CAT 794 AC,P099,PC023,2024,2335,B024,Customer
E00300,CXX84253,CAT 320,P007,PC002,2018,8262,B006,Rental Fleet
E00562,JVM95805,m318,P014,PC003,2010,17435,B015,Customer
E04474,HNE11981,522b,P120,PC030,2013,15274,B028,Customer
E01086,VPD22185,CAT D10,P027,PC005,2031,10413,B012,Customer
E01437,ZKJ73025,CAT 972,P035,PC006,2017,9856,B016,Customer
E02436,EXY86403,CAT TH255C,P063,PC013,2023,4150,B017,Customer
E02361,YKA74488,CAT 289,P061,PC012,2021,5277,B006,Customer
E01728,CWE62073,CAT 725,P043,PC008,2011,15158,B008,Rental Fleet
E00184,ZBX61798,CAT 313,P005,PC002,2015,12681,B001,Customer
E04430,FRP80917,CAT 545D,P118,PC029,2012,15302,B014,Customer
E02233,FMH73616,CAT 239,P058,PC012,2015,12548,B007,Customer
E01862,LFR26768,CAT 772,P047,PC009,2012,15233,B005,Customer
E01959,XGE29483,CAT 775,P048,PC009,2024,2974,B019,Customer
E02695,DZZ34670,CAT C18,P070,PC014,2014,13904,B003,Customer
E04645,TNH59867,CAT H95,P123,PC032,2014,13161,B018,Rental Fleet
E03629,RYP64432,CAT MH3040,P095,PC021,2010,18229,B027,Customer
E94724,BTJ27006,CAT H140,P126,PC032,2010,18103,B015,Customer
E03924,EJX69915,CAT 797F,P101,PC023,2016,12154,B026,Customer
E04145,EDH76181,CAT R1700,P111,PC027,2017,9665,B009,Customer
E00652,JBS76545,CAT 416,P016,PC004,0,8175,B008,Dealer Demo
E02579,VNN40785,CAT TL1255,P067,PC013,2008,19717,B011,Customer
E02081,EAX13939,CAT 226,P053,PC011,2008,18731,B028,Customer
E03763,YKH21952,CAT 793,P098,PC023,2026,177,B019,Customer
E01405,VKR48917,CAT 966,P034,PC006,2011,15717,B028,Customer
E02250,MVA34568,CAT 259,P059,PC012,2010,17480,Richmond,Customer
E02283,MVA10090,CAT 259,P059,PC012,2016,11484,B001,Customer
E03750,YKH68020,CAT 793,P098,PC023,2025,1177,B008,Customer
E00979,FDG06254,CAT D6 XE,P024,PC005,2026,0,B002,Customer
E00324,RBK11507,CAT 323,P008,PC002,2022,5218,B026,Customer
E02352,YKA13820,CAT 289,P061,PC012,2015,12249,B006,Customer
E93029,FBY00504,CAT AP555,P078,PC016,2010,16767,B007,Customer
E04139,EDH21261,CAT R1700,P111,PC027,2020,6744,B028,Customer
E00588,JVM17300,CAT M318,P014,PC003,2018,8624,B013,Rental Fleet
E03300,DXP80845,CAT CS56B,P085,PC018,2018,8810,B024,Dealer Demo
E02818,LPM59401,CAT C4.4,P073,PC015,2014,14319,B020,Customer
E04146,EDH57800,r1700,P111,PC027,2009,19690,B014,Customer
E04519,HNE10742,CAT 522B,P120,PC030,2022,3068,B025,Customer
E02442,MHR53428,CAT TH357D,P064,PC013,2015,11625,B022,Customer
E02232,FMH74380,CAT 239,P058,PC012,2022,4455,B026,Customer
E00708,FGG74977,CAT 420,P017,PC004,2023,2458,B099,Customer
E02588,VNN64211,CAT TL1255,P067,PC013,2010,18049,B012,Customer
E01758,NND34341,730,P044,PC008,2015,12140,B024,Customer
E00385,MZZ45399,330,P010,PC002,2010,18378,B024,Customer
E03320,SNW87302,CAT CS66B,P086,PC018,2019,8816,B019,Customer
E04596,VRA04607,CAT 568,P122,PC031,2012,15946,B002,Customer
E02146,HGZ57781,CAT 246,P055,PC011,2012,15692,B012,Customer
E02149,HGZ91718,CAT 246,P055,PC011,2015,12132,B028,Customer
E00977,FDG65484,CAT D6 XE,P024,PC005,2021,6342,B021,Customer
E04379,BSK39054,CAT 535D,P117,PC029,2020,6820,B019,Customer
E04460,XWK17240,CAT 521B,P119,PC030,2016,12335,B020,Customer
E03113,TFN60016,CAT PM310,P080,PC017,2018,9610,B006,Rental Fleet
E00839,VKP49441,CAT D4,P021,PC005,2011,16969,,Customer
E04344,JGB87768,CAT 525D,P116,PC029,2009,18941,B003,Customer
E03704,RSX96062,CAT G3516,P096,PC022,2031,9641,B019,Customer
E01064,VPD28158,CAT D10,P027,PC005,2015,11689,B028,Customer
E03809,MVL58689,CAT 794 AC,P099,PC023,2019,8327,B028,Customer
E03533,RDV05140,CAT PL87,P092,PC020,2015,12971,B024,Customer
E04334,JGB06560,CAT 525D,P116,PC029,2016,10208,B013,Customer
E03155,ZJG08785,CAT PM620,P081,PC017,2010,17568,B014,Rental Fleet
E02468,MHR70757,CAT TH357D,P064,PC013,2009,18469,B018,Customer
E01884,LFR86849,CAT 772,P047,PC009,2026,250,B027,Customer
E03411,GTK37705,CAT RM600,P089,PC019,2026,0,B004,Customer
E04219,YBY42509,CAT AD22,P113,PC028,2014,12761,B005,Customer
E00849,EBE05227,CAT D5,P022,PC005,2015,11882,B026,Rental Fleet
E03021,FBY58966,CAT AP555,P078,PC016,2010,17820,B022,Rental Fleet
E02521,cej12503 ,CAT TL943,P065,PC013,2010,17220,B016,Customer
E04510,HNE51101,CAT 522B,P120,PC030,2017,10292,B009,Customer
E04290,SYV17290,CAT AD45,P114,PC028,2026,0,B028,Customer
E00223,ZDP03442,CAT 315,P006,PC002,2025,419,B023,Customer
E00263,CXX37244,CAT 320,P007,PC002,2020,6585,B020,Rental Fleet
E04464,XWK80122,CAT 521B,P119,PC030,2019,8509,B020,Customer
E04485,HNE46744,CAT 522B,P120,PC030,2014,13270,B028,Customer
E01659,SRE48443,CAT 18,P042,PC007,2011,16345,B005,Customer
E03674,RSX53072,CAT G3516,P096,PC022,2018,8430,B006,Customer
E00023,RHC12098,CAT 301.7,P001,PC001,2009,17950,B002,Customer
E02416,ZBH62942,CAT 299,P062,PC012,2019,7738,B021,Rental Fleet
E02777,RYG69917,CAT C32,P071,PC014,2008,18871,B025,Customer
E04949,HHR71443,CAT 3512E Well Service,P133,PC035,2010,18198,B015,Customer
E00282,CXX19314,CAT 320,P007,PC002,2024,3193,B027,Customer
E01535,DLV23642,CAT 988,P037,PC006,2021,5217,B010,Dealer Demo
E00579,,CAT M318,P014,PC003,2013,14053,B024,Customer
E00727,,CAT 430,P018,PC004,2012,15900,B008,Customer
E00758,BEE77159,CAT 440,P019,PC004,2024,1683,B010,Customer
E03618,RYP98349,CAT MH3040,P095,PC021,2015,12586,B014,Customer
E02080,EAX82233,CAT 226,P053,PC011,2012,15272,B020,Customer
E02621,gjg24638 ,CAT C9.3B,P068,PC014,2023,3789,B003,Customer
E04902,PJB86310,CAT C32 Marine,P131,PC034,2023,3965,B013,Customer
E02393,ZBH69055,CAT 299,P062,PC012,2015,12511,B018,Customer
E04481,HNE42952,CAT 522B,P120,PC030,2024,1372,B015,Customer
E03605,RYP06593,mh3040,P095,PC021,2012,15346,B009,Customer
E00903,LME78909,CAT D6,P023,PC005,2019,7638,B008,Customer
E02976,ERV48245,CAT AP400,P077,PC016,2013,15246,B024,Customer
E03525,GSD79967,CAT PL72,P091,PC020,2022,4505,B023,Customer
E02563,VNN43051,CAT TL1255,P067,PC013,2017,10377,B009,Customer
E01842,RES42385,CAT 770,P046,PC009,2019,8088,B006,Customer
E01399,VKR29429,CAT 966,P034,PC006,2022,4441,B009,Customer
E04840,TVV98482,CAT C18 Marine,P130,PC034,2018,9153,B020,Customer
E01318,MLZ65211,CAT 938,P032,PC006,2023,3396,B006,Customer
E00546,VWW66953,CAT 395,P013,PC002,2025,339,B004,Customer
E00229,ZDP78149,CAT 315,P006,PC002,2026,169,B006,Customer
E05011,HBE45188,CAT 3516E Well Service,P134,PC035,2014,11952,B020,Customer
E01752,NND28758,CAT 730,P044,PC008,2023,3862,,Customer
E90274,CXX94527,CAT 320,P007,PC002,2013,14549,B015,Customer
E01323,BBY54928,CAT 950,P033,PC006,2018,9085,B011,Customer
E02254,MVA62643,CAT 259,P059,PC012,2026,0,B022,Customer
E00470,GBE33085,CAT 336,P011,PC002,2024,2368,B027,Customer
E03389,CMC91214,CAT RM400,P088,PC019,2031,15369,B005,Customer
E04305,XHW39487,CAT AD60,P115,PC028,2008,19874,B019,Customer
E00873,EBE15024,CAT D5,P022,PC005,2014,13649,B028,Customer
E03120,TFN04587,CAT PM310,P080,PC017,2017,9732,B004,Customer
E00176,zbx38681 ,CAT 313,P005,PC002,2010,17448,B011,Customer
E01321,BBY23054,CAT 950,P033,PC006,2025,1179,B017,Customer
E00937,FDG52514,CAT D6 XE,P024,PC005,2020,6050,B023,Rental Fleet
E04294,XHW26744,CAT AD60,P115,PC028,2011,15764,B024,Rental Fleet
E01632,SDS38762,CAT 160,P041,PC007,2024,2039,B014,Customer
E03984,HFA59906,CAT 6030,P104,PC024,2008,18877,B027,Customer
E02506,cej30148 ,CAT TL943,P065,PC013,2008,20213,B021,Customer
E03205,YBM91128,CAT CB2.7,P083,PC018,2026,0,B020,Customer
E01879,LFR98511,CAT 772,P047,PC009,2016,10875,B016,Customer
E01895,LFR65879,CAT 772,P047,PC009,2013,14922,B027,Customer
E02887,FSC50739,CAT C7.1,P074,PC015,2026,0,B012,Rental Fleet
E02374,ZBH73906,CAT 299,P062,PC012,2010,18179,B020,Customer
E04565,MCY36467,CAT 558,P121,PC031,2025,1762,B025,Customer
E04895,PJB42673,CAT C32 Marine,P131,PC034,2026,50,B009,Customer
E04465,,CAT 521B,P119,PC030,2023,3047,,Customer
E00883,LME18351,d6,P023,PC005,2016,11307,B024,Rental Fleet
E02749,RYG61588,CAT C32,P071,PC014,2026,1387,B025,Customer
E03948,JMJ79527,CAT 6015B,P102,PC024,2010,16746,B026,Customer
E00826,VKP13956,CAT D4,P021,PC005,2024,1486,B001,Customer
E03839,GTZ21646,795,P100,PC023,2016,11866,B022,Customer
E03652,RYP84984,CAT MH3040,P095,PC021,2017,9773,B005,Customer
E03315,SNW80029,cs66b,P086,PC018,2015,12282,B020,Customer
E04721,NEE99689,CAT H120,P125,PC032,2012,15959,B023,Customer
E00716,FGG49010,CAT 420,P017,PC004,2024,2675,B027,Customer
E00182,ZBX59610,CAT 313,P005,PC002,2011,17292,B012,Customer
E04637,VRA22043,CAT 568,P122,PC031,2008,20131,B024,Customer
E04813,FPR34094,CAT G120B Grapple,P129,PC033,2018,9948,B020,Customer
E01139,GEK80226,CAT D11,P028,PC005,2024,2756,B013,Customer
E02209,BJC27260,CAT 272,P057,PC011,2019,7160,B001,Customer
E01287,MLZ84908,CAT 938,P032,PC006,2017,10121,B013,Customer
E04319,JGB61401,525d,P116,PC029,2021,4589,B004,Customer
E03346,FAF00359,CAT CW34,P087,PC018,2018,8104,B004,Customer
E04929,TPJ68088,CAT 3512E Marine,P132,PC034,2010,17095,B020,Customer
E02678,DZZ21819,CAT C18,P070,PC014,2015,11529,B019,Customer
E01161,GEK68865,d11,P028,PC005,2016,10253,B005,Customer
E02118,pxy12051 ,CAT 236,P054,PC011,2016,10988,B017,Customer
E00861,EBE56758,CAT D5,P022,PC005,2020,6358,B004,Customer
E02780,MCL17998,3516,P072,PC014,2008,19775,B015,Customer
E04503,HNE17899,CAT 522B,P120,PC030,2020,5930,B013,Customer
E00559,JVM82289,CAT M318,P014,PC003,2016,10435,B021,Customer
E04982,HBE89840,CAT 3516E Well Service,P134,PC035,2026,234,B004,Customer
E02142,HGZ75565,CAT 246,P055,PC011,2016,11290,B012,Customer
E04826,FPR22513,CAT G120B Grapple,P129,PC033,2026,23,B020,Customer
E01415,ZKJ69743,CAT 972,P035,PC006,2024,1982,B026,Customer
E02629,GJG33902,CAT C9.3B,P068,PC014,2021,5485,B026,Rental Fleet
E00696,JBS68496,CAT 416,P016,PC004,2020,6453,B014,Rental Fleet
E04867,TVV21749,CAT C18 Marine,P130,PC034,2009,18188,B022,Customer
E01825,KMN49959,CAT 745,P045,PC008,2022,4063,B007,Customer
E02023,KMD72106,CAT 953,P050,PC010,2023,2392,B005,Customer
E03516,GSD20536,CAT PL72,P091,PC020,2020,6640,B012,Rental Fleet
E00113,EHE15526,CAT 305 CR,P003,PC001,2015,11518,B020,Customer
E00516,NZV98656,CAT 352,P012,PC002,2020,6097,B011,Rental Fleet
E03499,GSD35313,CAT PL72,P091,PC020,2012,13570,B012,Customer
E02090,EAX47251,CAT 226,P053,PC011,2011,16368,B003,Rental Fleet
E04391,BSK36885,535d,P117,PC029,2011,16346,B019,Customer
E03257,,CAT CB10,P084,PC018,2024,2230,B002,Customer
E01295,MLZ60080,CAT 938,P032,PC006,2024,3327,B018,Customer
E04304,,CAT AD60,P115,PC028,2016,10692,B007,Customer
E00676,,CAT 416,P016,PC004,2009,18890,B015,Customer
E00586,JVM31371,CAT M318,P014,PC003,2009,18620,B016,Customer
E03267,DDH59631,CAT CB10,P084,PC018,2015,12231,B008,Customer
E02873,FSC99165,CAT C7.1,P074,PC015,2013,13951,B023,Customer
E02329,YKA68135,CAT 289,P061,PC012,2011,16832,B016,Customer
E00801,ZCD54047,CAT D3,P020,PC005,2020,7338,B027,Customer
E04765,DHW38368,CAT A14B Auger,P127,PC033,2017,8998,B012,Customer
E03802,MVL32257,CAT 794 AC,P099,PC023,2013,13753,B009,Customer
E02953,NGD34276,CAT C18 ACERT,P076,PC015,2026,234,B027,Rental Fleet
E02706,DZZ45117,CAT C18,P070,PC014,2013,13773,B021,Customer
E04618,VRA61647,CAT 568,P122,PC031,2012,14965,Richmond,Customer
E00493,NZV12199,CAT 352,P012,PC002,2025,237,B028,Customer
E03562,CHR15182,CAT MH3024,P093,PC021,2009,19409,B008,Customer
E02048,PSK39516,CAT 963,P051,PC010,2018,7487,B024,Customer
E02617,GJG78242,CAT C9.3B,P068,PC014,2021,5318,B016,Customer
E94158,EDH17561,CAT R1700,P111,PC027,2015,12389,B024,Rental Fleet
E02958,NGD96777,CAT C18 ACERT,P076,PC015,2022,4189,B005,Customer
E02630,GJG65807,CAT C9.3B,P068,PC014,2022,4102,B012,Customer
E04943,HHR54357,CAT 3512E Well Service,P133,PC035,1899,256,B006,Customer
E02323,GPW35413,CAT 279,P060,PC012,2009,19118,B011,Customer
E01956,XGE60775,775,P048,PC009,2010,16562,B028,Rental Fleet
E03069,LWM50351,CAT AP1055,P079,PC016,2011,16501,B003,Customer
E01573,WEG80461,CAT 140,P039,PC007,2019,8029,B003,Customer
E02787,MCL66442,CAT 3516,P072,PC014,2010,17306,,Rental Fleet
E03664,RSX52245,CAT G3516,P096,PC022,2008,20004,B021,Customer
E00654,JBS28759,CAT 416,P016,PC004,2009,18306,B019,Rental Fleet
E03856,GTZ20688,CAT 795,P100,PC023,2010,17772,B017,Rental Fleet
E04723,BTJ68667,CAT H140,P126,PC032,2022,4128,B001,Customer
E04096,ZWL11585,CAT MD6310,P109,PC026,2011,16129,B013,Customer
E03408,CMC95664,CAT RM400,P088,PC019,2026,0,B025,Rental Fleet
E03023,FBY31846,CAT AP555,P078,PC016,2011,17017,B005,Customer
E00002,RHC98772,CAT 301.7,P001,PC001,2010,18313,B028,Customer
E03753,,CAT 793,P098,PC023,2009,18747,B026,Rental Fleet
E04246,YBY74918,CAT AD22,P113,PC028,2014,-12942,B008,Customer
E04444,XWK68169,CAT 521B,P119,PC030,2019,7381,B004,Customer
E01499,CKD87061,CAT 980,P036,PC006,2024,2898,B017,Customer
E05000,HBE91972,CAT 3516E Well Service,P134,PC035,2020,6123,B009,Rental Fleet
E04067,WMB37031,CAT MD6250,P108,PC026,2022,5495,B004,Customer
E02753,RYG98282,CAT C32,P071,PC014,2012,16874,B024,Customer
E00982,jsy46019 ,CAT D8,P025,PC005,2011,16113,B028,Customer
E01541,DLV46440,CAT 988,P037,PC006,2023,4720,B026,Customer
E03871,GTZ18657,CAT 795,P100,PC023,2020,7349,B019,Customer
E02850,LPM87152,CAT C4.4,P073,PC015,2015,12087,B016,Rental Fleet
E01618,SDS73725,CAT 160,P041,PC007,2011,16265,B002,Customer
E03868,GTZ94419,CAT 795,P100,PC023,2015,11223,B009,Rental Fleet
E02301,MVA61122,CAT 259,P059,PC012,2012,15092,B010,Customer
E02315,GPW12589,CAT 279,P060,PC012,2021,-5918,B011,Customer
E03641,RYP23652,CAT MH3040,P095,PC021,2013,14390,B022,Customer
E01962,XGE24234,CAT 775,P048,PC009,2025,980,B013,Rental Fleet
E04261,syv60853 ,CAT AD45,P114,PC028,2025,690,B022,Customer
E02343,YKA51200,CAT 289,P061,PC012,2024,1829,B005,Customer
E04842,TVV63062,CAT C18 Marine,P130,PC034,2010,17901,B015,Customer
E02730,RYG63909,CAT C32,P071,PC014,2013,13662,B001,Customer
E04752,DHW93626,CAT A14B Auger,P127,PC033,2019,8483,B018,Dealer Demo
E00061,PCZ55934,CAT 303 CR,P002,PC001,2024,2566,B006,Customer
E02088,EAX64464,CAT 226,P053,PC011,2011,16893,B006,Dealer Demo
E00576,JVM13527,CAT M318,P014,PC003,2011,15858,B011,Customer
E01382,VKR58455,CAT 966,P034,PC006,2015,11937,B099,Customer
E03733,KMY90110,CAT G3520,P097,PC022,2022,4541,B023,Customer
E00496,NZV39470,CAT 352,P012,PC002,2016,10840,B009,Customer
E01626,SDS29909,CAT 160,P041,PC007,2021,5172,B005,Rental Fleet
E04316,JGB01222,CAT 525D,P116,PC029,2015,12793,B005,Customer
E02684,DZZ23184,CAT C18,P070,PC014,2015,11788,B015,Customer
E01476,CKD29608,CAT 980,P036,PC006,2020,7059,B020,Customer
E03613,RYP25595,CAT MH3040,P095,PC021,2010,17810,B003,Rental Fleet
E04345,BSK82481,CAT 535D,P117,PC029,2009,19438,B012,Customer
E04990,HBE96441,CAT 3516E Well Service,P134,PC035,2008,19177,B099,Customer
E04498,HNE67091,CAT 522B,P120,PC030,0,4081,B002,Customer
E01384,VKR25653,CAT 966,P034,PC006,2016,10384,B001,Customer
E03579,CHR38592,CAT MH3024,P093,PC021,2015,12297,B014,Customer
E02491,CEJ64118,CAT TL943,P065,PC013,2023,2563,B001,Customer
E01812,KMN18703,CAT 745,P045,PC008,2031,20711,B015,Customer
E01887,LFR55951,CAT 772,P047,PC009,2013,14290,B018,Customer
E01686,SRE07948,CAT 18,P042,PC007,2016,11044,B011,Customer
E02035,PSK11920,CAT 963,P051,PC010,2014,13586,B017,Customer
E03162,NVD33051,CAT PM822,P082,PC017,2023,4353,B018,Customer
E00704,FGG91805,CAT 420,P017,PC004,2008,20120,B020,Customer
E03765,YKH85689,CAT 793,P098,PC023,2016,11484,B002,Customer
E03274,DDH78617,CAT CB10,P084,PC018,2010,17586,B012,Rental Fleet
E02665,,CAT C15,P069,PC014,2008,20554,B016,Dealer Demo
E01579,WEG67295,CAT 140,P039,PC007,2009,19192,B004,Customer
E02485,CEJ63470,CAT TL943,P065,PC013,2019,6236,B010,Rental Fleet
E01340,BBY17395,CAT 950,P033,PC006,2014,13700,B012,Customer
E04287,SYV90607,CAT AD45,P114,PC028,2009,19251,B025,Customer
E02814,LPM82822,CAT C4.4,P073,PC015,2020,5433,B002,Customer
E03224,YBM99632,CAT CB2.7,P083,PC018,2019,7900,B026,Dealer Demo
E04644,TNH30815,CAT H95,P123,PC032,2012,14833,B005,Customer
E03105,TFN51464,CAT PM310,P080,PC017,2016,11360,B001,Customer
E00228,ZDP48504,CAT 315,P006,PC002,2013,13882,B010,Customer
E02668,VJF20856,CAT C15,P069,PC014,2013,14551,B025,Customer
E04500,HNE65086,CAT 522B,P120,PC030,2020,7316,B003,Customer
E04179,JYL15250,CAT R2900,P112,PC027,2021,5335,B010,Customer
E00472,GBE39319,CAT 336,P011,PC002,2015,12538,B022,Rental Fleet
E03529,GSD51737,CAT PL72,P091,PC020,2011,16353,B026,Customer
E02664,VJF74042,CAT C15,P069,PC014,2019,7569,B014,Customer
E01239,EAC32143,926,P031,PC006,2010,16627,B022,Customer
E03450,BGR84282,CAT PL61,P090,PC020,2016,11020,B019,Rental Fleet
E03577,CHR40580,mh3024,P093,PC021,2024,1236,B028,Customer
E00368,WMR43417,CAT 326,P009,PC002,2019,7749,B022,Customer
E01926,XGE85711,CAT 775,P048,PC009,2020,7697,B021,Customer
E04094,ZWL46684,CAT MD6310,P109,PC026,2009,-19016,B008,Customer
E00767,BEE49841,CAT 440,P019,PC004,2022,4726,B023,Customer
E02732,RYG12396,CAT C32,P071,PC014,2017,9909,B028,Customer
E04080,,CAT MD6310,P109,PC026,2008,19624,B019,Customer
E03698,RSX69047,CAT G3516,P096,PC022,2024,2265,B018,Rental Fleet
E00742,VMM99998,CAT 430,P018,PC004,2025,1751,B006,Rental Fleet
E00613,YYZ52551,m320,P015,PC003,2009,19309,B010,Customer
E00951,FDG60143,CAT D6 XE,P024,PC005,2018,8267,B028,Customer
E02824,LPM14567,CAT C4.4,P073,PC015,2022,4519,B004,Customer
E01336,BBY00666,CAT 950,P033,PC006,2026,698,B014,Dealer Demo
E02942,NGD31509,CAT C18 ACERT,P076,PC015,2008,-20627,B022,Rental Fleet
E02535,FTD18549,CAT TL1055,P066,PC013,2013,14072,B026,Customer
E01094,VPD49363,CAT D10,P027,PC005,2008,19903,B019,Rental Fleet
E03221,YBM76492,CAT CB2.7,P083,PC018,2025,1410,B014,Customer
E02939,YSD66683,CAT C13,P075,PC015,2013,13659,B007,Customer
E01461,ZKJ89834,CAT 972,P035,PC006,2025,444,B018,Rental Fleet
E01745,NND38151,CAT 730,P044,PC008,2018,-8749,B019,Customer
E03569,chr92740 ,CAT MH3024,P093,PC021,2026,455,B019,Customer
E02327,GPW17879,CAT 279,P060,PC012,2023,3448,B028,Customer
E03587,AVS18673,CAT MH3026,P094,PC021,2011,17133,B014,Customer
E01087,VPD81682,CAT D10,P027,PC005,2022,4510,B027,Customer
E03369,FAF31399,CAT CW34,P087,PC018,2008,20742,B025,Rental Fleet
E04516,HNE97674,CAT 522B,P120,PC030,2022,4916,B019,Customer
E02754,RYG19716,CAT C32,P071,PC014,0,16139,B019,Customer
E04291,SYV32039,ad45,P114,PC028,2009,19207,B019,Customer
E00156,KNJ85176,CAT 308 CR,P004,PC001,2020,6901,B003,Rental Fleet
E02948,NGD63992,CAT C18 ACERT,P076,PC015,2014,12621,B009,Customer
E01306,MLZ57497,CAT 938,P032,PC006,2013,14781,B008,Rental Fleet
E01252,EAC65005,CAT 926,P031,PC006,2012,15610,B025,Dealer Demo
E01898,lfr83419 ,CAT 772,P047,PC009,2011,16369,B006,Customer
E02758,RYG47348,CAT C32,P071,PC014,2018,8576,B025,Customer
E01491,CKD60839,CAT 980,P036,PC006,2017,8059,B014,Customer
E01095,VPD05700,CAT D10,P027,PC005,2024,2192,B007,Customer
E00414,MZZ08095,CAT 330,P010,PC002,2011,16807,B027,Customer
E02788,MCL00952,CAT 3516,P072,PC014,2008,20155,B013,Rental Fleet
E02922,YSD65229,CAT C13,P075,PC015,2011,16807,B007,Customer
E02815,LPM01878,CAT C4.4,P073,PC015,2013,14398,B026,Customer
E00593,JVM55519,CAT M318,P014,PC003,2021,5425,B018,Customer
E02358,YKA26371,CAT 289,P061,PC012,2015,12535,Richmond,Customer
E03355,FAF58887,CAT CW34,P087,PC018,2015,11983,B028,Customer
E03693,RSX91374,CAT G3516,P096,PC022,2012,16110,B010,Rental Fleet
E00271,CXX10115,CAT 320,P007,PC002,2012,15100,B017,Customer
E04750,DHW02028,CAT A14B Auger,P127,PC033,2010,17088,B011,Rental Fleet
E02052,PSK08875,963,P051,PC010,2021,5098,B016,Customer
E00457,GBE75910,CAT 336,P011,PC002,2026,0,B007,Customer
E01983,CTW89651,CAT 777,P049,PC009,2011,16288,B021,Customer
E03945,JMJ64132,CAT 6015B,P102,PC024,2013,14489,B099,Customer
E02673,DZZ23282,CAT C18,P070,PC014,2013,14260,B027,Customer
E03710,KMY42727,CAT G3520,P097,PC022,2011,16338,B028,Customer
E00523,VWW41801,CAT 395,P013,PC002,2022,4565,B023,Customer
E02281,MVA24556,CAT 259,P059,PC012,2013,13973,B001,Customer
E02633,gjg19712 ,CAT C9.3B,P068,PC014,2010,19058,B023,Customer
E01156,GEK61711,CAT D11,P028,PC005,2017,8985,B005,Customer
E01468,ZKJ77665,CAT 972,P035,PC006,2017,10610,B003,Rental Fleet
E03298,DXP08663,CAT CS56B,P085,PC018,2023,3279,B008,Customer
E04543,MCY74495,CAT 558,P121,PC031,2020,6616,B026,Customer
E04103,HPZ68245,CAT R1300G,P110,PC027,2019,-7880,B015,Rental Fleet
E02711,DZZ85197,CAT C18,P070,PC014,2011,16730,B019,Rental Fleet
E02996,,CAT AP400,P077,PC016,2012,14984,B010,Rental Fleet
E04105,HPZ21248,CAT R1300G,P110,PC027,2019,7852,B001,Customer
E04168,JYL08334,CAT R2900,P112,PC027,2020,7464,B099,Customer
E02562,VNN68945,CAT TL1255,P067,PC013,2019,8691,B007,Customer
E04564,MCY74668,CAT 558,P121,PC031,2008,19813,B006,Customer
E00948,FDG15337,d6 xe,P024,PC005,2018,8956,B026,Customer
E00698,JBS65812,CAT 416,P016,PC004,2009,18238,B019,Rental Fleet
E04448,XWK72527,CAT 521B,P119,PC030,2011,17304,B012,Customer
E01101,VPD24435,CAT D10,P027,PC005,2010,18094,B018,Rental Fleet
E02464,MHR15539,CAT TH357D,P064,PC013,2013,13922,B010,Customer
E00448,GBE62836,CAT 336,P011,PC002,2014,14140,B007,Rental Fleet
E01355,BBY08306,950,P033,PC006,2009,18240,B017,Customer
E04388,BSK18984,CAT 535D,P117,PC029,2021,5254,B006,Customer
E00999,JSY62411,CAT D8,P025,PC005,2018,7611,B009,Customer
E01710,SRE25102,CAT 18,P042,PC007,2019,7758,B003,Rental Fleet
E04340,JGB63632,CAT 525D,P116,PC029,2015,12813,B008,Customer
E02200,PZH82431,CAT 262,P056,PC011,2008,-19672,B025,Customer
E02253,MVA54172,CAT 259,P059,PC012,2026,0,B017,Customer
E00679,JBS21320,CAT 416,P016,PC004,2015,11074,B002,Customer
E02194,PZH06761,CAT 262,P056,PC011,2020,6579,B026,Rental Fleet
E00647,yyz36671 ,CAT M320,P015,PC003,2010,17135,B021,Rental Fleet
E02807,MCL62625,CAT 3516,P072,PC014,2011,15369,B019,Customer
E00146,KNJ95165,CAT 308 CR,P004,PC001,2017,10792,B010,Rental Fleet
E00772,BEE68570,CAT 440,P019,PC004,2016,10312,B007,Customer
E90551,JVM90327,CAT M318,P014,PC003,2026,0,,Customer
E03038,FBY45189,CAT AP555,P078,PC016,2016,10575,B024,Customer
E00635,YYZ04074,CAT M320,P015,PC003,2013,15425,B018,Customer
E04651,TNH56959,CAT H95,P123,PC032,2015,12298,B027,Customer
E03747,YKH09160,CAT 793,P098,PC023,2022,4682,B022,Rental Fleet
E01439,ZKJ29606,CAT 972,P035,PC006,2022,3931,B028,Customer
E00720,FGG48281,CAT 420,P017,PC004,2016,11662,B027,Customer
E04567,MCY43077,CAT 558,P121,PC031,2015,10867,B005,Rental Fleet
E00859,EBE07114,CAT D5,P022,PC005,2010,17799,B003,Customer
E01267,EAC07456,CAT 926,P031,PC006,2010,18412,B027,Customer
E04112,HPZ21952,CAT R1300G,P110,PC027,2023,2072,B023,Customer
E04210,yby06417 ,ad22,P113,PC028,2010,17889,B018,Dealer Demo
E04152,EDH85793,CAT R1700,P111,PC027,2018,9403,B018,Customer
E02975,ERV18928,CAT AP400,P077,PC016,2015,11876,B013,Dealer Demo
E02857,LPM79512,CAT C4.4,P073,PC015,2020,5243,B013,Customer
E01242,EAC96183,CAT 926,P031,PC006,2026,0,B011,Customer
E04136,EDH76290,CAT R1700,P111,PC027,2013,15445,B024,Rental Fleet
E01298,MLZ01883,CAT 938,P032,PC006,2012,14842,B006,Customer
E92955,NGD16662,CAT C18 ACERT,P076,PC015,2014,13039,B016,Customer
E02006,CTW09847,CAT 777,P049,PC009,2013,-13197,B099,Rental Fleet
E00215,ZBX49061,313,P005,PC002,2016,11875,B016,Customer
E04894,PJB93485,CAT C32 Marine,P131,PC034,2024,2014,B012,Customer
E03484,BGR60411,CAT PL61,P090,PC020,2018,9022,B006,Customer
E00790,ZCD97469,CAT D3,P020,PC005,2024,2333,B019,Customer
E01423,ZKJ04299,CAT 972,P035,PC006,2011,16692,B002,Customer
E04620,VRA35436,568,P122,PC031,2012,14529,B012,Rental Fleet
E03720,KMY96607,CAT G3520,P097,PC022,2011,17578,Richmond,Customer
E04625,VRA54215,CAT 568,P122,PC031,2025,1074,B026,Rental Fleet
E02429,EXY48275,CAT TH255C,P063,PC013,2013,15630,B019,Customer
E00399,MZZ43344,CAT 330,P010,PC002,2011,16847,B009,Customer
E02319,GPW31805,CAT 279,P060,PC012,2017,9392,B020,Customer
E04372,BSK12727,CAT 535D,P117,PC029,2018,9519,B007,Customer
E03501,GSD49195,CAT PL72,P091,PC020,2026,0,B002,Customer
E01444,ZKJ44386,CAT 972,P035,PC006,2014,11934,B007,Customer
E04654,TNH43218,CAT H95,P123,PC032,2016,11448,B017,Customer
E00590,JVM02188,CAT M318,P014,PC003,2010,18280,B099,Customer
E02554,FTD65586,CAT TL1055,P066,PC013,2017,9852,B025,Customer
E03527,GSD31303,CAT PL72,P091,PC020,2017,10017,B025,Rental Fleet
E00032,RHC87807,CAT 301.7,P001,PC001,2021,5652,B028,Customer
E94792,MXE69071,CAT G115B Grapple,P128,PC033,2015,12193,B009,Customer
E02604,GJG77736,CAT C9.3B,P068,PC014,2020,6996,B001,Customer
E01638,SDS68220,CAT 160,P041,PC007,2012,15228,B018,Customer
E00898,LME47881,CAT D6,P023,PC005,2020,7349,B019,Customer
E04007,WME64000,CAT 6060,P106,PC024,2012,15163,B026,Customer
E01876,LFR50337,CAT 772,P047,PC009,2019,7010,B016,Customer
E03873,GTZ65868,CAT 795,P100,PC023,2008,21291,B025,Customer
E03092,LWM71449,CAT AP1055,P079,PC016,2020,7126,B002,Customer
E01863,LFR71939,CAT 772,P047,PC009,2026,679,B008,Customer
E02883,FSC32159,CAT C7.1,P074,PC015,2015,12557,B026,Customer
E01923,XGE87226,CAT 775,P048,PC009,2011,16988,B024,Customer
E01612,SDS04191,CAT 160,P041,PC007,2024,2475,B026,Customer
E91740,NND16513,CAT 730,P044,PC008,2026,0,B021,Customer
E01899,LFR49510,CAT 772,P047,PC009,2010,17754,B001,Customer
E04266,SYV91624,CAT AD45,P114,PC028,2018,8678,B008,Customer
E02385,ZBH77152,CAT 299,P062,PC012,2010,18218,B025,Rental Fleet
E01090,VPD01801,CAT D10,P027,PC005,2017,9453,B011,Customer
E00170,KNJ47050,CAT 308 CR,P004,PC001,2026,0,B019,Customer
E01219,MXW39287,CAT 908,P030,PC006,2018,7600,B010,Rental Fleet
E03503,GSD60297,CAT PL72,P091,PC020,2025,322,B001,Customer
E02193,PZH74998,CAT 262,P056,PC011,2013,14746,B013,Customer
E02187,HGZ72298,CAT 246,P055,PC011,2022,-4110,B016,Rental Fleet
E00264,CXX10683,CAT 320,P007,PC002,2018,9971,Richmond,Customer
E03410,GTK53022,CAT RM600,P089,PC019,2012,16034,B019,Customer
E02890,FSC70553,CAT C7.1,P074,PC015,2015,12039,B019,Customer
E00468,GBE02247,CAT 336,P011,PC002,2017,9958,B017,Rental Fleet
E02240,FMH60526,CAT 239,P058,PC012,2008,19815,B010,Customer
E02208,BJC12161,272,P057,PC011,2013,14164,B003,Customer
E02166,HGZ46491,CAT 246,P055,PC011,2021,5640,B023,Customer
E04511,HNE67726,CAT 522B,P120,PC030,2024,1905,B027,Customer
E00466,GBE86414,CAT 336,P011,PC002,2023,3357,B016,Customer
E01747,NND07158,CAT 730,P044,PC008,2025,750,,Customer
E04819,FPR56420,CAT G120B Grapple,P129,PC033,2012,15270,B021,Customer
E01968,CTW16347,CAT 777,P049,PC009,2010,18254,B017,Customer
E01501,CKD43161,CAT 980,P036,PC006,2018,9285,B026,Customer
E00491,NZV17368,CAT 352,P012,PC002,2011,17043,B018,Customer
E03317,SNW19667,CAT CS66B,P086,PC018,2008,19123,B003,Rental Fleet
E94665,TNH45437,CAT H95,P123,PC032,2024,1971,B009,Customer
E01000,JSY91439,CAT D8,P025,PC005,2012,15648,B018,Customer
E04075,,CAT MD6250,P108,PC026,2017,10355,B020,Rental Fleet
E01284,EAC15887,CAT 926,P031,PC006,2023,3884,B019,Customer
E04431,FRP08249,CAT 545D,P118,PC029,2017,9971,B013,Customer
E00555,JVM89038,CAT M318,P014,PC003,2024,2328,B025,Customer
E00825,ZCD62964,CAT D3,P020,PC005,2025,0,B023,Customer
E00631,YYZ59234,CAT M320,P015,PC003,2014,13031,B004,Customer
E02803,MCL12075,CAT 3516,P072,PC014,2015,11905,B016,Customer
E00968,FDG60303,CAT D6 XE,P024,PC005,2024,1402,B011,Customer
E03482,BGR91590,CAT PL61,P090,PC020,2015,12290,B021,Customer
E02441,MHR30116,CAT TH357D,P064,PC013,2021,4481,B005,Rental Fleet
E03640,RYP18826,CAT MH3040,P095,PC021,2025,1018,B003,Customer
E04054,EPC64669,CAT 7495,P107,PC025,2009,18999,B021,Customer
E02478,CEJ83165,CAT TL943,P065,PC013,1899,19413,B021,Customer
E03474,,CAT PL61,P090,PC020,2010,17924,B004,Customer
E03915,EJX33829,CAT 797F,P101,PC023,2019,8070,B026,Customer
E01394,VKR08666,966,P034,PC006,2018,9456,B019,Customer
E01359,VKR37798,CAT 966,P034,PC006,2013,14531,B006,Customer
E04878,PJB58619,CAT C32 Marine,P131,PC034,2017,8559,B006,Customer
E04412,FRP66598,CAT 545D,P118,PC029,2025,540,B024,Dealer Demo
E02362,YKA65035,CAT 289,P061,PC012,2024,2133,B007,Rental Fleet
E03830,MVL77287,CAT 794 AC,P099,PC023,2009,18527,,Customer
E04227,YBY31752,CAT AD22,P113,PC028,2020,7025,B024,Customer
E02908,YSD40790,CAT C13,P075,PC015,2011,16961,B012,Customer
E02188,HGZ60811,CAT 246,P055,PC011,2019,7968,B014,Rental Fleet
E00911,LME63134,CAT D6,P023,PC005,2023,3840,B020,Customer
E01126,GEK68844,CAT D11,P028,PC005,2025,1861,B021,Rental Fleet
E03594,AVS33022,CAT MH3026,P094,PC021,2011,16012,B027,Customer
E02077,DFH59641,CAT 973,P052,PC010,2015,13439,,Customer
E01631,SDS86531,CAT 160,P041,PC007,2009,19003,B019,Customer
E01974,CTW17591,CAT 777,P049,PC009,2014,12800,B020,Customer
E00821,ZCD93307,CAT D3,P020,PC005,2018,-8737,B007,Customer
E03019,FBY53372,CAT AP555,P078,PC016,2021,5415,B012,Customer
E01427,ZKJ19079,CAT 972,P035,PC006,2010,18410,B019,Customer
E02412,ZBH05061,CAT 299,P062,PC012,2020,6592,B020,Customer
E01015,XRY95304,CAT D9,P026,PC005,2022,4660,B001,Customer
E00933,,CAT D6 XE,P024,PC005,2020,6860,B022,Customer
E00548,JVM39022,CAT M318,P014,PC003,2015,11359,B028,Dealer Demo
E01078,VPD19401,CAT D10,P027,PC005,2020,6199,B005,Customer
E03206,YBM17992,CAT CB2.7,P083,PC018,2026,-1,B016,Customer
E00126,KNJ03391,CAT 308 CR,P004,PC001,2016,11308,B003,Customer
E01441,ZKJ88364,CAT 972,P035,PC006,2008,19517,B015,Customer
E00478,gbe35533 ,CAT 336,P011,PC002,2023,4580,B002,Rental Fleet
E03440,GTK94488,CAT RM600,P089,PC019,2017,9886,B025,Customer
E01617,SDS59918,CAT 160,P041,PC007,2022,5379,B004,Customer
E04963,,3512e well service,P133,PC035,2021,6078,Richmond,Customer
E03966,JJP98003,CAT 6020B,P103,PC024,2025,1214,B013,Customer
E01733,CWE07182,CAT 725,P043,PC008,2022,4132,B003,Customer
E04428,FRP58241,CAT 545D,P118,PC029,2008,20523,B024,Customer
E00078,,CAT 303 CR,P002,PC001,2019,7117,B021,Customer
E01518,DLV91123,CAT 988,P037,PC006,2022,4862,B001,Customer
E93221,YBM76492,CAT CB2.7,P083,PC018,2025,1410,B014,Customer
E01853,,CAT 770,P046,PC009,2011,16554,B008,Customer
E03513,GSD55024,CAT PL72,P091,PC020,2015,12112,B024,Customer
E01662,SRE37157,CAT 18,P042,PC007,2017,10523,,Customer
E00955,FDG32540,CAT D6 XE,P024,PC005,2016,10859,B024,Rental Fleet
E00879,LME56140,CAT D6,P023,PC005,2018,9054,B026,Customer
E04036,EPC45170,CAT 7495,P107,PC025,2021,5659,B005,Customer
E01800,KMN49981,CAT 745,P045,PC008,2020,6006,B007,Rental Fleet
E00537,VWW54820,CAT 395,P013,PC002,2020,5954,B014,Customer
E04085,ZWL29495,CAT MD6310,P109,PC026,2019,8294,B015,Customer
E01280,,CAT 926,P031,PC006,2009,18782,B013,Customer
E00320,RBK14870,CAT 323,P008,PC002,2015,12536,B001,Customer
E02075,DFH84878,CAT 973,P052,PC010,2013,14196,B006,Rental Fleet
E02862,LPM52258,CAT C4.4,P073,PC015,2009,17560,B027,Rental Fleet
E01209,MXW71821,CAT 908,P030,PC006,2015,12472,B003,Customer
E04967,HBE61068,CAT 3516E Well Service,P134,PC035,2010,17553,B016,Customer
E00366,WMR77821,CAT 326,P009,PC002,2017,10629,B011,Customer
E01813,KMN79279,CAT 745,P045,PC008,2020,6859,B019,Rental Fleet
E01700,SRE83253,CAT 18,P042,PC007,2018,9489,B009,Dealer Demo
E04913,PJB21694,CAT C32 Marine,P131,PC034,2008,19483,B018,Customer
E03792,MVL36429,CAT 794 AC,P099,PC023,2023,3878,B002,Customer
E01684,SRE26550,CAT 18,P042,PC007,2009,18411,B008,Customer
E02737,RYG22516,CAT C32,P071,PC014,2020,-7094,B006,Customer
E00405,MZZ98797,CAT 330,P010,PC002,2022,4342,B019,Customer
E03249,DDH11726,CAT CB10,P084,PC018,2021,4987,B009,Customer
E04000,CHK03064,CAT 6040,P105,PC024,2020,7197,B023,Customer
E03103,TFN34819,CAT PM310,P080,PC017,2017,9226,B006,Rental Fleet
E00711,FGG97747,CAT 420,P017,PC004,2009,18231,B012,Customer
E02509,CEJ11131,CAT TL943,P065,PC013,2016,11630,B023,Customer
E03112,TFN65483,CAT PM310,P080,PC017,2014,13589,B024,Customer
E02418,ZBH41161,CAT 299,P062,PC012,2025,1610,B003,Customer
E00438,GBE82051,CAT 336,P011,PC002,2013,14548,B022,Customer
E02029,,CAT 963,P051,PC010,2012,14946,B025,Customer
E01509,DLV72448,CAT 988,P037,PC006,2016,10358,B023,Customer
E01542,DLV00703,CAT 988,P037,PC006,2009,18670,B009,Customer
E00626,YYZ38231,CAT M320,P015,PC003,2015,11982,B009,Rental Fleet
E00244,ZDP29042,CAT 315,P006,PC002,2018,8412,B011,Customer
E02155,hgz79216 ,CAT 246,P055,PC011,2018,7869,B016,Customer
E00287,CXX91236,CAT 320,P007,PC002,2023,-3794,B016,Customer
E01108,VPD54701,CAT D10,P027,PC005,2015,11885,B008,Customer
E02262,MVA13850,CAT 259,P059,PC012,2024,1877,B005,Customer
E03192,NVD62612,CAT PM822,P082,PC017,2010,16572,B017,Dealer Demo
E01664,SRE75113,CAT 18,P042,PC007,2023,3686,B010,Customer
E00254,ZDP10058,CAT 315,P006,PC002,2017,10511,B021,Rental Fleet
E01068,VPD74775,CAT D10,P027,PC005,2010,17309,B013,Customer
E01363,VKR38210,CAT 966,P034,PC006,2008,19847,B026,Customer
E04163,EDH65472,r1700,P111,PC027,2024,1718,B024,Customer
E01246,EAC37594,926,P031,PC006,2008,19412,B016,Customer
E00686,JBS72046,CAT 416,P016,PC004,2026,0,B027,Customer
E01988,CTW36962,CAT 777,P049,PC009,2026,0,B018,Customer
E04238,YBY56115,CAT AD22,P113,PC028,2010,16257,B024,Customer
E00869,EBE16153,CAT D5,P022,PC005,2012,16155,B013,Customer
E00092,EHE11360,CAT 305 CR,P003,PC001,2015,12345,B009,Rental Fleet
E01811,,CAT 745,P045,PC008,2017,10177,B015,Customer
E01769,NND66620,CAT 730,P044,PC008,2012,16625,B007,Customer
E93447,BGR96812,CAT PL61,P090,PC020,2025,1914,B018,Customer
E02912,YSD07753,CAT C13,P075,PC015,2025,1358,B022,Customer
E03688,RSX59465,CAT G3516,P096,PC022,2017,9550,B099,Customer
E02789,MCL13116,CAT 3516,P072,PC014,2020,5714,B027,Customer
E01122,GEK08669,CAT D11,P028,PC005,2014,13068,B006,Rental Fleet
E03507,GSD81996,CAT PL72,P091,PC020,2016,10839,B021,Customer
E04048,,CAT 7495,P107,PC025,2015,12083,B026,Rental Fleet
E03757,YKH83549,CAT 793,P098,PC023,2015,10769,B026,Rental Fleet
E01047,XRY04171,CAT D9,P026,PC005,2011,15470,B022,Customer
E04349,BSK32739,535d,P117,PC029,2016,11122,B006,Customer
E03973,JJP21992,CAT 6020B,P103,PC024,2014,13310,B004,Customer
E00589,JVM55164,CAT M318,P014,PC003,2026,0,B025,Customer
E02110,PXY19253,CAT 236,P054,PC011,2008,19464,B012,Customer
E00572,JVM85916,CAT M318,P014,PC003,2021,5810,B003,Customer
E03379,CMC98008,CAT RM400,P088,PC019,2026,0,B024,Customer
E01484,CKD35119,CAT 980,P036,PC006,2022,4404,B021,Customer
E00530,VWW75675,CAT 395,P013,PC002,2010,18072,B004,Customer
E01432,ZKJ66086,CAT 972,P035,PC006,2014,12768,Richmond,Customer
E02567,VNN94114,CAT TL1255,P067,PC013,2008,21649,Richmond,Customer
E02108,PXY91243,CAT 236,P054,PC011,2008,20968,B014,Customer
E01611,SDS34185,CAT 160,P041,PC007,2019,7480,B027,Rental Fleet
E00583,JVM32478,CAT M318,P014,PC003,2012,15357,B018,Customer
E01595,FNB76707,CAT 150,P040,PC007,2022,4423,B027,Rental Fleet
E01508,DLV90530,CAT 988,P037,PC006,2009,17668,B026,Customer
E02018,KMD86020,CAT 953,P050,PC010,2022,4565,B027,Customer
E02853,LPM87423,c4.4,P073,PC015,2021,6384,B003,Customer
E90080,EHE73921,CAT 305 CR,P003,PC001,2011,16587,B007,Customer
E00732,VMM39122,CAT 430,P018,PC004,2017,9894,B022,Customer
E04399,BSK12631,CAT 535D,P117,PC029,2014,14047,B011,Rental Fleet
E00402,MZZ56060,CAT 330,P010,PC002,2020,6227,B017,Customer
E03756,YKH87471,CAT 793,P098,PC023,2019,8034,B017,Customer
E02334,YKA97597,CAT 289,P061,PC012,2031,14971,B022,Customer
E04406,FRP28114,CAT 545D,P118,PC029,2014,-12825,B027,Customer
E04264,SYV50549,CAT AD45,P114,PC028,2014,12622,B012,Customer
E03399,CMC98606,CAT RM400,P088,PC019,2020,7070,B014,Customer
E03453,BGR05790,CAT PL61,P090,PC020,2015,11622,B006,Customer
E01496,CKD47637,CAT 980,P036,PC006,2021,5964,B022,Customer
E01633,SDS39889,CAT 160,P041,PC007,2025,1007,B012,Customer
E04831,FPR21991,CAT G120B Grapple,P129,PC033,2008,19807,B005,Rental Fleet
E03803,MVL17939,CAT 794 AC,P099,PC023,2011,16736,B014,Customer
E04522,HNE68600,522b,P120,PC030,0,7057,B004,Customer
E03376,CMC03905,CAT RM400,P088,PC019,2019,7019,B011,Rental Fleet
E00085,EHE13357,CAT 305 CR,P003,PC001,2015,11934,B022,Customer
E00164,KNJ65231,CAT 308 CR,P004,PC001,2015,12833,B019,Customer
E03469,BGR76759,CAT PL61,P090,PC020,2026,1245,B006,Rental Fleet
E04737,BTJ87705,CAT H140,P126,PC032,2016,-11267,B025,Customer
E01118,GEK65841,CAT D11,P028,PC005,2012,14877,B028,Customer
E00707,FGG70207,CAT 420,P017,PC004,2017,10797,B009,Customer
E03222,YBM56061,CAT CB2.7,P083,PC018,2009,18052,B021,Dealer Demo
E02237,FMH65360,CAT 239,P058,PC012,2023,3759,B004,Customer
E00668,JBS22984,CAT 416,P016,PC004,2026,0,B013,Customer
E01398,VKR76705,CAT 966,P034,PC006,2017,10441,B010,Customer
E04092,ZWL09142,md6310,P109,PC026,2011,16085,B001,Customer
E02162,HGZ55014,CAT 246,P055,PC011,2022,4657,B017,Customer
E00058,PCZ73061,CAT 303 CR,P002,PC001,2009,19762,B008,Rental Fleet
E04822,FPR48974,CAT G120B Grapple,P129,PC033,2026,0,B001,Customer
E00116,EHE79906,CAT 305 CR,P003,PC001,2009,17297,B024,Customer
E04129,EDH12261,CAT R1700,P111,PC027,2024,1111,B014,Customer
E01725,cwe09758 ,CAT 725,P043,PC008,2021,5844,B011,Customer
E04611,VRA38422,CAT 568,P122,PC031,2017,10762,B005,Customer
E04435,XWK39619,CAT 521B,P119,PC030,2024,2707,B010,Rental Fleet
E01137,GEK94159,CAT D11,P028,PC005,2013,14272,B023,Customer
E00183,ZBX76620,CAT 313,P005,PC002,2016,10372,B012,Customer
E04769,DHW98920,CAT A14B Auger,P127,PC033,2016,10574,B021,Customer
E03048,LWM59268,CAT AP1055,P079,PC016,2022,3862,B005,Customer
E04144,EDH51606,CAT R1700,P111,PC027,2024,2797,B012,Customer
E00442,GBE39419,CAT 336,P011,PC002,2015,12804,B028,Customer
E04945,HHR97242,CAT 3512E Well Service,P133,PC035,2008,20397,B021,Customer
E00488,NZV10753,CAT 352,P012,PC002,2010,18306,B009,Customer
E01675,SRE32151,CAT 18,P042,PC007,2014,13750,,Customer
E00515,NZV84804,CAT 352,P012,PC002,2013,13713,B021,Customer
E04801,MXE55684,CAT G115B Grapple,P128,PC033,2011,16572,B019,Rental Fleet
E03218,YBM19182,CAT CB2.7,P083,PC018,2018,9400,B009,Customer
E00549,JVM34448,CAT M318,P014,PC003,2022,3758,B015,Rental Fleet
E00529,VWW92372,CAT 395,P013,PC002,2008,19906,B023,Rental Fleet
E04941,HHR56480,CAT 3512E Well Service,P133,PC035,2024,1862,B011,Customer
E04002,CHK59580,CAT 6040,P105,PC024,2019,7588,B028,Rental Fleet
E03495,GSD56976,CAT PL72,P091,PC020,2024,2023,B002,Customer
E00724,VMM75008,CAT 430,P018,PC004,2013,14071,B025,Rental Fleet
E02267,MVA60405,CAT 259,P059,PC012,2008,19855,B022,Customer
E03095,LWM29806,CAT AP1055,P079,PC016,2016,11058,B018,Customer
E00445,GBE58955,CAT 336,P011,PC002,2010,17751,B024,Rental Fleet
E01839,RES94898,CAT 770,P046,PC009,2013,14609,B004,Rental Fleet
E01652,SDS10234,CAT 160,P041,PC007,2022,4745,B012,Customer
E92835,LPM94575,CAT C4.4,P073,PC015,2012,15414,B009,Customer
E01226,MXW27685,CAT 908,P030,PC006,2025,429,B022,Customer
E00813,ZCD86306,CAT D3,P020,PC005,2022,3798,,Customer
E03034,fby34507 ,CAT AP555,P078,PC016,2014,13452,B005,Rental Fleet
E04124,HPZ75665,CAT R1300G,P110,PC027,2019,6933,B020,Customer
E02186,HGZ55135,CAT 246,P055,PC011,2017,9371,B007,Customer
E03762,YKH02994,CAT 793,P098,PC023,2010,17253,B025,Customer
E00878,LME19975,CAT D6,P023,PC005,2026,47,B019,Customer
E00120,EHE92142,CAT 305 CR,P003,PC001,2017,9623,B028,Customer
E02570,VNN17256,CAT TL1255,P067,PC013,2013,14334,B003,Customer
E00391,MZZ62581,CAT 330,P010,PC002,2023,2710,B010,Customer
E01186,AFG93544,CAT 906,P029,PC006,2020,6313,B028,Customer
E02289,MVA47749,CAT 259,P059,PC012,2016,9912,Richmond,Customer
E04101,ZWL55509,CAT MD6310,P109,PC026,2026,0,B008,Rental Fleet
E01777,NND74891,CAT 730,P044,PC008,2020,7235,B009,Customer
E00452,GBE49895,CAT 336,P011,PC002,2017,9652,B015,Customer
E03852,GTZ48995,CAT 795,P100,PC023,2024,2086,B015,Rental Fleet
E03147,ZJG71887,CAT PM620,P081,PC017,2019,8373,B027,Customer
E02571,VNN07347,CAT TL1255,P067,PC013,2011,15614,B011,Customer
E03855,GTZ24762,CAT 795,P100,PC023,2013,14115,B020,Customer
E04317,JGB52596,CAT 525D,P116,PC029,2018,8543,B007,Rental Fleet
E01477,CKD94072,CAT 980,P036,PC006,2010,17749,B011,Customer
E03713,KMY37213,CAT G3520,P097,PC022,2011,16115,B017,Customer
E03816,MVL58566,CAT 794 AC,P099,PC023,2019,7548,B014,Customer
E00832,VKP90825,CAT D4,P021,PC005,2017,9130,B022,Customer
E04226,YBY27665,CAT AD22,P113,PC028,2018,9576,B012,Customer
E04065,WMB45486,CAT MD6250,P108,PC026,2013,15155,B022,Customer
E04044,EPC55139,CAT 7495,P107,PC025,2012,16418,B017,Customer
E00258,CXX93627,CAT 320,P007,PC002,2018,8974,B003,Customer
E03758,YKH26476,CAT 793,P098,PC023,2009,18402,B001,Customer
E04938,HHR23991,CAT 3512E Well Service,P133,PC035,2012,14204,B024,Customer
E01726,CWE03654,725,P043,PC008,2011,16302,B016,Customer
E02229,BJC46171,CAT 272,P057,PC011,2024,1962,B026,Customer
E00322,RBK28125,CAT 323,P008,PC002,2022,4902,B020,Customer
E04263,SYV59001,CAT AD45,P114,PC028,2026,1105,B003,Customer
E04315,JGB26080,CAT 525D,P116,PC029,2031,14520,B005,Customer
E02169,HGZ01860,CAT 246,P055,PC011,2018,9189,B005,Customer
E92346,YKA49352,CAT 289,P061,PC012,2023,2441,B016,Customer
E01620,SDS92821,CAT 160,P041,PC007,2017,10174,B015,Customer
E02502,,CAT TL943,P065,PC013,2015,11714,B026,Customer
E01302,MLZ42499,CAT 938,P032,PC006,2020,6004,B004,Dealer Demo
E03829,MVL41507,CAT 794 AC,P099,PC023,0,17637,B020,Customer
E00584,JVM90503,CAT M318,P014,PC003,2017,10148,B001,Rental Fleet
E03941,JMJ93445,CAT 6015B,P102,PC024,2012,15889,B018,Customer
E04051,EPC47200,CAT 7495,P107,PC025,2020,6085,B003,Customer
E03857,GTZ35444,CAT 795,P100,PC023,2026,209,B014,Customer
E02739,RYG95220,CAT C32,P071,PC014,2021,5330,B016,Rental Fleet
E00356,WMR37454,CAT 326,P009,PC002,2023,3205,B099,Customer
E00135,KNJ67450,CAT 308 CR,P004,PC001,2020,6613,B028,Customer
E04775,DHW98533,CAT A14B Auger,P127,PC033,2016,10420,B005,Rental Fleet
E03452,BGR78424,CAT PL61,P090,PC020,2016,11371,B018,Customer
E03271,DDH84850,CAT CB10,P084,PC018,2022,4925,B020,Customer
E01065,VPD72570,CAT D10,P027,PC005,2016,10221,B019,Customer
E00539,VWW72734,395,P013,PC002,2013,14547,B006,Customer
E00418,MZZ67273,CAT 330,P010,PC002,2012,15787,B014,Customer
E02007,CTW46307,CAT 777,P049,PC009,2024,2801,B013,Customer
E04041,EPC73595,CAT 7495,P107,PC025,2019,7386,B022,Customer
E00065,PCZ10562,CAT 303 CR,P002,PC001,2025,-1381,,Customer
E01787,NND24988,CAT 730,P044,PC008,2016,10418,B099,Customer
E00214,ZBX40967,CAT 313,P005,PC002,2011,17079,B014,Customer
E03254,DDH10389,CAT CB10,P084,PC018,2016,10866,B017,Rental Fleet
E04253,SYV82702,CAT AD45,P114,PC028,2014,12688,B023,Customer
E00294,CXX31532,CAT 320,P007,PC002,2019,8033,B019,Customer
E03675,RSX24459,CAT G3516,P096,PC022,2018,8266,B016,Customer
E00110,EHE33093,CAT 305 CR,P003,PC001,2009,18396,B028,Customer
E01443,ZKJ13333,CAT 972,P035,PC006,2026,0,B006,Customer
E02725,DZZ74624,CAT C18,P070,PC014,2017,10534,B004,Customer
E03334,SNW43612,CAT CS66B,P086,PC018,2017,10310,B023,Customer
E00736,VMM89229,CAT 430,P018,PC004,2018,7784,B005,Customer
E02045,PSK27530,CAT 963,P051,PC010,2016,10778,B004,Customer
E00793,ZCD45319,d3,P020,PC005,2023,2856,B005,Rental Fleet
E01263,EAC25550,CAT 926,P031,PC006,2026,0,B006,Customer
E02245,FMH39118,CAT 239,P058,PC012,2020,6381,B028,Customer
E00139,KNJ82579,CAT 308 CR,P004,PC001,2008,19456,B006,Customer
E01909,LFR03366,772,P047,PC009,2012,14429,B009,Rental Fleet
E03326,SNW84341,CAT CS66B,P086,PC018,2013,14514,B099,Customer
E02602,GJG88940,CAT C9.3B,P068,PC014,0,2904,B013,Customer
E02755,RYG73642,CAT C32,P071,PC014,2014,13582,B019,Customer
E02196,PZH67801,CAT 262,P056,PC011,2018,8578,B006,Customer
E04759,DHW42068,a14b auger,P127,PC033,2018,8753,B004,Customer
E01708,SRE16354,CAT 18,P042,PC007,2008,19300,B015,Customer
E04918,TPJ11977,CAT 3512E Marine,P132,PC034,2013,13930,B013,Customer
E04482,HNE06846,CAT 522B,P120,PC030,2018,8855,B017,Rental Fleet
E04634,VRA57285,CAT 568,P122,PC031,2024,566,B009,Customer
E94475,HNE31042,CAT 522B,P120,PC030,2023,4059,B021,Rental Fleet
E04660,TNH12517,CAT H95,P123,PC032,2009,19304,B002,Customer
E02830,LPM21857,CAT C4.4,P073,PC015,2024,2031,B012,Customer
E02107,PXY97911,CAT 236,P054,PC011,2009,19694,B023,Customer
E04271,SYV94243,CAT AD45,P114,PC028,2022,4974,B004,Customer
E03345,FAF01210,CAT CW34,P087,PC018,2009,18059,Richmond,Customer
E03152,ZJG99065,CAT PM620,P081,PC017,2015,12140,B013,Customer
E04467,XWK28241,CAT 521B,P119,PC030,2015,12888,B010,Customer
E01940,XGE91804,CAT 775,P048,PC009,2015,12036,B024,Customer
E00141,KNJ60483,CAT 308 CR,P004,PC001,2011,17319,B005,Customer
E02438,MHR90843,CAT TH357D,P064,PC013,2011,17238,,Customer
E02540,FTD40874,tl1055,P066,PC013,2008,20143,B023,Customer
E00346,WMR60876,CAT 326,P009,PC002,2023,3563,B007,Customer
E01142,GEK40570,d11,P028,PC005,2017,9623,B024,Customer
E00935,FDG19049,CAT D6 XE,P024,PC005,2010,16800,B003,Customer
E00953,FDG88725,CAT D6 XE,P024,PC005,2031,11774,B014,Rental Fleet
E03350,FAF59632,CAT CW34,P087,PC018,2009,18163,B024,Customer
E04396,BSK56622,CAT 535D,P117,PC029,2015,11824,B014,Customer
E02275,MVA75397,CAT 259,P059,PC012,2009,18677,B004,Customer
E01470,CKD67471,CAT 980,P036,PC006,2026,0,B014,Customer
E01170,AFG88143,CAT 906,P029,PC006,2018,8295,B016,Rental Fleet
E03046,LWM90554,CAT AP1055,P079,PC016,2009,18417,B012,Customer
E01380,VKR95898,CAT 966,P034,PC006,2011,17118,B016,Rental Fleet
E03791,MVL55373,CAT 794 AC,P099,PC023,2009,19292,B016,Customer
E00923,LME10987,CAT D6,P023,PC005,2015,11845,B014,Customer
E03703,RSX66875,CAT G3516,P096,PC022,2018,8285,B022,Customer
E04952,HHR62203,CAT 3512E Well Service,P133,PC035,2008,19014,B007,Rental Fleet
E03441,GTK76834,CAT RM600,P089,PC019,2016,11189,B027,Rental Fleet
E01044,XRY53714,CAT D9,P026,PC005,2018,7866,B021,Customer
E03011,ERV22160,CAT AP400,P077,PC016,2021,5196,B017,Customer
E02000,CTW01402,CAT 777,P049,PC009,2023,3477,B014,Customer
E01525,DLV54329,CAT 988,P037,PC006,2010,17195,,Rental Fleet
E01656,SRE69356,CAT 18,P042,PC007,2024,2013,B004,Customer
E02109,PXY86868,CAT 236,P054,PC011,2011,15904,B020,Rental Fleet
E02309,GPW32602,CAT 279,P060,PC012,2019,8022,B014,Customer
E04540,MCY52490,CAT 558,P121,PC031,2014,13321,B003,Rental Fleet
E01133,GEK94719,CAT D11,P028,PC005,2010,17222,B019,Rental Fleet
E91952,XGE67560,CAT 775,P048,PC009,2011,17420,B021,Customer
E01858,RES98377,CAT 770,P046,PC009,2017,9734,B001,Customer
E03442,GTK73928,CAT RM600,P089,PC019,2026,577,B012,Customer
E04115,HPZ08804,CAT R1300G,P110,PC027,2014,12643,B005,Customer
E02381,ZBH72417,CAT 299,P062,PC012,2008,19209,B013,Customer
E04601,VRA73805,CAT 568,P122,PC031,2018,8934,B015,Customer
E00311,RBK40174,CAT 323,P008,PC002,2017,9000,B006,Customer
E01526,DLV29424,CAT 988,P037,PC006,2026,443,B001,Rental Fleet
E02235,FMH75229,CAT 239,P058,PC012,2010,18090,B025,Customer
E00381,MZZ90472,CAT 330,P010,PC002,2014,13053,B012,Customer
E02151,HGZ29236,CAT 246,P055,PC011,2010,17089,B003,Customer
E02129,PXY46747,CAT 236,P054,PC011,2008,19815,B017,Customer
E03487,BGR99295,CAT PL61,P090,PC020,2013,14258,B003,Customer
E00992,JSY97502,CAT D8,P025,PC005,2016,12022,B023,Customer
E01422,ZKJ99266,CAT 972,P035,PC006,2023,2321,B014,Customer
E03353,FAF62196,CAT CW34,P087,PC018,2010,17898,B015,Rental Fleet
E00998,JSY86973,CAT D8,P025,PC005,2009,18472,B012,Rental Fleet
E03570,CHR93671,CAT MH3024,P093,PC021,2008,19996,B015,Dealer Demo
E04523,HNE83650,CAT 522B,P120,PC030,2014,13922,B011,Customer
E05010,HBE74606,CAT 3516E Well Service,P134,PC035,2022,4827,B019,Customer
E01815,KMN37738,CAT 745,P045,PC008,2010,16784,B012,Customer
E03679,RSX29302,CAT G3516,P096,PC022,2011,17409,B004,Customer
E03170,NVD64370,pm822,P082,PC017,2024,2044,B006,Rental Fleet
E02307,MVA20322,259,P059,PC012,2025,2008,B005,Dealer Demo
E03615,RYP45186,mh3040,P095,PC021,2014,13724,,Customer
E01587,FNB86209,CAT 150,P040,PC007,2020,7395,B016,Customer
E00887,LME61880,CAT D6,P023,PC005,2025,906,B013,Customer
E03705,RSX41593,CAT G3516,P096,PC022,2019,7969,B010,Customer
E03479,BGR09722,CAT PL61,P090,PC020,2025,1140,B011,Customer
E04211,YBY67037,CAT AD22,P113,PC028,2009,19014,B026,Rental Fleet
E04284,SYV75448,CAT AD45,P114,PC028,2014,13199,B022,Rental Fleet
E03465,BGR69866,CAT PL61,P090,PC020,2009,19223,B014,Customer
E04324,JGB30256,CAT 525D,P116,PC029,2013,14868,Richmond,Customer
E02555,VNN46530,CAT TL1255,P067,PC013,2023,3024,B017,Customer
E00841,EBE81969,CAT D5,P022,PC005,2009,-18040,B016,Customer
E00151,KNJ92436,CAT 308 CR,P004,PC001,2023,3803,B022,Customer
E04082,ZWL91155,CAT MD6310,P109,PC026,2009,18965,B008,Dealer Demo
E00775,ZCD19549,CAT D3,P020,PC005,2023,4291,B003,Customer
E02517,CEJ50124,CAT TL943,P065,PC013,2015,12799,B013,Rental Fleet
E01945,XGE91896,CAT 775,P048,PC009,2014,13571,B005,Customer
E01327,BBY23339,CAT 950,P033,PC006,2022,4153,B024,Customer
E01554,JDL64617,CAT 120,P038,PC007,2022,4542,B004,Rental Fleet
E02756,RYG72965,CAT C32,P071,PC014,2016,11236,B017,Rental Fleet
E02936,YSD96896,CAT C13,P075,PC015,2018,8175,B002,Customer
E03600,AVS09838,CAT MH3026,P094,PC021,2014,13197,B003,Customer
E00361,WMR16865,CAT 326,P009,PC002,2011,17093,B026,Dealer Demo
E00150,KNJ53842,CAT 308 CR,P004,PC001,2015,10867,B002,Customer
E00377,WMR42605,CAT 326,P009,PC002,2025,1784,B013,Customer
E02426,EXY84134,CAT TH255C,P063,PC013,2010,18113,B014,Rental Fleet
E00547,JVM99616,CAT M318,P014,PC003,2009,18553,B014,Customer
E01335,BBY32484,CAT 950,P033,PC006,2015,11731,B019,Rental Fleet
E03846,GTZ14675,CAT 795,P100,PC023,2012,14695,B003,Dealer Demo
E03070,LWM78984,CAT AP1055,P079,PC016,2022,3561,B024,Customer
E02981,ERV17448,CAT AP400,P077,PC016,2020,6531,,Customer
E02598,GJG24526,CAT C9.3B,P068,PC014,2011,17072,B012,Customer
E01912,LFR02180,CAT 772,P047,PC009,2018,9000,B021,Customer
E03331,SNW87328,CAT CS66B,P086,PC018,2017,9693,B005,Customer
E01099,VPD30300,CAT D10,P027,PC005,2020,7309,B023,Customer
E04026,EPC15227,CAT 7495,P107,PC025,2010,17298,B019,Customer
E01871,LFR78012,CAT 772,P047,PC009,2017,9159,B006,Customer
E03378,CMC81406,CAT RM400,P088,PC019,2014,12228,B021,Customer
E03385,CMC73586,CAT RM400,P088,PC019,2024,2281,B016,Customer
E01511,DLV50918,988,P037,PC006,2022,5924,B009,Customer
E03619,RYP87771,CAT MH3040,P095,PC021,2024,1921,B018,Customer
E01836,RES49106,CAT 770,P046,PC009,2015,12130,B008,Customer
E02707,DZZ41196,CAT C18,P070,PC014,2024,1621,B016,Customer
E04749,DHW39509,CAT A14B Auger,P127,PC033,2008,20639,B020,Rental Fleet
E00304,RBK37502,CAT 323,P008,PC002,2014,13858,B012,Rental Fleet
E02272,MVA52782,CAT 259,P059,PC012,2014,12417,B006,Customer
E00033,RHC34971,CAT 301.7,P001,PC001,2015,12603,B013,Rental Fleet
E02615,GJG50801,CAT C9.3B,P068,PC014,2011,17203,B005,Customer
E02886,FSC67971,CAT C7.1,P074,PC015,2013,14688,B019,Customer
E04414,FRP42647,CAT 545D,P118,PC029,2023,3496,B023,Rental Fleet
E04732,BTJ25948,CAT H140,P126,PC032,2025,1065,B016,Customer
E01467,ZKJ53993,972,P035,PC006,2019,7175,B008,Customer
E04098,ZWL43789,CAT MD6310,P109,PC026,2022,4354,B025,Rental Fleet
E02832,LPM70887,CAT C4.4,P073,PC015,2012,14777,B020,Customer
E04389,BSK02243,CAT 535D,P117,PC029,2013,14225,B010,Customer
E00307,RBK44439,CAT 323,P008,PC002,2020,7293,B016,Customer
E03884,GTZ47228,CAT 795,P100,PC023,2013,14910,B009,Customer
E01584,FNB27666,CAT 150,P040,PC007,2013,13564,B006,Customer
E03960,JJP67174,CAT 6020B,P103,PC024,2024,1958,B022,Customer
E01141,GEK21250,CAT D11,P028,PC005,2012,-15656,B023,Customer
E04558,MCY28049,CAT 558,P121,PC031,2023,3508,B001,Customer
E03414,GTK83994,CAT RM600,P089,PC019,2013,13763,B019,Customer
E01564,WEG42359,CAT 140,P039,PC007,2017,9734,,Customer
E01114,GEK54270,CAT D11,P028,PC005,2018,9155,B014,Customer
E04537,MCY05540,CAT 558,P121,PC031,2021,4679,B011,Rental Fleet
E01648,SDS93632,CAT 160,P041,PC007,2012,16247,B013,Customer
E04876,PJB98957,CAT C32 Marine,P131,PC034,2008,20108,B099,Customer
E02170,HGZ14891,CAT 246,P055,PC011,2018,9339,B026,Rental Fleet
E04933,TPJ50471,CAT 3512E Marine,P132,PC034,2025,2727,B012,Customer
E01404,VKR82313,CAT 966,P034,PC006,2016,10208,B022,Customer
E01112,GEK20716,CAT D11,P028,PC005,2026,558,B011,Customer
E00924,LME92950,CAT D6,P023,PC005,2008,21001,B024,Customer
E01824,KMN09594,CAT 745,P045,PC008,2008,19938,B021,Customer
E03227,,CAT CB2.7,P083,PC018,2009,18622,B011,Dealer Demo
E00027,rhc72421 ,CAT 301.7,P001,PC001,2026,187,B010,Customer
E02226,BJC56271,CAT 272,P057,PC011,2020,6328,B007,Customer
E03658,RYP03437,CAT MH3040,P095,PC021,2013,14645,B020,Customer
E03141,ZJG78485,CAT PM620,P081,PC017,2012,14937,B024,Customer
E01928,xge97070 ,CAT 775,P048,PC009,2018,9093,B019,Rental Fleet
E01759,NND32240,CAT 730,P044,PC008,2025,1154,B027,Customer
E03954,JMJ67396,CAT 6015B,P102,PC024,2017,10412,B003,Rental Fleet
E00257,CXX65716,CAT 320,P007,PC002,2023,3425,B004,Rental Fleet
E02797,MCL47851,CAT 3516,P072,PC014,2013,14509,B006,Customer
E03079,LWM03314,CAT AP1055,P079,PC016,2017,10748,B014,Customer
E03826,MVL30927,CAT 794 AC,P099,PC023,2026,0,B099,Customer
E02985,ERV71150,CAT AP400,P077,PC016,2011,16207,B027,Rental Fleet
E00052,PCZ98454,CAT 303 CR,P002,PC001,2010,17966,B008,Customer
E01705,SRE70534,CAT 18,P042,PC007,2020,7671,B021,Customer
E00846,EBE28633,CAT D5,P022,PC005,2017,10308,B025,Customer
E00230,ZDP88339,CAT 315,P006,PC002,2009,18800,B003,Customer
E03838,GTZ08782,795,P100,PC023,2008,19676,B023,Rental Fleet
E00242,ZDP11552,CAT 315,P006,PC002,2019,6910,B014,Rental Fleet
E01941,XGE63899,CAT 775,P048,PC009,2013,14228,B027,Customer
E04255,SYV43099,CAT AD45,P114,PC028,2020,6545,B017,Customer
E05020,HBE52751,CAT 3516E Well Service,P134,PC035,2012,16347,B001,Customer
E04375,BSK08420,CAT 535D,P117,PC029,2013,14405,B028,Customer
E00349,WMR13918,CAT 326,P009,PC002,2025,817,B009,Customer
E03467,BGR56967,CAT PL61,P090,PC020,2011,16642,B009,Customer
E01788,NND34228,CAT 730,P044,PC008,2025,0,B001,Customer
E01435,ZKJ53423,CAT 972,P035,PC006,2015,13415,B004,Customer
E00069,PCZ49858,CAT 303 CR,P002,PC001,2026,0,B010,Customer
E03930,,CAT 797F,P101,PC023,2012,14860,B014,Customer
E00252,ZDP36003,CAT 315,P006,PC002,0,10490,B019,Customer
E04207,,CAT AD22,P113,PC028,2024,2175,B012,Rental Fleet
E00343,WMR65279,CAT 326,P009,PC002,2008,20377,B021,Rental Fleet
E04099,ZWL72940,CAT MD6310,P109,PC026,2026,186,B011,Rental Fleet
E01227,MXW24672,CAT 908,P030,PC006,2012,-14315,B012,Rental Fleet
E02717,DZZ33564,c18,P070,PC014,2015,12211,B021,Rental Fleet
E04176,JYL23802,CAT R2900,P112,PC027,2016,12037,B013,Customer
E03209,YBM29864,CAT CB2.7,P083,PC018,2024,1696,B008,Customer
E02421,EXY57713,CAT TH255C,P063,PC013,2024,2046,B023,Customer
E03974,HFA90658,CAT 6030,P104,PC024,2010,17744,B017,Customer
E01881,,CAT 772,P047,PC009,2021,5513,B027,Customer
E03363,FAF71443,CAT CW34,P087,PC018,2013,14243,B014,Customer
E02492,,CAT TL943,P065,PC013,2024,1657,B028,Customer
E04830,FPR25222,CAT G120B Grapple,P129,PC033,2019,7290,B099,Customer
E04833,FPR81028,CAT G120B Grapple,P129,PC033,2011,16821,B011,Customer
E04635,VRA66083,CAT 568,P122,PC031,2009,18934,B017,Customer
E91935,XGE78836,CAT 775,P048,PC009,2012,15192,B028,Rental Fleet
E02547,FTD34464,CAT TL1055,P066,PC013,2013,14012,B017,Customer
E04627,VRA49725,CAT 568,P122,PC031,2022,5710,B017,Customer
E03466,BGR27760,CAT PL61,P090,PC020,2013,15328,B003,Customer
E91509,DLV72448,CAT 988,P037,PC006,2016,10358,B023,Customer
E03532,RDV53084,CAT PL87,P092,PC020,2012,14931,Richmond,Customer
E00800,ZCD97680,CAT D3,P020,PC005,2023,3670,B021,Customer
E01089,,CAT D10,P027,PC005,2010,17570,B020,Rental Fleet
E02026,KMD65537,CAT 953,P050,PC010,2019,7882,B099,Customer
E03804,MVL72738,CAT 794 AC,P099,PC023,2009,18309,B002,Customer
E04544,MCY82134,CAT 558,P121,PC031,2008,20359,B011,Customer
E01021,xry50437 ,CAT D9,P026,PC005,2015,12186,B024,Dealer Demo
E00824,ZCD93108,CAT D3,P020,PC005,2018,7575,B004,Customer
E01131,GEK60470,CAT D11,P028,PC005,2017,10151,B002,Customer
E01178,AFG98506,CAT 906,P029,PC006,2011,16422,B010,Customer
E00777,ZCD34620,CAT D3,P020,PC005,2017,9631,B006,Rental Fleet
E00129,KNJ68022,CAT 308 CR,P004,PC001,2023,2525,B006,Dealer Demo
E00317,RBK47468,CAT 323,P008,PC002,2019,7124,B020,Customer
E03364,FAF62897,CAT CW34,P087,PC018,2015,12015,B001,Customer
E94386,bsk78092 ,CAT 535D,P117,PC029,2011,17338,B014,Customer
E04531,,CAT 558,P121,PC031,2018,7800,B025,Customer
E00765,BEE81676,CAT 440,P019,PC004,2025,2951,B022,Customer
E00193,ZBX13023,313,P005,PC002,2019,8270,B021,Customer
E03304,dxp02914 ,CAT CS56B,P085,PC018,2031,11109,B014,Customer
E02733,RYG23942,CAT C32,P071,PC014,2025,1199,B008,Customer
E04976,HBE59541,CAT 3516E Well Service,P134,PC035,2010,17764,B006,Customer
E00041,RHC79458,CAT 301.7,P001,PC001,2021,5796,B019,Customer
E04438,XWK69954,CAT 521B,P119,PC030,2026,0,B001,Customer
E03313,DXP43750,CAT CS56B,P085,PC018,2008,20078,B008,Customer
E02507,CEJ04428,CAT TL943,P065,PC013,2015,12056,B026,Customer
E00580,JVM80751,CAT M318,P014,PC003,2021,5834,B022,Customer
E00145,KNJ54388,CAT 308 CR,P004,PC001,2016,10434,B009,Rental Fleet
E01793,KMN56203,CAT 745,P045,PC008,2014,13317,B007,Customer
E03017,FBY49810,CAT AP555,P078,PC016,2023,2593,B009,Customer
E00563,JVM08301,CAT M318,P014,PC003,2019,7871,B014,Rental Fleet
E03831,MVL51774,CAT 794 AC,P099,PC023,2023,3453,B016,Customer
E04704,NEE29537,CAT H120,P125,PC032,2017,9909,B011,Customer
E03994,CHK74004,CAT 6040,P105,PC024,2026,728,B020,Customer
E00158,KNJ04706,CAT 308 CR,P004,PC001,2025,860,B020,Customer
E03599,AVS08206,CAT MH3026,P094,PC021,2020,6899,B025,Customer
E01507,DLV02763,CAT 988,P037,PC006,2017,9104,B002,Rental Fleet
E00482,NZV99040,CAT 352,P012,PC002,2020,7336,B024,Customer
E00916,LME79366,CAT D6,P023,PC005,2012,16536,B004,Customer
E04885,PJB24263,CAT C32 Marine,P131,PC034,2014,14241,B021,Customer
E00161,KNJ06029,CAT 308 CR,P004,PC001,2008,19708,B012,Customer
E04880,PJB21303,CAT C32 Marine,P131,PC034,2013,13065,B008,Rental Fleet
E04410,FRP24887,CAT 545D,P118,PC029,2010,17099,B005,Customer
E04702,,CAT H120,P125,PC032,2023,2369,B018,Customer
E00541,VWW63519,CAT 395,P013,PC002,2008,20521,B018,Customer
E03627,RYP97114,CAT MH3040,P095,PC021,2022,4626,B006,Rental Fleet
E03977,HFA01469,CAT 6030,P104,PC024,2011,15442,B007,Customer
E04273,SYV39284,CAT AD45,P114,PC028,2021,5523,B011,Customer
E03268,DDH08792,CAT CB10,P084,PC018,2009,18958,B013,Customer
E00906,LME05656,CAT D6,P023,PC005,2015,12445,B005,Customer
E02941,,CAT C13,P075,PC015,2014,13430,B001,Customer
E01358,VKR11444,CAT 966,P034,PC006,2022,4032,B003,Customer
E04815,FPR96753,CAT G120B Grapple,P129,PC033,2015,11852,B023,Customer
E02297,MVA43411,CAT 259,P059,PC012,2019,7216,B009,Customer
E02892,fsc94386 ,CAT C7.1,P074,PC015,2015,12179,B012,Customer
E02926,YSD05452,CAT C13,P075,PC015,2020,7783,B012,Customer
E01578,WEG74520,CAT 140,P039,PC007,2017,9435,B002,Customer
E03749,YKH28081,CAT 793,P098,PC023,2011,15227,B011,Customer
E03127,TFN65199,CAT PM310,P080,PC017,2009,18087,B006,Dealer Demo
E01954,XGE64046,CAT 775,P048,PC009,2020,6163,B010,Customer
E03444,GTK61786,CAT RM600,P089,PC019,2019,8124,B025,Customer
E02100,PXY64567,CAT 236,P054,PC011,2025,821,B018,Customer
E00835,VKP81339,CAT D4,P021,PC005,2014,14008,B015,Rental Fleet
E02833,LPM36494,CAT C4.4,P073,PC015,2014,14708,B013,Customer
E03200,NVD65161,CAT PM822,P082,PC017,2017,9285,B025,Customer
E00014,RHC59930,CAT 301.7,P001,PC001,2017,9443,B011,Rental Fleet
E04362,BSK20974,CAT 535D,P117,PC029,2013,14954,B012,Customer
E00662,JBS07807,CAT 416,P016,PC004,2018,9102,B001,Customer
E00053,PCZ26101,CAT 303 CR,P002,PC001,2015,12210,B016,Customer
E01171,AFG84627,CAT 906,P029,PC006,2009,18929,B099,Rental Fleet
E02312,GPW32771,CAT 279,P060,PC012,2014,13681,B005,Customer
E00296,CXX72634,CAT 320,P007,PC002,2024,2164,B001,Customer
E04443,XWK02370,CAT 521B,P119,PC030,2009,18901,B018,Rental Fleet
E00241,ZDP22528,CAT 315,P006,PC002,2018,9063,B027,Customer
E03296,DXP55957,CAT CS56B,P085,PC018,2012,15286,B018,Customer
E02812,MCL34961,CAT 3516,P072,PC014,2026,0,B025,Rental Fleet
E04272,SYV60644,CAT AD45,P114,PC028,2013,14328,B014,Customer
E02688,DZZ93845,CAT C18,P070,PC014,2016,10966,B018,Customer
E04525,HNE79922,CAT 522B,P120,PC030,2015,12795,B018,Customer
E00010,RHC88502,CAT 301.7,P001,PC001,2010,17849,B028,Customer
E02537,,CAT TL1055,P066,PC013,2022,5664,B024,Dealer Demo
E04751,DHW19315,CAT A14B Auger,P127,PC033,2009,19764,B013,Customer
E04164,EDH95390,CAT R1700,P111,PC027,2022,4724,B013,Rental Fleet
E01479,CKD10049,CAT 980,P036,PC006,2019,7405,B026,Customer
E01279,EAC58443,CAT 926,P031,PC006,2016,11699,B021,Customer
E03893,EJX51711,CAT 797F,P101,PC023,2013,13281,B018,Customer
E01128,GEK67988,CAT D11,P028,PC005,2015,12520,B099,Customer
E03500,GSD40649,CAT PL72,P091,PC020,2019,7565,B027,Customer
E02153,HGZ14303,CAT 246,P055,PC011,2022,5235,B013,Customer
E01623,SDS00864,CAT 160,P041,PC007,2021,5532,B011,Customer
E02783,MCL49874,CAT 3516,P072,PC014,2014,12938,B006,Customer
E02622,GJG55799,c9.3b,P068,PC014,2013,14439,B005,Customer
E01790,KMN52102,CAT 745,P045,PC008,2012,14838,B008,Customer
E00656,JBS41682,CAT 416,P016,PC004,2026,0,B026,Customer
E02834,LPM55216,CAT C4.4,P073,PC015,2024,2678,B016,Customer
E00508,NZV90812,CAT 352,P012,PC002,2017,9705,B003,Rental Fleet
E00431,MZZ04223,CAT 330,P010,PC002,2011,-16729,B025,Rental Fleet
E02635,GJG57002,c9.3b,P068,PC014,2022,4865,B004,Rental Fleet
E01059,VPD41308,CAT D10,P027,PC005,2019,5763,B028,Customer
E00327,RBK47382,CAT 323,P008,PC002,2013,13995,B007,Customer
E03169,NVD70211,CAT PM822,P082,PC017,2020,6492,B019,Customer
E00857,EBE84747,CAT D5,P022,PC005,2021,5594,B022,Customer
E04969,HBE86944,CAT 3516E Well Service,P134,PC035,2016,11052,B021,Customer
E00917,LME69656,CAT D6,P023,PC005,2009,18400,B016,Customer
E00107,EHE92802,CAT 305 CR,P003,PC001,2008,19330,B002,Customer
E01878,LFR21282,CAT 772,P047,PC009,2026,91,B007,Customer
E03867,GTZ92014,CAT 795,P100,PC023,2021,4771,B013,Customer
E01744,NND19088,CAT 730,P044,PC008,2025,848,B005,Customer
E02757,RYG18412,CAT C32,P071,PC014,2008,19831,B026,Customer
E03571,CHR21706,CAT MH3024,P093,PC021,2026,0,B019,Customer
E02995,ERV43452,CAT AP400,P077,PC016,2009,19012,B012,Customer
E02790,MCL30063,CAT 3516,P072,PC014,2017,11046,B023,Customer
E00670,,CAT 416,P016,PC004,2020,6632,B002,Customer
E03800,MVL81646,CAT 794 AC,P099,PC023,2017,-9496,B003,Customer
E01180,AFG59233,CAT 906,P029,PC006,2019,7822,B027,Rental Fleet
E04587,MCY12949,CAT 558,P121,PC031,2017,11206,B005,Customer
E04767,DHW08475,CAT A14B Auger,P127,PC033,2019,7568,B007,Customer
E03248,DDH64351,CAT CB10,P084,PC018,2008,19233,B014,Customer
E01041,XRY81230,CAT D9,P026,PC005,2008,20445,B008,Customer
E04955,HHR20175,CAT 3512E Well Service,P133,PC035,2025,637,B025,Customer
E04398,BSK44127,CAT 535D,P117,PC029,2025,1100,B007,Customer
E04416,FRP55377,CAT 545D,P118,PC029,2009,18498,B025,Customer
E02689,DZZ93686,CAT C18,P070,PC014,2025,1779,B024,Customer
E03360,FAF78676,CAT CW34,P087,PC018,2017,9617,B022,Customer
E02014,KMD11108,CAT 953,P050,PC010,2014,-13717,B017,Customer
E90815,ZCD66629,CAT D3,P020,PC005,2023,3555,B023,Customer
E03062,LWM08274,CAT AP1055,P079,PC016,2023,-3955,B001,Customer
E02238,FMH78831,CAT 239,P058,PC012,2013,14439,B011,Customer
E01400,VKR16277,CAT 966,P034,PC006,2023,3307,B021,Customer
E02070,DFH27022,CAT 973,P052,PC010,2025,197,B027,Customer
E03252,ddh47786 ,CAT CB10,P084,PC018,2020,6520,B002,Customer
E04468,XWK33898,CAT 521B,P119,PC030,2008,19440,B016,Customer
E04979,HBE86575,CAT 3516E Well Service,P134,PC035,2008,20192,B017,Customer
E03047,LWM42516,CAT AP1055,P079,PC016,2022,5429,B013,Customer
E03301,,CAT CS56B,P085,PC018,2023,2630,B027,Customer
E01707,SRE49333,CAT 18,P042,PC007,2019,7964,B006,Rental Fleet
E94891,PJB60478,CAT C32 Marine,P131,PC034,2012,15235,B013,Customer
E04975,HBE26685,CAT 3516E Well Service,P134,PC035,2009,19528,B002,Customer
E04004,CHK72522,CAT 6040,P105,PC024,2010,17158,B028,Customer
E02971,NGD73878,CAT C18 ACERT,P076,PC015,2009,18584,B027,Rental Fleet
E04181,JYL29623,CAT R2900,P112,PC027,2022,5438,B001,Customer
E00747,VMM65599,CAT 430,P018,PC004,2014,13861,B017,Customer
E03602,AVS10500,CAT MH3026,P094,PC021,2016,11065,B010,Customer
E04509,HNE77916,CAT 522B,P120,PC030,2025,485,B010,Customer
E02591,VNN27612,CAT TL1255,P067,PC013,2026,639,B021,Rental Fleet
E03911,EJX41255,CAT 797F,P101,PC023,2017,9393,B025,Customer
E04110,HPZ70194,CAT R1300G,P110,PC027,2014,13359,B012,Customer
E03417,GTK36248,rm600,P089,PC019,2014,13959,B021,Customer
E03567,CHR87429,CAT MH3024,P093,PC021,2011,15868,B001,Customer
E00270,,CAT 320,P007,PC002,2023,3358,B008,Dealer Demo
E00694,JBS11234,CAT 416,P016,PC004,2011,17638,B022,Customer
E02360,YKA18424,CAT 289,P061,PC012,2009,18768,B001,Customer
E02133,PXY76856,CAT 236,P054,PC011,2023,3412,B006,Customer
E02217,BJC28352,CAT 272,P057,PC011,2012,15598,B007,Customer
E02355,YKA49064,CAT 289,P061,PC012,2022,3498,B006,Customer
E02854,LPM31817,CAT C4.4,P073,PC015,2023,1831,B019,Customer
E02172,HGZ83139,CAT 246,P055,PC011,2012,15393,B015,Customer
E00392,MZZ11726,CAT 330,P010,PC002,2009,17882,B021,Customer
E04403,BSK80146,CAT 535D,P117,PC029,2026,607,B018,Customer
E01305,MLZ35900,CAT 938,P032,PC006,2011,16892,B023,Customer
E04197,YBY86845,CAT AD22,P113,PC028,2022,4625,B014,Customer
E04137,EDH15642,CAT R1700,P111,PC027,2014,13337,B008,Rental Fleet
E04243,YBY17969,ad22,P113,PC028,2008,20162,B006,Customer
E00149,KNJ42177,CAT 308 CR,P004,PC001,2022,5551,B008,Customer
E02221,BJC57156,CAT 272,P057,PC011,2023,2695,B007,Customer
E04688,ZND51674,CAT H110,P124,PC032,2013,14839,B015,Dealer Demo
E00604,YYZ59664,CAT M320,P015,PC003,2023,3669,B017,Customer
E03242,DDH78769,CAT CB10,P084,PC018,2010,18019,B027,Customer
E02518,CEJ93662,CAT TL943,P065,PC013,2025,1175,B004,Customer
E04471,XWK30378,CAT 521B,P119,PC030,2011,15992,B016,Rental Fleet
E04234,YBY30047,CAT AD22,P113,PC028,2020,6719,B019,Rental Fleet
E00205,ZBX80624,CAT 313,P005,PC002,2015,13110,B028,Customer
E03225,YBM09212,CAT CB2.7,P083,PC018,2009,18570,B009,Customer
E01764,NND15532,CAT 730,P044,PC008,2010,17300,B005,Rental Fleet
E00358,WMR05931,CAT 326,P009,PC002,2019,8050,B013,Customer
E00081,EHE48352,CAT 305 CR,P003,PC001,2016,11405,B024,Customer
E03696,RSX61983,CAT G3516,P096,PC022,2024,1230,B018,Customer
E04260,SYV00157,CAT AD45,P114,PC028,2009,18444,B005,Customer
E00167,KNJ57899,CAT 308 CR,P004,PC001,2010,19274,B010,Customer
E04180,JYL59351,CAT R2900,P112,PC027,2009,19197,,Customer
E03890,EJX52522,CAT 797F,P101,PC023,2008,19749,B015,Rental Fleet
E01622,SDS16120,CAT 160,P041,PC007,2012,15147,B028,Customer
E01872,LFR40089,CAT 772,P047,PC009,2022,4223,B015,Customer
E04811,FPR56785,CAT G120B Grapple,P129,PC033,2022,5723,B001,Customer
E04947,hhr18219 ,CAT 3512E Well Service,P133,PC035,2012,15837,B002,Customer
E01159,GEK11492,CAT D11,P028,PC005,2024,1288,B026,Dealer Demo
E03490,GSD84622,CAT PL72,P091,PC020,2024,2652,B010,Customer
E03016,FBY39677,CAT AP555,P078,PC016,2008,18812,B013,Customer
E01977,CTW52437,CAT 777,P049,PC009,2013,12910,B022,Customer
E02423,EXY70837,CAT TH255C,P063,PC013,2019,7539,B012,Customer
E02792,MCL05947,CAT 3516,P072,PC014,2018,8953,B005,Rental Fleet
E03633,RYP70695,CAT MH3040,P095,PC021,2015,12112,B017,Customer
E02881,FSC29469,CAT C7.1,P074,PC015,2018,8638,B018,Customer
E01841,RES71003,CAT 770,P046,PC009,2014,12698,B008,Customer
E01766,NND83381,CAT 730,P044,PC008,2021,6046,B008,Rental Fleet
E00012,RHC74086,CAT 301.7,P001,PC001,2026,805,B017,Customer
E03711,KMY00731,CAT G3520,P097,PC022,2014,12892,B017,Customer
E04206,YBY29733,CAT AD22,P113,PC028,2022,3199,B023,Customer
E01478,CKD69608,CAT 980,P036,PC006,2026,0,B016,Customer
E04798,MXE20659,CAT G115B Grapple,P128,PC033,2017,10380,B020,Rental Fleet
E02925,YSD47933,CAT C13,P075,PC015,2015,13061,B016,Customer
E03564,CHR31120,CAT MH3024,P093,PC021,2017,8224,B016,Rental Fleet
E00981,JSY73447,CAT D8,P025,PC005,2019,6677,B012,Customer
E01067,VPD48115,CAT D10,P027,PC005,2016,11349,B009,Rental Fleet
E01717,CWE95539,CAT 725,P043,PC008,2024,2278,B099,Customer
E01481,CKD81916,CAT 980,P036,PC006,2016,10108,B018,Customer
E01674,SRE23560,CAT 18,P042,PC007,2025,-1734,B001,Customer
E00136,KNJ07105,CAT 308 CR,P004,PC001,2021,5474,B007,Customer
E02933,YSD63453,CAT C13,P075,PC015,2025,704,B026,Customer
E02855,,CAT C4.4,P073,PC015,2026,0,B025,Rental Fleet
E01357,VKR88252,CAT 966,P034,PC006,2019,8727,B003,Customer
E02328,YKA15036,CAT 289,P061,PC012,0,14087,B003,Customer
E01715,SRE86487,CAT 18,P042,PC007,2014,13137,B020,Customer
E04194,YBY42662,CAT AD22,P113,PC028,2019,6417,B021,Customer
E01299,MLZ12753,CAT 938,P032,PC006,2017,9546,B019,Customer
E02399,ZBH02791,CAT 299,P062,PC012,2011,16342,B009,Customer
E01232,,CAT 926,P031,PC006,2022,3826,B014,Customer
E00378,WMR60250,326,P009,PC002,2013,-14292,B018,Customer
E03673,RSX25503,CAT G3516,P096,PC022,2015,10862,B019,Rental Fleet
E00542,vww53627 ,CAT 395,P013,PC002,2023,4134,B022,Customer
E02526,CEJ35147,CAT TL943,P065,PC013,2008,20008,B023,Customer
E02148,HGZ81346,CAT 246,P055,PC011,2009,19010,B021,Customer
E01897,LFR33994,CAT 772,P047,PC009,2014,14408,B015,Customer
E04521,HNE27016,CAT 522B,P120,PC030,2016,10094,B006,Customer
E00331,WMR09667,CAT 326,P009,PC002,2026,369,B003,Customer
E04297,XHW00304,CAT AD60,P115,PC028,1899,2701,B026,Customer
E02092,EAX87461,CAT 226,P053,PC011,2012,15634,B022,Customer
E01487,,CAT 980,P036,PC006,2017,8894,B003,Customer
E00740,VMM66495,CAT 430,P018,PC004,2019,6810,B010,Rental Fleet
E03668,RSX71011,CAT G3516,P096,PC022,2016,11045,B006,Customer
E01569,WEG96455,CAT 140,P039,PC007,2021,5679,B022,Customer
E01184,AFG40680,CAT 906,P029,PC006,2024,2650,B025,Customer
E04140,EDH55024,CAT R1700,P111,PC027,2011,16700,B016,Customer
E01703,SRE79795,CAT 18,P042,PC007,2008,18522,B022,Customer
E00618,YYZ53745,CAT M320,P015,PC003,2008,19049,B001,Customer
E02422,EXY33744,th255c,P063,PC013,2016,10915,B001,Customer
E04551,MCY20763,CAT 558,P121,PC031,2008,19196,B025,Customer
E00737,VMM38746,CAT 430,P018,PC004,2023,3263,B013,Customer
E04552,MCY00615,CAT 558,P121,PC031,2021,5325,B011,Rental Fleet
E03899,EJX07680,CAT 797F,P101,PC023,2013,14886,B012,Customer
E02195,PZH16892,CAT 262,P056,PC011,2021,6054,B024,Customer
E02012,CTW00773,CAT 777,P049,PC009,2019,7199,B020,Customer
E04361,BSK30563,CAT 535D,P117,PC029,2021,5425,B016,Customer
E00731,VMM67046,CAT 430,P018,PC004,2008,-21364,B027,Customer
E02227,BJC82930,CAT 272,P057,PC011,2019,7976,B002,Rental Fleet
E00701,FGG26466,CAT 420,P017,PC004,2021,6342,B027,Customer
E01210,MXW56512,CAT 908,P030,PC006,2026,579,B026,Dealer Demo
E04413,FRP24489,CAT 545D,P118,PC029,2019,6911,B028,Customer
E00038,RHC43405,CAT 301.7,P001,PC001,2025,1676,B001,Customer
E00717,FGG08601,420,P017,PC004,2013,14032,B005,Customer
E02230,FMH86109,CAT 239,P058,PC012,2014,13376,B012,Customer
E01026,XRY87386,CAT D9,P026,PC005,2009,19177,B007,Dealer Demo
E04628,VRA59794,CAT 568,P122,PC031,2017,9892,B009,Customer
E04999,HBE48132,CAT 3516E Well Service,P134,PC035,2022,4487,B001,Dealer Demo
E00048,PCZ00054,CAT 303 CR,P002,PC001,2025,729,B010,Customer
E01383,VKR79712,CAT 966,P034,PC006,2009,18198,B008,Customer
E05021,HBE37958,CAT 3516E Well Service,P134,PC035,2010,17343,B022,Customer
E92494,CEJ55732,CAT TL943,P065,PC013,2022,3937,B013,Customer
E03262,DDH20018,CAT CB10,P084,PC018,2013,14770,B018,Rental Fleet
E02189,HGZ00997,CAT 246,P055,PC011,2020,7573,B017,Customer
E01237,EAC63116,CAT 926,P031,PC006,2026,238,B024,Customer
E01613,SDS14939,CAT 160,P041,PC007,2021,5275,B008,Customer
E02220,BJC85450,CAT 272,P057,PC011,2025,1495,B010,Customer
E03981,HFA36224,CAT 6030,P104,PC024,2023,2419,B028,Customer
E01665,SRE49455,CAT 18,P042,PC007,2018,7854,B020,Customer
E03824,MVL58581,CAT 794 AC,P099,PC023,2009,18603,B019,Customer
E04479,HNE87634,CAT 522B,P120,PC030,2026,0,B012,Customer
E04229,YBY07265,CAT AD22,P113,PC028,2025,977,B016,Customer
E04848,TVV62057,CAT C18 Marine,P130,PC034,2016,11690,B011,Customer
E00991,JSY54263,CAT D8,P025,PC005,2022,4984,B005,Customer
E01998,,CAT 777,P049,PC009,2018,8607,B021,Customer
E02595,GJG62287,CAT C9.3B,P068,PC014,2013,14809,B012,Customer
E00104,EHE28362,CAT 305 CR,P003,PC001,2014,13707,B024,Customer
E03429,GTK90235,CAT RM600,P089,PC019,2014,13952,B013,Customer
E01127,GEK68243,CAT D11,P028,PC005,2009,19212,B002,Rental Fleet
E01483,CKD75609,CAT 980,P036,PC006,2013,13417,B099,Customer
E02394,ZBH45435,299,P062,PC012,2009,18372,B014,Customer
E00975,FDG72790,CAT D6 XE,P024,PC005,2015,11564,B005,Rental Fleet
E02456,MHR10983,CAT TH357D,P064,PC013,2024,2485,B005,Rental Fleet
E01704,SRE91291,CAT 18,P042,PC007,2025,1289,B023,Customer
E04600,VRA12555,CAT 568,P122,PC031,2009,18742,B016,Customer
E01560,JDL51665,CAT 120,P038,PC007,2011,15376,B012,Customer
E04968,HBE50642,CAT 3516E Well Service,P134,PC035,2008,19511,B021,Customer
E03815,MVL02285,CAT 794 AC,P099,PC023,2008,19451,B018,Rental Fleet
E02742,,CAT C32,P071,PC014,2021,5972,B025,Rental Fleet
E01768,NND82505,730,P044,PC008,2009,18303,B026,Customer
E01916,XGE93935,CAT 775,P048,PC009,2026,0,B017,Customer
E02653,VJF54307,CAT C15,P069,PC014,2008,19535,B015,Customer
E01175,AFG89849,CAT 906,P029,PC006,2026,0,B026,Customer
E02455,MHR91766,CAT TH357D,P064,PC013,2023,3553,B025,Customer
E02461,MHR37390,CAT TH357D,P064,PC013,2021,5267,B006,Rental Fleet
E02294,MVA27042,CAT 259,P059,PC012,2019,7851,B024,Customer
E04910,pjb65040 ,CAT C32 Marine,P131,PC034,2010,17358,B006,Customer
E04682,ZND83102,CAT H110,P124,PC032,2015,12401,B010,Customer
E01557,JDL86919,CAT 120,P038,PC007,2026,0,B001,Customer
E01338,BBY91312,CAT 950,P033,PC006,2023,2593,B027,Customer
E03398,CMC86233,CAT RM400,P088,PC019,2025,861,B010,Customer
E02459,MHR30444,th357d,P064,PC013,2011,16339,B019,Customer
E00359,WMR25514,CAT 326,P009,PC002,2025,778,B013,Customer
E01807,KMN53853,CAT 745,P045,PC008,2018,7395,B005,Customer
E03204,YBM67036,CAT CB2.7,P083,PC018,2023,2599,B016,Customer
E00646,YYZ54001,CAT M320,P015,PC003,2023,3480,B018,Customer
E04783,MXE51562,g115b grapple,P128,PC033,2024,1832,B002,Customer
E01223,MXW00111,CAT 908,P030,PC006,2009,18378,B012,Customer
E03256,DDH30028,CAT CB10,P084,PC018,2013,15443,B014,Customer
E02642,VJF60036,CAT C15,P069,PC014,2019,6859,B023,Customer
E02345,YKA36483,CAT 289,P061,PC012,2012,15591,B013,Customer
E02924,ysd87649 ,CAT C13,P075,PC015,2011,16172,B018,Customer
E03323,SNW22274,CAT CS66B,P086,PC018,2014,14092,B016,Customer
E01845,RES28648,CAT 770,P046,PC009,2010,16730,B016,Dealer Demo
E04064,WMB44206,CAT MD6250,P108,PC026,2011,15571,B007,Rental Fleet
E04673,ZND60903,CAT H110,P124,PC032,2009,18361,B009,Customer
E03502,GSD53312,CAT PL72,P091,PC020,2009,17945,B007,Customer
E03772,YKH50146,CAT 793,P098,PC023,2011,17182,B013,Customer
E02654,VJF12734,CAT C15,P069,PC014,2018,8398,B008,Customer
E04643,TNH03034,CAT H95,P123,PC032,2008,18763,Richmond,Customer
E01742,NND07929,CAT 730,P044,PC008,2009,18797,B005,Customer
E00735,VMM07442,CAT 430,P018,PC004,2015,12468,B020,Customer
E00569,JVM20838,CAT M318,P014,PC003,2017,10764,B003,Customer
E01786,NND97677,CAT 730,P044,PC008,2017,9745,B027,Customer
E03821,MVL18118,CAT 794 AC,P099,PC023,2015,11887,B002,Customer
E03798,MVL02210,CAT 794 AC,P099,PC023,2011,15352,B020,Customer
E03211,YBM88618,CAT CB2.7,P083,PC018,2024,-1802,B014,Customer
E01457,ZKJ50284,CAT 972,P035,PC006,2011,15382,B015,Customer
E00035,RHC45831,CAT 301.7,P001,PC001,2022,4036,B008,Customer
E05018,HBE12537,CAT 3516E Well Service,P134,PC035,2015,11924,B011,Customer
E00239,ZDP41034,315,P006,PC002,2010,16903,B023,Customer
E02627,GJG50331,CAT C9.3B,P068,PC014,2024,2164,B021,Rental Fleet
E04332,JGB42090,CAT 525D,P116,PC029,2023,3026,B027,Customer
E02008,CTW44297,CAT 777,P049,PC009,2011,16314,B022,Customer
E01753,NND61150,CAT 730,P044,PC008,2015,11784,B024,Customer
E00454,GBE99829,CAT 336,P011,PC002,2023,4017,B027,Customer
E03623,RYP06264,CAT MH3040,P095,PC021,2018,9181,B017,Customer
E03771,YKH07013,CAT 793,P098,PC023,2012,16172,B022,Customer
E03524,GSD43458,CAT PL72,P091,PC020,2016,11926,B024,Dealer Demo
E04279,SYV32059,CAT AD45,P114,PC028,2026,8,B023,Rental Fleet
E04328,JGB11911,CAT 525D,P116,PC029,2008,-19446,B015,Customer
E02246,FMH49009,CAT 239,P058,PC012,2011,15876,B020,Customer
E04370,BSK05603,CAT 535D,P117,PC029,2013,14910,B014,Customer
E00245,ZDP66911,CAT 315,P006,PC002,2010,17105,B007,Rental Fleet
E04196,,CAT AD22,P113,PC028,2012,15454,B010,Customer
E00760,BEE56842,CAT 440,P019,PC004,2018,8589,B022,Dealer Demo
E04939,HHR62309,CAT 3512E Well Service,P133,PC035,2021,6230,B025,Customer
E02573,VNN43604,CAT TL1255,P067,PC013,2008,20407,B011,Rental Fleet
E00246,ZDP46020,CAT 315,P006,PC002,2019,7151,B024,Rental Fleet
E03560,CHR55637,CAT MH3024,P093,PC021,2023,3100,B025,Customer
E04745,DHW01265,CAT A14B Auger,P127,PC033,2023,3415,B027,Customer
E02723,DZZ25746,CAT C18,P070,PC014,2010,16958,B016,Customer
E01215,MXW42915,CAT 908,P030,PC006,2020,5719,B003,Customer
E02314,GPW49279,CAT 279,P060,PC012,2013,-14775,B026,Rental Fleet
E03956,JJP27560,CAT 6020B,P103,PC024,2025,1552,B027,Customer
E03515,GSD10770,CAT PL72,P091,PC020,2016,10831,B013,Customer
E03794,MVL02934,CAT 794 AC,P099,PC023,2026,0,B014,Customer
E01873,LFR79433,CAT 772,P047,PC009,2025,563,B023,Customer
E00106,EHE29817,CAT 305 CR,P003,PC001,2017,9824,B012,Customer
E01653,SDS77102,160,P041,PC007,2020,5628,B028,Customer
E03439,GTK55015,CAT RM600,P089,PC019,2025,1070,B007,Customer
E01288,MLZ91211,CAT 938,P032,PC006,2017,10630,B013,Rental Fleet
E03135,ZJG96364,CAT PM620,P081,PC017,2018,8406,B019,Customer
E04803,MXE74533,CAT G115B Grapple,P128,PC033,2021,5527,B009,Customer
E02150,HGZ20737,CAT 246,P055,PC011,2020,6531,B019,Customer
E01886,LFR67966,CAT 772,P047,PC009,2010,16545,B007,Rental Fleet
E00885,LME82789,CAT D6,P023,PC005,2024,2977,B013,Customer
E02947,NGD53636,CAT C18 ACERT,P076,PC015,2016,10771,B014,Customer
E03638,RYP65073,CAT MH3040,P095,PC021,2020,6466,B008,Rental Fleet
E02137,HGZ38122,CAT 246,P055,PC011,2018,8045,,Customer
E03969,JJP74451,CAT 6020B,P103,PC024,2015,12190,B004,Dealer Demo
E04300,XHW50842,CAT AD60,P115,PC028,2020,6988,B008,Customer
E02548,FTD43275,CAT TL1055,P066,PC013,2020,6478,B019,Customer
E01203,AFG47639,CAT 906,P029,PC006,2016,10275,B022,Customer
E03027,FBY87155,CAT AP555,P078,PC016,2018,9040,B023,Customer
E04574,MCY67105,CAT 558,P121,PC031,2019,7731,B008,Customer
E00169,KNJ26112,CAT 308 CR,P004,PC001,2017,11075,B004,Customer
E00131,KNJ61606,CAT 308 CR,P004,PC001,2010,17288,B022,Customer
E01719,CWE00257,CAT 725,P043,PC008,2031,-5195,B021,Customer
E03962,JJP69166,CAT 6020B,P103,PC024,2026,549,B017,Customer
E03589,AVS71369,CAT MH3026,P094,PC021,2019,7414,B009,Customer
E03020,FBY25285,CAT AP555,P078,PC016,2025,791,B016,Customer
E04935,HHR77613,3512e well service,P133,PC035,2021,5087,B013,Customer
E92891,FSC92846,CAT C7.1,P074,PC015,2024,1685,B026,Rental Fleet
E04946,HHR87916,CAT 3512E Well Service,P133,PC035,2008,18906,B021,Customer
E01370,VKR93299,CAT 966,P034,PC006,2013,14827,B018,Customer
E04512,HNE76394,CAT 522B,P120,PC030,2022,5356,B012,Customer
E03117,TFN58335,CAT PM310,P080,PC017,2017,9328,B006,Customer
E02624,GJG89436,CAT C9.3B,P068,PC014,2020,6455,Richmond,Rental Fleet
E04970,HBE13495,CAT 3516E Well Service,P134,PC035,2009,18990,B013,Customer
E01005,XRY61499,CAT D9,P026,PC005,2017,9006,B099,Rental Fleet
E04358,,CAT 535D,P117,PC029,2018,7866,B026,Customer
E01495,,CAT 980,P036,PC006,2009,18502,B003,Rental Fleet
E04492,HNE55984,CAT 522B,P120,PC030,2013,13888,B002,Customer
E03111,TFN03122,CAT PM310,P080,PC017,2024,2045,B006,Rental Fleet
E01272,EAC55966,CAT 926,P031,PC006,2016,10798,B023,Rental Fleet
E04762,DHW44744,CAT A14B Auger,P127,PC033,2011,17076,B012,Customer
E00864,EBE36900,CAT D5,P022,PC005,2010,17475,Richmond,Rental Fleet
E00114,EHE68495,CAT 305 CR,P003,PC001,2015,11877,B013,Customer
E00465,GBE66288,CAT 336,P011,PC002,2031,12996,B021,Customer
E92777,RYG69917,CAT C32,P071,PC014,2008,18871,B025,Customer
E00406,MZZ34283,CAT 330,P010,PC002,2008,20333,B021,Customer
E02703,DZZ33726,CAT C18,P070,PC014,2020,6506,B007,Customer
E01281,EAC51293,CAT 926,P031,PC006,2018,8155,B025,Customer
E03193,NVD74208,CAT PM822,P082,PC017,2010,18030,B014,Rental Fleet
E03655,RYP60016,CAT MH3040,P095,PC021,2024,3173,B002,Customer
E03476,BGR51722,CAT PL61,P090,PC020,2023,4223,B021,Customer
E00373,WMR75048,CAT 326,P009,PC002,2009,18974,B001,Customer
E00453,GBE40426,336,P011,PC002,2019,7647,B016,Customer
E03005,ERV57795,CAT AP400,P077,PC016,2019,7372,B001,Dealer Demo
E00236,ZDP23029,CAT 315,P006,PC002,2021,5005,B005,Customer
E04252,SYV31095,CAT AD45,P114,PC028,2019,7465,B027,Customer
E03694,RSX04613,CAT G3516,P096,PC022,2010,16786,B025,Customer
E02098,EAX41854,CAT 226,P053,PC011,2019,8746,B016,Customer
E04302,XHW24969,CAT AD60,P115,PC028,2013,14240,B027,Customer
E00688,JBS26172,CAT 416,P016,PC004,2023,3306,B004,Customer
E01814,KMN60647,CAT 745,P045,PC008,2022,3714,B019,Customer
E03742,YKH28688,CAT 793,P098,PC023,2023,3643,B006,Rental Fleet
E04447,XWK72230,CAT 521B,P119,PC030,2025,1166,B016,Customer
E00836,VKP98974,CAT D4,P021,PC005,2019,6826,B019,Customer
E03217,YBM32196,CAT CB2.7,P083,PC018,2019,6959,B019,Customer
E00068,PCZ91164,CAT 303 CR,P002,PC001,2026,206,B001,Rental Fleet
E03888,GTZ97980,CAT 795,P100,PC023,2023,3881,B003,Customer
E04665,TNH45437,CAT H95,P123,PC032,2024,1971,B009,Customer
E00501,NZV57701,CAT 352,P012,PC002,2018,8240,B028,Customer
E02435,exy96082 ,CAT TH255C,P063,PC013,2025,1991,B026,Customer
E03359,FAF35866,CAT CW34,P087,PC018,2010,16345,B014,Customer
E00339,WMR76107,CAT 326,P009,PC002,2026,498,B024,Rental Fleet
E03729,KMY42656,CAT G3520,P097,PC022,2009,18863,B027,Customer
E00096,EHE01331,305 cr,P003,PC001,2025,2142,B017,Rental Fleet
E02552,FTD00033,CAT TL1055,P066,PC013,2023,3887,B011,Customer
E03552,CHR56187,CAT MH3024,P093,PC021,2020,5838,B014,Rental Fleet
E00386,MZZ70593,CAT 330,P010,PC002,2014,12797,B009,Rental Fleet
E03736,KMY97124,CAT G3520,P097,PC022,2014,13516,B014,Rental Fleet
E02244,FMH41049,CAT 239,P058,PC012,2025,1597,B016,Customer
E00866,EBE97879,CAT D5,P022,PC005,2012,15265,B013,Customer
E00419,MZZ73243,CAT 330,P010,PC002,2009,17642,B024,Customer
E01808,KMN97406,CAT 745,P045,PC008,2023,4445,B003,Customer
E92755,RYG73642,CAT C32,P071,PC014,2014,13582,B019,Customer
E02998,ERV92223,CAT AP400,P077,PC016,2018,8371,B006,Customer
E01581,WEG65988,CAT 140,P039,PC007,2010,18580,B015,Customer
E00755,BEE95769,440,P019,PC004,2014,13129,B011,Customer
E04409,FRP56893,CAT 545D,P118,PC029,0,10628,B004,Customer
E02983,ERV60736,CAT AP400,P077,PC016,2019,6726,B014,Customer
E02450,MHR16706,CAT TH357D,P064,PC013,2019,7631,,Customer
E04696,nee40318 ,CAT H120,P125,PC032,2014,13148,B002,Customer
E01191,AFG87966,CAT 906,P029,PC006,2022,4652,B009,Customer
E01103,vpd43722 ,CAT D10,P027,PC005,2017,8910,B001,Customer
E03186,NVD01468,CAT PM822,P082,PC017,2020,6699,B012,Customer
E04854,TVV08231,CAT C18 Marine,P130,PC034,2011,16799,B012,Customer
E03875,GTZ80489,CAT 795,P100,PC023,2015,12720,B009,Customer
E04728,BTJ93725,CAT H140,P126,PC032,2009,18022,B008,Customer
E03064,LWM83083,CAT AP1055,P079,PC016,2018,9315,B016,Customer
E03212,YBM80355,CAT CB2.7,P083,PC018,2014,13447,B026,Customer
E00938,FDG22974,CAT D6 XE,P024,PC005,2009,18222,,Customer
E02765,RYG83149,CAT C32,P071,PC014,2018,9016,B003,Dealer Demo
E00771,BEE14944,CAT 440,P019,PC004,2017,10052,B020,Customer
E01297,MLZ64081,938,P032,PC006,2012,15015,B020,Customer
E04514,hne45683 ,CAT 522B,P120,PC030,2026,0,B025,Customer
E02895,,CAT C7.1,P074,PC015,2013,13586,B002,Rental Fleet
E00248,ZDP23219,CAT 315,P006,PC002,2010,17877,B025,Customer
E03342,FAF12219,CAT CW34,P087,PC018,2021,6724,B016,Rental Fleet
E02427,EXY03237,CAT TH255C,P063,PC013,2012,14911,B011,Dealer Demo
E01588,FNB90527,CAT 150,P040,PC007,2019,7526,B022,Rental Fleet
E01699,SRE56619,CAT 18,P042,PC007,2016,11173,B026,Customer
E02904,FSC95733,CAT C7.1,P074,PC015,2021,6628,B006,Customer
E00856,EBE26946,CAT D5,P022,PC005,2011,16198,B099,Rental Fleet
E01042,XRY86284,CAT D9,P026,PC005,2010,16787,B018,Rental Fleet
E04579,mcy17465 ,558,P121,PC031,2020,5986,B002,Rental Fleet
E01143,GEK37852,CAT D11,P028,PC005,2022,4189,B005,Rental Fleet
E04236,YBY05903,CAT AD22,P113,PC028,2023,3462,B012,Customer
E04497,HNE53556,522b,P120,PC030,2017,9490,B011,Customer
E03133,ZJG59803,CAT PM620,P081,PC017,2019,8023,B012,Customer
E04582,MCY00960,CAT 558,P121,PC031,2012,14780,B009,Customer
E04559,MCY55011,CAT 558,P121,PC031,2023,3383,B028,Customer
E03432,GTK14395,rm600,P089,PC019,2012,14932,B009,Customer
E02992,ERV41447,CAT AP400,P077,PC016,2023,3656,B020,Rental Fleet
E03031,FBY62397,CAT AP555,P078,PC016,2014,13587,B016,Customer
E03174,NVD05751,CAT PM822,P082,PC017,2020,-7245,B010,Customer
E02543,FTD45215,CAT TL1055,P066,PC013,2015,11150,B009,Customer
E04281,SYV75356,CAT AD45,P114,PC028,2015,13000,B009,Customer
E03191,NVD19152,CAT PM822,P082,PC017,2010,17010,B005,Rental Fleet
E01303,MLZ71551,CAT 938,P032,PC006,2026,742,B026,Customer
E02553,,CAT TL1055,P066,PC013,2009,18055,B022,Customer
E03052,LWM19648,CAT AP1055,P079,PC016,2023,3089,B009,Customer
E00527,VWW24431,395,P013,PC002,2013,13894,B001,Customer
E01922,XGE94264,CAT 775,P048,PC009,2015,11869,B009,Customer
E03882,GTZ05740,CAT 795,P100,PC023,2015,10850,Richmond,Customer
E00212,ZBX94482,CAT 313,P005,PC002,2025,931,B028,Customer
E03959,JJP31579,CAT 6020B,P103,PC024,2018,8609,B018,Customer
E00674,JBS58541,CAT 416,P016,PC004,2018,8629,B001,Customer
E04060,EPC30646,CAT 7495,P107,PC025,2019,7351,B011,Rental Fleet
E02313,GPW39461,CAT 279,P060,PC012,2014,13029,B021,Customer
E04451,XWK94399,CAT 521B,P119,PC030,2019,7001,B004,Customer
E03727,KMY97889,CAT G3520,P097,PC022,2016,11760,B009,Customer
E04251,YBY60344,ad22,P113,PC028,2008,20694,B017,Customer
E04597,VRA51240,CAT 568,P122,PC031,2015,12586,B005,Customer
E00217,ZBX17055,CAT 313,P005,PC002,2019,6952,B018,Customer
E02951,NGD08717,CAT C18 ACERT,P076,PC015,2023,3517,B024,Customer
E01537,DLV76403,CAT 988,P037,PC006,2019,7433,B001,Customer
E04390,BSK69717,CAT 535D,P117,PC029,2016,11204,B007,Customer
E01251,EAC04338,CAT 926,P031,PC006,2024,2061,B005,Customer
E02914,YSD03625,CAT C13,P075,PC015,2017,9733,B026,Rental Fleet
E02799,MCL81516,CAT 3516,P072,PC014,2016,10546,B011,Customer
E04160,,CAT R1700,P111,PC027,2019,7637,B008,Customer
E00914,LME30123,CAT D6,P023,PC005,2010,17057,B013,Customer
E03435,GTK14041,CAT RM600,P089,PC019,2026,26,B026,Customer
E02806,MCL47918,CAT 3516,P072,PC014,2025,1291,B020,Customer
E04659,TNH92282,CAT H95,P123,PC032,2026,-1,B015,Customer
E00687,jbs47295 ,CAT 416,P016,PC004,2009,18956,B027,Customer
E04461,XWK51564,CAT 521B,P119,PC030,1899,17816,B014,Customer
E02934,YSD69148,CAT C13,P075,PC015,2009,18374,B027,Customer
E03989,HFA84844,CAT 6030,P104,PC024,2008,19348,B028,Customer
E03748,YKH99582,CAT 793,P098,PC023,2022,4858,B017,Rental Fleet
E03575,CHR47997,CAT MH3024,P093,PC021,2025,349,B019,Customer
E03755,YKH57459,CAT 793,P098,PC023,2026,0,B024,Customer
E03341,SNW86299,CAT CS66B,P086,PC018,2021,4971,B019,Rental Fleet
E01244,EAC34137,CAT 926,P031,PC006,2026,803,B002,Customer
E02779,,CAT 3516,P072,PC014,2013,14736,B007,Customer
E03784,YKH97271,CAT 793,P098,PC023,2010,17053,B024,Customer
E02652,VJF35741,CAT C15,P069,PC014,2017,9898,B001,Customer
E02973,NGD58940,CAT C18 ACERT,P076,PC015,2020,6973,B016,Customer
E02828,LPM68889,CAT C4.4,P073,PC015,2019,8404,B020,Customer
E00347,WMR40971,CAT 326,P009,PC002,2012,-15740,B028,Customer
E04504,HNE34340,CAT 522B,P120,PC030,2021,5088,B011,Customer
E01188,AFG61195,CAT 906,P029,PC006,2018,8422,B002,Customer
E01069,VPD96242,CAT D10,P027,PC005,2014,13670,B016,Customer
E01293,MLZ04856,CAT 938,P032,PC006,2008,19510,B024,Customer
E01018,XRY07346,CAT D9,P026,PC005,2012,15640,B009,Customer
E92434,EXY82618,CAT TH255C,P063,PC013,2026,0,B018,Customer
E01216,MXW76123,CAT 908,P030,PC006,2012,15431,B025,Customer
E00528,VWW58927,CAT 395,P013,PC002,2014,12706,B019,Customer
E00474,GBE49437,CAT 336,P011,PC002,2020,-6555,B018,Customer
E04961,HHR39648,CAT 3512E Well Service,P133,PC035,2018,8469,B023,Customer
E01233,EAC50426,CAT 926,P031,PC006,2022,4163,B020,Customer
E02016,KMD29635,CAT 953,P050,PC010,2016,11486,B016,Customer
E02382,ZBH91926,CAT 299,P062,PC012,2021,5566,B014,Customer
E02211,BJC49186,CAT 272,P057,PC011,2021,6154,B015,Rental Fleet
E02054,PSK07969,CAT 963,P051,PC010,2026,416,B026,Dealer Demo
E04733,BTJ05285,CAT H140,P126,PC032,2015,11508,B028,Customer
E00372,WMR19370,CAT 326,P009,PC002,2020,6792,B027,Customer
E00890,,CAT D6,P023,PC005,2015,12060,B022,Customer
E02372,YKA44309,CAT 289,P061,PC012,2009,18201,B014,Customer
E02091,EAX23340,CAT 226,P053,PC011,2012,14911,B006,Customer
E03774,YKH86733,CAT 793,P098,PC023,2018,9461,B024,Rental Fleet
E00124,EHE37829,305 cr,P003,PC001,2026,0,B015,Customer
E01236,EAC63343,CAT 926,P031,PC006,2026,0,B023,Customer
E03997,CHK15508,CAT 6040,P105,PC024,2026,0,B022,Customer
E01972,CTW79453,CAT 777,P049,PC009,2019,8236,B018,Customer
E00005,RHC37389,CAT 301.7,P001,PC001,2022,3065,B026,Customer
E03377,CMC13576,CAT RM400,P088,PC019,2021,5865,B013,Customer
E03793,MVL58080,CAT 794 AC,P099,PC023,2009,18399,B014,Customer
E01172,AFG43924,CAT 906,P029,PC006,2031,1362,B015,Customer
E03714,KMY76866,CAT G3520,P097,PC022,2020,7706,B020,Dealer Demo
E00084,EHE09962,CAT 305 CR,P003,PC001,2014,11843,B019,Customer
E03788,MVL50774,CAT 794 AC,P099,PC023,2019,7641,B010,Customer
E00433,MZZ58516,CAT 330,P010,PC002,2009,-17936,B002,Customer
E04331,JGB95637,CAT 525D,P116,PC029,2022,4445,B016,Customer
E01558,JDL23668,CAT 120,P038,PC007,2026,0,B014,Rental Fleet
E00133,KNJ86847,CAT 308 CR,P004,PC001,2017,10935,B018,Customer
E04636,,CAT 568,P122,PC031,2016,11357,B006,Customer
E02512,CEJ79390,CAT TL943,P065,PC013,2014,13068,B028,Customer
E00159,KNJ29818,CAT 308 CR,P004,PC001,2017,9886,B004,Customer
E02105,PXY18265,CAT 236,P054,PC011,2019,7607,B028,Customer
E03643,RYP43916,mh3040,P095,PC021,2008,19166,B004,Customer
E00325,RBK87536,CAT 323,P008,PC002,2018,8673,B018,Customer
E03434,GTK97833,CAT RM600,P089,PC019,2017,9455,B013,Customer
E00769,BEE35387,CAT 440,P019,PC004,2024,1531,B014,Rental Fleet
E02696,DZZ98633,CAT C18,P070,PC014,2023,3792,B008,Customer
E04701,NEE84256,CAT H120,P125,PC032,2017,10326,B004,Customer
E01204,AFG59413,CAT 906,P029,PC006,2018,9383,B016,Customer
E02751,RYG49155,CAT C32,P071,PC014,2026,189,B011,Customer
E01463,ZKJ49519,CAT 972,P035,PC006,2026,0,B010,Customer
E91677,SRE64419,CAT 18,P042,PC007,2009,18784,B014,Customer
E03963,JJP40118,CAT 6020B,P103,PC024,2009,19220,B019,Customer
E03349,FAF77397,CAT CW34,P087,PC018,2024,1571,B014,Customer
E04835,TVV81761,CAT C18 Marine,P130,PC034,2014,13559,B007,Rental Fleet
E00088,EHE64252,CAT 305 CR,P003,PC001,2021,5307,B004,Customer
E01805,KMN37201,CAT 745,P045,PC008,2020,6736,B017,Customer
E02377,ZBH94809,CAT 299,P062,PC012,2016,11156,B017,Customer
E02645,VJF44273,CAT C15,P069,PC014,2010,18496,B014,Customer
E04729,BTJ13866,CAT H140,P126,PC032,2021,4818,B017,Customer
E01418,ZKJ44833,CAT 972,P035,PC006,2024,2950,B099,Customer
E04106,HPZ91806,r1300g,P110,PC027,2021,6490,B006,Customer
E01409,VKR67354,CAT 966,P034,PC006,2010,17891,B025,Customer
E02863,LPM87697,CAT C4.4,P073,PC015,2021,5850,B006,Customer
E02959,NGD86885,CAT C18 ACERT,P076,PC015,2009,19636,B007,Customer
E04233,YBY22875,CAT AD22,P113,PC028,2020,6432,B026,Customer
E00989,JSY85592,CAT D8,P025,PC005,2018,8678,B021,Customer
E02946,NGD26854,CAT C18 ACERT,P076,PC015,2017,8818,B021,Customer
E01592,FNB25024,CAT 150,P040,PC007,2025,401,B003,Customer
E04456,XWK85673,CAT 521B,P119,PC030,2008,19861,B004,Customer
E00502,NZV39379,CAT 352,P012,PC002,2012,16350,B011,Customer
E04378,BSK71230,CAT 535D,P117,PC029,2021,5345,B014,Customer
E04165,EDH88492,CAT R1700,P111,PC027,2026,0,B015,Customer
E01682,SRE39063,CAT 18,P042,PC007,2009,19423,B013,Customer
E01516,DLV21017,CAT 988,P037,PC006,2011,15133,B023,Customer
E03887,GTZ74347,CAT 795,P100,PC023,2008,18797,B016,Customer
E00644,YYZ28144,CAT M320,P015,PC003,2019,7789,,Customer
E04740,BTJ72285,h140,P126,PC032,2020,6060,B012,Rental Fleet
E01109,VPD40945,CAT D10,P027,PC005,2021,5952,B018,Customer
E02576,VNN08514,CAT TL1255,P067,PC013,2009,18477,B007,Rental Fleet
E00099,EHE12197,CAT 305 CR,P003,PC001,2008,19632,B008,Customer
E00987,JSY55289,CAT D8,P025,PC005,2018,8269,,Rental Fleet
E02344,YKA44472,CAT 289,P061,PC012,2026,0,B015,Customer
E02042,PSK12700,CAT 963,P051,PC010,2011,17839,B022,Customer
E02969,NGD89695,CAT C18 ACERT,P076,PC015,2011,16560,B019,Customer
E05013,HBE32500,CAT 3516E Well Service,P134,PC035,2031,1316,B024,Customer
E04994,HBE74695,3516e well service,P134,PC035,2016,11116,B015,Customer
E03726,KMY45887,CAT G3520,P097,PC022,2013,14832,B016,Customer
E03099,LWM03082,CAT AP1055,P079,PC016,2023,2851,B018,Customer
E03332,snw10415 ,CAT CS66B,P086,PC018,2009,19094,B002,Customer
E00789,ZCD57762,CAT D3,P020,PC005,2021,5947,B011,Customer
E00794,ZCD80336,CAT D3,P020,PC005,2031,363,B099,Customer
E01688,SRE35280,CAT 18,P042,PC007,2008,19860,B018,Rental Fleet
E02698,DZZ36084,CAT C18,P070,PC014,2026,0,B020,Customer
E01498,CKD96270,CAT 980,P036,PC006,2026,0,B017,Rental Fleet
E01147,GEK59473,CAT D11,P028,PC005,2023,3093,B020,Customer
E01016,XRY55083,CAT D9,P026,PC005,2018,8813,B010,Customer
E94207,,CAT AD22,P113,PC028,2024,2175,B012,Rental Fleet
E01269,,CAT 926,P031,PC006,2012,14685,B019,Rental Fleet
E01860,RES79701,CAT 770,P046,PC009,0,12846,B028,Customer
E03920,EJX56123,CAT 797F,P101,PC023,2022,4162,B016,Customer
E02546,FTD13498,CAT TL1055,P066,PC013,2012,15078,B024,Customer
E02376,ZBH72277,CAT 299,P062,PC012,2010,17425,B016,Rental Fleet
E02675,DZZ50247,CAT C18,P070,PC014,2011,15953,B014,Customer
E00895,LME50869,CAT D6,P023,PC005,2019,7051,B002,Customer
E02022,KMD87195,CAT 953,P050,PC010,2023,2010,B099,Customer
E00939,FDG26439,CAT D6 XE,P024,PC005,2008,20618,B017,Customer
E03519,GSD89547,CAT PL72,P091,PC020,2025,1251,B028,Rental Fleet
E92061,DFH31224,CAT 973,P052,PC010,2025,877,B009,Rental Fleet
E00477,GBE05578,CAT 336,P011,PC002,2031,2363,B023,Rental Fleet
E04713,NEE65100,CAT H120,P125,PC032,2015,12694,B021,Rental Fleet
E04604,VRA74236,CAT 568,P122,PC031,2020,6706,B002,Customer
E03449,BGR12696,CAT PL61,P090,PC020,2019,7789,B019,Customer
E00394,MZZ04764,CAT 330,P010,PC002,2013,12910,B027,Customer
E01820,KMN38259,CAT 745,P045,PC008,2025,929,B022,Rental Fleet
E02266,MVA14048,CAT 259,P059,PC012,2022,5534,B024,Customer
E04619,VRA78995,CAT 568,P122,PC031,2022,4798,B001,Dealer Demo
E03067,LWM92813,CAT AP1055,P079,PC016,2015,11731,,Customer
E02566,VNN81956,CAT TL1255,P067,PC013,2016,11023,B002,Dealer Demo
E00030,RHC31030,CAT 301.7,P001,PC001,2012,14176,B028,Customer
E01063,VPD37288,CAT D10,P027,PC005,2009,18102,B010,Customer
E03083,LWM37325,CAT AP1055,P079,PC016,2022,4563,B001,Customer
E03876,GTZ98684,CAT 795,P100,PC023,2012,15563,B017,Customer
E00277,CXX25431,CAT 320,P007,PC002,2023,2318,B015,Customer
E01387,VKR87395,CAT 966,P034,PC006,2009,18481,B028,Customer
E00162,KNJ32008,CAT 308 CR,P004,PC001,2012,15582,B017,Customer
E02447,MHR93243,CAT TH357D,P064,PC013,2025,1995,B005,Rental Fleet
E03636,RYP71382,CAT MH3040,P095,PC021,2026,305,B024,Customer
E02171,HGZ34447,CAT 246,P055,PC011,2021,5448,B015,Rental Fleet
E04496,HNE23795,CAT 522B,P120,PC030,2018,8233,B004,Customer
E04960,HHR88418,CAT 3512E Well Service,P133,PC035,2010,16900,B025,Customer
E01035,XRY32860,CAT D9,P026,PC005,2012,15956,B015,Customer
E01273,EAC33730,926,P031,PC006,2018,8923,B025,Customer
E01454,ZKJ26468,CAT 972,P035,PC006,2022,4863,B010,Customer
E01152,GEK88093,CAT D11,P028,PC005,0,14208,B010,Customer
E01865,LFR32103,CAT 772,P047,PC009,2014,12472,B010,Customer
E03799,MVL65063,CAT 794 AC,P099,PC023,2020,5656,B015,Customer
E00612,YYZ23508,CAT M320,P015,PC003,2009,18006,B008,Rental Fleet
E03183,NVD58472,CAT PM822,P082,PC017,2014,12795,B018,Customer
E04426,FRP77749,CAT 545D,P118,PC029,2024,1912,B019,Rental Fleet
E02663,VJF59179,c15,P069,PC014,2018,8732,B020,Customer
E04256,SYV83485,CAT AD45,P114,PC028,2026,140,B011,Customer
E00198,ZBX43065,313,P005,PC002,2015,12526,B025,Customer
E01056,VPD46919,CAT D10,P027,PC005,2026,840,B022,Customer
E02452,MHR79792,CAT TH357D,P064,PC013,2026,523,B099,Customer
E03980,HFA77285,6030,P104,PC024,2010,18110,B017,Customer
E03929,EJX58208,CAT 797F,P101,PC023,2019,8860,B026,Customer
E02368,YKA08907,CAT 289,P061,PC012,2019,9106,B028,Rental Fleet
E01150,GEK87425,CAT D11,P028,PC005,2009,18885,B019,Rental Fleet
E01391,VKR21469,CAT 966,P034,PC006,2017,10445,B014,Customer
E04014,WME48870,CAT 6060,P106,PC024,2017,9757,B016,Rental Fleet
E02278,MVA96192,CAT 259,P059,PC012,2017,10912,B001,Customer
E04709,NEE05734,CAT H120,P125,PC032,2011,16647,B012,Customer
E01344,bby82158 ,CAT 950,P033,PC006,2019,6489,B015,Customer
E02597,GJG01036,CAT C9.3B,P068,PC014,2019,8069,B011,Customer
E00172,ZBX30163,CAT 313,P005,PC002,2017,9778,B020,Rental Fleet
E00659,JBS71058,CAT 416,P016,PC004,2023,3047,B003,Customer
E02585,VNN06991,CAT TL1255,P067,PC013,2017,9541,B009,Customer
E03185,NVD73357,CAT PM822,P082,PC017,2011,16891,B010,Customer
E00672,JBS31195,CAT 416,P016,PC004,2010,18361,B012,Dealer Demo
E04123,HPZ98214,CAT R1300G,P110,PC027,2012,16036,B003,Customer
E02298,MVA75959,CAT 259,P059,PC012,2009,19094,B017,Customer
E00447,GBE09540,336,P011,PC002,2009,19084,B024,Customer
E01471,CKD77069,CAT 980,P036,PC006,2023,3818,B019,Customer
E04149,EDH21926,CAT R1700,P111,PC027,2020,6297,B006,Customer
E04275,SYV43962,CAT AD45,P114,PC028,2026,0,B010,Customer
E03896,EJX74347,797f,P101,PC023,2020,5884,B010,Customer
E04823,FPR66279,CAT G120B Grapple,P129,PC033,2008,20205,B027,Customer
E02592,VNN27191,CAT TL1255,P067,PC013,2017,9874,B011,Customer
E02167,HGZ73520,CAT 246,P055,PC011,2008,19966,B003,Customer
E01837,RES55271,CAT 770,P046,PC009,2008,19901,B027,Customer
E04011,WME79058,CAT 6060,P106,PC024,2012,15906,B019,Customer
E02010,CTW51593,CAT 777,P049,PC009,2026,667,B007,Rental Fleet
E02876,FSC38825,CAT C7.1,P074,PC015,2025,1138,B025,Customer
E03775,YKH32595,CAT 793,P098,PC023,2022,4669,B024,Customer
E02822,LPM34455,CAT C4.4,P073,PC015,2024,2273,B003,Customer
E04652,TNH10812,CAT H95,P123,PC032,2022,4583,B004,Customer
E04684,ZND95931,CAT H110,P124,PC032,2014,12825,B010,Customer
E00739,VMM95231,CAT 430,P018,PC004,2018,8591,,Customer
E00751,BEE00618,CAT 440,P019,PC004,2009,18307,B025,Customer
E00045,PCZ66470,CAT 303 CR,P002,PC001,2017,9676,B013,Customer
E01644,SDS58817,CAT 160,P041,PC007,2011,16485,B010,Customer
E04001,CHK02920,CAT 6040,P105,PC024,2012,15700,B023,Customer
E03889,EJX98699,797f,P101,PC023,2026,0,B018,Rental Fleet
E00019,RHC01026,CAT 301.7,P001,PC001,2024,1823,B022,Customer
E03548,RDV79505,CAT PL87,P092,PC020,2014,13192,B020,Customer
E01736,NND60845,CAT 730,P044,PC008,2020,5806,B026,Customer
E03159,ZJG04132,CAT PM620,P081,PC017,2023,2741,B009,Customer
E00941,FDG80635,CAT D6 XE,P024,PC005,2015,12178,B008,Customer
E05015,HBE59106,CAT 3516E Well Service,P134,PC035,2023,2856,B025,Customer
E00843,EBE68865,CAT D5,P022,PC005,2018,8871,B099,Customer
E00617,YYZ25615,CAT M320,P015,PC003,2023,3217,B026,Customer
E01714,SRE65579,CAT 18,P042,PC007,1899,0,B016,Customer
E03368,FAF20391,CAT CW34,P087,PC018,2010,18298,B028,Customer
E01240,EAC75974,CAT 926,P031,PC006,2025,1270,B010,Customer
E00272,CXX04948,CAT 320,P007,PC002,2024,3213,B022,Customer
E02608,GJG60125,CAT C9.3B,P068,PC014,2019,7604,B013,Customer
E04934,TPJ04361,CAT 3512E Marine,P132,PC034,2021,-5711,B011,Rental Fleet
E03935,EJX06304,797f,P101,PC023,2025,559,B027,Customer
E01785,NND05018,CAT 730,P044,PC008,2019,7181,B022,Customer
E03003,ERV12724,CAT AP400,P077,PC016,2022,4411,B013,Customer
E92866,LPM46187,CAT C4.4,P073,PC015,2019,8040,B008,Customer
E00959,FDG34788,CAT D6 XE,P024,PC005,2015,12208,B008,Rental Fleet
E01594,FNB63577,CAT 150,P040,PC007,2022,4420,B016,Customer
E00715,FGG24634,420,P017,PC004,2010,16360,B014,Customer
E00902,LME27724,CAT D6,P023,PC005,2016,10563,B005,Customer
E04127,HPZ28708,CAT R1300G,P110,PC027,2012,-15591,B015,Customer
E01927,XGE30588,CAT 775,P048,PC009,2021,5549,B003,Customer
E03939,JMJ37383,6015b,P102,PC024,2019,7385,B005,Rental Fleet
E04580,MCY85880,CAT 558,P121,PC031,2010,18459,B028,Customer
E04190,JYL58289,CAT R2900,P112,PC027,2015,11905,B015,Customer
E01408,VKR06386,CAT 966,P034,PC006,2019,8109,B010,Customer
E04583,MCY02580,CAT 558,P121,PC031,2010,18461,B023,Customer
E03863,GTZ72332,CAT 795,P100,PC023,2023,3065,B010,Customer
E00072,PCZ94920,CAT 303 CR,P002,PC001,2020,7230,B006,Rental Fleet
E01029,XRY76163,CAT D9,P026,PC005,2009,18842,B020,Customer
E04487,HNE15609,CAT 522B,P120,PC030,2022,4085,B026,Dealer Demo
E00570,JVM10804,CAT M318,P014,PC003,2016,10128,B012,Customer
E03669,RSX49091,CAT G3516,P096,PC022,2018,8756,B017,Customer
E02967,ngd67902 ,CAT C18 ACERT,P076,PC015,2021,4686,B006,Customer
E04008,WME88209,CAT 6060,P106,PC024,2025,1879,B026,Rental Fleet
E01315,MLZ25154,CAT 938,P032,PC006,2015,12645,B004,Customer
E02027,KMD06821,CAT 953,P050,PC010,2015,11860,B020,Customer
E00498,NZV32991,CAT 352,P012,PC002,2019,7950,B008,Customer
E03430,GTK28910,CAT RM600,P089,PC019,2023,-2434,B015,Rental Fleet
E00050,PCZ67001,CAT 303 CR,P002,PC001,2014,12871,B016,Customer
E00413,MZZ68880,CAT 330,P010,PC002,2010,16715,B003,Rental Fleet
E04006,WME38115,CAT 6060,P106,PC024,2022,4847,B023,Customer
E02263,mva50539 ,CAT 259,P059,PC012,2019,8892,B017,Customer
E02030,PSK91876,CAT 963,P051,PC010,2016,10967,B008,Customer
E01850,RES08850,CAT 770,P046,PC009,2023,-2365,B011,Customer
E00820,zcd39180 ,CAT D3,P020,PC005,2024,1891,B027,Customer
E04411,FRP26362,CAT 545D,P118,PC029,2013,15071,B005,Customer
E02224,BJC94642,CAT 272,P057,PC011,2014,13841,B016,Customer
E01695,SRE35823,CAT 18,P042,PC007,2023,2362,B013,Dealer Demo
E02867,LPM42535,CAT C4.4,P073,PC015,2009,16922,B009,Customer
E03216,YBM23997,CAT CB2.7,P083,PC018,2018,8309,B021,Rental Fleet
E03861,GTZ93505,CAT 795,P100,PC023,2015,13060,B003,Customer
E03777,YKH27316,CAT 793,P098,PC023,2018,7940,B015,Customer
E04086,ZWL43801,CAT MD6310,P109,PC026,2013,14377,,Customer
E04761,DHW17562,CAT A14B Auger,P127,PC033,2011,16557,B019,Customer
E04746,DHW20519,CAT A14B Auger,P127,PC033,2016,11559,B010,Rental Fleet
E02357,YKA72938,CAT 289,P061,PC012,2026,142,B015,Customer
E00762,BEE29403,CAT 440,P019,PC004,2015,12399,B024,Dealer Demo
E03168,NVD60710,CAT PM822,P082,PC017,2013,12921,B009,Customer
E00280,CXX48656,CAT 320,P007,PC002,2023,2989,B018,Rental Fleet
E02915,YSD49131,CAT C13,P075,PC015,2026,950,B007,Customer
E02373,YKA07785,CAT 289,P061,PC012,2018,9283,B024,Customer
E01996,CTW56069,CAT 777,P049,PC009,2016,11209,B017,Rental Fleet
E04923,tpj66217 ,CAT 3512E Marine,P132,PC034,2022,5102,B009,Customer
E02776,,CAT C32,P071,PC014,2012,14809,B010,Customer
E01012,XRY80968,CAT D9,P026,PC005,2022,4609,B015,Customer
E02117,PXY74982,CAT 236,P054,PC011,2016,10056,B014,Rental Fleet
E93631,RYP22495,CAT MH3040,P095,PC021,2021,5008,B027,Customer
E00638,YYZ48791,CAT M320,P015,PC003,2020,6684,B022,Customer
E02843,LPM68714,CAT C4.4,P073,PC015,2017,10574,B016,Customer
E02392,ZBH48095,CAT 299,P062,PC012,2017,8843,B025,Customer
E00573,JVM27974,CAT M318,P014,PC003,2008,19483,B008,Customer
E00137,KNJ81974,CAT 308 CR,P004,PC001,2023,3117,B009,Customer
E04183,JYL18624,CAT R2900,P112,PC027,2013,14522,B024,Customer
E02898,FSC93535,CAT C7.1,P074,PC015,2008,19664,B020,Customer
E01925,xge84409 ,CAT 775,P048,PC009,2010,16871,B024,Customer
E00367,WMR69775,CAT 326,P009,PC002,2024,-1430,B016,Rental Fleet
E03078,LWM39083,CAT AP1055,P079,PC016,2008,19333,B009,Customer
E03540,RDV90230,CAT PL87,P092,PC020,2015,11748,B013,Customer
E01490,CKD03632,CAT 980,P036,PC006,2014,12793,B008,Customer
E04754,DHW30497,CAT A14B Auger,P127,PC033,2018,8362,B010,Customer
E04722,BTJ84937,CAT H140,P126,PC032,2026,0,B010,Rental Fleet
E03454,BGR64167,CAT PL61,P090,PC020,2008,19872,B027,Dealer Demo
E01312,MLZ31360,CAT 938,P032,PC006,2021,5738,B006,Customer
E00075,PCZ23820,CAT 303 CR,P002,PC001,2022,4956,B007,Customer
E03725,KMY61822,CAT G3520,P097,PC022,2013,13526,B022,Customer
E04758,DHW41951,CAT A14B Auger,P127,PC033,2011,16461,B016,Customer
E00344,WMR32097,326,P009,PC002,2023,2815,B026,Rental Fleet
E04614,VRA96020,CAT 568,P122,PC031,2031,16598,B022,Customer
E00520,VWW54523,395,P013,PC002,2017,9898,B003,Customer
E02564,VNN79532,CAT TL1255,P067,PC013,2008,20120,B009,Customer
E01092,VPD26713,CAT D10,P027,PC005,2014,13239,B018,Customer
E90463,GBE87585,CAT 336,P011,PC002,2010,17664,B005,Rental Fleet
E02889,FSC41964,CAT C7.1,P074,PC015,2015,11867,B023,Customer
E00976,FDG61996,CAT D6 XE,P024,PC005,2012,15642,B026,Customer
E02463,MHR36472,th357d,P064,PC013,2024,1461,B004,Customer
E01530,DLV22299,CAT 988,P037,PC006,2019,7151,B019,Customer
E00788,ZCD63319,CAT D3,P020,PC005,2012,15564,B016,Customer
E02825,LPM16555,CAT C4.4,P073,PC015,2017,10259,B014,Customer
E02356,YKA49497,CAT 289,P061,PC012,2022,3686,B005,Dealer Demo
E04586,MCY81447,CAT 558,P121,PC031,2009,18693,B016,Customer
E01894,LFR92281,CAT 772,P047,PC009,2013,13495,B005,Customer
E01009,XRY49593,CAT D9,P026,PC005,2020,6644,B021,Customer
E01362,VKR62116,CAT 966,P034,PC006,2012,15488,B012,Customer
E02715,DZZ70092,CAT C18,P070,PC014,2025,1525,B003,Dealer Demo
E01228,MXW37811,CAT 908,P030,PC006,2012,15005,B028,Customer
E03114,TFN73510,CAT PM310,P080,PC017,2023,3219,B020,Customer
E00186,ZBX91892,CAT 313,P005,PC002,2022,4184,B010,Customer
E04177,JYL06900,CAT R2900,P112,PC027,2017,11386,B021,Customer
E00297,CXX05707,CAT 320,P007,PC002,2023,2187,B009,Customer
E01320,BBY05678,950,P033,PC006,2022,4615,B004,Customer
E01539,DLV92859,CAT 988,P037,PC006,2020,5883,B003,Customer
E00753,BEE16962,CAT 440,P019,PC004,2010,16960,B013,Customer
E03996,CHK72801,CAT 6040,P105,PC024,2025,1126,B017,Rental Fleet
E00828,VKP89574,CAT D4,P021,PC005,2017,10064,B009,Customer
E00651,YYZ35447,CAT M320,P015,PC003,2020,6824,B008,Customer
E03044,LWM48555,CAT AP1055,P079,PC016,2023,4444,B016,Customer
E00779,ZCD96802,CAT D3,P020,PC005,2021,6374,B002,Customer
E02011,CTW04644,CAT 777,P049,PC009,2024,3364,,Customer
E03124,TFN91085,CAT PM310,P080,PC017,2026,260,B018,Customer
E02212,BJC39159,CAT 272,P057,PC011,2013,13756,B001,Rental Fleet
E00006,RHC20290,CAT 301.7,P001,PC001,2023,4000,B007,Customer
E02320,GPW38450,CAT 279,P060,PC012,2026,0,B002,Customer
E04402,BSK80734,CAT 535D,P117,PC029,2021,5506,B006,Customer
E04265,SYV33677,CAT AD45,P114,PC028,2009,18797,B014,Customer
E03026,fby82068 ,CAT AP555,P078,PC016,2026,0,B028,Rental Fleet
E04859,TVV79360,CAT C18 Marine,P130,PC034,2022,4973,B024,Customer
E00985,JSY96538,CAT D8,P025,PC005,2023,3070,B099,Customer
E01692,SRE70456,CAT 18,P042,PC007,2015,11774,B014,Rental Fleet
E04862,TVV14348,CAT C18 Marine,P130,PC034,2025,333,B019,Customer
E90148,KNJ72341,CAT 308 CR,P004,PC001,2018,8822,B025,Customer
E04157,EDH89483,CAT R1700,P111,PC027,2026,0,B018,Customer
E04871,PJB17692,CAT C32 Marine,P131,PC034,2023,2995,B024,Customer
E94518,HNE39222,CAT 522B,P120,PC030,2012,14652,B017,Customer
E02474,,CAT TL943,P065,PC013,2018,7864,B017,Customer
E03461,BGR86726,CAT PL61,P090,PC020,2009,17908,B002,Customer
E04639,VRA27281,CAT 568,P122,PC031,2008,19802,B001,Customer
E01249,EAC77565,CAT 926,P031,PC006,2013,14239,B012,Rental Fleet
E02625,GJG10832,CAT C9.3B,P068,PC014,2022,-3846,B021,Rental Fleet
E00168,KNJ90481,CAT 308 CR,P004,PC001,2021,4899,B009,Customer
E02838,LPM51281,CAT C4.4,P073,PC015,2015,11770,B026,Customer
E03865,gtz46406 ,CAT 795,P100,PC023,2020,7685,B019,Customer
E01737,NND44515,CAT 730,P044,PC008,2011,15974,B001,Customer
E01436,ZKJ17815,CAT 972,P035,PC006,2024,3328,B016,Customer
E03068,LWM61572,CAT AP1055,P079,PC016,2026,0,B001,Customer
E02568,VNN62056,CAT TL1255,P067,PC013,2013,13394,B024,Rental Fleet
E04257,SYV18971,CAT AD45,P114,PC028,2011,16792,B003,Customer
E00558,JVM64155,CAT M318,P014,PC003,2020,7020,B005,Customer
E01414,ZKJ24697,CAT 972,P035,PC006,2015,11929,B026,Rental Fleet
E03971,JJP74263,CAT 6020B,P103,PC024,2013,14391,B028,Customer
E01697,SRE21158,CAT 18,P042,PC007,2009,18647,B010,Customer
E01334,BBY36592,CAT 950,P033,PC006,2022,3855,B001,Customer
E01795,KMN40052,CAT 745,P045,PC008,2012,15478,Richmond,Customer
E04404,FRP23241,CAT 545D,P118,PC029,2015,12351,B028,Customer
E04433,FRP40239,CAT 545D,P118,PC029,2022,4124,B018,Customer
E00799,ZCD58734,CAT D3,P020,PC005,2026,599,B011,Customer
E01772,NND60853,CAT 730,P044,PC008,2024,1336,B006,Customer
E01713,,CAT 18,P042,PC007,2008,20651,B004,Rental Fleet
E02290,MVA87024,CAT 259,P059,PC012,2024,2488,B028,Rental Fleet
E01727,,CAT 725,P043,PC008,0,20210,B027,Customer
E00756,BEE24980,CAT 440,P019,PC004,2024,2272,B001,Customer
E02013,KMD94691,CAT 953,P050,PC010,2019,7919,B004,Customer
E02693,DZZ98773,CAT C18,P070,PC014,2026,248,B012,Customer
E03870,GTZ20048,CAT 795,P100,PC023,2008,20514,B018,Customer
E00486,NZV72488,CAT 352,P012,PC002,2019,7788,B013,Customer
E00185,ZBX42993,CAT 313,P005,PC002,2025,1465,B003,Customer
E04341,JGB75158,CAT 525D,P116,PC029,2022,4429,B006,Customer
E04249,YBY21624,CAT AD22,P113,PC028,2010,16464,B008,Customer
E02516,CEJ37280,tl943,P065,PC013,2023,3482,B023,Customer
E00203,ZBX68956,CAT 313,P005,PC002,2021,5664,B015,Customer
E00844,EBE54517,CAT D5,P022,PC005,2013,14675,B018,Customer
E04427,frp45014 ,CAT 545D,P118,PC029,2013,13924,B022,Customer
E01690,SRE58456,CAT 18,P042,PC007,2021,4631,B003,Rental Fleet
E04656,TNH08968,CAT H95,P123,PC032,2008,19892,B012,Customer
E04367,BSK41394,CAT 535D,P117,PC029,2018,8843,B013,Customer
E01136,GEK11821,d11,P028,PC005,2022,5122,B009,Customer
E02738,RYG62099,c32,P071,PC014,2024,1541,B021,Customer
E04997,HBE05509,CAT 3516E Well Service,P134,PC035,2017,-9646,B025,Customer
E02861,LPM84816,CAT C4.4,P073,PC015,2019,7978,B019,Rental Fleet
E00004,RHC51174,CAT 301.7,P001,PC001,2008,19940,B009,Rental Fleet
E00430,MZZ36130,CAT 330,P010,PC002,2012,15177,B007,Rental Fleet
E02839,LPM51250,CAT C4.4,P073,PC015,2021,5119,B012,Customer
E02647,VJF56812,CAT C15,P069,PC014,2010,18640,B019,Customer
E01493,CKD33869,CAT 980,P036,PC006,2008,19919,B018,Customer
E04333,JGB81566,CAT 525D,P116,PC029,2011,16685,B028,Customer
E01450,ZKJ13056,CAT 972,P035,PC006,2008,20503,B024,Customer
E03734,KMY85905,CAT G3520,P097,PC022,2026,633,B019,Rental Fleet
E01979,CTW82985,CAT 777,P049,PC009,2016,10871,B012,Customer
E03253,DDH92682,CAT CB10,P084,PC018,0,17828,B023,Customer
E02626,GJG21088,CAT C9.3B,P068,PC014,2008,20601,B011,Customer
E02295,mva83721 ,CAT 259,P059,PC012,2020,6973,B021,Customer
E01754,NND97004,CAT 730,P044,PC008,2018,8488,B013,Customer
E00351,WMR80659,CAT 326,P009,PC002,2020,5260,B006,Rental Fleet
E03781,ykh01146 ,CAT 793,P098,PC023,2018,8326,B005,Customer
E04593,VRA04646,CAT 568,P122,PC031,2009,18908,B014,Customer
E01419,ZKJ97578,CAT 972,P035,PC006,2008,19967,Richmond,Customer
E01449,ZKJ16016,CAT 972,P035,PC006,2011,16496,B099,Rental Fleet
E03872,GTZ36074,CAT 795,P100,PC023,2021,6678,B018,Customer
E01880,LFR91286,CAT 772,P047,PC009,2019,6994,B002,Customer
E01951,XGE07384,CAT 775,P048,PC009,2013,15635,B006,Rental Fleet
E02342,YKA27628,CAT 289,P061,PC012,2024,2221,B012,Rental Fleet
E01260,EAC80018,CAT 926,P031,PC006,2021,5425,B021,Rental Fleet
E00484,NZV44643,CAT 352,P012,PC002,2010,17047,B020,Customer
E00757,BEE29658,CAT 440,P019,PC004,2015,11908,B005,Customer
E01661,SRE18727,CAT 18,P042,PC007,2008,20302,B002,Rental Fleet
E04348,bsk18626 ,CAT 535D,P117,PC029,2013,13629,B016,Rental Fleet
E04235,YBY86095,CAT AD22,P113,PC028,2023,3156,B024,Customer
E02572,,CAT TL1255,P067,PC013,2025,1429,B028,Customer
E00514,NZV32537,CAT 352,P012,PC002,2011,16045,B022,Customer
E00970,FDG24531,CAT D6 XE,P024,PC005,2016,11767,B018,Customer
E92231,FMH16031,CAT 239,P058,PC012,2018,9714,B023,Customer
E03880,GTZ93682,CAT 795,P100,PC023,2014,11698,B014,Customer
E01651,SDS10741,CAT 160,P041,PC007,2021,6028,B005,Customer
E04248,YBY74239,CAT AD22,P113,PC028,2009,19121,B017,Customer
E01008,XRY57293,CAT D9,P026,PC005,2025,1171,B013,Customer
E00632,YYZ92368,CAT M320,P015,PC003,2017,10339,B023,Customer
E01049,XRY01716,CAT D9,P026,PC005,2010,17971,B016,Rental Fleet
E00764,BEE49178,CAT 440,P019,PC004,2009,18797,B021,Customer
E04554,MCY10033,CAT 558,P121,PC031,2021,5422,B002,Rental Fleet
E03235,DDH28881,CAT CB10,P084,PC018,2013,14291,B022,Customer
E03950,JMJ42599,CAT 6015B,P102,PC024,2015,13049,B024,Customer
E01562,JDL59514,CAT 120,P038,PC007,2023,3502,B021,Rental Fleet
E00083,EHE75471,CAT 305 CR,P003,PC001,2017,9233,B013,Rental Fleet
E04603,VRA85767,CAT 568,P122,PC031,2009,18361,B004,Customer
E02581,VNN23921,CAT TL1255,P067,PC013,2010,17550,B019,Customer
E03907,EJX76070,CAT 797F,P101,PC023,2024,2199,B013,Dealer Demo
E03751,ykh88503 ,CAT 793,P098,PC023,2008,19804,B026,Customer
E00152,KNJ64924,CAT 308 CR,P004,PC001,2012,-15096,B002,Customer
E04021,WME80089,CAT 6060,P106,PC024,2025,648,B026,Customer
E04490,HNE16360,CAT 522B,P120,PC030,2014,13801,B017,Customer
E00611,YYZ35555,CAT M320,P015,PC003,2018,9158,B004,Customer
E00420,MZZ00396,CAT 330,P010,PC002,2016,11254,B024,Customer
E00683,JBS79603,CAT 416,P016,PC004,2013,14569,B004,Customer
E02646,VJF97881,CAT C15,P069,PC014,2013,13860,B009,Customer
E01914,LFR45657,CAT 772,P047,PC009,2010,18178,B014,Rental Fleet
E00655,JBS46505,CAT 416,P016,PC004,2020,8302,B006,Customer
E02247,FMH06270,CAT 239,P058,PC012,2015,12249,B011,Rental Fleet
E00733,vmm44078 ,CAT 430,P018,PC004,2010,18456,B028,Customer
E01211,MXW44853,CAT 908,P030,PC006,2026,0,B022,Customer
E03146,ZJG64118,CAT PM620,P081,PC017,2018,8450,B004,Customer
E04069,WMB46382,CAT MD6250,P108,PC026,2009,18492,Richmond,Customer
E00007,RHC75915,CAT 301.7,P001,PC001,2009,18680,B011,Customer
E04419,FRP61223,CAT 545D,P118,PC029,2012,14222,B004,Customer
E01861,LFR08470,CAT 772,P047,PC009,2008,19956,B007,Customer
E04477,HNE84219,CAT 522B,P120,PC030,2025,667,B012,Customer
E00190,ZBX54380,CAT 313,P005,PC002,2012,15110,B021,Customer
E04983,HBE14442,CAT 3516E Well Service,P134,PC035,2020,6921,Richmond,Customer
E02903,FSC76998,CAT C7.1,P074,PC015,2019,8906,B020,Customer
E04365,BSK19780,CAT 535D,P117,PC029,2013,-14050,B011,Rental Fleet
E00328,RBK64753,CAT 323,P008,PC002,2015,12083,B001,Customer
E02279,MVA91813,CAT 259,P059,PC012,2024,1492,B028,Rental Fleet
E04954,HHR70322,CAT 3512E Well Service,P133,PC035,2026,1025,Richmond,Customer
E03406,CMC22200,CAT RM400,P088,PC019,2012,14770,B024,Rental Fleet
E01392,VKR18294,CAT 966,P034,PC006,2021,4004,B027,Customer
E01549,JDL67761,CAT 120,P038,PC007,2016,10511,B011,Customer
E03626,RYP70017,CAT MH3040,P095,PC021,2023,3571,B004,Rental Fleet
E03324,SNW38199,CAT CS66B,P086,PC018,2026,0,B020,Rental Fleet
E04111,HPZ10690,CAT R1300G,P110,PC027,2025,947,B019,Customer
E03510,GSD20298,CAT PL72,P091,PC020,2015,11367,B022,Customer
E00893,LME05298,CAT D6,P023,PC005,2019,7835,B003,Customer
E01706,SRE88030,CAT 18,P042,PC007,2008,20399,B015,Customer
E00787,ZCD80132,CAT D3,P020,PC005,2019,8596,B027,Customer
E02683,DZZ27133,CAT C18,P070,PC014,2008,19212,B022,Customer
E01973,CTW86851,CAT 777,P049,PC009,2011,16687,B007,Customer
E01529,DLV52565,CAT 988,P037,PC006,2009,18100,B005,Customer
E01373,VKR34133,CAT 966,P034,PC006,2022,4122,B023,Customer
E02316,GPW61392,CAT 279,P060,PC012,2019,8195,B012,Customer
E02795,MCL48720,CAT 3516,P072,PC014,2017,9074,B014,Customer
E03051,LWM19797,CAT AP1055,P079,PC016,2013,13980,B004,Customer
E00964,FDG23970,CAT D6 XE,P024,PC005,2023,2560,B025,Rental Fleet
E00624,YYZ76123,CAT M320,P015,PC003,2010,18262,B004,Customer
E04045,EPC71523,CAT 7495,P107,PC025,2016,10088,B099,Customer
E01225,MXW51678,CAT 908,P030,PC006,2026,0,B013,Customer
E00318,RBK48624,323,P008,PC002,2022,4921,B012,Customer
E03914,EJX55726,CAT 797F,P101,PC023,2008,19713,B005,Customer
E03925,EJX07861,CAT 797F,P101,PC023,2020,7899,B018,Customer
E00439,GBE06146,CAT 336,P011,PC002,2023,4708,B022,Customer
E04228,YBY08739,CAT AD22,P113,PC028,2015,11361,B028,Customer
E02634,GJG67489,CAT C9.3B,P068,PC014,2014,13263,B027,Customer
E00706,FGG13846,CAT 420,P017,PC004,2011,16674,B019,Customer
E03121,TFN59891,CAT PM310,P080,PC017,2016,12134,B026,Rental Fleet
E04839,TVV98653,CAT C18 Marine,P130,PC034,2016,10954,B019,Customer
E01309,MLZ23517,CAT 938,P032,PC006,2008,20640,B019,Rental Fleet
E02234,FMH73526,CAT 239,P058,PC012,2011,16698,B009,Customer
E02417,ZBH53558,CAT 299,P062,PC012,2014,14523,B009,Rental Fleet
E02446,MHR21860,CAT TH357D,P064,PC013,2008,19035,B004,Customer
E00768,BEE39468,440,P019,PC004,2008,20120,B014,Customer
E03715,KMY18884,CAT G3520,P097,PC022,2023,2130,B008,Customer
E00080,EHE73921,CAT 305 CR,P003,PC001,2011,16587,B007,Customer
E01794,KMN03946,CAT 745,P045,PC008,2025,179,B012,Customer
E02679,DZZ48536,CAT C18,P070,PC014,2010,18405,B026,Customer
E01326,BBY57130,CAT 950,P033,PC006,2009,18998,B005,Customer
E00435,GBE30693,CAT 336,P011,PC002,2017,10290,B011,Customer
E00620,YYZ96742,CAT M320,P015,PC003,2020,5560,B024,Customer
E02611,GJG94914,CAT C9.3B,P068,PC014,2010,17630,B028,Customer
E01052,XRY80863,CAT D9,P026,PC005,2009,17439,B009,Customer
E04747,DHW81266,a14b auger,P127,PC033,2011,16086,B005,Customer
E04829,FPR75029,CAT G120B Grapple,P129,PC033,2025,1781,B006,Rental Fleet
E03229,YBM81044,CAT CB2.7,P083,PC018,2015,11303,B018,Customer
E01918,XGE22028,CAT 775,P048,PC009,2022,5250,B015,Rental Fleet
E00609,YYZ72466,CAT M320,P015,PC003,2009,19010,B021,Customer
E04838,TVV84556,CAT C18 Marine,P130,PC034,2025,1910,B008,Customer
E03511,GSD81144,CAT PL72,P091,PC020,2020,6177,B017,Customer
E03035,FBY24818,CAT AP555,P078,PC016,2026,0,B003,Customer
E02396,ZBH39969,CAT 299,P062,PC012,2015,12726,B024,Customer
E02350,YKA30370,CAT 289,P061,PC012,2013,13728,B004,Customer
E04785,MXE90087,CAT G115B Grapple,P128,PC033,2008,18676,B025,Customer
E04861,TVV92825,CAT C18 Marine,P130,PC034,2015,12452,B022,Customer
E01528,DLV34313,CAT 988,P037,PC006,2014,12920,B023,Rental Fleet
E04489,HNE04804,CAT 522B,P120,PC030,2014,12852,B018,Customer
E02003,CTW93607,CAT 777,P049,PC009,2008,19139,B012,Customer
E04071,WMB01275,CAT MD6250,P108,PC026,2009,19191,B022,Customer
E02339,YKA73953,CAT 289,P061,PC012,2011,15892,B002,Customer
E03138,ZJG18041,CAT PM620,P081,PC017,2016,10851,B011,Rental Fleet
E03512,,CAT PL72,P091,PC020,2017,9031,B010,Customer
E02829,LPM69542,CAT C4.4,P073,PC015,2026,0,,Customer
E03001,ERV82403,CAT AP400,P077,PC016,2025,0,B023,Rental Fleet
E00132,KNJ43229,CAT 308 CR,P004,PC001,2013,14741,B014,Customer
E04653,TNH41726,CAT H95,P123,PC032,2010,18282,B021,Customer
E04739,BTJ51211,CAT H140,P126,PC032,2011,15588,B013,Customer
E02497,CEJ70257,CAT TL943,P065,PC013,2013,14528,B020,Customer
E04591,VRA01834,568,P122,PC031,2017,9781,B021,Customer
E04488,HNE26141,CAT 522B,P120,PC030,2022,4797,B009,Customer
E00432,,CAT 330,P010,PC002,2008,-19218,B007,Customer
E00600,YYZ68552,CAT M320,P015,PC003,2019,7725,B017,Customer
E02577,VNN19335,CAT TL1255,P067,PC013,2024,2166,B015,Customer
E01348,BBY96438,CAT 950,P033,PC006,2018,7784,B002,Customer
E01182,AFG12138,CAT 906,P029,PC006,2014,13477,B015,Customer
E01616,SDS92590,CAT 160,P041,PC007,2011,15787,B002,Rental Fleet
E02121,PXY62576,CAT 236,P054,PC011,2022,4067,B027,Customer
E04595,VRA71586,CAT 568,P122,PC031,2012,14654,B006,Customer
E00823,ZCD93114,CAT D3,P020,PC005,2012,14511,B017,Customer
E02083,EAX21384,CAT 226,P053,PC011,2022,4158,B008,Customer
E00342,WMR74992,CAT 326,P009,PC002,2014,13442,B014,Customer
E03670,RSX51652,CAT G3516,P096,PC022,2026,378,B007,Customer
E04423,FRP93873,CAT 545D,P118,PC029,2008,19949,B013,Customer
E01947,XGE59970,CAT 775,P048,PC009,2017,9456,B015,Customer
E04553,MCY23212,CAT 558,P121,PC031,2017,9320,B009,Customer
E03086,LWM23331,CAT AP1055,P079,PC016,2020,6696,B011,Customer
E01472,CKD12810,CAT 980,P036,PC006,2026,72,B026,Customer
E00321,RBK67862,CAT 323,P008,PC002,2023,2715,B009,Customer
E02811,MCL43074,CAT 3516,P072,PC014,2017,9735,B019,Customer
E02714,DZZ43191,CAT C18,P070,PC014,2011,15930,B017,Customer
E03085,LWM94438,ap1055,P079,PC016,2018,8703,B014,Customer
E00266,CXX40578,CAT 320,P007,PC002,2010,17412,B018,Customer
E01859,RES44923,CAT 770,P046,PC009,2018,8836,B022,Dealer Demo
E04239,YBY74217,CAT AD22,P113,PC028,2010,17692,B099,Customer
E02292,MVA28870,CAT 259,P059,PC012,2021,6220,B022,Dealer Demo
E01235,EAC53850,CAT 926,P031,PC006,2016,11704,B002,Dealer Demo
E02044,PSK69320,CAT 963,P051,PC010,2026,860,B020,Customer
E02918,YSD57764,CAT C13,P075,PC015,2013,13346,,Rental Fleet
E03247,DDH93464,CAT CB10,P084,PC018,2022,4584,B012,Customer
E03094,,CAT AP1055,P079,PC016,2013,15223,B025,Rental Fleet
E02488,CEJ54998,CAT TL943,P065,PC013,2017,10437,B015,Customer
E04549,MCY88978,CAT 558,P121,PC031,2020,5933,B027,Customer
E00235,ZDP17988,CAT 315,P006,PC002,2014,13244,B004,Customer
E01206,MXW13492,908,P030,PC006,2024,2736,B013,Rental Fleet
E03848,GTZ04003,CAT 795,P100,PC023,2024,1591,B027,Rental Fleet
E03653,RYP96394,CAT MH3040,P095,PC021,2018,8212,B003,Customer
E02977,ERV18873,CAT AP400,P077,PC016,2017,10494,B018,Rental Fleet
E04286,SYV99648,CAT AD45,P114,PC028,2008,19430,B019,Customer
E02558,VNN73126,CAT TL1255,P067,PC013,2011,16241,,Customer
E00100,EHE48369,CAT 305 CR,P003,PC001,2026,587,B016,Customer
E04218,YBY33853,CAT AD22,P113,PC028,2025,285,B025,Customer
E02816,LPM42275,CAT C4.4,P073,PC015,2020,6723,B001,Customer
E01778,NND98517,CAT 730,P044,PC008,2012,16362,B003,Customer
E03806,mvl30128 ,CAT 794 AC,P099,PC023,2025,1133,B004,Customer
E00750,BEE82711,CAT 440,P019,PC004,2018,9669,B006,Customer
E04926,TPJ33608,CAT 3512E Marine,P132,PC034,2021,5762,B014,Rental Fleet
E03108,TFN96431,CAT PM310,P080,PC017,2026,0,B024,Customer
E04240,YBY74656,CAT AD22,P113,PC028,2008,18907,B022,Customer
E00015,RHC01221,CAT 301.7,P001,PC001,2010,15514,B004,Customer
E03766,YKH00644,CAT 793,P098,PC023,2014,12669,B019,Customer
E04766,DHW60631,CAT A14B Auger,P127,PC033,2021,5889,B015,Customer
E02662,VJF48391,CAT C15,P069,PC014,2024,1633,B010,Customer
E03721,KMY16554,CAT G3520,P097,PC022,2010,17702,B027,Customer
E00830,VKP13433,CAT D4,P021,PC005,2022,4004,B020,Rental Fleet
E02060,PSK38845,CAT 963,P051,PC010,2015,12360,B023,Customer
E00585,JVM26929,CAT M318,P014,PC003,2017,-9189,B024,Customer
E00598,YYZ40540,CAT M320,P015,PC003,2009,20063,B022,Customer
E04683,ZND14035,CAT H110,P124,PC032,2008,19411,B001,Customer
E03891,EJX12701,CAT 797F,P101,PC023,2012,15312,B014,Customer
E00301,CXX91147,CAT 320,P007,PC002,2022,4022,B005,Customer
E02831,LPM83219,CAT C4.4,P073,PC015,2013,13746,B027,Rental Fleet
E04566,MCY98881,CAT 558,P121,PC031,2018,8530,B012,Customer
E04882,PJB51698,CAT C32 Marine,P131,PC034,2021,5342,B006,Rental Fleet
E03535,RDV99405,CAT PL87,P092,PC020,2023,5097,B004,Customer
E00213,ZBX29950,CAT 313,P005,PC002,2022,3436,B013,Customer
E02444,MHR55185,CAT TH357D,P064,PC013,2021,5992,B017,Dealer Demo
E04853,tvv35204 ,c18 marine,P130,PC034,2025,969,B002,Customer
E03348,FAF35842,CAT CW34,P087,PC018,2024,2723,B017,Customer
E01020,XRY01654,CAT D9,P026,PC005,2020,6673,B004,Dealer Demo
E01678,SRE69194,CAT 18,P042,PC007,2008,19700,B011,Customer
E01421,ZKJ55681,CAT 972,P035,PC006,2010,17218,B003,Customer
E00221,ZDP15059,CAT 315,P006,PC002,2019,7762,B026,Customer
E01989,CTW06287,CAT 777,P049,PC009,2011,17193,B013,Customer
E91239,EAC32143,926,P031,PC006,2010,16627,B022,Customer
E02370,YKA40926,CAT 289,P061,PC012,2024,2104,B013,Customer
E00462,GBE84124,CAT 336,P011,PC002,2025,1681,B002,Customer
E00678,JBS75767,416,P016,PC004,2023,3325,B021,Customer
E01455,ZKJ66165,CAT 972,P035,PC006,2023,3259,B028,Customer
E03895,EJX51882,CAT 797F,P101,PC023,2026,0,B010,Rental Fleet
E04203,YBY75447,CAT AD22,P113,PC028,2013,14124,B026,Customer
E01536,DLV80961,CAT 988,P037,PC006,2015,12283,B015,Rental Fleet
E01607,SDS81507,CAT 160,P041,PC007,2013,14544,B003,Customer
E04359,BSK33736,CAT 535D,P117,PC029,2023,2375,B013,Customer
E00370,,CAT 326,P009,PC002,2008,21000,B016,Customer
E00047,,CAT 303 CR,P002,PC001,2020,6595,B019,Customer
E02774,RYG85671,CAT C32,P071,PC014,0,3773,B022,Customer
E01040,XRY49682,d9,P026,PC005,2024,1520,Richmond,Customer
E02868,LPM27444,CAT C4.4,P073,PC015,2013,14777,B018,Customer
E04610,VRA18967,CAT 568,P122,PC031,2009,18129,B027,Customer
E00416,mzz15236 ,CAT 330,P010,PC002,2022,4249,Richmond,Customer
E03396,CMC99698,CAT RM400,P088,PC019,2017,10947,B018,Customer
E01522,DLV77859,CAT 988,P037,PC006,2012,15237,B022,Customer
E03054,LWM24897,CAT AP1055,P079,PC016,2015,12419,B016,Customer
E01630,SDS21539,CAT 160,P041,PC007,2020,5249,B014,Customer
E04648,TNH71777,CAT H95,P123,PC032,2010,17659,B014,Customer
E02302,MVA39800,CAT 259,P059,PC012,2013,13637,B016,Customer
E04810,FPR20960,CAT G120B Grapple,P129,PC033,2022,4698,B019,Customer
E03943,JMJ59081,CAT 6015B,P102,PC024,2010,16642,B025,Customer
E00685,JBS34769,CAT 416,P016,PC004,2025,831,B099,Customer
E00872,EBE28940,d5,P022,PC005,2013,14751,B020,Rental Fleet
E01955,XGE85564,CAT 775,P048,PC009,2013,14268,B026,Customer
E02291,MVA14780,CAT 259,P059,PC012,2023,-3210,B021,Customer
E00996,JSY40550,CAT D8,P025,PC005,2020,6947,B008,Customer
E04650,TNH67509,CAT H95,P123,PC032,2026,193,B009,Customer
E01282,EAC52942,CAT 926,P031,PC006,2021,5173,B028,Customer
E02557,VNN57311,CAT TL1255,P067,PC013,2012,14753,B026,Customer
E01500,CKD31206,CAT 980,P036,PC006,0,16309,B020,Customer
E02174,HGZ21772,CAT 246,P055,PC011,2025,1325,B020,Customer
E03860,GTZ35014,CAT 795,P100,PC023,2009,18388,B002,Customer
E01428,ZKJ65620,CAT 972,P035,PC006,2013,13120,B025,Customer
E03311,DXP86886,CAT CS56B,P085,PC018,2023,3776,B002,Customer
E01120,GEK04225,CAT D11,P028,PC005,2015,11541,B014,Customer
E93028,FBY24324,CAT AP555,P078,PC016,2010,17788,B003,Customer
E02997,ERV81689,CAT AP400,P077,PC016,2019,8368,B027,Customer
E02659,VJF97331,CAT C15,P069,PC014,2022,3660,B006,Customer
E01864,LFR95026,CAT 772,P047,PC009,2021,4286,B015,Customer
E00718,FGG74538,CAT 420,P017,PC004,2024,2861,B001,Customer
E04351,BSK49399,CAT 535D,P117,PC029,2013,13907,B009,Customer
E02686,DZZ00903,CAT C18,P070,PC014,2010,16564,B024,Customer
E01300,MLZ14966,CAT 938,P032,PC006,2011,16599,B016,Customer
E03042,,CAT AP555,P078,PC016,2022,3764,B024,Customer
E00220,ZDP14185,CAT 315,P006,PC002,2015,12532,B012,Rental Fleet
E02569,VNN13617,CAT TL1255,P067,PC013,2025,1240,B023,Customer
E00833,VKP50798,CAT D4,P021,PC005,2020,5684,B022,Customer
E04093,ZWL74884,CAT MD6310,P109,PC026,2009,19934,B014,Rental Fleet
E03280,DXP60726,CAT CS56B,P085,PC018,2014,13805,B005,Customer
E03559,CHR66726,CAT MH3024,P093,PC021,2021,4889,,Customer
E04646,TNH95258,CAT H95,P123,PC032,2026,0,B015,Customer
E02225,bjc55541 ,CAT 272,P057,PC011,2022,4007,B011,Customer
E04706,NEE67741,CAT H120,P125,PC032,2024,1696,B009,Customer
E02826,LPM66156,CAT C4.4,P073,PC015,2010,17232,B006,Customer
E01942,XGE02827,775,P048,PC009,2013,13799,B018,Customer
E03473,BGR25726,CAT PL61,P090,PC020,2008,19316,B018,Customer
E02785,MCL15776,CAT 3516,P072,PC014,2014,14118,B012,Customer
E90536,VWW48930,CAT 395,P013,PC002,2013,13840,B023,Customer
E01410,VKR71266,CAT 966,P034,PC006,2013,15091,B011,Rental Fleet
E01129,GEK73099,CAT D11,P028,PC005,2009,17923,B002,Customer
E02848,LPM99413,CAT C4.4,P073,PC015,2023,2847,B010,Customer
E04649,TNH50923,CAT H95,P123,PC032,2016,11006,B020,Rental Fleet
E04003,CHK75670,CAT 6040,P105,PC024,2024,1064,B013,Customer
E02978,ERV16388,CAT AP400,P077,PC016,2020,6762,B027,Customer
E02017,KMD47776,CAT 953,P050,PC010,2017,9557,B026,Customer
E04292,SYV50005,CAT AD45,P114,PC028,2017,9932,B003,Customer
E04494,HNE62904,CAT 522B,P120,PC030,2013,13598,B018,Customer
E03844,GTZ30830,CAT 795,P100,PC023,2010,16552,B012,Customer
E03789,MVL27789,CAT 794 AC,P099,PC023,2012,15664,B003,Rental Fleet
E04547,MCY31380,CAT 558,P121,PC031,2020,5930,B012,Customer
E04856,TVV13156,c18 marine,P130,PC034,2012,15416,,Customer
E02410,ZBH17285,CAT 299,P062,PC012,2015,13621,B001,Customer
E04602,VRA11728,CAT 568,P122,PC031,2022,4370,B007,Customer
E00204,ZBX77813,CAT 313,P005,PC002,2024,2342,B004,Customer
E04897,PJB88251,CAT C32 Marine,P131,PC034,2015,13410,B007,Customer
E03955,JMJ22578,CAT 6015B,P102,PC024,2019,7617,B022,Rental Fleet
E01117,GEK30267,CAT D11,P028,PC005,2015,11882,B023,Customer
E00641,YYZ12056,CAT M320,P015,PC003,2012,16333,B011,Customer
E03778,YKH68288,CAT 793,P098,PC023,2017,9701,B004,Customer
E03287,DXP82664,CAT CS56B,P085,PC018,2014,13068,B013,Customer
E00440,GBE41778,CAT 336,P011,PC002,2024,1952,B023,Customer
E03181,NVD62211,CAT PM822,P082,PC017,2019,6604,B005,Customer
E04506,HNE78064,CAT 522B,P120,PC030,2025,1025,B018,Customer
E00181,ZBX73049,CAT 313,P005,PC002,2020,5894,B001,Customer
E04037,EPC61895,CAT 7495,P107,PC025,2016,11062,B024,Customer
E02460,MHR76000,CAT TH357D,P064,PC013,2024,2724,B017,Rental Fleet
E04786,MXE75722,CAT G115B Grapple,P128,PC033,2014,13023,B014,Customer
E03007,ERV09030,ap400,P077,PC016,2019,8070,B022,Customer
E01657,SRE62044,CAT 18,P042,PC007,2022,4743,B018,Customer
E94121,HPZ17731,CAT R1300G,P110,PC027,2015,11917,B009,Customer
E02182,HGZ83114,CAT 246,P055,PC011,2021,5692,B010,Customer
E03198,NVD80596,CAT PM822,P082,PC017,2023,2552,B099,Customer
E01687,SRE08580,CAT 18,P042,PC007,2021,4889,B008,Rental Fleet
E04079,ZWL53420,CAT MD6310,P109,PC026,2009,19458,B019,Customer
E00117,EHE81988,CAT 305 CR,P003,PC001,2014,13413,B006,Customer
E04687,ZND99204,CAT H110,P124,PC032,2018,9526,B027,Customer
E03990,CHK70996,CAT 6040,P105,PC024,2022,4759,B011,Customer
E02763,RYG48953,CAT C32,P071,PC014,2024,2840,B002,Rental Fleet
E03260,DDH08832,CAT CB10,P084,PC018,2010,18685,B025,Customer
E01084,VPD14750,CAT D10,P027,PC005,2010,18232,B022,Customer
E04931,TPJ75611,CAT 3512E Marine,P132,PC034,2013,14349,B017,Customer
E04515,HNE97242,CAT 522B,P120,PC030,2024,2815,B006,Customer
E94345,BSK82481,CAT 535D,P117,PC029,2009,19438,B012,Customer
E04174,JYL01776,CAT R2900,P112,PC027,2015,12797,B015,Rental Fleet
E01888,LFR76819,CAT 772,P047,PC009,2020,7108,B010,Customer
E01420,zkj40296 ,CAT 972,P035,PC006,2015,11709,B005,Customer
E04852,TVV20754,CAT C18 Marine,P130,PC034,2026,324,B022,Customer
E03126,TFN52107,CAT PM310,P080,PC017,2010,-17517,B022,Customer
E00868,EBE01462,CAT D5,P022,PC005,2019,7617,B018,Rental Fleet
E03380,CMC73068,CAT RM400,P088,PC019,2023,1748,B025,Customer
E00345,WMR38986,326,P009,PC002,2020,5722,B006,Customer
E00312,rbk58607 ,CAT 323,P008,PC002,2019,8018,B002,Customer
E01377,VKR00563,CAT 966,P034,PC006,2012,16140,B017,Customer
E04978,HBE39210,CAT 3516E Well Service,P134,PC035,2017,9533,B027,Customer
E04886,PJB80547,CAT C32 Marine,P131,PC034,2015,12564,B003,Customer
E00265,CXX40663,CAT 320,P007,PC002,2019,8610,B013,Customer
E02119,PXY97405,CAT 236,P054,PC011,2012,15597,B008,Customer
E02040,PSK37398,CAT 963,P051,PC010,2014,13217,B016,Customer
E01106,VPD72738,CAT D10,P027,PC005,2008,19021,B009,Customer
E01679,SRE15027,CAT 18,P042,PC007,2010,18343,B010,Customer
E01197,AFG51370,CAT 906,P029,PC006,2021,5848,B019,Customer
E01342,BBY97949,CAT 950,P033,PC006,2026,64,B019,Customer
E02620,GJG10128,CAT C9.3B,P068,PC014,2020,7000,B021,Customer
E03835,MVL06437,794 ac,P099,PC023,2017,9122,B008,Customer
E00130,KNJ83203,CAT 308 CR,P004,PC001,2021,4412,B027,Customer
E04671,TNH15230,CAT H95,P123,PC032,2025,550,B021,Customer
E00355,WMR28200,326,P009,PC002,2015,11935,B010,Customer
E04323,JGB22749,CAT 525D,P116,PC029,2009,18599,B002,Customer
E00881,LME62909,CAT D6,P023,PC005,2018,8249,B010,Customer
E02390,ZBH10012,CAT 299,P062,PC012,2010,18039,B009,Rental Fleet
E00243,ZDP57105,CAT 315,P006,PC002,2015,11479,B013,Rental Fleet
E01924,XGE29335,CAT 775,P048,PC009,2018,9358,B019,Customer
E05024,HBE95826,CAT 3516E Well Service,P134,PC035,2017,9018,B099,Customer
E02231,FMH16031,CAT 239,P058,PC012,2018,9714,B023,Customer
E00118,EHE09839,305 cr,P003,PC001,2025,1955,B006,Customer
E02878,FSC34521,CAT C7.1,P074,PC015,2020,6438,,Customer
E00500,NZV43545,CAT 352,P012,PC002,2020,6155,B027,Customer
E04143,EDH50223,CAT R1700,P111,PC027,2009,18760,B005,Customer
E04563,MCY54840,CAT 558,P121,PC031,2009,18234,B025,Rental Fleet
E04392,BSK11803,CAT 535D,P117,PC029,2011,15094,B016,Rental Fleet
E03518,GSD94520,CAT PL72,P091,PC020,2015,13280,B022,Customer
E00639,YYZ76327,CAT M320,P015,PC003,2010,16451,B003,Customer
E00943,FDG87774,CAT D6 XE,P024,PC005,2019,7069,B017,Customer
E01709,SRE58272,CAT 18,P042,PC007,0,14187,B025,Customer
E01654,SDS83423,CAT 160,P041,PC007,2023,2922,B014,Dealer Demo
E00665,JBS17885,CAT 416,P016,PC004,2018,9762,B014,Customer
E02340,YKA05588,CAT 289,P061,PC012,2022,4906,B012,Rental Fleet
E04919,TPJ42112,CAT 3512E Marine,P132,PC034,2015,12254,B027,Customer
E00054,PCZ59693,CAT 303 CR,P002,PC001,2010,17747,B014,Rental Fleet
E02885,FSC57535,CAT C7.1,P074,PC015,2023,2647,B019,Customer
E01057,VPD13645,CAT D10,P027,PC005,2021,5688,B013,Customer
E02677,DZZ10553,CAT C18,P070,PC014,2024,1410,B001,Customer
E01767,NND24786,CAT 730,P044,PC008,2026,305,B005,Customer
E00112,EHE73773,CAT 305 CR,P003,PC001,2012,15440,B010,Customer
E03415,GTK17361,CAT RM600,P089,PC019,2015,11994,B008,Customer
E03624,RYP56513,CAT MH3040,P095,PC021,2011,-16966,B009,Customer
E04084,ZWL37877,CAT MD6310,P109,PC026,2026,0,B010,Customer
E00281,CXX16342,CAT 320,P007,PC002,2024,1977,B009,Customer
E02578,VNN90272,CAT TL1255,P067,PC013,2014,12950,B017,Customer
E04834,FPR29628,CAT G120B Grapple,P129,PC033,2009,18415,B028,Customer
E03230,ybm19885 ,CAT CB2.7,P083,PC018,2015,11492,B001,Customer
E01039,XRY38755,CAT D9,P026,PC005,2022,4716,B015,Customer
E02265,MVA89951,CAT 259,P059,PC012,2013,13874,B021,Customer
E00424,MZZ50133,CAT 330,P010,PC002,2019,6047,B015,Rental Fleet
E03030,FBY50712,CAT AP555,P078,PC016,2010,17973,B011,Customer
E91444,ZKJ44386,CAT 972,P035,PC006,2014,11934,B007,Customer
E04991,HBE39094,CAT 3516E Well Service,P134,PC035,2012,16042,B007,Customer
E02061,DFH31224,CAT 973,P052,PC010,2025,877,B009,Rental Fleet
E04518,HNE39222,CAT 522B,P120,PC030,2012,14652,B017,Customer
E01806,KMN48320,CAT 745,P045,PC008,2009,19178,B099,Customer
E00741,VMM23742,CAT 430,P018,PC004,2025,916,B024,Customer
E00090,EHE85257,CAT 305 CR,P003,PC001,2024,1780,B009,Customer
E01882,LFR91419,772,P047,PC009,2008,20483,B022,Customer
E00034,RHC29155,CAT 301.7,P001,PC001,2023,4084,B007,Rental Fleet
E01532,DLV29424,988,P037,PC006,2011,15137,B023,Customer
E03881,GTZ62274,CAT 795,P100,PC023,2014,12959,B011,Customer
E00725,VMM84854,CAT 430,P018,PC004,2015,12163,B021,Customer
E04807,MXE25431,g115b grapple,P128,PC033,2020,5618,B099,Customer
E03645,RYP85368,CAT MH3040,P095,PC021,2024,2246,B019,Customer
E00571,JVM06788,CAT M318,P014,PC003,2013,13892,B023,Customer
E02809,MCL29564,CAT 3516,P072,PC014,2012,14865,B023,Customer
E04633,vra25872 ,CAT 568,P122,PC031,2012,15769,B009,Customer
E02782,,CAT 3516,P072,PC014,2009,19041,B015,Customer
E04216,YBY92549,CAT AD22,P113,PC028,2013,13822,B003,Rental Fleet
E00279,CXX26175,CAT 320,P007,PC002,2013,14403,B009,Customer
E02791,MCL61783,CAT 3516,P072,PC014,2020,8140,B024,Customer
E03156,ZJG01386,CAT PM620,P081,PC017,2020,8073,B023,Customer
E03272,DDH98518,CAT CB10,P084,PC018,2020,6404,B009,Customer
E02882,FSC03455,CAT C7.1,P074,PC015,2016,11061,B016,Customer
E02771,RYG02816,CAT C32,P071,PC014,2021,5092,B020,Rental Fleet
E04050,EPC58240,CAT 7495,P107,PC025,2022,4019,B009,Customer
E00157,KNJ49809,CAT 308 CR,P004,PC001,2025,1907,B025,Customer
E01849,,CAT 770,P046,PC009,2018,7978,B011,Dealer Demo
E04806,MXE28317,CAT G115B Grapple,P128,PC033,2008,19452,B026,Dealer Demo
E00945,FDG76407,CAT D6 XE,P024,PC005,2025,208,B009,Customer
E01429,ZKJ66180,CAT 972,P035,PC006,2015,11852,B019,Customer
E00143,KNJ61895,CAT 308 CR,P004,PC001,2023,3329,B013,Customer
E03598,AVS56918,mh3026,P094,PC021,2024,2257,B020,Customer
E03075,,CAT AP1055,P079,PC016,2025,-1489,B020,Customer
E01821,KMN64683,CAT 745,P045,PC008,2014,-12338,B004,Dealer Demo
E02937,YSD39708,CAT C13,P075,PC015,2009,18281,B018,Customer
E94354,BSK02428,CAT 535D,P117,PC029,2022,4302,B010,Customer
E04932,TPJ91424,CAT 3512E Marine,P132,PC034,2009,18625,B015,Customer
E04624,VRA99281,CAT 568,P122,PC031,2020,6476,B023,Customer
E01572,WEG11826,CAT 140,P039,PC007,2021,5581,B025,Customer
E02813,LPM75939,CAT C4.4,P073,PC015,2012,15300,Richmond,Rental Fleet
E00199,ZBX36343,CAT 313,P005,PC002,2008,20011,B005,Customer
E03972,JJP93283,CAT 6020B,P103,PC024,2009,19057,B019,Customer
E00778,ZCD47215,CAT D3,P020,PC005,2017,9961,B026,Customer
E02945,NGD81496,CAT C18 ACERT,P076,PC015,2015,11492,B014,Customer
E01275,EAC23322,CAT 926,P031,PC006,2016,10350,B007,Customer
E00637,YYZ15920,CAT M320,P015,PC003,2012,16527,B008,Customer
E01386,VKR41650,CAT 966,P034,PC006,2023,3073,B020,Customer
E02712,DZZ97814,CAT C18,P070,PC014,2008,20466,B028,Rental Fleet
E00807,ZCD71787,CAT D3,P020,PC005,2017,8975,B002,Rental Fleet
E00781,ZCD57373,CAT D3,P020,PC005,2019,8155,B024,Customer
E01771,,CAT 730,P044,PC008,2024,2207,B017,Customer
E03961,JJP96383,CAT 6020B,P103,PC024,2025,468,B019,Customer
E02325,GPW15918,CAT 279,P060,PC012,2009,18646,B024,Customer
E03276,DXP57087,CAT CS56B,P085,PC018,2014,13571,B025,Customer
E01194,AFG32090,CAT 906,P029,PC006,2026,301,B006,Customer
E03541,RDV34589,CAT PL87,P092,PC020,2023,3154,B020,Customer
E03908,EJX97067,CAT 797F,P101,PC023,2016,11186,B028,Customer
E00805,ZCD93934,CAT D3,P020,PC005,2023,2775,B004,Customer
E01833,RES83204,CAT 770,P046,PC009,2009,19023,B023,Customer
E03028,FBY24324,CAT AP555,P078,PC016,2010,17788,B003,Customer
E03269,DDH60395,CAT CB10,P084,PC018,2017,9215,B025,Customer
E04584,MCY13069,558,P121,PC031,2016,11319,B019,Customer
E03659,ryp10223 ,CAT MH3040,P095,PC021,2020,6811,B021,Customer
E03282,DXP45948,CAT CS56B,P085,PC018,2009,18287,B015,Rental Fleet
E03807,MVL11794,CAT 794 AC,P099,PC023,2016,10371,B002,Customer
E01430,ZKJ28443,CAT 972,P035,PC006,2024,2082,B023,Customer
E02920,YSD15766,CAT C13,P075,PC015,2025,1992,B026,Rental Fleet
E01856,RES96896,CAT 770,P046,PC009,2022,5005,B011,Customer
E03002,ERV14859,CAT AP400,P077,PC016,2015,12426,B022,Rental Fleet
E03650,RYP79321,CAT MH3040,P095,PC021,2009,19661,B023,Customer
E02856,LPM73489,CAT C4.4,P073,PC015,2023,3057,B020,Rental Fleet
E04820,FPR59457,CAT G120B Grapple,P129,PC033,2013,13654,B028,Customer
E03333,SNW19357,CAT CS66B,P086,PC018,2011,17010,B005,Customer
E02448,MHR03137,CAT TH357D,P064,PC013,2021,5079,B023,Customer
E02968,NGD48546,CAT C18 ACERT,P076,PC015,2018,8621,B002,Customer
E02134,PXY10323,CAT 236,P054,PC011,2022,4278,B021,Customer
E03938,JMJ88582,CAT 6015B,P102,PC024,2009,17885,B014,Customer
E03184,NVD86018,CAT PM822,P082,PC017,2010,16963,B006,Customer
E04561,MCY59414,CAT 558,P121,PC031,2016,11750,B008,Customer
E02842,LPM01412,CAT C4.4,P073,PC015,2018,9329,B021,Customer
E02099,PXY85716,CAT 236,P054,PC011,2012,15919,B018,Customer
E03422,GTK51015,CAT RM600,P089,PC019,2014,14074,B012,Customer
E00390,MZZ72136,CAT 330,P010,PC002,2008,20393,B006,Customer
E02353,YKA99067,CAT 289,P061,PC012,2020,7937,B002,Customer
E03172,NVD10070,CAT PM822,P082,PC017,2012,15601,B007,Customer
E01222,MXW08181,CAT 908,P030,PC006,2017,9437,B012,Rental Fleet
E00867,EBE38664,CAT D5,P022,PC005,2025,1424,B022,Rental Fleet
E01271,EAC61205,CAT 926,P031,PC006,2017,9773,B015,Rental Fleet
E03245,DDH49735,CAT CB10,P084,PC018,2015,11554,B001,Customer
E02549,FTD79270,CAT TL1055,P066,PC013,2026,0,B028,Customer
E02781,MCL03333,CAT 3516,P072,PC014,2020,5670,B024,Customer
E01892,LFR09155,CAT 772,P047,PC009,0,18152,B025,Customer
E04395,BSK67331,CAT 535D,P117,PC029,2013,14207,B018,Customer
E04691,NEE71537,CAT H120,P125,PC032,2021,4395,B009,Customer
E00726,vmm89418 ,CAT 430,P018,PC004,2008,20203,B001,Customer
E04920,TPJ28885,CAT 3512E Marine,P132,PC034,2026,0,B016,Customer
E02135,HGZ94183,CAT 246,P055,PC011,2012,16219,B017,Dealer Demo
E00785,ZCD20893,CAT D3,P020,PC005,2009,19749,B016,Rental Fleet
E01696,SRE76698,CAT 18,P042,PC007,2014,12537,B027,Customer
E04927,TPJ89056,CAT 3512E Marine,P132,PC034,2012,16119,B013,Customer
E03992,CHK73623,CAT 6040,P105,PC024,2019,7031,B025,Customer
E00460,GBE60402,CAT 336,P011,PC002,2023,3110,B006,Customer
E02241,,CAT 239,P058,PC012,2020,7664,B002,Customer
E02729,RYG36083,CAT C32,P071,PC014,2018,8489,B021,Customer
E03367,FAF37851,CAT CW34,P087,PC018,2011,16226,B018,Customer
E92291,MVA14780,CAT 259,P059,PC012,2023,-3210,B021,Customer
E03561,CHR81420,CAT MH3024,P093,PC021,0,15578,B009,Customer
E01731,CWE11212,CAT 725,P043,PC008,2011,17820,B013,Customer
E04884,PJB06897,CAT C32 Marine,P131,PC034,2018,9252,B019,Customer
E01179,AFG93041,CAT 906,P029,PC006,2018,9407,B016,Rental Fleet
E01994,CTW88896,CAT 777,P049,PC009,2015,13435,B020,Customer
E00795,,CAT D3,P020,PC005,2013,14982,B028,Customer
E03836,MVL99903,CAT 794 AC,P099,PC023,2013,14373,B011,Customer
E02397,ZBH48810,CAT 299,P062,PC012,2011,16334,B002,Dealer Demo
E02660,VJF52814,CAT C15,P069,PC014,2016,11004,Richmond,Customer
E04846,TVV58503,CAT C18 Marine,P130,PC034,2020,5856,B003,Customer
E04335,JGB29805,CAT 525D,P116,PC029,2025,0,B005,Customer
E00354,WMR51544,CAT 326,P009,PC002,2010,17582,B017,Customer
E02961,NGD44742,CAT C18 ACERT,P076,PC015,2012,15689,B006,Customer
E01995,CTW24000,CAT 777,P049,PC009,2022,3879,B015,Customer
E01045,XRY68577,CAT D9,P026,PC005,2011,16402,B005,Customer
E00108,EHE83607,CAT 305 CR,P003,PC001,2012,15297,B028,Customer
E00089,EHE83308,CAT 305 CR,P003,PC001,2019,8217,B005,Customer
E00379,MZZ79964,CAT 330,P010,PC002,2016,9500,B009,Customer
E01349,BBY06759,CAT 950,P033,PC006,2019,8138,B020,Customer
E02165,HGZ63128,CAT 246,P055,PC011,2021,4594,B006,Rental Fleet
E04231,YBY73255,CAT AD22,P113,PC028,2015,13081,B021,Customer
E00388,MZZ29580,330,P010,PC002,2024,2824,B021,Customer
E01028,xry51880 ,CAT D9,P026,PC005,2011,16542,B099,Customer
E00338,WMR12246,CAT 326,P009,PC002,0,969,B017,Customer
E04440,xwk01300 ,CAT 521B,P119,PC030,2020,6250,B011,Rental Fleet
E00566,JVM06022,CAT M318,P014,PC003,2009,18335,B004,Customer
E02369,YKA09802,CAT 289,P061,PC012,2017,9464,B017,Rental Fleet
E04875,PJB51353,CAT C32 Marine,P131,PC034,2026,172,B006,Rental Fleet
E02784,mcl94965 ,CAT 3516,P072,PC014,2026,0,B017,Customer
E04283,SYV43017,CAT AD45,P114,PC028,2026,0,B024,Customer
E04903,PJB55080,CAT C32 Marine,P131,PC034,2023,4089,B014,Rental Fleet
E01975,CTW47064,CAT 777,P049,PC009,2026,0,B014,Customer
E04166,JYL31448,CAT R2900,P112,PC027,2019,8234,B014,Customer
E00748,BEE53634,CAT 440,P019,PC004,2018,9419,B019,Rental Fleet
E04313,JGB79889,CAT 525D,P116,PC029,2025,1690,B011,Customer
E00962,FDG05540,CAT D6 XE,P024,PC005,2025,908,B028,Customer
E02493,CEJ73697,CAT TL943,P065,PC013,2009,18763,B011,Customer
E00926,LME53589,CAT D6,P023,PC005,2018,8848,B012,Customer
E04850,TVV91911,CAT C18 Marine,P130,PC034,2012,15174,B001,Rental Fleet
E03964,JJP13718,CAT 6020B,P103,PC024,2023,3277,B009,Rental Fleet
E02274,MVA14560,CAT 259,P059,PC012,2015,12125,B008,Customer
E02331,YKA39312,CAT 289,P061,PC012,2011,15089,B027,Customer
E02333,YKA86267,CAT 289,P061,PC012,2022,3926,B021,Customer
E04742,BTJ08690,CAT H140,P126,PC032,2019,7595,B014,Customer
E00919,LME68426,CAT D6,P023,PC005,2021,4425,B023,Customer
E00625,YYZ09809,CAT M320,P015,PC003,2020,6419,B022,Rental Fleet
E01984,CTW35816,CAT 777,P049,PC009,2018,8733,B005,Rental Fleet
E03303,DXP68164,CAT CS56B,P085,PC018,2026,0,B025,Rental Fleet
E04664,TNH19568,CAT H95,P123,PC032,2008,20443,B013,Customer
E04527,HNE96717,CAT 522B,P120,PC030,2008,20044,B028,Rental Fleet
E00091,EHE63373,CAT 305 CR,P003,PC001,2025,5,B019,Customer
E00850,EBE33632,CAT D5,P022,PC005,2020,6118,B018,Customer
E02126,PXY83675,CAT 236,P054,PC011,2014,13286,B002,Customer
E00029,RHC46358,CAT 301.7,P001,PC001,2011,16734,B014,Dealer Demo
E00816,zcd13574 ,CAT D3,P020,PC005,2012,14107,B013,Customer
E91121,GEK35371,CAT D11,P028,PC005,2008,20205,B022,Dealer Demo
E00780,ZCD86948,CAT D3,P020,PC005,2012,16179,B021,Customer
E03635,RYP98340,CAT MH3040,P095,PC021,2026,0,B016,Customer
E04175,JYL17919,CAT R2900,P112,PC027,2016,11067,B019,Dealer Demo
E04965,HHR33878,CAT 3512E Well Service,P133,PC035,2019,8437,B009,Customer
E02400,ZBH11075,CAT 299,P062,PC012,2017,9901,B002,Customer
E01781,NND65214,CAT 730,P044,PC008,2019,7459,B006,Customer
E00809,ZCD14020,CAT D3,P020,PC005,2021,5489,B004,Rental Fleet
E02293,,CAT 259,P059,PC012,2019,-8473,,Dealer Demo
E00022,RHC66245,CAT 301.7,P001,PC001,2016,11809,B016,Customer
E00901,LME65777,CAT D6,P023,PC005,2008,20276,B008,Customer
E04887,,CAT C32 Marine,P131,PC034,2010,17709,B007,Customer
E00412,MZZ99859,CAT 330,P010,PC002,2014,11934,B008,Customer
E01770,NND86967,CAT 730,P044,PC008,2023,3053,B020,Customer
E02599,GJG71668,CAT C9.3B,P068,PC014,2022,4449,B026,Customer
E02584,VNN97965,CAT TL1255,P067,PC013,2014,13670,B025,Customer
E04818,FPR73822,CAT G120B Grapple,P129,PC033,2017,10300,B027,Customer
E01134,GEK17735,CAT D11,P028,PC005,2025,1098,B013,Customer
E04667,TNH83516,CAT H95,P123,PC032,2019,8307,B006,Rental Fleet
E03622,RYP95157,CAT MH3040,P095,PC021,2009,18225,B006,Rental Fleet
E01991,ctw62504 ,CAT 777,P049,PC009,2020,6211,B022,Customer
E01291,MLZ31259,CAT 938,P032,PC006,2026,0,B018,Customer
E01763,NND69066,730,P044,PC008,2013,16369,B014,Rental Fleet
E00249,ZDP98887,CAT 315,P006,PC002,2022,3672,B022,Rental Fleet
E01566,WEG52287,CAT 140,P039,PC007,2015,11924,B003,Customer
E00922,LME55770,CAT D6,P023,PC005,2011,15266,B005,Customer
E02116,PXY89117,CAT 236,P054,PC011,2021,4790,B015,Customer
E00275,,CAT 320,P007,PC002,2019,7398,B020,Customer
E01905,LFR44113,CAT 772,P047,PC009,2021,4632,B011,Rental Fleet
E03825,MVL16296,CAT 794 AC,P099,PC023,2022,4541,B024,Customer
E03557,CHR09527,CAT MH3024,P093,PC021,1899,3975,B004,Rental Fleet
E00905,LME62787,CAT D6,P023,PC005,2023,3386,B027,Customer
E03366,FAF26751,CAT CW34,P087,PC018,2021,4751,B024,Customer
E04158,EDH17561,CAT R1700,P111,PC027,2015,12389,B024,Rental Fleet
E00834,VKP07052,CAT D4,P021,PC005,2025,1629,B001,Customer
E04768,dhw60798 ,CAT A14B Auger,P127,PC033,2024,2250,,Customer
E02952,NGD37331,CAT C18 ACERT,P076,PC015,2020,7088,B018,Customer
E03574,CHR11752,CAT MH3024,P093,PC021,2022,3612,B017,Customer
E03937,EJX16176,CAT 797F,P101,PC023,2012,14963,B008,Customer
E01176,AFG36761,CAT 906,P029,PC006,2012,16563,B027,Customer
E03878,GTZ28109,795,P100,PC023,2010,17981,B027,Customer
E03637,RYP89227,CAT MH3040,P095,PC021,2020,6870,B016,Customer
E04641,TNH00441,CAT H95,P123,PC032,2008,19022,B025,Customer
E01243,EAC37908,CAT 926,P031,PC006,2017,10358,B020,Customer
E00896,LME13530,CAT D6,P023,PC005,2018,8925,B023,Rental Fleet
E01140,GEK43935,CAT D11,P028,PC005,2013,14118,B019,Rental Fleet
E03164,NVD31638,CAT PM822,P082,PC017,2018,8058,B020,Dealer Demo
E04532,MCY87679,CAT 558,P121,PC031,2008,19771,B011,Customer
E01949,XGE96380,CAT 775,P048,PC009,2014,-12870,B028,Customer
E91605,SDS17192,CAT 160,P041,PC007,2022,5113,B013,Rental Fleet
E02524,CEJ33034,CAT TL943,P065,PC013,2023,2535,B014,Customer
E01854,RES18030,CAT 770,P046,PC009,2009,19332,B012,Customer
E03018,FBY48077,CAT AP555,P078,PC016,2018,9396,B026,Customer
E00713,FGG29879,CAT 420,P017,PC004,2011,17577,B015,Customer
E01591,FNB63061,CAT 150,P040,PC007,2014,12683,B014,Rental Fleet
E04556,MCY53687,CAT 558,P121,PC031,2017,9596,B027,Customer
E00314,RBK87974,CAT 323,P008,PC002,2010,17594,B021,Customer
E04772,DHW57974,CAT A14B Auger,P127,PC033,2013,15814,B010,Rental Fleet
E04734,BTJ23864,CAT H140,P126,PC032,2008,20002,B026,Customer
E03588,AVS19300,mh3026,P094,PC021,2025,653,B013,Customer
E04055,EPC87305,CAT 7495,P107,PC025,2008,20077,B008,Customer
E02837,LPM07763,CAT C4.4,P073,PC015,2010,17610,B016,Rental Fleet
E04940,HHR67096,3512e well service,P133,PC035,2008,19344,B015,Customer
E03089,LWM65101,CAT AP1055,P079,PC016,2012,15607,B005,Customer
E03097,LWM20006,CAT AP1055,P079,PC016,2015,12413,B011,Customer
E04805,MXE55353,CAT G115B Grapple,P128,PC033,2009,17542,B015,Customer
E04781,MXE56524,CAT G115B Grapple,P128,PC033,2024,2000,B020,Customer
E03214,YBM60646,CAT CB2.7,P083,PC018,2014,12675,B019,Customer
E03335,,CAT CS66B,P086,PC018,2015,11487,B021,Customer
E00122,EHE55724,CAT 305 CR,P003,PC001,2014,12383,B004,Customer
E02501,CEJ47461,CAT TL943,P065,PC013,2014,11501,B027,Customer
E04017,WME00008,CAT 6060,P106,PC024,2023,3271,B024,Customer
E03475,BGR07051,CAT PL61,P090,PC020,2012,15518,B028,Customer
E00661,JBS80496,CAT 416,P016,PC004,2018,8895,B023,Customer
E01345,BBY82223,950,P033,PC006,2008,20946,B011,Customer
E01265,EAC53904,CAT 926,P031,PC006,2008,20029,B015,Customer
E04469,XWK39791,CAT 521B,P119,PC030,2020,5718,B011,Customer
E02966,NGD07434,CAT C18 ACERT,P076,PC015,2018,8663,B004,Customer
E03455,bgr43352 ,CAT PL61,P090,PC020,2021,6074,B008,Rental Fleet
E02449,MHR17352,CAT TH357D,P064,PC013,2010,16866,B013,Rental Fleet
E03946,JMJ89796,CAT 6015B,P102,PC024,2020,6942,B006,Rental Fleet
E02559,VNN03316,CAT TL1255,P067,PC013,2013,15086,B025,Customer
E04607,VRA97450,CAT 568,P122,PC031,2016,10755,B016,Customer
E04836,TVV32282,CAT C18 Marine,P130,PC034,2017,10873,B013,Rental Fleet
E02384,ZBH57217,CAT 299,P062,PC012,2018,9360,B002,Customer
E00512,NZV71257,352,P012,PC002,2021,5459,Richmond,Customer
E00574,JVM01218,CAT M318,P014,PC003,2022,4446,B001,Customer
E04588,VRA62216,CAT 568,P122,PC031,2025,718,B005,Customer
E02472,,CAT TH357D,P064,PC013,2011,16777,B014,Customer
E00357,WMR56483,CAT 326,P009,PC002,2011,16813,B012,Customer
E03717,KMY97898,CAT G3520,P097,PC022,2012,15972,B017,Dealer Demo
E02877,FSC52163,CAT C7.1,P074,PC015,2013,14124,B003,Customer
E03631,RYP22495,CAT MH3040,P095,PC021,2021,5008,B027,Customer
E02669,VJF72099,CAT C15,P069,PC014,2020,5759,B014,Rental Fleet
E04296,XHW76330,CAT AD60,P115,PC028,2018,8245,B011,Customer
E03148,ZJG46024,CAT PM620,P081,PC017,2026,0,B024,Customer
E03869,GTZ03359,CAT 795,P100,PC023,2021,5429,B005,Customer
E91968,CTW16347,CAT 777,P049,PC009,2010,18254,B017,Customer
E03167,NVD88506,pm822,P082,PC017,2026,270,B015,Customer
E03958,JJP14045,CAT 6020B,P103,PC024,2025,1428,Richmond,Customer
E93246,DDH31992,CAT CB10,P084,PC018,2026,0,B021,Customer
E01378,VKR62117,CAT 966,P034,PC006,2017,9759,B010,Rental Fleet
E00855,EBE87863,CAT D5,P022,PC005,2014,12914,B022,Customer
E02154,HGZ52629,246,P055,PC011,2014,13699,B011,Customer
E01672,SRE75610,CAT 18,P042,PC007,2025,418,B099,Customer
E03494,GSD41172,CAT PL72,P091,PC020,2009,19609,B013,Customer
E01628,SDS03902,CAT 160,P041,PC007,2019,6816,B015,Customer
E04016,WME16559,CAT 6060,P106,PC024,2012,15682,B028,Rental Fleet
E00602,YYZ03848,CAT M320,P015,PC003,2011,17219,B011,Rental Fleet
E04046,EPC28709,CAT 7495,P107,PC025,2025,1491,B023,Dealer Demo
E00863,EBE46885,CAT D5,P022,PC005,2010,17855,B026,Customer
E01074,VPD07095,CAT D10,P027,PC005,2020,5432,Richmond,Customer
E03947,JMJ46352,CAT 6015B,P102,PC024,2023,3104,B002,Rental Fleet
E01593,FNB19421,CAT 150,P040,PC007,2022,4275,B006,Rental Fleet
E00660,JBS02613,CAT 416,P016,PC004,2015,-12750,B017,Customer
E03505,GSD06159,CAT PL72,P091,PC020,2016,12080,B009,Rental Fleet
E04666,TNH61286,CAT H95,P123,PC032,2012,-15399,B008,Customer
E04232,YBY01777,CAT AD22,P113,PC028,2012,15079,B022,Customer
E01963,XGE51616,CAT 775,P048,PC009,2008,19101,B026,Customer
E02214,BJC80479,CAT 272,P057,PC011,2023,3205,B020,Customer
E01433,ZKJ91506,CAT 972,P035,PC006,2019,7153,B004,Customer
E00283,CXX59131,CAT 320,P007,PC002,2015,13137,B014,Customer
E00728,VMM93421,CAT 430,P018,PC004,2017,10854,B023,Customer
E00375,WMR65775,CAT 326,P009,PC002,2021,5710,B028,Rental Fleet
E01173,AFG97333,CAT 906,P029,PC006,2021,6183,B019,Customer
E04034,EPC29754,7495,P107,PC025,2017,9667,B026,Customer
E02808,MCL67468,CAT 3516,P072,PC014,2015,12151,B005,Rental Fleet
E02176,HGZ47684,CAT 246,P055,PC011,2019,7227,B001,Customer
E01379,VKR87411,CAT 966,P034,PC006,2026,466,B015,Customer
E04312,JGB06152,CAT 525D,P116,PC029,2019,7855,B006,Customer
E02631,,CAT C9.3B,P068,PC014,2018,9087,B006,Dealer Demo
E02605,GJG39398,CAT C9.3B,P068,PC014,2013,15476,B017,Customer
E02032,PSK80099,CAT 963,P051,PC010,2024,2371,B006,Customer
E01743,NND67257,CAT 730,P044,PC008,2021,6473,B010,Customer
E03037,FBY38892,CAT AP555,P078,PC016,2026,0,B010,Customer
E03820,MVL46300,CAT 794 AC,P099,PC023,2010,16529,B019,Customer
E04491,HNE08998,522b,P120,PC030,2010,17432,B021,Customer
E00255,CXX60649,CAT 320,P007,PC002,2020,5295,B024,Rental Fleet
E03318,SNW06732,CAT CS66B,P086,PC018,1899,15224,B001,Customer
E00842,EBE46935,CAT D5,P022,PC005,2025,513,B003,Customer
E03761,YKH21366,CAT 793,P098,PC023,2019,8866,B019,Rental Fleet
E00140,KNJ72385,CAT 308 CR,P004,PC001,2008,19519,B014,Customer
E02710,,CAT C18,P070,PC014,2015,11908,B009,Customer
E04167,JYL35502,CAT R2900,P112,PC027,2023,2213,B020,Customer
E01775,NND85163,CAT 730,P044,PC008,2026,411,B007,Customer
E03730,KMY50124,CAT G3520,P097,PC022,2022,4603,B022,Customer
E01635,SDS58483,CAT 160,P041,PC007,2020,5824,B020,Customer
E91842,RES42385,CAT 770,P046,PC009,2019,8088,B006,Customer
E01066,VPD60342,CAT D10,P027,PC005,2009,18644,B012,Customer
E02494,CEJ55732,CAT TL943,P065,PC013,2022,3937,B013,Customer
E04053,EPC77866,CAT 7495,P107,PC025,2008,21178,B025,Customer
E04860,TVV20097,CAT C18 Marine,P130,PC034,2012,15304,B003,Customer
E00098,EHE84660,CAT 305 CR,P003,PC001,2023,2617,B023,Customer
E02921,,CAT C13,P075,PC015,2017,9679,B017,Customer
E02724,DZZ77251,CAT C18,P070,PC014,2025,1188,B007,Customer
E03975,HFA49730,CAT 6030,P104,PC024,2021,6489,B017,Rental Fleet
E02183,HGZ11485,CAT 246,P055,PC011,2011,16596,B021,Customer
E02082,EAX18250,CAT 226,P053,PC011,2014,12908,B016,Customer
E04355,BSK65418,CAT 535D,P117,PC029,2024,1410,B011,Customer
E04222,YBY20181,CAT AD22,P113,PC028,2016,10955,B012,Customer
E04904,PJB32901,CAT C32 Marine,P131,PC034,2014,12582,B020,Customer
E01580,WEG33212,CAT 140,P039,PC007,2026,395,B012,Customer
E00983,JSY75610,CAT D8,P025,PC005,2014,12428,B006,Dealer Demo
E01599,FNB77469,CAT 150,P040,PC007,2024,1977,B027,Rental Fleet
E01689,SRE32286,CAT 18,P042,PC007,2011,16570,B005,Customer
E04789,MXE53936,CAT G115B Grapple,P128,PC033,2018,7867,B017,Customer
E03597,AVS21528,CAT MH3026,P094,PC021,2008,19376,B001,Customer
E02638,VJF54665,CAT C15,P069,PC014,1899,8104,B001,Customer
E01214,MXW09124,CAT 908,P030,PC006,2020,6221,B020,Customer
E00210,ZBX49926,CAT 313,P005,PC002,2018,9398,B020,Customer
E04703,NEE19236,CAT H120,P125,PC032,2024,2158,B022,Customer
E03180,NVD08543,CAT PM822,P082,PC017,2010,17679,B003,Customer
E01999,CTW12273,CAT 777,P049,PC009,2015,12204,B024,Customer
E00467,GBE72306,CAT 336,P011,PC002,2025,1006,B024,Customer
E01010,XRY37314,CAT D9,P026,PC005,2016,11239,B021,Customer
E02720,DZZ17374,CAT C18,P070,PC014,2010,18081,B017,Customer
E00766,BEE06323,440,P019,PC004,2008,20383,B023,Customer
E04672,TNH45345,CAT H95,P123,PC032,2018,7494,B019,Customer
E00123,EHE34817,CAT 305 CR,P003,PC001,2012,15506,B006,Customer
E04118,HPZ18102,CAT R1300G,P110,PC027,2024,2075,B006,Customer
E02277,MVA64904,CAT 259,P059,PC012,2016,11289,B012,Customer
E02367,YKA02955,CAT 289,P061,PC012,2018,9031,B027,Customer
E03617,RYP88872,CAT MH3040,P095,PC021,2013,14954,B001,Customer
E02380,ZBH79710,CAT 299,P062,PC012,2025,1041,B028,Customer
E04814,FPR42605,CAT G120B Grapple,P129,PC033,2025,1561,B004,Customer
E02287,MVA12309,CAT 259,P059,PC012,2012,16276,B011,Customer
E03608,RYP88001,CAT MH3040,P095,PC021,2021,6013,B005,Customer
E04009,WME18961,CAT 6060,P106,PC024,2025,944,Richmond,Customer
E04119,HPZ21301,CAT R1300G,P110,PC027,2023,-3676,B099,Customer
E01025,XRY68279,CAT D9,P026,PC005,2025,1594,B010,Customer
E02131,PXY43427,CAT 236,P054,PC011,2011,15675,B004,Customer
E00489,NZV96949,352,P012,PC002,2012,14963,B003,Customer
E03210,YBM40154,CAT CB2.7,P083,PC018,2019,8903,B007,Rental Fleet
E04382,BSK05582,CAT 535D,P117,PC029,2008,19729,B026,Customer
E03173,NVD00747,CAT PM822,P082,PC017,2015,11347,B021,Rental Fleet
E02840,LPM18408,CAT C4.4,P073,PC015,2016,10753,B013,Customer
E03462,BGR48057,CAT PL61,P090,PC020,2014,13460,B021,Customer
E03654,RYP45454,CAT MH3040,P095,PC021,2017,9415,B015,Customer
E01230,EAC11098,926,P031,PC006,2012,14718,B005,Customer
E02741,RYG97677,CAT C32,P071,PC014,2019,7494,B019,Customer
E01425,ZKJ98901,972,P035,PC006,2008,20053,B020,Customer
E01550,JDL19827,CAT 120,P038,PC007,2023,4469,B018,Rental Fleet
E02606,GJG98547,CAT C9.3B,P068,PC014,2026,0,B005,Customer
E04868,PJB83433,CAT C32 Marine,P131,PC034,2018,9603,B017,Customer
E02532,FTD54808,tl1055,P066,PC013,2025,1125,B013,Customer
E01896,LFR07731,CAT 772,P047,PC009,2014,12991,B024,Customer
E00166,KNJ37701,CAT 308 CR,P004,PC001,2022,4860,B022,Customer
E01609,SDS13226,CAT 160,P041,PC007,2023,3687,B016,Customer
E02025,KMD17226,CAT 953,P050,PC010,2020,6821,B001,Customer
E00082,EHE40769,CAT 305 CR,P003,PC001,2013,15013,B004,Customer
E04712,NEE55560,CAT H120,P125,PC032,2024,2611,B001,Rental Fleet
E01276,EAC84605,CAT 926,P031,PC006,2013,14554,B016,Customer
E00292,CXX78216,CAT 320,P007,PC002,2023,2657,B018,Customer
E03273,DDH21876,CAT CB10,P084,PC018,2021,4793,B026,Customer
E00608,YYZ50198,CAT M320,P015,PC003,2019,8026,B005,Customer
E93302,DXP69037,CAT CS56B,P085,PC018,2018,8448,B005,Customer
E90293,CXX75373,CAT 320,P007,PC002,2024,2216,,Customer
E04350,BSK19616,CAT 535D,P117,PC029,2017,10549,B005,Customer
E00882,LME23039,CAT D6,P023,PC005,2011,16630,B021,Customer
E01846,res93393 ,CAT 770,P046,PC009,2011,17043,B018,Customer
E04473,XWK13321,CAT 521B,P119,PC030,2014,13766,B020,Customer
E04725,BTJ69483,CAT H140,P126,PC032,2018,8952,B016,Rental Fleet
E94867,TVV21749,CAT C18 Marine,P130,PC034,2009,18188,B022,Customer
E01221,MXW01065,CAT 908,P030,PC006,2026,0,B028,Customer
E01324,,CAT 950,P033,PC006,2011,17355,B008,Customer
E02722,DZZ06696,CAT C18,P070,PC014,2025,2115,B011,Customer
E03041,FBY81245,CAT AP555,P078,PC016,2031,18722,B022,Customer
E01760,,CAT 730,P044,PC008,2011,16612,B027,Customer
E04087,ZWL82954,CAT MD6310,P109,PC026,2013,14248,B016,Customer
E03255,DDH19534,CAT CB10,P084,PC018,2022,4082,B009,Rental Fleet
E04090,ZWL82279,CAT MD6310,P109,PC026,2009,19348,B006,Customer
E01296,MLZ30538,CAT 938,P032,PC006,2026,0,B003,Customer
E03160,NVD81296,CAT PM822,P082,PC017,2026,0,B012,Rental Fleet
E04318,JGB02880,CAT 525D,P116,PC029,2015,11972,B008,Customer
E04513,HNE48620,CAT 522B,P120,PC030,2025,1664,B011,Customer
E03687,RSX11274,CAT G3516,P096,PC022,2009,18917,B010,Customer
E04081,ZWL07706,CAT MD6310,P109,PC026,2025,1630,B015,Customer
E04770,DHW87108,CAT A14B Auger,P127,PC033,2023,2695,B024,Customer
E01023,XRY87295,CAT D9,P026,PC005,2024,2874,B022,Rental Fleet
E02902,FSC79901,CAT C7.1,P074,PC015,2008,20388,B002,Customer
E02197,PZH93065,CAT 262,P056,PC011,2011,16724,B021,Customer
E00105,EHE99642,CAT 305 CR,P003,PC001,2026,0,B004,Rental Fleet
E00854,EBE69889,CAT D5,P022,PC005,2025,972,B001,Customer
E02510,CEJ02642,CAT TL943,P065,PC013,2021,5828,B001,Customer
E04911,PJB56152,CAT C32 Marine,P131,PC034,2019,7906,B017,Rental Fleet
E01030,XRY32601,CAT D9,P026,PC005,2010,16933,B006,Customer
E00752,BEE64170,CAT 440,P019,PC004,2013,14422,B026,Customer
E02223,BJC51489,CAT 272,P057,PC011,2016,11850,B019,Customer
E02038,PSK46010,CAT 963,P051,PC010,2016,11086,B023,Customer
E02550,FTD27435,CAT TL1055,P066,PC013,2023,4372,B006,Customer
E02726,RYG00065,CAT C32,P071,PC014,2022,4438,B009,Customer
E04912,PJB33493,CAT C32 Marine,P131,PC034,2026,0,B015,Customer
E04192,JYL14612,CAT R2900,P112,PC027,2008,20111,B009,Rental Fleet
E02066,DFH82046,CAT 973,P052,PC010,2009,18094,B027,Customer
E00398,MZZ66089,CAT 330,P010,PC002,2012,15643,,Customer
E01082,VPD80740,CAT D10,P027,PC005,2025,847,B024,Customer
E02910,YSD84834,CAT C13,P075,PC015,2019,7700,B021,Customer
E03424,GTK60763,CAT RM600,P089,PC019,2021,5533,B006,Customer
E04966,HHR97321,CAT 3512E Well Service,P133,PC035,2024,2182,B025,Customer
E03270,DDH95190,CAT CB10,P084,PC018,2025,974,B013,Rental Fleet
E04247,YBY81305,CAT AD22,P113,PC028,2021,-4893,B021,Customer
E00669,jbs16692 ,416,P016,PC004,2017,9915,,Rental Fleet
E00972,FDG54932,CAT D6 XE,P024,PC005,2014,13058,B023,Customer
E01212,MXW63784,908,P030,PC006,2026,0,B004,Customer
E00865,EBE51789,CAT D5,P022,PC005,2020,6665,B006,Customer
E02536,FTD68077,CAT TL1055,P066,PC013,2019,8583,B020,Customer
E02128,PXY41233,CAT 236,P054,PC011,2009,18393,B003,Rental Fleet
E03081,LWM20576,CAT AP1055,P079,PC016,2025,259,B004,Rental Fleet
E02160,HGZ35370,CAT 246,P055,PC011,2021,5902,B009,Customer
E01006,XRY39271,CAT D9,P026,PC005,2023,3099,B001,Customer
E03278,,CAT CS56B,P085,PC018,2017,9105,B008,Customer
E01254,EAC07121,CAT 926,P031,PC006,2019,6882,B021,Customer
E01929,XGE75084,CAT 775,P048,PC009,2011,15707,B013,Customer
E04381,BSK40542,CAT 535D,P117,PC029,2020,7596,B027,Rental Fleet
E01782,NND84588,CAT 730,P044,PC008,2016,11537,B003,Customer
E94104,hpz00144 ,CAT R1300G,P110,PC027,2012,15825,B015,Customer
E03814,MVL22936,CAT 794 AC,P099,PC023,2020,6320,B004,Customer
E02296,MVA69063,CAT 259,P059,PC012,2022,-4702,B006,Customer
E04569,MCY84123,CAT 558,P121,PC031,2008,20864,B018,Dealer Demo
E02457,MHR77733,CAT TH357D,P064,PC013,2026,0,B013,Customer
E03082,LWM36170,CAT AP1055,P079,PC016,2022,3837,B007,Customer
E04881,PJB37680,CAT C32 Marine,P131,PC034,2010,17262,B001,Customer
E00837,VKP95016,CAT D4,P021,PC005,2014,13688,B006,Dealer Demo
E02141,HGZ65394,CAT 246,P055,PC011,2010,18032,B010,Customer
E02897,FSC08574,CAT C7.1,P074,PC015,2019,8162,B009,Rental Fleet
E03604,AVS25677,CAT MH3026,P094,PC021,2024,2793,B028,Customer
E02337,YKA51274,CAT 289,P061,PC012,2016,10189,B015,Customer
E00946,FDG59607,CAT D6 XE,P024,PC005,2014,14458,B013,Customer
E03043,LWM74607,CAT AP1055,P079,PC016,2010,17510,B015,Customer
E02827,LPM25544,CAT C4.4,P073,PC015,2024,2770,B025,Customer
E03004,ERV22343,CAT AP400,P077,PC016,2023,2976,B025,Customer
E04827,FPR10192,CAT G120B Grapple,P129,PC033,2013,15155,B010,Rental Fleet
E04415,FRP53224,CAT 545D,P118,PC029,2008,20458,B013,Customer
E01716,CWE34030,CAT 725,P043,PC008,2012,14506,B019,Rental Fleet
E01167,GEK01481,CAT D11,P028,PC005,2014,12617,B009,Customer
E00274,CXX94527,CAT 320,P007,PC002,2013,14549,B015,Customer
E00036,RHC52228,CAT 301.7,P001,PC001,2014,14205,B011,Customer
E04432,FRP00505,CAT 545D,P118,PC029,2025,319,B018,Customer
E00974,FDG13091,d6 xe,P024,PC005,2015,12471,B024,Customer
E04872,PJB63211,CAT C32 Marine,P131,PC034,2020,6808,B005,Customer
E03397,CMC93430,CAT RM400,P088,PC019,2010,16849,,Customer
E02391,ZBH64872,CAT 299,P062,PC012,2014,12894,B028,Customer
E02907,YSD53422,CAT C13,P075,PC015,2020,6100,B028,Customer
E01712,SRE92281,CAT 18,P042,PC007,2023,4952,B023,Customer
E04258,SYV45758,CAT AD45,P114,PC028,2008,19886,B016,Rental Fleet
E03834,MVL13052,CAT 794 AC,P099,PC023,2020,7115,Richmond,Customer
E02583,,CAT TL1255,P067,PC013,2019,8540,B008,Customer
E00025,RHC72310,CAT 301.7,P001,PC001,2022,4188,B004,Customer
E00086,EHE74178,CAT 305 CR,P003,PC001,2011,16019,B026,Customer
E04298,XHW79887,CAT AD60,P115,PC028,2026,0,B007,Rental Fleet
E02893,FSC29356,CAT C7.1,P074,PC015,2025,334,Richmond,Customer
E04384,BSK41115,CAT 535D,P117,PC029,0,11743,B017,Customer
E01050,XRY61350,CAT D9,P026,PC005,2010,17425,B026,Customer
E04170,JYL75064,r2900,P112,PC027,2008,20062,B011,Rental Fleet
E03998,chk47722 ,CAT 6040,P105,PC024,2010,17936,B099,Customer
E03488,GSD84876,CAT PL72,P091,PC020,2025,246,B012,Customer
E04730,BTJ20268,CAT H140,P126,PC032,2023,3637,B005,Rental Fleet
E03125,TFN92128,CAT PM310,P080,PC017,2008,19599,B023,Customer
E01866,LFR83310,CAT 772,P047,PC009,2022,4776,B007,Customer
E01524,DLV42937,CAT 988,P037,PC006,1899,132,B026,Customer
E02747,RYG80945,CAT C32,P071,PC014,2014,12018,B004,Customer
E00699,JBS88806,CAT 416,P016,PC004,2026,336,B025,Customer
E03154,ZJG38770,CAT PM620,P081,PC017,2008,18672,B004,Customer
E04327,JGB08927,CAT 525D,P116,PC029,2022,5415,B026,Customer
E00437,GBE28973,336,P011,PC002,2024,1787,B018,Rental Fleet
E00464,GBE08909,CAT 336,P011,PC002,2015,12120,B023,Customer
E00492,NZV13539,CAT 352,P012,PC002,2021,5832,B001,Customer
E01111,GEK17728,CAT D11,P028,PC005,2024,1011,B025,Customer
E04476,HNE20586,CAT 522B,P120,PC030,2023,2901,B014,Customer
E01434,ZKJ49757,972,P035,PC006,2019,7356,B014,Customer
E00792,ZCD56735,CAT D3,P020,PC005,2011,15980,B022,Customer
E04928,TPJ48201,CAT 3512E Marine,P132,PC034,2010,16896,B022,Customer
E01113,GEK94299,CAT D11,P028,PC005,2025,1485,B005,Customer
E01780,NND59134,CAT 730,P044,PC008,2021,5672,B015,Customer
E02979,ERV53189,CAT AP400,P077,PC016,2014,12651,B024,Customer
E03080,lwm19349 ,CAT AP1055,P079,PC016,2022,4555,B015,Customer
E01343,BBY60787,CAT 950,P033,PC006,2022,4567,B013,Customer
E00852,EBE05748,CAT D5,P022,PC005,2023,2777,B010,Rental Fleet
E00119,EHE90358,CAT 305 CR,P003,PC001,2022,3986,B008,Customer
E00026,RHC71512,CAT 301.7,P001,PC001,2012,14659,B002,Rental Fleet
E03841,GTZ22483,CAT 795,P100,PC023,2025,1585,B027,Customer
E02531,FTD55599,CAT TL1055,P066,PC013,2009,17858,B017,Customer
E00786,ZCD23759,CAT D3,P020,PC005,2022,5200,B020,Customer
E02264,MVA24636,CAT 259,P059,PC012,2020,6411,B003,Customer
E04779,DHW92591,CAT A14B Auger,P127,PC033,2010,17747,B024,Customer
E00196,ZBX43714,CAT 313,P005,PC002,2009,17966,B008,Dealer Demo
E03663,RSX98274,CAT G3516,P096,PC022,2023,4136,B011,Customer
E03957,JJP90235,CAT 6020B,P103,PC024,2019,8446,B007,Customer
E03916,EJX54885,CAT 797F,P101,PC023,2013,13131,B011,Customer
E00017,RHC09017,CAT 301.7,P001,PC001,2019,8118,B006,Customer
E04061,EPC91572,CAT 7495,P107,PC025,2016,11846,B001,Rental Fleet
E00682,JBS92341,CAT 416,P016,PC004,2023,3500,B001,Customer
E03029,FBY00504,CAT AP555,P078,PC016,2010,16767,B007,Customer
E01819,KMN51584,CAT 745,P045,PC008,2011,16443,B028,Customer
E04128,EDH05431,CAT R1700,P111,PC027,2014,12946,B025,Customer
E02940,YSD29042,CAT C13,P075,PC015,2013,14974,B023,Customer
E00225,ZDP46010,CAT 315,P006,PC002,2018,10010,B019,Customer
E03993,CHK71859,CAT 6040,P105,PC024,2021,5725,B013,Customer
E04293,XHW18539,CAT AD60,P115,PC028,2008,20776,B099,Customer
E04010,WME57114,CAT 6060,P106,PC024,2012,16206,B009,Customer
E02058,PSK20972,CAT 963,P051,PC010,2008,19203,B019,Customer
E01755,NND00882,CAT 730,P044,PC008,2013,14147,B001,Customer
E02894,FSC65161,CAT C7.1,P074,PC015,2022,4569,B019,Customer
E03123,TFN62457,CAT PM310,P080,PC017,2008,19933,B099,Customer
E00703,fgg72924 ,CAT 420,P017,PC004,2020,6173,B009,Customer
E04066,WMB83063,CAT MD6250,P108,PC026,2022,4217,B020,Customer
E03731,KMY51446,CAT G3520,P097,PC022,2011,17643,B023,Customer
E02880,FSC80403,CAT C7.1,P074,PC015,2017,10717,B019,Dealer Demo
E03239,DDH03019,CAT CB10,P084,PC018,2020,6138,B022,Customer
E00838,VKP24508,CAT D4,P021,PC005,2010,17488,B006,Customer
E03976,HFA88702,CAT 6030,P104,PC024,2025,-1969,B016,Customer
E01917,XGE11416,CAT 775,P048,PC009,2023,3015,B018,Dealer Demo
E03241,DDH80693,CAT CB10,P084,PC018,2024,1705,B007,Customer
E01615,SDS35061,CAT 160,P041,PC007,2025,2034,B028,Customer
E01669,SRE70910,CAT 18,P042,PC007,2018,9657,B015,Customer
E02285,MVA61941,CAT 259,P059,PC012,2015,12957,B019,Customer
E01739,NND78011,CAT 730,P044,PC008,2008,19616,B027,Customer
E00410,MZZ62677,CAT 330,P010,PC002,2012,15147,B005,Customer
E01666,SRE66161,18,P042,PC007,2012,15548,B021,Customer
E04700,nee86498 ,CAT H120,P125,PC032,2020,7214,B023,Customer
E00811,ZCD93951,CAT D3,P020,PC005,2014,12670,B002,Rental Fleet
E03056,,CAT AP1055,P079,PC016,2009,19164,B004,Customer
E02336,YKA77171,CAT 289,P061,PC012,2011,16118,B016,Customer
E00567,JVM02135,CAT M318,P014,PC003,2022,5241,Richmond,Customer
E04056,EPC13123,CAT 7495,P107,PC025,2010,17582,B015,Customer
E04114,hpz30977 ,CAT R1300G,P110,PC027,2018,8700,B016,Customer
E02475,CEJ82658,CAT TL943,P065,PC013,2022,4318,B003,Customer
E02721,DZZ29831,CAT C18,P070,PC014,2014,13238,B016,Customer
E00191,ZBX80695,CAT 313,P005,PC002,2023,2063,B002,Customer
E04948,HHR55390,CAT 3512E Well Service,P133,PC035,2025,285,B025,Customer
E00653,JBS32488,CAT 416,P016,PC004,2011,16239,B027,Customer
E03049,LWM54998,CAT AP1055,P079,PC016,2020,7759,B026,Customer
E03660,RSX50394,CAT G3516,P096,PC022,2023,3250,B018,Customer
E03234,DDH31723,CAT CB10,P084,PC018,2015,10438,B015,Customer
E01548,JDL37084,CAT 120,P038,PC007,2021,4678,B009,Customer
E00557,JVM32726,CAT M318,P014,PC003,2012,15720,B099,Customer
E03182,NVD11322,CAT PM822,P082,PC017,2013,15082,,Customer
E01489,CKD33613,CAT 980,P036,PC006,2013,14129,B008,Customer
E02304,,CAT 259,P059,PC012,2009,18820,B010,Customer
E02701,DZZ62297,CAT C18,P070,PC014,2017,9693,B005,Customer
E02982,ERV25507,CAT AP400,P077,PC016,2026,0,B028,Customer
E00657,JBS77538,CAT 416,P016,PC004,2019,8617,B019,Customer
E00783,ZCD35630,CAT D3,P020,PC005,2022,4870,B016,Customer
E04776,DHW72746,CAT A14B Auger,P127,PC033,2013,14752,B017,Rental Fleet
E01930,XGE40738,CAT 775,P048,PC009,2008,20668,B002,Customer
E03143,ZJG10715,CAT PM620,P081,PC017,2020,7150,B017,Customer
E00504,NZV75482,CAT 352,P012,PC002,2023,4726,B099,Customer
E01801,KMN70057,CAT 745,P045,PC008,2010,17085,B011,Customer
E04891,PJB60478,CAT C32 Marine,P131,PC034,2012,15235,B013,Customer
E04186,JYL66256,CAT R2900,P112,PC027,2021,4694,B026,Customer
E90667,JBS90907,CAT 416,P016,PC004,2025,1736,B012,Customer
E00073,PCZ81561,CAT 303 CR,P002,PC001,2012,14122,B019,Customer
E00957,FDG28648,CAT D6 XE,P024,PC005,2019,8074,B024,Customer
E02268,MVA34810,CAT 259,P059,PC012,2019,7833,B004,Rental Fleet
E02249,MVA34038,CAT 259,P059,PC012,2009,18832,B002,Rental Fleet
E00947,FDG22943,CAT D6 XE,P024,PC005,2016,10762,B003,Customer
E02672,DZZ37524,CAT C18,P070,PC014,2022,4267,B027,Rental Fleet
E02078,EAX50331,CAT 226,P053,PC011,2020,5739,B001,Customer
E01840,RES73670,CAT 770,P046,PC009,2018,9339,B021,Customer
E03644,RYP74637,CAT MH3040,P095,PC021,2020,6441,B005,Customer
E00101,,CAT 305 CR,P003,PC001,2019,8458,B012,Customer
E01701,SRE35785,CAT 18,P042,PC007,2022,4443,B011,Customer
E04763,DHW83820,CAT A14B Auger,P127,PC033,2020,7458,B020,Customer
E00691,JBS11946,CAT 416,P016,PC004,2016,10626,B012,Rental Fleet
E02697,DZZ38705,CAT C18,P070,PC014,2018,8599,B015,Customer
E02072,DFH58466,CAT 973,P052,PC010,2012,16210,B008,Customer
E01514,,CAT 988,P037,PC006,2009,17793,B028,Customer
E03776,YKH74958,CAT 793,P098,PC023,2017,10693,B007,Customer
E04562,MCY02833,CAT 558,P121,PC031,2014,13870,B019,Customer
E04337,JGB23578,CAT 525D,P116,PC029,2010,18053,B026,Rental Fleet
E04162,EDH92591,CAT R1700,P111,PC027,2010,17550,B027,Customer
E01660,SRE49082,CAT 18,P042,PC007,2017,9825,B010,Customer
E01151,,CAT D11,P028,PC005,2017,10066,B014,Dealer Demo
E03822,MVL52820,CAT 794 AC,P099,PC023,2016,10352,B014,Customer
E03684,RSX75624,CAT G3516,P096,PC022,2024,2589,B003,Rental Fleet
E01643,SDS82181,CAT 160,P041,PC007,2016,10691,B025,Customer
E04924,tpj51929 ,CAT 3512E Marine,P132,PC034,2009,18501,B024,Customer
E03898,EJX14503,CAT 797F,P101,PC023,2009,19093,B004,Customer
E02219,BJC35074,CAT 272,P057,PC011,2012,-15341,B003,Customer
E00165,KNJ83612,CAT 308 CR,P004,PC001,2022,4388,B001,Rental Fleet
E00189,ZBX87882,CAT 313,P005,PC002,2019,8580,B018,Customer
E03612,RYP68680,CAT MH3040,P095,PC021,2020,6508,B022,Customer
E02034,,CAT 963,P051,PC010,2016,10676,B005,Customer
E03847,GTZ95808,CAT 795,P100,PC023,2008,20166,B019,Rental Fleet
E00603,YYZ68663,CAT M320,P015,PC003,2016,11871,B019,Customer
E02810,MCL32740,3516,P072,PC014,2011,15667,B008,Customer
E01804,KMN24471,CAT 745,P045,PC008,2008,19750,B007,Customer
E02610,GJG30958,CAT C9.3B,P068,PC014,2013,15293,B028,Customer
E04708,NEE45524,CAT H120,P125,PC032,2008,19888,B028,Customer
E00591,JVM28278,CAT M318,P014,PC003,2016,11205,B026,Customer
E04280,SYV36149,CAT AD45,P114,PC028,2016,10552,B019,Customer
E00954,FDG70209,CAT D6 XE,P024,PC005,2024,1173,B001,Customer
E01901,LFR08003,CAT 772,P047,PC009,2008,19649,B022,Customer
E02161,HGZ18578,CAT 246,P055,PC011,2010,18154,B010,Rental Fleet
E04434,XWK09866,CAT 521B,P119,PC030,2016,10351,B017,Customer
E01867,LFR10488,CAT 772,P047,PC009,2023,3839,B013,Customer
E01365,VKR85952,CAT 966,P034,PC006,2018,8475,B019,Customer
E04606,VRA41447,CAT 568,P122,PC031,2016,10419,B028,Rental Fleet
E03145,ZJG87116,CAT PM620,P081,PC017,2025,2020,B022,Customer
E02179,HGZ55817,CAT 246,P055,PC011,2025,89,B004,Rental Fleet
E03706,RSX39917,CAT G3516,P096,PC022,2012,14280,B020,Rental Fleet
E93122,TFN83455,CAT PM310,P080,PC017,2011,15967,B024,Rental Fleet
E03690,RSX54983,CAT G3516,P096,PC022,2014,13804,B016,Customer
E01319,BBY27472,CAT 950,P033,PC006,2017,9403,B026,Rental Fleet
E04626,VRA88404,CAT 568,P122,PC031,2024,2964,B014,Customer
E04736,BTJ04126,h140,P126,PC032,2024,1453,B001,Customer
E01440,ZKJ62348,CAT 972,P035,PC006,2010,-17435,B022,Customer
E91281,EAC51293,CAT 926,P031,PC006,2018,8155,B025,Customer
E00888,LME96106,CAT D6,P023,PC005,2026,0,B028,Customer
E03207,YBM44881,CAT CB2.7,P083,PC018,2023,2486,B003,Customer
E03919,EJX21007,CAT 797F,P101,PC023,2021,5685,B005,Customer
E02062,DFH06753,CAT 973,P052,PC010,2016,11827,B021,Dealer Demo
E01412,ZKJ36886,CAT 972,P035,PC006,2024,2080,B012,Customer
E04825,fpr22236 ,CAT G120B Grapple,P129,PC033,2008,19882,B023,Rental Fleet
E04126,HPZ06647,CAT R1300G,P110,PC027,2014,13801,B009,Rental Fleet
E00483,NZV65640,CAT 352,P012,PC002,2010,17584,B004,Customer
E00645,YYZ19482,CAT M320,P015,PC003,2022,-5215,B099,Customer
E01083,VPD09391,CAT D10,P027,PC005,2015,12035,B022,Rental Fleet
E01146,GEK31180,CAT D11,P028,PC005,2023,2707,B007,Customer
E03471,BGR55691,CAT PL61,P090,PC020,2022,4936,B015,Customer
E00128,KNJ05274,CAT 308 CR,P004,PC001,2026,0,B025,Customer
E01543,DLV39651,CAT 988,P037,PC006,2020,7486,B005,Rental Fleet
E03854,GTZ41970,CAT 795,P100,PC023,2023,3351,B016,Customer
E01264,EAC88186,CAT 926,P031,PC006,2008,19687,B001,Rental Fleet
E02024,KMD65780,CAT 953,P050,PC010,2020,6625,B024,Rental Fleet
E91778,NND98517,CAT 730,P044,PC008,2012,16362,B003,Customer
E01364,VKR84499,CAT 966,P034,PC006,2024,2317,B011,Customer
E04791,MXE20813,CAT G115B Grapple,P128,PC033,2016,10778,B023,Rental Fleet
E04797,MXE79528,CAT G115B Grapple,P128,PC033,2021,6006,B014,Customer
E03074,LWM41948,CAT AP1055,P079,PC016,2016,11656,B016,Dealer Demo
E03066,LWM82927,ap1055,P079,PC016,2018,8549,B019,Dealer Demo
E04958,hhr76981 ,CAT 3512E Well Service,P133,PC035,2020,7126,B010,Customer
E04590,VRA39132,CAT 568,P122,PC031,2023,3510,B026,Customer
E03892,EJX29685,CAT 797F,P101,PC023,2011,17143,B027,Customer
E03400,CMC35265,rm400,P088,PC019,2018,8581,B024,Customer
E02440,MHR79328,CAT TH357D,P064,PC013,2023,3669,B008,Customer
E01051,XRY73141,CAT D9,P026,PC005,2019,7648,B027,Customer
E91548,JDL37084,CAT 120,P038,PC007,2021,4678,B009,Customer
E02917,YSD12710,CAT C13,P075,PC015,2019,8619,B099,Customer
E01636,SDS91419,CAT 160,P041,PC007,1899,3414,B012,Rental Fleet
E03708,RSX05165,CAT G3516,P096,PC022,2008,20035,B002,Customer
E04900,PJB93772,c32 marine,P131,PC034,2014,11689,B004,Customer
E01177,AFG82119,CAT 906,P029,PC006,2020,6246,B020,Customer
E01075,VPD70770,CAT D10,P027,PC005,2018,8309,B023,Customer
E04380,BSK34360,CAT 535D,P117,PC029,2018,8625,B018,Customer
E04581,MCY11141,CAT 558,P121,PC031,2015,11362,B012,Customer
E03550,CHR17047,CAT MH3024,P093,PC021,0,10029,B017,Customer
E00587,JVM65482,CAT M318,P014,PC003,2015,11951,B001,Dealer Demo
E03460,BGR25906,CAT PL61,P090,PC020,2014,13381,B005,Customer
E01523,DLV59178,CAT 988,P037,PC006,2018,7830,B009,Customer
E03177,NVD03104,CAT PM822,P082,PC017,2026,0,B023,Customer
E02349,YKA45626,CAT 289,P061,PC012,2026,0,B003,Customer
E02613,GJG72068,CAT C9.3B,P068,PC014,2023,2940,B016,Customer
E04342,JGB11266,CAT 525D,P116,PC029,2010,17362,B002,Customer
E02896,FSC92578,CAT C7.1,P074,PC015,2023,3017,B005,Customer
E03523,GSD48284,CAT PL72,P091,PC020,2011,16549,B017,Customer
E02580,VNN74212,CAT TL1255,P067,PC013,2010,18151,B015,Customer
E01304,MLZ77737,CAT 938,P032,PC006,2009,19567,B006,Customer
E03817,MVL65035,CAT 794 AC,P099,PC023,2016,11298,B001,Customer
E00134,KNJ41225,CAT 308 CR,P004,PC001,2010,17228,B009,Customer
E04847,TVV63127,CAT C18 Marine,P130,PC034,2011,15831,B005,Rental Fleet
E92794,MCL08020,CAT 3516,P072,PC014,2009,18742,B020,Rental Fleet
E02932,YSD03124,CAT C13,P075,PC015,2023,3082,B016,Customer
E03538,RDV76821,CAT PL87,P092,PC020,2008,19825,B004,Customer
E04748,DHW65981,CAT A14B Auger,P127,PC033,2017,9798,B003,Customer
E01891,lfr91621 ,772,P047,PC009,0,5968,B027,Customer
E00286,CXX19143,CAT 320,P007,PC002,2018,9318,B005,Customer
E00940,FDG78580,CAT D6 XE,P024,PC005,2009,17581,B017,Customer
E02228,bjc76923 ,CAT 272,P057,PC011,2016,10405,B014,Customer
E00519,VWW90497,CAT 395,P013,PC002,2026,0,B001,Customer
E01158,GEK14327,CAT D11,P028,PC005,2009,18576,B019,Customer
E90027,rhc72421 ,CAT 301.7,P001,PC001,2026,187,B010,Customer
E02202,PZH97300,CAT 262,P056,PC011,2008,18497,B024,Customer
E04421,FRP54920,CAT 545D,P118,PC029,2026,0,B008,Customer
E00773,BEE38713,CAT 440,P019,PC004,2021,5903,B007,Customer
E01166,GEK45830,CAT D11,P028,PC005,2018,7922,B018,Rental Fleet
E01740,NND16513,CAT 730,P044,PC008,2026,0,B021,Customer
E01462,ZKJ07306,CAT 972,P035,PC006,2024,2034,B013,Customer
E04178,JYL32482,CAT R2900,P112,PC027,2014,13178,B026,Rental Fleet
E03988,HFA55324,CAT 6030,P104,PC024,2020,6494,B009,Customer
E02623,GJG88510,CAT C9.3B,P068,PC014,2020,6669,B014,Customer
E02365,YKA74600,CAT 289,P061,PC012,2010,18524,B010,Customer
E01351,BBY73500,CAT 950,P033,PC006,2010,17497,B011,Customer
E03905,EJX78577,797f,P101,PC023,2019,8349,B002,Customer
E01190,AFG37561,CAT 906,P029,PC006,2014,12956,B009,Customer
E03685,RSX63075,CAT G3516,P096,PC022,2011,16207,B007,Customer
E00931,LME75714,CAT D6,P023,PC005,2017,9375,B024,Customer
E01153,GEK73686,CAT D11,P028,PC005,2026,291,B019,Customer
E04459,XWK06240,CAT 521B,P119,PC030,2011,16660,B010,Rental Fleet
E02676,DZZ81118,CAT C18,P070,PC014,0,19498,B008,Customer
E01721,CWE15954,CAT 725,P043,PC008,2016,10714,B012,Customer
E04821,FPR46649,CAT G120B Grapple,P129,PC033,2017,10690,B009,Customer
E04718,NEE14017,CAT H120,P125,PC032,2015,13402,B025,Customer
E00125,KNJ64723,CAT 308 CR,P004,PC001,2025,351,B014,Customer
E04377,BSK86868,CAT 535D,P117,PC029,2024,2449,B012,Customer
E00681,JBS49213,CAT 416,P016,PC004,2013,14425,B003,Customer
E04028,,CAT 7495,P107,PC025,2010,18202,,Customer
E00561,JVM59598,CAT M318,P014,PC003,2019,8208,B001,Rental Fleet
E01220,MXW94083,CAT 908,P030,PC006,2021,4933,B012,Dealer Demo
E02846,LPM05371,CAT C4.4,P073,PC015,2016,11713,B013,Rental Fleet
E02124,PXY31396,236,P054,PC011,2008,20147,B010,Customer
E00121,EHE34676,CAT 305 CR,P003,PC001,2015,12297,B022,Rental Fleet
E03196,NVD88036,pm822,P082,PC017,2014,13703,B024,Rental Fleet
E01053,XRY39834,CAT D9,P026,PC005,2010,17969,B017,Customer
E01510,dlv70112 ,CAT 988,P037,PC006,2011,17067,B028,Customer
E02185,HGZ13069,246,P055,PC011,2025,625,B026,Customer
E01250,EAC91852,926,P031,PC006,2016,10121,B008,Customer
E02324,GPW74114,CAT 279,P060,PC012,2017,9137,B016,Customer
E04535,MCY16470,CAT 558,P121,PC031,2025,2144,B010,Customer
E02709,DZZ01866,c18,P070,PC014,2020,6492,B008,Customer
E00495,NZV31817,CAT 352,P012,PC002,2025,770,B013,Customer
E04133,EDH80099,CAT R1700,P111,PC027,2011,16189,B003,Customer
E00016,RHC66308,CAT 301.7,P001,PC001,2014,13759,B009,Customer
E92294,MVA27042,CAT 259,P059,PC012,2019,7851,B024,Customer
E02923,YSD59595,CAT C13,P075,PC015,2018,9481,B013,Customer
E03551,CHR48082,CAT MH3024,P093,PC021,2009,17989,B011,Customer
E04640,TNH59433,CAT H95,P123,PC032,2020,6562,B008,Customer
E04541,MCY65037,CAT 558,P121,PC031,2024,2477,Richmond,Rental Fleet
E01096,VPD06958,CAT D10,P027,PC005,2016,11211,B015,Customer
E04717,NEE01731,CAT H120,P125,PC032,2009,19035,B016,Rental Fleet
E03526,GSD90024,CAT PL72,P091,PC020,2017,9713,B021,Customer
E00262,CXX08640,CAT 320,P007,PC002,2018,7906,B011,Customer
E03250,DDH62722,CAT CB10,P084,PC018,2016,11212,B006,Customer
E03283,DXP10240,CAT CS56B,P085,PC018,2021,5041,B017,Customer
E02648,VJF80686,CAT C15,P069,PC014,2017,9668,B017,Customer
E01614,SDS46563,CAT 160,P041,PC007,2018,8595,B025,Customer
E04780,DHW62376,CAT A14B Auger,P127,PC033,2020,7125,B014,Customer
E00463,GBE87585,CAT 336,P011,PC002,2010,17664,B005,Rental Fleet
E01294,MLZ27746,CAT 938,P032,PC006,2011,16961,B026,Customer
E03504,GSD24218,pl72,P091,PC020,2024,1487,B005,Customer
E02276,MVA51369,CAT 259,P059,PC012,2020,6820,B013,Customer
E02786,MCL54412,CAT 3516,P072,PC014,2018,8441,B007,Customer
E04605,VRA09906,CAT 568,P122,PC031,2023,2905,B006,Customer
E03795,MVL36884,CAT 794 AC,P099,PC023,2012,13981,B004,Customer
E03352,FAF77244,CAT CW34,P087,PC018,2021,5486,B021,Rental Fleet
E04109,HPZ74127,CAT R1300G,P110,PC027,2019,7935,B004,Customer
E01577,WEG16750,CAT 140,P039,PC007,2012,15196,B008,Customer
E00889,LME65684,CAT D6,P023,PC005,2022,3798,B017,Customer
E02243,FMH94799,CAT 239,P058,PC012,2021,5334,B012,Customer
E04674,ZND07050,CAT H110,P124,PC032,2008,19548,B003,Customer
E01512,DLV38984,CAT 988,P037,PC006,2015,12175,B007,Rental Fleet
E04131,EDH45146,CAT R1700,P111,PC027,2009,18525,B027,Customer
E00103,EHE41360,CAT 305 CR,P003,PC001,2014,13743,B025,Customer
E00400,MZZ96550,CAT 330,P010,PC002,2008,20366,B011,Customer
E02079,EAX84474,CAT 226,P053,PC011,2008,20092,B025,Customer
E04470,XWK78746,CAT 521B,P119,PC030,2015,11866,B014,Customer
E01986,CTW16188,CAT 777,P049,PC009,2011,16536,B006,Customer
E03549,CHR44263,CAT MH3024,P093,PC021,2018,8570,B002,Customer
E03418,gtk91256 ,CAT RM600,P089,PC019,2011,16302,B001,Customer
E04678,ZND93760,CAT H110,P124,PC032,2025,1349,B012,Customer
E00944,FDG11819,CAT D6 XE,P024,PC005,2010,18087,B018,Customer
E00643,YYZ94953,CAT M320,P015,PC003,2021,5384,B022,Customer
E01024,XRY20790,CAT D9,P026,PC005,2018,8723,B021,Customer
E00994,JSY52038,CAT D8,P025,PC005,2008,19962,B017,Customer
E04720,NEE82621,CAT H120,P125,PC032,2011,15587,B025,Customer
E00524,VWW84931,CAT 395,P013,PC002,2018,8874,B004,Customer
E04981,HBE82752,CAT 3516E Well Service,P134,PC035,2022,4361,B018,Customer
E00421,MZZ05937,CAT 330,P010,PC002,2010,16773,B018,Dealer Demo
E04116,HPZ62862,CAT R1300G,P110,PC027,2026,0,B006,Rental Fleet
E02744,RYG92320,CAT C32,P071,PC014,2008,-20664,B007,Customer
E01890,lfr98138 ,CAT 772,P047,PC009,2016,10215,B007,Rental Fleet
E03680,RSX48396,CAT G3516,P096,PC022,2020,5507,B012,Customer
E04669,TNH11429,CAT H95,P123,PC032,2017,10044,B025,Customer
E02872,FSC41016,CAT C7.1,P074,PC015,2020,6355,B020,Customer
E01750,NND74200,CAT 730,P044,PC008,2026,0,B011,Customer
E03340,SNW58932,CAT CS66B,P086,PC018,2018,9448,B005,Rental Fleet
E00705,fgg14749 ,CAT 420,P017,PC004,2021,5208,B019,Customer
E04134,EDH78410,r1700,P111,PC027,2013,14225,B003,Customer
E02071,DFH35232,CAT 973,P052,PC010,2018,9041,B028,Customer
E01990,CTW72309,CAT 777,P049,PC009,2025,2375,B020,Rental Fleet
E02248,FMH29668,239,P058,PC012,2021,5208,B006,Customer
E03013,FBY34487,CAT AP555,P078,PC016,2017,9293,B002,Customer
E03576,CHR74101,CAT MH3024,P093,PC021,2018,8392,B004,Customer
E04418,FRP32423,CAT 545D,P118,PC029,2016,11738,B025,Customer
E01765,NND24857,CAT 730,P044,PC008,1899,15609,B012,Customer
E04869,PJB96370,CAT C32 Marine,P131,PC034,2019,7313,B024,Customer
E04202,YBY23071,CAT AD22,P113,PC028,2020,6211,B024,Customer
E00063,PCZ68328,CAT 303 CR,P002,PC001,2016,10558,B015,Customer
E03425,GTK98085,CAT RM600,P089,PC019,2009,18220,B014,Customer
E04710,NEE10783,CAT H120,P125,PC032,2016,11323,B026,Customer
E03238,DDH96884,CAT CB10,P084,PC018,2012,15546,B013,Rental Fleet
E94457,XWK54323,CAT 521B,P119,PC030,2013,15080,B001,Customer
E03917,EJX14209,CAT 797F,P101,PC023,2009,18269,B020,Customer
E01902,LFR12694,CAT 772,P047,PC009,2009,20187,B007,Customer
E00966,fdg62695 ,CAT D6 XE,P024,PC005,2021,-6275,B018,Customer
E04425,FRP75334,CAT 545D,P118,PC029,2019,7856,B015,Customer
E03305,DXP66695,CAT CS56B,P085,PC018,2018,8296,B013,Customer
E04100,ZWL11499,CAT MD6310,P109,PC026,2013,13572,B006,Customer
E00880,LME36265,CAT D6,P023,PC005,2021,5953,B027,Customer
E04568,MCY59443,558,P121,PC031,2011,16202,B009,Rental Fleet
E01779,NND46082,CAT 730,P044,PC008,2024,2221,B017,Customer
E00446,,CAT 336,P011,PC002,2009,18483,B013,Customer
E00155,KNJ09808,CAT 308 CR,P004,PC001,2012,13846,B011,Customer
E02574,VNN76920,CAT TL1255,P067,PC013,2013,13305,B024,Rental Fleet
E02667,VJF12712,CAT C15,P069,PC014,2011,16172,B004,Customer
E04719,NEE77293,CAT H120,P125,PC032,2011,16947,B018,Customer
E01702,SRE02081,CAT 18,P042,PC007,2018,10512,B023,Customer
E03926,EJX77177,CAT 797F,P101,PC023,2023,3349,B017,Dealer Demo
E03420,GTK42614,CAT RM600,P089,PC019,2019,7810,,Customer
E02590,VNN76707,CAT TL1255,P067,PC013,2009,18537,B013,Customer
E04538,MCY65836,CAT 558,P121,PC031,2031,16088,B023,Customer
E03743,YKH32393,CAT 793,P098,PC023,2017,10629,B009,Rental Fleet
E04070,WMB87350,CAT MD6250,P108,PC026,2015,11326,B025,Rental Fleet
E04230,YBY00828,CAT AD22,P113,PC028,2015,13001,B016,Customer
E02069,DFH13952,CAT 973,P052,PC010,2026,0,B021,Customer
E00522,VWW62412,CAT 395,P013,PC002,2019,8312,B004,Customer
E01048,XRY33547,CAT D9,P026,PC005,2026,0,B002,Customer
E04446,XWK43239,521b,P119,PC030,2009,18154,B016,Customer
E03122,TFN83455,CAT PM310,P080,PC017,2011,15967,B024,Rental Fleet
E01337,BBY61690,CAT 950,P033,PC006,2009,18626,B014,Customer
E01568,WEG15808,CAT 140,P039,PC007,2012,15792,B010,Customer
E03864,gtz73163 ,CAT 795,P100,PC023,2025,807,B008,Customer
E01552,JDL21438,CAT 120,P038,PC007,2016,11186,B023,Customer
E04326,JGB06117,CAT 525D,P116,PC029,2012,15527,B005,Customer
E02587,VNN26113,CAT TL1255,P067,PC013,2016,11221,B023,Customer
E03237,DDH30433,CAT CB10,P084,PC018,2014,13400,,Customer
E01844,res85190 ,CAT 770,P046,PC009,2016,11426,B020,Customer
E03151,ZJG14130,CAT PM620,P081,PC017,2024,865,B023,Rental Fleet
E02533,FTD57080,CAT TL1055,P066,PC013,2011,17456,B022,Customer
E02628,,CAT C9.3B,P068,PC014,2020,6515,B099,Customer
E03291,DXP95508,CAT CS56B,P085,PC018,2025,1095,B005,Rental Fleet
E02901,FSC53365,CAT C7.1,P074,PC015,2024,2660,B022,Customer
E04890,PJB55034,CAT C32 Marine,P131,PC034,2009,19116,B001,Rental Fleet
E04857,TVV31165,CAT C18 Marine,P130,PC034,2017,9804,B028,Customer
E00875,EBE88040,CAT D5,P022,PC005,2017,10148,B024,Customer
E01810,KMN20812,CAT 745,P045,PC008,2023,2924,B020,Customer
E01060,VPD95141,CAT D10,P027,PC005,2021,-4870,B011,Customer
E02115,PXY79191,CAT 236,P054,PC011,2009,18705,B001,Customer
E03223,YBM62439,CAT CB2.7,P083,PC018,2011,16019,B005,Customer
E00395,MZZ24421,CAT 330,P010,PC002,2023,4715,B010,Rental Fleet
E01393,VKR18828,CAT 966,P034,PC006,2010,17778,B028,Customer
E00056,PCZ98431,CAT 303 CR,P002,PC001,2008,19221,B028,Customer
E00594,JVM36369,CAT M318,P014,PC003,2012,15162,B003,Customer
E00337,WMR83239,CAT 326,P009,PC002,2014,13662,B021,Customer
E03381,CMC84218,CAT RM400,P088,PC019,2018,7925,B002,Customer
E02820,LPM24422,CAT C4.4,P073,PC015,2018,7924,B009,Customer
E01258,,CAT 926,P031,PC006,2022,5135,B022,Customer
E02852,LPM32987,CAT C4.4,P073,PC015,2016,11098,B021,Customer
E00925,LME68491,CAT D6,P023,PC005,2026,53,B021,Customer
E01515,DLV61747,CAT 988,P037,PC006,2023,3187,B011,Customer
E03689,RSX26516,CAT G3516,P096,PC022,2018,9557,B012,Customer
E02551,FTD28370,CAT TL1055,P066,PC013,2015,13008,B005,Customer
E04681,ZND85865,CAT H110,P124,PC032,2017,10046,B015,Customer
E00551,JVM90327,CAT M318,P014,PC003,2026,0,,Customer
E02746,RYG73148,CAT C32,P071,PC014,2018,8685,B018,Customer
E01388,VKR48868,CAT 966,P034,PC006,2020,6860,B001,Customer
E03115,TFN10181,CAT PM310,P080,PC017,2015,11172,B028,Customer
E04788,MXE25147,CAT G115B Grapple,P128,PC033,2018,8295,B022,Customer
E03811,MVL66633,CAT 794 AC,P099,PC023,2014,13835,B008,Customer
E00227,ZDP12027,CAT 315,P006,PC002,2008,19789,B014,Customer
E03060,LWM78528,CAT AP1055,P079,PC016,2011,17210,B005,Customer
E02218,BJC28805,CAT 272,P057,PC011,2012,15180,B003,Customer
E00436,GBE31052,CAT 336,P011,PC002,2018,7908,B010,Rental Fleet
E03991,CHK35241,CAT 6040,P105,PC024,2026,94,B017,Customer
E01519,DLV82596,CAT 988,P037,PC006,2013,13494,B001,Customer
E02529,CEJ13769,tl943,P065,PC013,2010,17384,B005,Customer
E00817,ZCD66075,CAT D3,P020,PC005,2018,9259,B020,Rental Fleet
E01253,EAC31189,CAT 926,P031,PC006,2020,6086,B006,Customer
E02258,MVA07900,CAT 259,P059,PC012,2023,2357,B007,Customer
E03100,LWM77290,CAT AP1055,P079,PC016,2014,12388,B002,Customer
E04366,BSK28622,CAT 535D,P117,PC029,2021,5335,B002,Customer
E04308,XHW49995,CAT AD60,P115,PC028,2016,11866,B025,Customer
E01193,AFG72007,CAT 906,P029,PC006,2019,7561,B023,Rental Fleet
E03790,MVL03362,CAT 794 AC,P099,PC023,2012,15017,B005,Dealer Demo
E01602,SDS58763,CAT 160,P041,PC007,2019,7899,B023,Customer
E04478,HNE72633,CAT 522B,P120,PC030,2018,8672,B011,Customer
E03171,NVD21332,CAT PM822,P082,PC017,2017,10688,B014,Customer
E04278,SYV80215,ad45,P114,PC028,2017,9385,B004,Customer
E03581,AVS83918,CAT MH3026,P094,PC021,2020,7352,B001,Customer
E01538,,CAT 988,P037,PC006,2018,8191,B013,Customer
E01952,XGE67560,CAT 775,P048,PC009,2011,17420,B021,Customer
E03506,GSD72849,CAT PL72,P091,PC020,2011,15975,B017,Customer
E04215,YBY29133,CAT AD22,P113,PC028,2025,-1700,B018,Customer
E02511,CEJ79282,CAT TL943,P065,PC013,2025,1334,B019,Customer
E03194,,CAT PM822,P082,PC017,0,8424,B027,Customer
E02454,MHR97085,CAT TH357D,P064,PC013,2022,3839,B027,Customer
E00079,PCZ98859,CAT 303 CR,P002,PC001,2009,19143,B027,Customer
E04457,XWK54323,CAT 521B,P119,PC030,2013,15080,B001,Customer
E00693,JBS60957,CAT 416,P016,PC004,2022,4303,B019,Customer
E01637,SDS25860,CAT 160,P041,PC007,2020,6784,B018,Customer
E04799,MXE14945,CAT G115B Grapple,P128,PC033,2019,7423,B013,Customer
E04241,YBY77651,CAT AD22,P113,PC028,2020,7398,B015,Customer
E01165,GEK96662,CAT D11,P028,PC005,2011,17121,B014,Customer
E03437,GTK23980,CAT RM600,P089,PC019,2024,1050,B001,Customer
E04030,EPC74648,CAT 7495,P107,PC025,2009,19804,B005,Customer
E00614,YYZ42900,CAT M320,P015,PC003,2017,10181,B003,Customer
E03928,EJX75739,CAT 797F,P101,PC023,2013,14326,B020,Rental Fleet
E03391,CMC40421,CAT RM400,P088,PC019,2023,3256,B001,Dealer Demo
E03468,BGR88755,CAT PL61,P090,PC020,2025,2188,B017,Rental Fleet
E02869,LPM84973,CAT C4.4,P073,PC015,2025,-835,B012,Customer
E03818,MVL79556,CAT 794 AC,P099,PC023,2014,13256,B013,Customer
E02310,GPW34244,CAT 279,P060,PC012,2011,15709,B010,Customer
E00634,YYZ88760,CAT M320,P015,PC003,2009,19459,B010,Customer
E00363,WMR52611,CAT 326,P009,PC002,2024,2017,B005,Customer
E04638,VRA01907,CAT 568,P122,PC031,2012,15545,B012,Rental Fleet
E90819,ZCD59356,CAT D3,P020,PC005,2017,10010,B020,Customer
E01218,MXW58611,CAT 908,P030,PC006,2026,-272,B007,Customer
E02565,VNN84106,CAT TL1255,P067,PC013,2016,10821,B023,Customer
E00743,VMM85779,430,P018,PC004,2018,9275,B024,Rental Fleet
E01169,GEK14921,CAT D11,P028,PC005,2008,19584,B024,Customer
E00154,KNJ02012,CAT 308 CR,P004,PC001,2022,3507,B024,Customer
E03782,YKH49228,CAT 793,P098,PC023,2017,9653,B005,Customer
E04837,TVV55936,CAT C18 Marine,P130,PC034,2026,739,B001,Customer
E00513,NZV91965,CAT 352,P012,PC002,2019,8289,B021,Rental Fleet
E04855,TVV46482,CAT C18 Marine,P130,PC034,2018,9066,B007,Customer
E04896,PJB55786,CAT C32 Marine,P131,PC034,2022,4766,B022,Customer
E03233,YBM74874,CAT CB2.7,P083,PC018,2010,17500,B009,Rental Fleet
E02680,DZZ67022,CAT C18,P070,PC014,2025,1215,B028,Customer
E01797,KMN99988,CAT 745,P045,PC008,2020,6733,B011,Customer
E02049,PSK69935,CAT 963,P051,PC010,2014,13167,B007,Customer
E02775,RYG46485,CAT C32,P071,PC014,2026,744,B019,Customer
E01093,VPD71933,CAT D10,P027,PC005,2016,10034,B005,Customer
E02636,GJG48118,CAT C9.3B,P068,PC014,2022,4546,B002,Rental Fleet
E00990,JSY47601,CAT D8,P025,PC005,2022,4857,B024,Customer
E03339,SNW51061,CAT CS66B,P086,PC018,2016,11273,B022,Rental Fleet
E00714,FGG35314,420,P017,PC004,2018,10013,B024,Customer
E00102,EHE40190,CAT 305 CR,P003,PC001,2016,10983,B009,Customer
E00070,PCZ70546,CAT 303 CR,P002,PC001,2021,5706,B024,Customer
E03413,GTK53156,rm600,P089,PC019,2011,15662,B023,Customer
E01547,,CAT 120,P038,PC007,2012,16188,B024,Customer
E00423,MZZ17751,CAT 330,P010,PC002,2013,14464,B021,Rental Fleet
E04937,HHR61736,CAT 3512E Well Service,P133,PC035,2020,6218,B004,Customer
E01749,NND91067,CAT 730,P044,PC008,2023,3059,B023,Customer
E02190,HGZ40292,CAT 246,P055,PC011,2016,10612,B027,Rental Fleet
E02990,ERV84049,CAT AP400,P077,PC016,2012,16919,B013,Customer
E00936,,CAT D6 XE,P024,PC005,2015,12243,B003,Customer
E01054,XRY69686,CAT D9,P026,PC005,2015,12296,B013,Customer
E00870,EBE39937,CAT D5,P022,PC005,2010,17803,B007,Customer
E02603,GJG66449,c9.3b,P068,PC014,2015,12592,B009,Rental Fleet
E04892,,CAT C32 Marine,P131,PC034,2011,16514,B024,Customer
E00055,PCZ25486,CAT 303 CR,P002,PC001,2026,0,B013,Customer
E03547,RDV99159,CAT PL87,P092,PC020,2012,15794,B027,Customer
E00581,,CAT M318,P014,PC003,2014,13462,B004,Customer
E03402,cmc61503 ,CAT RM400,P088,PC019,2009,18448,B026,Customer
E04147,EDH89766,CAT R1700,P111,PC027,2014,12844,B023,Customer
E03724,KMY60711,CAT G3520,P097,PC022,2031,1023,B012,Customer
E04204,YBY94259,CAT AD22,P113,PC028,2012,14232,B012,Rental Fleet
E00560,JVM52803,CAT M318,P014,PC003,2010,17937,B017,Customer
E03741,YKH34968,CAT 793,P098,PC023,2017,9295,B021,Customer
E00371,WMR75712,CAT 326,P009,PC002,2026,27,B016,Customer
E03646,RYP52158,CAT MH3040,P095,PC021,2026,0,B015,Customer
E00456,GBE02126,CAT 336,P011,PC002,2012,15569,B009,Customer
E01238,EAC60941,CAT 926,P031,PC006,2016,10941,B017,Customer
E04764,,CAT A14B Auger,P127,PC033,2015,12353,B013,Customer
E03913,EJX41804,CAT 797F,P101,PC023,2017,10282,B017,Rental Fleet
E01132,GEK60763,CAT D11,P028,PC005,2012,15833,B027,Customer
E03555,CHR68192,CAT MH3024,P093,PC021,2009,19126,B013,Rental Fleet
E03358,FAF00295,CAT CW34,P087,PC018,2020,6566,,Customer
E93522,GSD66220,CAT PL72,P091,PC020,2024,1045,B001,Customer
E02428,EXY61694,CAT TH255C,P063,PC013,2019,8637,B010,Customer
E03316,SNW10864,CAT CS66B,P086,PC018,2020,6088,B004,Customer
E04330,JGB33941,CAT 525D,P116,PC029,2021,5022,B022,Rental Fleet
E02769,RYG85255,CAT C32,P071,PC014,2012,15216,Richmond,Customer
E91801,KMN70057,CAT 745,P045,PC008,2010,17085,B011,Customer
E03536,RDV53373,CAT PL87,P092,PC020,2024,1758,B025,Customer
E00695,JBS54263,CAT 416,P016,PC004,2025,1887,B018,Customer
E01570,WEG87232,CAT 140,P039,PC007,2019,7215,B004,Rental Fleet
E03431,,CAT RM600,P089,PC019,2008,19438,B018,Customer
E01734,CWE73304,725,P043,PC008,2009,19498,B002,Customer
E01910,LFR48291,CAT 772,P047,PC009,2015,11377,B015,Customer
E03294,DXP51695,CAT CS56B,P085,PC018,2016,12038,B008,Customer
E02504,CEJ02626,CAT TL943,P065,PC013,2009,19094,B025,Rental Fleet
E00910,LME11240,CAT D6,P023,PC005,2017,9735,B007,Customer
E03737,KMY96051,CAT G3520,P097,PC022,0,16021,B028,Customer
E03493,GSD19737,CAT PL72,P091,PC020,2010,18058,B017,Customer
E02366,YKA30222,CAT 289,P061,PC012,2023,3794,B002,Customer
E00326,RBK20645,CAT 323,P008,PC002,2017,10079,B023,Customer
E00455,GBE48590,CAT 336,P011,PC002,2014,13129,B028,Customer
E02480,CEJ19849,CAT TL943,P065,PC013,2023,4308,B016,Rental Fleet
E04959,HHR94105,CAT 3512E Well Service,P133,PC035,2014,12950,B022,Customer
E03840,GTZ61246,CAT 795,P100,PC023,2014,12421,B002,Customer
E00060,PCZ98993,CAT 303 CR,P002,PC001,2018,9298,B015,Customer
E04615,VRA35599,CAT 568,P122,PC031,2026,0,B026,Rental Fleet
E03932,EJX07009,CAT 797F,P101,PC023,2013,14079,B007,Customer
E02432,EXY86123,CAT TH255C,P063,PC013,2009,17315,B024,Customer
E01883,LFR79356,CAT 772,P047,PC009,2016,10128,B009,Customer
E00675,JBS90856,CAT 416,P016,PC004,2015,12520,B004,Customer
E04452,XWK84548,CAT 521B,P119,PC030,2019,8274,B007,Customer
E00615,YYZ48355,m320,P015,PC003,2008,20035,B010,Customer
E01453,ZKJ99638,CAT 972,P035,PC006,2011,17387,B025,Customer
E01371,VKR92814,966,P034,PC006,2013,13987,B005,Customer
E04609,VRA62124,CAT 568,P122,PC031,2010,17933,B010,Customer
E02841,LPM88122,CAT C4.4,P073,PC015,2026,375,B022,Customer
E04980,HBE44418,CAT 3516E Well Service,P134,PC035,2026,0,B019,Customer
E01375,VKR21312,CAT 966,P034,PC006,2025,801,B001,Customer
E01965,CTW23681,777,P049,PC009,2011,17098,B001,Customer
E04369,BSK84641,535d,P117,PC029,2012,14456,B024,Customer
E02527,cej64059 ,CAT TL943,P065,PC013,2025,601,B021,Customer
E01668,SRE50756,CAT 18,P042,PC007,2021,5878,B008,Rental Fleet
E04220,YBY90552,CAT AD22,P113,PC028,2014,13365,B005,Customer
E00721,FGG83285,CAT 420,P017,PC004,2020,7403,B008,Customer
E04809,fpr36656 ,CAT G120B Grapple,P129,PC033,2016,10694,B004,Rental Fleet
E00907,LME17659,CAT D6,P023,PC005,2013,14183,B019,Customer
E01641,,CAT 160,P041,PC007,2016,11252,B014,Dealer Demo
E00260,CXX47697,CAT 320,P007,PC002,2013,14943,B012,Rental Fleet
E04623,VRA76211,CAT 568,P122,PC031,2025,1331,B026,Customer
E04844,TVV84007,CAT C18 Marine,P130,PC034,2016,12102,B003,Customer
E04311,JGB41752,CAT 525D,P116,PC029,2014,13603,B026,Customer
E03866,GTZ23820,CAT 795,P100,PC023,2020,7464,B010,Customer
E03740,YKH26633,CAT 793,P098,PC023,2025,2269,,Customer
E01933,XGE13971,775,P048,PC009,2015,11509,B015,Customer
E02318,GPW11591,CAT 279,P060,PC012,2021,5819,B025,Customer
E04138,EDH36164,r1700,P111,PC027,2025,1049,B003,Customer
E02994,ERV02814,CAT AP400,P077,PC016,2010,17484,,Rental Fleet
E04662,TNH90272,CAT H95,P123,PC032,2010,16524,B017,Customer
E04029,EPC97501,CAT 7495,P107,PC025,2009,17753,B028,Customer
E01982,CTW10162,CAT 777,P049,PC009,2015,12069,B009,Customer
E01145,GEK65226,CAT D11,P028,PC005,2022,4862,B001,Customer
E04661,TNH84406,CAT H95,P123,PC032,2016,10801,B023,Customer
E04989,HBE89191,CAT 3516E Well Service,P134,PC035,2024,2499,B001,Customer
E00709,FGG36100,CAT 420,P017,PC004,2013,13617,B022,Customer
E04199,YBY28524,CAT AD22,P113,PC028,0,16560,B021,Customer
E02987,ERV20542,CAT AP400,P077,PC016,2025,341,B014,Customer
E00796,ZCD42027,CAT D3,P020,PC005,2023,2346,B008,Customer
E03927,EJX93188,797f,P101,PC023,2023,2532,B007,Rental Fleet
E01341,BBY02088,CAT 950,P033,PC006,2010,17092,B023,Customer
E00403,MZZ87721,CAT 330,P010,PC002,2020,8001,B016,Customer
E04784,mxe30844 ,CAT G115B Grapple,P128,PC033,2019,7462,B009,Customer
E00774,BEE43333,CAT 440,P019,PC004,2023,3939,B008,Customer
E00912,LME23840,d6,P023,PC005,2026,992,B020,Customer
E04524,HNE14953,CAT 522B,P120,PC030,2025,1236,B025,Customer
E05002,HBE32607,CAT 3516E Well Service,P134,PC035,2023,3745,B017,Customer
E03297,DXP00075,CAT CS56B,P085,PC018,2014,13557,B002,Customer
E00188,ZBX70458,CAT 313,P005,PC002,2015,12146,B005,Customer
E02821,LPM71946,CAT C4.4,P073,PC015,2023,3039,B028,Customer
E04495,hne37388 ,CAT 522B,P120,PC030,2008,20098,B011,Customer
E00147,KNJ86500,CAT 308 CR,P004,PC001,2026,0,B018,Customer
E01431,ZKJ22515,CAT 972,P035,PC006,2017,10507,B024,Customer
E03491,GSD20877,CAT PL72,P091,PC020,2016,11945,B020,Customer
E03033,FBY08031,CAT AP555,P078,PC016,2026,0,B003,Customer
E02484,CEJ82710,CAT TL943,P065,PC013,2020,6963,B019,Customer
E03423,GTK64214,CAT RM600,P089,PC019,2015,11621,B002,Customer
E01474,CKD47623,CAT 980,P036,PC006,2017,9922,B014,Customer
E00290,CXX31148,CAT 320,P007,PC002,2017,9598,B010,Customer
E03175,NVD89527,CAT PM822,P082,PC017,2018,8194,B023,Customer
E02147,HGZ48980,CAT 246,P055,PC011,2018,9336,B015,Customer
E04042,EPC38899,CAT 7495,P107,PC025,2022,3877,B007,Dealer Demo
E00640,YYZ25920,CAT M320,P015,PC003,2010,16909,B021,Customer
E03412,GTK84979,CAT RM600,P089,PC019,2016,11824,B020,Customer
E03770,YKH53755,CAT 793,P098,PC023,2022,4733,B015,Customer
E04209,YBY55945,CAT AD22,P113,PC028,2021,5975,B002,Customer
E03309,DXP66302,CAT CS56B,P085,PC018,2025,455,B014,Customer
E03746,YKH00353,CAT 793,P098,PC023,2022,3892,B006,Customer
E01667,SRE87454,18,P042,PC007,2022,3257,B011,Customer
E01110,VPD76157,CAT D10,P027,PC005,2012,15111,B018,Customer
E02538,FTD21528,CAT TL1055,P066,PC013,2012,14864,B017,Customer
E03208,YBM35554,CAT CB2.7,P083,PC018,2016,10830,B028,Customer
E04841,TVV07398,CAT C18 Marine,P130,PC034,2012,15730,B016,Customer
E01208,MXW77403,CAT 908,P030,PC006,2020,6520,B014,Customer
E01466,ZKJ49883,CAT 972,P035,PC006,2018,8060,B004,Customer
E01964,CTW98764,CAT 777,P049,PC009,2011,16243,B025,Customer
E01624,SDS11172,CAT 160,P041,PC007,2013,15391,B009,Customer
E00538,VWW90890,CAT 395,P013,PC002,2025,653,B021,Rental Fleet
E01285,MLZ07235,CAT 938,P032,PC006,2020,5578,B003,Customer
E94486,HNE14698,CAT 522B,P120,PC030,2017,9400,B099,Customer
E02351,YKA89041,CAT 289,P061,PC012,2023,2297,B025,Rental Fleet
E00497,NZV21917,CAT 352,P012,PC002,2010,17024,B016,Customer
E01007,XRY78251,CAT D9,P026,PC005,2017,9908,B012,Customer
E01183,AFG65544,906,P029,PC006,2023,3610,B016,Customer
E01353,BBY92124,CAT 950,P033,PC006,2026,247,B008,Customer
E02015,KMD53834,CAT 953,P050,PC010,2012,15894,B005,Customer
E02251,MVA35378,CAT 259,P059,PC012,2020,6167,B019,Customer
E92553,,CAT TL1055,P066,PC013,2009,18055,B022,Customer
E03157,ZJG50823,CAT PM620,P081,PC017,2018,8439,B020,Customer
E00109,EHE01608,CAT 305 CR,P003,PC001,2011,15896,B015,Customer
E00333,WMR83860,CAT 326,P009,PC002,2025,226,B005,Customer
E00039,RHC23406,CAT 301.7,P001,PC001,2016,9496,B002,Customer
E03264,DDH65656,CAT CB10,P084,PC018,2008,-20128,B017,Rental Fleet
E01396,VKR93094,CAT 966,P034,PC006,2022,5116,B019,Customer
E01676,SRE79542,CAT 18,P042,PC007,2025,94,B011,Customer
E00798,,CAT D3,P020,PC005,2015,12066,B015,Customer
E00429,MZZ55592,CAT 330,P010,PC002,2025,5,B008,Customer
E02431,EXY76217,CAT TH255C,P063,PC013,2024,1870,B013,Rental Fleet
E01017,XRY48680,CAT D9,P026,PC005,2023,2265,B011,Customer
E02735,RYG13490,CAT C32,P071,PC014,2023,2752,B007,Customer
E04189,JYL90637,CAT R2900,P112,PC027,2008,18746,B024,Rental Fleet
E04455,XWK56623,CAT 521B,P119,PC030,2017,9714,B025,Customer
E03553,CHR68071,CAT MH3024,P093,PC021,2009,18596,B005,Customer
E03936,EJX34699,CAT 797F,P101,PC023,2019,7834,B017,Customer
E03671,RSX24339,CAT G3516,P096,PC022,2017,9350,B005,Customer
E01292,MLZ69985,938,P032,PC006,2023,3314,B027,Rental Fleet
E02064,DFH42541,CAT 973,P052,PC010,2019,8278,B003,Rental Fleet
E00444,GBE31832,CAT 336,P011,PC002,2020,5999,B009,Customer
E00630,YYZ70245,CAT M320,P015,PC003,2011,16797,B012,Rental Fleet
E04173,JYL49977,CAT R2900,P112,PC027,2026,0,,Customer
E04577,MCY81618,CAT 558,P121,PC031,2008,21024,B012,Customer
E00299,CXX76272,CAT 320,P007,PC002,2011,16449,B002,Customer
E01746,NND07513,CAT 730,P044,PC008,2012,15456,B008,Customer
E02348,YKA91458,CAT 289,P061,PC012,2012,14710,B011,Customer
E04356,BSK02728,CAT 535D,P117,PC029,2022,4357,B026,Customer
E01534,DLV37090,CAT 988,P037,PC006,2014,12611,B024,Customer
E04756,DHW55131,CAT A14B Auger,P127,PC033,2023,4287,B009,Customer
E02593,VNN72301,CAT TL1255,P067,PC013,2024,2713,B003,Customer
E01032,XRY14077,CAT D9,P026,PC005,2031,950,B005,Customer
E00426,MZZ15550,CAT 330,P010,PC002,2019,8447,B006,Dealer Demo
E01076,VPD88295,CAT D10,P027,PC005,2009,18488,B024,Dealer Demo
E03701,RSX66381,CAT G3516,P096,PC022,2026,0,,Customer
E01978,CTW70243,CAT 777,P049,PC009,2012,15793,B007,Customer
E04542,MCY28447,CAT 558,P121,PC031,2010,18571,B023,Customer
E03783,ykh25383 ,CAT 793,P098,PC023,2026,0,B012,Customer
E00697,JBS75067,CAT 416,P016,PC004,2023,3802,B003,Customer
E03625,RYP31000,CAT MH3040,P095,PC021,2009,17833,B027,Customer
E01497,CKD52022,CAT 980,P036,PC006,2010,18502,B005,Customer
E02496,CEJ58673,CAT TL943,P065,PC013,2017,9938,B014,Customer
E01838,RES28911,770,P046,PC009,2010,17617,B004,Customer
E04802,MXE24535,CAT G115B Grapple,P128,PC033,2013,14279,B001,Rental Fleet
E04973,HBE06080,CAT 3516E Well Service,P134,PC035,2022,4551,B020,Dealer Demo
E04097,ZWL17837,CAT MD6310,P109,PC026,2015,12048,B022,Customer
E00988,JSY21234,CAT D8,P025,PC005,2010,17026,B011,Customer
E04205,YBY86413,CAT AD22,P113,PC028,2019,7161,B005,Customer
E00565,JVM71738,CAT M318,P014,PC003,2018,8115,B016,Customer
E03292,DXP43274,CAT CS56B,P085,PC018,2020,5887,B022,Customer
E01310,MLZ90899,CAT 938,P032,PC006,2021,5079,B026,Customer
E00309,RBK10346,CAT 323,P008,PC002,2021,3726,B006,Customer
E01555,JDL16208,120,P038,PC007,2012,15162,B010,Customer
E00633,YYZ42965,CAT M320,P015,PC003,2014,13763,B012,Customer
E00097,EHE31636,CAT 305 CR,P003,PC001,2010,17470,B025,Customer
E02728,RYG34630,CAT C32,P071,PC014,1899,9506,B028,Customer
E01900,LFR63596,CAT 772,P047,PC009,2023,3454,B022,Customer
E05001,HBE71669,CAT 3516E Well Service,P134,PC035,2024,2537,B023,Customer
E05006,HBE63518,3516e well service,P134,PC035,2026,229,B028,Rental Fleet
E00877,LME41653,CAT D6,P023,PC005,2014,12666,B022,Customer
E03498,GSD73794,CAT PL72,P091,PC020,2020,7152,B004,Customer
E02929,YSD73794,CAT C13,P075,PC015,2024,1541,B013,Customer
E04047,EPC71034,CAT 7495,P107,PC025,2017,9144,B006,Customer
E03203,YBM39780,CAT CB2.7,P083,PC018,2018,9222,B010,Rental Fleet
E00261,CXX53579,CAT 320,P007,PC002,2020,6738,B002,Customer
E00556,JVM36350,CAT M318,P014,PC003,2009,18402,B099,Customer
E00094,EHE42601,CAT 305 CR,P003,PC001,2023,3481,B006,Customer
E04915,PJB73324,CAT C32 Marine,P131,PC034,2021,5056,B015,Customer
E04950,HHR26993,CAT 3512E Well Service,P133,PC035,2020,5915,B006,Rental Fleet
E03447,BGR96812,CAT PL61,P090,PC020,2025,1914,B018,Customer
E02743,RYG53581,CAT C32,P071,PC014,2009,18042,B015,Customer
E01262,EAC88512,CAT 926,P031,PC006,2022,4671,B024,Customer
E02671,DZZ65839,CAT C18,P070,PC014,2018,8216,B028,Customer
E03951,JMJ34966,CAT 6015B,P102,PC024,2012,15092,B028,Customer
E03390,CMC09752,CAT RM400,P088,PC019,2031,6085,B017,Customer
E03025,FBY96535,CAT AP555,P078,PC016,2008,20224,B020,Customer
E02437,EXY35283,CAT TH255C,P063,PC013,2018,9065,B099,Customer
E01997,CTW40002,CAT 777,P049,PC009,2015,11931,B010,Customer
E02420,,CAT TH255C,P063,PC013,2015,12800,B021,Customer
E03050,LWM52353,CAT AP1055,P079,PC016,2012,15020,B099,Customer
E01931,XGE50876,CAT 775,P048,PC009,2014,13722,B012,Customer
E01004,XRY99392,CAT D9,P026,PC005,2024,2547,B028,Customer
E00087,EHE56149,305 cr,P003,PC001,2025,980,B099,Customer
E01835,RES78408,CAT 770,P046,PC009,2009,19731,B025,Customer
E00206,ZBX60037,CAT 313,P005,PC002,2017,10182,B021,Rental Fleet
E02057,PSK73728,CAT 963,P051,PC010,2020,6711,B009,Customer
E03900,EJX91065,CAT 797F,P101,PC023,2020,5734,B002,Customer
E04449,,521b,P119,PC030,2015,13000,B026,Customer
E00303,RBK67553,CAT 323,P008,PC002,2017,9014,B016,Customer
E02210,BJC82010,CAT 272,P057,PC011,2023,3741,B003,Customer
E04005,WME47345,CAT 6060,P106,PC024,2022,4132,B004,Customer
E04777,DHW58812,CAT A14B Auger,P127,PC033,2009,18305,B001,Customer
E01367,VKR17296,CAT 966,P034,PC006,2026,412,B026,Customer
E03642,RYP88965,CAT MH3040,P095,PC021,2020,7148,B028,Customer
E01307,MLZ17482,CAT 938,P032,PC006,2009,19641,B020,Customer
E01002,XRY70736,CAT D9,P026,PC005,2023,3174,B008,Rental Fleet
E02056,PSK21695,CAT 963,P051,PC010,2010,16955,B015,Customer
E02718,DZZ90393,CAT C18,P070,PC014,2015,11735,B023,Customer
E00219,ZDP46091,CAT 315,P006,PC002,2017,10468,B005,Customer
E04107,HPZ08851,CAT R1300G,P110,PC027,2013,13508,B026,Customer
E00509,NZV88209,CAT 352,P012,PC002,2021,4650,B008,Customer
E03165,NVD42320,CAT PM822,P082,PC017,2009,18318,B028,Customer
E03497,GSD11625,CAT PL72,P091,PC020,2018,8334,B017,Customer
E03621,RYP09744,CAT MH3040,P095,PC021,2022,4984,B010,Customer
E03142,ZJG18288,CAT PM620,P081,PC017,2026,712,B027,Customer
E01446,ZKJ77811,CAT 972,P035,PC006,2026,627,B009,Customer
E04560,MCY34511,CAT 558,P121,PC031,2011,16811,B021,Customer
E03580,CHR07180,CAT MH3024,P093,PC021,2025,80,B014,Customer
E01748,NND08966,CAT 730,P044,PC008,2014,13386,B011,Customer
E04088,ZWL41040,md6310,P109,PC026,2020,6673,B009,Customer
E01671,SRE73538,CAT 18,P042,PC007,2017,9372,B003,Customer
E02002,CTW53146,CAT 777,P049,PC009,2011,16512,B001,Customer
E04040,EPC33793,CAT 7495,P107,PC025,2009,19341,B011,Customer
E03496,GSD32193,CAT PL72,P091,PC020,2016,11036,B013,Customer
E02649,VJF90998,CAT C15,P069,PC014,2015,12275,B016,Customer
E02963,NGD38248,CAT C18 ACERT,P076,PC015,2012,14971,B021,Customer
E00306,rbk97427 ,CAT 323,P008,PC002,2020,6869,B015,Rental Fleet
E00505,NZV36740,CAT 352,P012,PC002,2020,6843,B004,Rental Fleet
E03314,SNW56375,CAT CS66B,P086,PC018,2020,6484,B028,Customer
E02389,ZBH38328,299,P062,PC012,2015,12514,B022,Customer
E02760,RYG33471,CAT C32,P071,PC014,2016,11388,B020,Customer
E04439,XWK01295,CAT 521B,P119,PC030,2031,8895,B021,Customer
E02028,PSK10829,CAT 963,P051,PC010,2023,2805,B025,Customer
E01350,BBY22973,CAT 950,P033,PC006,2019,8067,B021,Customer
E04043,EPC57390,CAT 7495,P107,PC025,2019,7661,B027,Customer
E01527,DLV84818,CAT 988,P037,PC006,2025,770,B003,Dealer Demo
E03760,YKH42040,CAT 793,P098,PC023,2026,0,B004,Customer
E04925,TPJ98625,CAT 3512E Marine,P132,PC034,2025,268,B028,Customer
E02443,MHR79371,CAT TH357D,P064,PC013,2012,15368,B011,Customer
E00334,WMR16275,CAT 326,P009,PC002,2009,18162,B017,Customer
E03392,CMC24219,rm400,P088,PC019,2018,8188,B023,Customer
E00142,KNJ66699,CAT 308 CR,P004,PC001,2017,9616,B023,Customer
E01953,XGE19474,CAT 775,P048,PC009,2021,5073,B002,Customer
E04843,TVV36420,CAT C18 Marine,P130,PC034,2019,8399,B013,Customer
E02242,FMH09104,CAT 239,P058,PC012,2008,18982,B016,Customer
E01105,VPD36160,CAT D10,P027,PC005,2024,2518,B013,Rental Fleet
E02487,CEJ78361,CAT TL943,P065,PC013,2020,6171,B004,Customer
E03259,DDH22011,CAT CB10,P084,PC018,2021,5594,B007,Customer
E02999,ERV73648,CAT AP400,P077,PC016,2011,17164,B006,Customer
E02184,HGZ13589,CAT 246,P055,PC011,2021,5236,B016,Customer
E00251,ZDP82211,CAT 315,P006,PC002,2018,8539,B016,Customer
E00494,NZV54239,CAT 352,P012,PC002,2017,9298,Richmond,Customer
E02650,VJF36017,CAT C15,P069,PC014,2021,4946,B024,Customer
E01551,JDL06976,CAT 120,P038,PC007,1899,4475,B006,Customer
E04956,HHR60772,CAT 3512E Well Service,P133,PC035,2015,12359,B003,Customer
E00208,ZBX09633,CAT 313,P005,PC002,2022,3882,B003,Customer
E00845,EBE45797,CAT D5,P022,PC005,2010,17674,B011,Customer
E04782,MXE34505,CAT G115B Grapple,P128,PC033,2008,18676,B017,Rental Fleet
E01503,CKD28064,CAT 980,P036,PC006,2013,14934,B009,Rental Fleet
E01224,MXW04088,CAT 908,P030,PC006,2017,8834,B008,Customer
E04987,HBE36781,CAT 3516E Well Service,P134,PC035,2016,10935,B020,Customer
E03521,GSD53896,CAT PL72,P091,PC020,2017,10212,B017,Customer
E04445,XWK72913,CAT 521B,P119,PC030,2008,20361,B007,Rental Fleet
E01946,XGE07095,CAT 775,P048,PC009,2026,0,B028,Rental Fleet
E03365,FAF22155,CAT CW34,P087,PC018,2016,10508,B014,Customer
E01155,GEK49669,CAT D11,P028,PC005,2019,8132,B027,Customer
E05005,HBE53445,CAT 3516E Well Service,P134,PC035,2024,2150,B012,Customer
E03010,ERV02092,CAT AP400,P077,PC016,2023,4154,B020,Rental Fleet
E04692,NEE62038,CAT H120,P125,PC032,2017,10321,B015,Rental Fleet
E02409,ZBH68015,CAT 299,P062,PC012,2026,0,B015,Customer
E00784,,CAT D3,P020,PC005,2013,13511,B005,Customer
E00389,MZZ54173,CAT 330,P010,PC002,2011,16172,B022,Customer
E02335,YKA97212,CAT 289,P061,PC012,2024,2075,B016,Customer
E03810,MVL92315,CAT 794 AC,P099,PC023,2018,9302,B002,Customer
E04972,HBE43067,3516e well service,P134,PC035,2010,17181,B001,Customer
E04376,BSK09997,CAT 535D,P117,PC029,2013,14072,B012,Customer
E03910,EJX01882,CAT 797F,P101,PC023,2013,14303,B027,Customer
E02955,NGD16662,CAT C18 ACERT,P076,PC015,2014,13039,B016,Customer
E03719,KMY68922,CAT G3520,P097,PC022,2010,17816,B023,Customer
E03845,GTZ67235,CAT 795,P100,PC023,2026,-1,B025,Customer
E04285,SYV76368,CAT AD45,P114,PC028,2024,2498,B008,Customer
E00544,VWW04286,CAT 395,P013,PC002,2017,10572,B009,Customer
E03573,CHR72444,CAT MH3024,P093,PC021,2017,9262,B024,Customer
E01259,EAC89506,CAT 926,P031,PC006,2024,2461,B018,Customer
E04458,XWK56064,CAT 521B,P119,PC030,2014,12449,B012,Rental Fleet
E04270,SYV06495,CAT AD45,P114,PC028,2014,13805,,Customer
E04534,MCY10463,CAT 558,P121,PC031,2026,0,B001,Customer
E04321,JGB57350,CAT 525D,P116,PC029,2008,20005,B016,Customer
E00369,WMR76508,CAT 326,P009,PC002,2021,5044,B028,Customer
E01202,afg30369 ,CAT 906,P029,PC006,2023,3551,B008,Customer
E90132,KNJ43229,CAT 308 CR,P004,PC001,2013,14741,B014,Customer
E02139,hgz19976 ,CAT 246,P055,PC011,2010,15835,B004,Rental Fleet
E01138,GEK11182,CAT D11,P028,PC005,2019,7439,B017,Customer
E04463,XWK49523,CAT 521B,P119,PC030,2009,19354,B004,Customer
E02515,CEJ38174,CAT TL943,P065,PC013,0,6215,B014,Customer
E03354,FAF30271,CAT CW34,P087,PC018,2026,0,B011,Rental Fleet
E04668,TNH45147,CAT H95,P123,PC032,2015,11987,B015,Customer
E00028,RHC46899,CAT 301.7,P001,PC001,2009,18951,B007,Customer
E04223,YBY20223,CAT AD22,P113,PC028,2026,0,B022,Customer
E02740,RYG48601,CAT C32,P071,PC014,2017,11284,B005,Customer
E01073,VPD29717,CAT D10,P027,PC005,2011,16482,B001,Customer
E03293,DXP18869,CAT CS56B,P085,PC018,2016,11834,B003,Customer
E03851,GTZ68413,CAT 795,P100,PC023,2019,6331,B019,Dealer Demo
E01107,VPD51492,CAT D10,P027,PC005,2018,8658,B013,Customer
E04545,MCY11843,CAT 558,P121,PC031,2021,4497,,Customer
E02661,VJF10304,CAT C15,P069,PC014,2026,0,B012,Customer
E03949,JMJ05467,CAT 6015B,P102,PC024,2015,12070,B007,Customer
E02270,MVA06968,CAT 259,P059,PC012,2018,8943,B015,Customer
E00231,ZDP63657,315,P006,PC002,2021,5014,B007,Customer
E04690,NEE81449,CAT H120,P125,PC032,2010,16833,B015,Rental Fleet
E04557,MCY16311,CAT 558,P121,PC031,2019,8567,B018,Customer
E02379,ZBH02811,CAT 299,P062,PC012,2015,12225,B026,Rental Fleet
E00819,ZCD59356,CAT D3,P020,PC005,2017,10010,B020,Customer
E01567,WEG21357,CAT 140,P039,PC007,2014,12734,B021,Customer
E01585,FNB88266,CAT 150,P040,PC007,2016,11582,B001,Customer
E02794,MCL08020,CAT 3516,P072,PC014,2009,18742,B020,Rental Fleet
E04953,HHR76200,CAT 3512E Well Service,P133,PC035,2026,503,B027,Customer
E03942,JMJ89414,CAT 6015B,P102,PC024,2023,3252,B020,Customer
E02175,HGZ27495,CAT 246,P055,PC011,2019,9231,B019,Rental Fleet
E00749,BEE18773,CAT 440,P019,PC004,2022,4014,B025,Customer
E01135,GEK03266,CAT D11,P028,PC005,2022,4746,B023,Rental Fleet
E04676,ZND26281,CAT H110,P124,PC032,1899,14500,B005,Customer
E02582,VNN22196,CAT TL1255,P067,PC013,2008,19418,B026,Customer
E01730,CWE12540,CAT 725,P043,PC008,2022,4345,B021,Customer
E04738,BTJ24409,CAT H140,P126,PC032,2020,6309,B006,Dealer Demo
E00648,YYZ32657,CAT M320,P015,PC003,2024,2619,B021,Dealer Demo
E00553,JVM74721,CAT M318,P014,PC003,2009,18411,B018,Customer
E00305,RBK85949,CAT 323,P008,PC002,2009,18547,B012,Customer
E02542,FTD08752,tl1055,P066,PC013,2013,14368,B012,Customer
E02059,PSK67214,CAT 963,P051,PC010,0,18895,,Customer
E01080,VPD56950,CAT D10,P027,PC005,2024,1444,B025,Customer
E02159,HGZ62051,CAT 246,P055,PC011,2021,5594,B001,Rental Fleet
E03215,YBM94974,CAT CB2.7,P083,PC018,2011,16415,B008,Customer
E00293,CXX75373,CAT 320,P007,PC002,2024,2216,,Customer
E03987,HFA02562,CAT 6030,P104,PC024,2018,8951,B014,Dealer Demo
E00791,ZCD87798,CAT D3,P020,PC005,2015,12607,Richmond,Customer
E02761,RYG18386,CAT C32,P071,PC014,2008,20252,B013,Rental Fleet
E02986,ERV06670,CAT AP400,P077,PC016,2021,5085,B007,Customer
E92162,HGZ55014,CAT 246,P055,PC011,2022,4657,B017,Customer
E02125,PXY08562,CAT 236,P054,PC011,2011,16521,B010,Customer
E04424,frp69975 ,545d,P118,PC029,2020,6291,B013,Customer
E03118,TFN28221,CAT PM310,P080,PC017,2019,8227,B021,Customer
E03764,YKH12121,CAT 793,P098,PC023,2008,18845,B010,Customer
E00744,VMM43427,430,P018,PC004,2021,5799,B012,Customer
E03565,CHR96556,CAT MH3024,P093,PC021,2025,1355,B002,Customer
E01606,SDS61909,CAT 160,P041,PC007,2019,7055,B026,Dealer Demo
E02103,PXY26645,CAT 236,P054,PC011,2008,19911,B018,Customer
E01098,VPD14142,CAT D10,P027,PC005,2019,8007,B001,Customer
E04773,DHW65963,CAT A14B Auger,P127,PC033,2017,10435,B022,Customer
E04808,MXE38169,g115b grapple,P128,PC033,2009,19048,B019,Customer
E00313,RBK80590,CAT 323,P008,PC002,2019,8180,B026,Rental Fleet
E00746,VMM81351,CAT 430,P018,PC004,2026,0,B003,Customer
E02311,GPW73913,CAT 279,P060,PC012,2013,13172,B026,Customer
E01693,SRE59211,CAT 18,P042,PC007,2025,2160,B027,Customer
E00831,,CAT D4,P021,PC005,2025,1063,B008,Customer
E00316,RBK04562,CAT 323,P008,PC002,2022,3060,B005,Customer
E00860,EBE33902,CAT D5,P022,PC005,2015,12511,B014,Customer
E02114,PXY37588,CAT 236,P054,PC011,2008,19586,B004,Customer
E03596,AVS35639,CAT MH3026,P094,PC021,2024,2085,B021,Rental Fleet
E01911,LFR67491,CAT 772,P047,PC009,2023,2969,B021,Rental Fleet
E01751,,CAT 730,P044,PC008,2021,5845,B026,Rental Fleet
E01368,VKR48746,CAT 966,P034,PC006,2023,2993,B010,Customer
E01164,GEK15494,CAT D11,P028,PC005,2008,19508,B001,Customer
E00858,EBE93962,CAT D5,P022,PC005,2022,4187,B011,Customer
E03226,YBM97390,CAT CB2.7,P083,PC018,2011,17245,B022,Customer
E02704,DZZ76577,CAT C18,P070,PC014,2012,15291,B001,Customer
E03922,EJX13587,797f,P101,PC023,2008,20392,B003,Customer
E00596,YYZ40655,CAT M320,P015,PC003,2010,17543,B023,Customer
E04571,MCY94483,CAT 558,P121,PC031,2016,11015,B010,Rental Fleet
E04371,BSK86933,CAT 535D,P117,PC029,2018,8758,B021,Customer
E03983,HFA41471,CAT 6030,P104,PC024,2026,522,B002,Customer
E02865,lpm95560 ,CAT C4.4,P073,PC015,2008,18583,B012,Rental Fleet
E03709,KMY84849,CAT G3520,P097,PC022,2026,168,B008,Customer
E01070,VPD12500,d10,P027,PC005,2026,247,B020,Customer
E91906,LFR87174,CAT 772,P047,PC009,2019,8614,B013,Customer
E04453,XWK50778,CAT 521B,P119,PC030,2019,7496,B025,Customer
E00822,ZCD89996,CAT D3,P020,PC005,2017,9140,B012,Rental Fleet
E04024,EPC48909,CAT 7495,P107,PC025,2025,1496,B001,Customer
E92519,CEJ03263,CAT TL943,P065,PC013,2026,0,B012,Customer
E01590,FNB91231,CAT 150,P040,PC007,2008,19969,B007,Rental Fleet
E04454,,CAT 521B,P119,PC030,2022,5139,B022,Rental Fleet
E02691,dzz93930 ,CAT C18,P070,PC014,2020,7358,B015,Customer
E01932,XGE68125,CAT 775,P048,PC009,2012,15333,B022,Customer
E04277,SYV38294,CAT AD45,P114,PC028,2016,10984,B009,Customer
E00434,MZZ52726,CAT 330,P010,PC002,2009,18160,B015,Customer
E94689,ZND51379,CAT H110,P124,PC032,2024,2737,B013,Rental Fleet
E02300,MVA14443,CAT 259,P059,PC012,2017,9155,B001,Customer
E00173,ZBX83443,CAT 313,P005,PC002,2015,12267,,Customer
E02913,YSD00227,CAT C13,P075,PC015,2013,15017,B001,Customer
E01561,JDL42407,CAT 120,P038,PC007,2011,16640,B027,Customer
E00810,ZCD28258,CAT D3,P020,PC005,2020,6996,B015,Rental Fleet
E00853,EBE41985,CAT D5,P022,PC005,2014,11745,B006,Dealer Demo
E04161,EDH26517,CAT R1700,P111,PC027,2016,11151,B023,Customer
E01958,XGE15998,CAT 775,P048,PC009,2010,17118,B016,Customer
E01104,VPD46581,CAT D10,P027,PC005,2019,7762,B021,Customer
E04032,EPC63422,CAT 7495,P107,PC025,2031,20074,B009,Rental Fleet
E02031,PSK26007,CAT 963,P051,PC010,0,4465,B004,Customer
E04153,EDH88278,r1700,P111,PC027,2016,-11526,B028,Customer
E00093,EHE98367,CAT 305 CR,P003,PC001,2015,11296,B013,Customer
E04213,YBY05057,CAT AD22,P113,PC028,2020,7167,B005,Customer
E03603,AVS96696,mh3026,P094,PC021,2010,17314,B025,Customer
E01354,BBY66004,CAT 950,P033,PC006,2016,11960,B022,Customer
E00267,CXX16751,CAT 320,P007,PC002,2018,8257,B024,Dealer Demo
E02745,,CAT C32,P071,PC014,2016,11065,B014,Customer
E02055,PSK97088,CAT 963,P051,PC010,2014,13476,B018,Rental Fleet
E04072,WMB94552,CAT MD6250,P108,PC026,2017,9845,B001,Customer
E00899,LME67721,CAT D6,P023,PC005,2010,17583,B008,Customer
E00353,WMR65309,326,P009,PC002,2013,14972,B010,Customer
E00892,,CAT D6,P023,PC005,2012,15524,B024,Customer
E04647,TNH50883,CAT H95,P123,PC032,2009,19766,B011,Customer
E04621,VRA76592,CAT 568,P122,PC031,2019,7416,B002,Customer
E02928,YSD86968,CAT C13,P075,PC015,2010,16493,B021,Customer
E03610,RYP50394,CAT MH3040,P095,PC021,2023,3209,B002,Dealer Demo
E00628,YYZ26570,m320,P015,PC003,2010,17135,B005,Customer
E00138,KNJ57425,CAT 308 CR,P004,PC001,2017,9969,B023,Customer
E01950,XGE49356,CAT 775,P048,PC009,2012,14937,B014,Customer
E03302,DXP69037,CAT CS56B,P085,PC018,2018,8448,B005,Customer
E00952,FDG33793,CAT D6 XE,P024,PC005,2011,15338,B003,Customer
E01102,vpd05211 ,CAT D10,P027,PC005,2008,21285,B008,Rental Fleet
E03371,FAF65597,CAT CW34,P087,PC018,2011,16604,B015,Customer
E04063,wmb54747 ,md6250,P108,PC026,2013,14355,B002,Customer
E00481,GBE10085,CAT 336,P011,PC002,2020,6364,B019,Rental Fleet
E01513,DLV57521,CAT 988,P037,PC006,2013,13462,B025,Customer
E00963,FDG64533,CAT D6 XE,P024,PC005,2018,9792,B019,Rental Fleet
E02900,FSC43324,CAT C7.1,P074,PC015,2017,10542,B008,Customer
E03568,CHR66506,CAT MH3024,P093,PC021,2009,19368,B012,Dealer Demo
E00995,JSY13623,CAT D8,P025,PC005,2010,17572,B021,Rental Fleet
E01332,BBY75776,CAT 950,P033,PC006,2013,13657,B018,Rental Fleet
E03106,,CAT PM310,P080,PC017,2024,2534,B007,Customer
E03489,GSD94271,CAT PL72,P091,PC020,2008,20129,B013,Customer
E01356,BBY61626,CAT 950,P033,PC006,2011,16971,B023,Customer
E03853,GTZ22620,CAT 795,P100,PC023,2025,1226,B018,Customer
E02430,EXY41040,CAT TH255C,P063,PC013,2014,13583,B017,Customer
E00049,PCZ76020,303 cr,P002,PC001,2021,5085,B015,Customer
E04914,PJB49611,CAT C32 Marine,P131,PC034,2015,12487,B027,Customer
E03769,YKH95913,CAT 793,P098,PC023,2012,15636,B099,Rental Fleet
E00174,ZBX82346,CAT 313,P005,PC002,2012,15823,B004,Rental Fleet
E01851,RES58840,CAT 770,P046,PC009,2026,0,B008,Customer
E04942,,CAT 3512E Well Service,P133,PC035,2009,19323,B016,Customer
E02950,NGD83572,CAT C18 ACERT,P076,PC015,2010,16982,B004,Customer
E01939,XGE07709,CAT 775,P048,PC009,2020,7136,B027,Customer
E03662,RSX41959,CAT G3516,P096,PC022,2012,15365,B017,Customer
E04077,WMB71493,CAT MD6250,P108,PC026,2013,13657,B008,Rental Fleet
E01680,sre11748 ,CAT 18,P042,PC007,2016,10905,B005,Customer
E01663,SRE00274,CAT 18,P042,PC007,2023,3699,B028,Customer
E03279,DXP57545,CAT CS56B,P085,PC018,2015,12088,B023,Customer
E02845,LPM20143,CAT C4.4,P073,PC015,2022,5907,B024,Customer
E94868,PJB83433,CAT C32 Marine,P131,PC034,2018,9603,B017,Customer
E00401,mzz88396 ,CAT 330,P010,PC002,2026,17,B028,Customer
E00667,JBS90907,CAT 416,P016,PC004,2025,1736,B012,Customer
E03395,CMC75552,CAT RM400,P088,PC019,2013,14552,B008,Customer
E01649,SDS13793,CAT 160,P041,PC007,2015,11727,B027,Customer
E00900,LME45225,CAT D6,P023,PC005,2019,9309,B016,Customer
E04858,TVV60424,CAT C18 Marine,P130,PC034,2026,0,B021,Customer
E01397,VKR26118,CAT 966,P034,PC006,2012,15630,B018,Customer
E01601,FNB75551,CAT 150,P040,PC007,2021,5412,B021,Customer
E03045,LWM41088,CAT AP1055,P079,PC016,2023,2349,B008,Customer
E01919,XGE86854,CAT 775,P048,PC009,2023,2866,B006,Customer
E02434,EXY82618,CAT TH255C,P063,PC013,2026,0,B018,Customer
E00929,LME98956,CAT D6,P023,PC005,2031,6818,B018,Customer
E00518,VWW49037,CAT 395,P013,PC002,2022,4430,B013,Customer
E02465,MHR29313,th357d,P064,PC013,2022,4772,B009,Dealer Demo
E01406,VKR07670,CAT 966,P034,PC006,2026,0,B005,Customer
E00928,LME80201,CAT D6,P023,PC005,2019,7461,B009,Dealer Demo
E04817,FPR75051,CAT G120B Grapple,P129,PC033,2013,14738,B012,Customer
E01830,RES97183,CAT 770,P046,PC009,2025,403,B013,Customer
E03849,GTZ71647,CAT 795,P100,PC023,2010,18743,B010,Customer
E02178,HGZ54271,CAT 246,P055,PC011,2022,4118,B014,Customer
E03053,LWM65186,CAT AP1055,P079,PC016,2008,19402,B028,Customer
E04480,HNE13292,CAT 522B,P120,PC030,2018,9653,B013,Customer
E02575,VNN01858,CAT TL1255,P067,PC013,2024,2767,B027,Customer
E02076,DFH09104,CAT 973,P052,PC010,2014,13706,B005,Customer
E01361,VKR82219,CAT 966,P034,PC006,2024,2816,B022,Customer
E01097,VPD08730,CAT D10,P027,PC005,2008,19434,B028,Rental Fleet
E03109,TFN77760,CAT PM310,P080,PC017,2014,13434,B002,Customer
E03843,GTZ12463,795,P100,PC023,2016,11757,B018,Rental Fleet
E04585,MCY48659,CAT 558,P121,PC031,2016,11444,B018,Customer
E00532,VWW69169,CAT 395,P013,PC002,2023,3596,B021,Customer
E01407,VKR46844,CAT 966,P034,PC006,2012,15648,B014,Customer
E03931,EJX83702,CAT 797F,P101,PC023,2013,14390,B024,Customer
E02495,CEJ35169,CAT TL943,P065,PC013,2009,18279,B021,Rental Fleet
E03601,AVS03341,CAT MH3026,P094,PC021,2031,9012,B017,Customer
E04578,MCY03040,CAT 558,P121,PC031,2021,4756,B006,Customer
E04212,YBY20762,CAT AD22,P113,PC028,2024,2957,B027,Rental Fleet
E01037,XRY71254,CAT D9,P026,PC005,2013,13738,B009,Rental Fleet
E04250,YBY17283,CAT AD22,P113,PC028,2013,14866,B015,Customer
E00601,YYZ21885,CAT M320,P015,PC003,2016,10307,B028,Customer
E00031,RHC54041,CAT 301.7,P001,PC001,2013,15268,B011,Customer
E04184,,CAT R2900,P112,PC027,2010,17498,B009,Customer
E03284,DXP62844,CAT CS56B,P085,PC018,2009,18374,B003,Customer
E02068,DFH86156,CAT 973,P052,PC010,2025,617,B028,Customer
E01401,vkr54678 ,CAT 966,P034,PC006,2017,10461,B021,Customer
E01903,LFR49240,CAT 772,P047,PC009,2008,18390,B025,Customer
E92261,MVA99679,CAT 259,P059,PC012,2018,9685,B021,Customer
E01451,ZKJ65292,CAT 972,P035,PC006,2010,16899,B013,Customer
E02919,,CAT C13,P075,PC015,2013,14958,B001,Customer
E04441,,CAT 521B,P119,PC030,2011,16669,B015,Customer
E03059,LWM82774,ap1055,P079,PC016,2017,10359,B022,Customer
E03321,SNW40602,CAT CS66B,P086,PC018,2013,14218,B019,Customer
E01621,SDS96018,CAT 160,P041,PC007,2023,3538,B012,Customer
E03609,RYP02551,CAT MH3040,P095,PC021,2019,7452,B028,Customer
E00376,WMR92508,CAT 326,P009,PC002,2009,17366,B005,Customer
E02222,BJC90054,CAT 272,P057,PC011,2014,13151,B028,Rental Fleet
E00851,EBE67747,CAT D5,P022,PC005,2008,20054,B026,Customer
E00960,fdg20447 ,CAT D6 XE,P024,PC005,2019,8089,B025,Customer
E02322,GPW60323,CAT 279,P060,PC012,2024,2237,B027,Customer
E04346,BSK91023,CAT 535D,P117,PC029,2016,10666,B012,Customer
E04148,EDH45062,CAT R1700,P111,PC027,2021,6465,B001,Customer
E03176,NVD13309,CAT PM822,P082,PC017,2011,16149,B006,Customer
E04984,HBE04338,CAT 3516E Well Service,P134,PC035,2025,1697,B017,Customer
E03261,DDH69987,cb10,P084,PC018,2013,14775,B025,Customer
E01308,MLZ02049,CAT 938,P032,PC006,2013,14983,B016,Customer
E01289,MLZ63767,CAT 938,P032,PC006,2019,8431,B024,Customer
E02796,MCL19842,CAT 3516,P072,PC014,2024,1447,B024,Rental Fleet
E02036,PSK29069,CAT 963,P051,PC010,2015,11658,B011,Customer
E04757,DHW64302,CAT A14B Auger,P127,PC033,2012,14309,B026,Customer
E00064,PCZ30736,CAT 303 CR,P002,PC001,2017,9942,B009,Customer
E02503,CEJ43451,CAT TL943,P065,PC013,2019,7048,B008,Rental Fleet
E03819,MVL33322,CAT 794 AC,P099,PC023,2022,5063,B014,Rental Fleet
E04724,BTJ27006,CAT H140,P126,PC032,2010,18103,B015,Customer
E01438,ZKJ59893,CAT 972,P035,PC006,2017,9655,B020,Customer
E04573,MCY66488,CAT 558,P121,PC031,2010,16844,B015,Customer
E04699,NEE21447,CAT H120,P125,PC032,2019,7211,B006,Customer
E01247,EAC10075,CAT 926,P031,PC006,2024,2488,,Customer
E04689,ZND51379,CAT H110,P124,PC032,2024,2737,B013,Rental Fleet
E02415,zbh23434 ,CAT 299,P062,PC012,2016,10894,B001,Customer
E02341,YKA94774,CAT 289,P061,PC012,2022,4321,B006,Customer
E04018,WME28778,6060,P106,PC024,2020,6488,B099,Rental Fleet
E00621,YYZ69444,CAT M320,P015,PC003,2014,13822,B099,Dealer Demo
E04906,PJB13119,CAT C32 Marine,P131,PC034,2018,-8053,B017,Customer
E00250,zdp84279 ,CAT 315,P006,PC002,2026,0,B021,Dealer Demo
E01987,CTW77179,CAT 777,P049,PC009,2017,10201,B017,Customer
E00814,ZCD72513,CAT D3,P020,PC005,2009,18321,B014,Rental Fleet
E02347,YKA75503,CAT 289,P061,PC012,2013,14116,B022,Customer
E02530,FTD57358,CAT TL1055,P066,PC013,2014,13308,B028,Dealer Demo
E04244,YBY81626,CAT AD22,P113,PC028,2010,17641,B028,Customer
E04873,PJB47503,CAT C32 Marine,P131,PC034,2013,14157,B025,Customer
E04592,VRA54948,CAT 568,P122,PC031,2013,15555,B004,Customer
E03102,TFN70285,CAT PM310,P080,PC017,2012,15441,B001,Rental Fleet
E02479,CEJ76854,CAT TL943,P065,PC013,2012,14376,B022,Customer
E02395,ZBH36672,CAT 299,P062,PC012,2023,4465,B027,Dealer Demo
E01913,LFR96445,CAT 772,P047,PC009,2009,18402,B020,Customer
E01563,JDL43179,CAT 120,P038,PC007,2008,20660,B015,Customer
E01174,AFG72769,CAT 906,P029,PC006,2018,-9052,B018,Customer
E01915,LFR86290,CAT 772,P047,PC009,2023,4111,B024,Customer
E02191,pzh04283 ,CAT 262,P056,PC011,2021,5844,B012,Rental Fleet
E00427,MZZ69317,CAT 330,P010,PC002,2020,7759,B027,Customer
E01061,VPD71517,CAT D10,P027,PC005,2026,229,B024,Customer
E02084,EAX82246,226,P053,PC011,2016,11641,B018,Customer
E92584,VNN97965,CAT TL1255,P067,PC013,2014,13670,B025,Customer
E02520,CEJ84256,CAT TL943,P065,PC013,2011,16762,B010,Customer
E01597,FNB54485,CAT 150,P040,PC007,2021,6069,B020,Customer
E00238,zdp57177 ,CAT 315,P006,PC002,2009,18378,B001,Customer
E04795,MXE84341,CAT G115B Grapple,P128,PC033,2013,14468,B025,Customer
E01329,BBY90730,CAT 950,P033,PC006,2009,18257,B004,Rental Fleet
E01257,eac62206 ,CAT 926,P031,PC006,2020,6541,B014,Customer
E04417,FRP76285,CAT 545D,P118,PC029,2019,8124,B018,Customer
E04023,,CAT 6060,P106,PC024,2024,2448,B015,Customer
E00284,CXX49016,320,P007,PC002,2024,1281,B008,Customer
E03357,FAF00562,CAT CW34,P087,PC018,2016,10830,Richmond,Customer
E02140,HGZ40573,CAT 246,P055,PC011,2012,14611,B018,Rental Fleet
E00067,PCZ61070,CAT 303 CR,P002,PC001,2025,747,B014,Customer
E03150,ZJG93875,CAT PM620,P081,PC017,2014,12690,B001,Rental Fleet
E00712,FGG40757,CAT 420,P017,PC004,2017,9973,B009,Rental Fleet
E01058,VPD69980,CAT D10,P027,PC005,2013,14627,B020,Customer
E04743,DHW11724,CAT A14B Auger,P127,PC033,2012,14972,B027,Customer
E01921,XGE21003,CAT 775,P048,PC009,2008,20281,B013,Customer
E01360,VKR65055,CAT 966,P034,PC006,2012,15337,B005,Rental Fleet
E03088,LWM07322,CAT AP1055,P079,PC016,2024,2958,B024,Customer
E00148,KNJ72341,CAT 308 CR,P004,PC001,2018,8822,B025,Customer
E03405,CMC91842,CAT RM400,P088,PC019,2026,566,B001,Customer
E02482,CEJ00420,CAT TL943,P065,PC013,2014,13827,B014,Customer
E03632,RYP30654,CAT MH3040,P095,PC021,2022,4159,B025,Customer
E00018,RHC92215,CAT 301.7,P001,PC001,2025,703,B010,Customer
E02561,VNN50130,CAT TL1255,P067,PC013,2014,12217,B001,Customer
