part_id,part_number,part_description,part_category,criticality,unit_cost_usd,unit_of_measure,primary_supplier_id,primary_product_id,reman_available,created_date,is_active
PT01917,9S-7454,TRACK PIN,Undercarriage,Medium,85.0,EA,S003,P105,N,2015-04-23,Y
PT01538,4U-8126,SENSOR SPEED,,Medium,151.45,EA,S001,P027,Y,2019-12-31,Y
PT01240,228-6560,V-BELT,Engine,Low,43.91,EA,S002,P043,Y,2018-01-07,Y
PT02079,5D-6437,CARRIER ROLLER,Undercarriage,High,333.29,EA,S010,P004,N,2024-12-18,Y
PT01220,3E-0043,GASKET KIT,Engine,Medium,255.37,EA,S003,P041,Y,2022-02-14,Y
PT01317,5G-1354,V-BELT,Engine,,16.94,EA,S003,P099,Y,2017-03-13,Y
PT02499,471-6610,CONTROL VALVE,Hydraulics,High,6858.02,EA,S022,P093,Y,2019-04-11,Y
PT02615,323-6608,SWING MOTOR,Hydraulics,High,7395.89,EA,S023,P083,N,2018-06-15,Y
PT00315,9H-6897,TRACK LINK ASSEMBLY,Undercarriage,High,6166.51,EA,S009,P065,N,2020-04-01,Y
PT00277,8V-7313,SPROCKET SEGMENT,Undercarriage,High,323.77,EA,S003,P028,N,2018-07-26,Y
PT01548,367-9922,SENSOR SPEED,Electrical,Medium,218.14,EA,S015,P030,Y,2022-02-09,Y
PT01465,7U-0314,STARTER MOTOR,Electrical,High,727.44,EA,S003,P003,Y,10/18/2021,Y
PT01002,7N-5337,WATER PUMP,Engine,High,312.03,EA,S003,P014,Y,2021-10-01,Y
PT01227,557-4299,GASKET KIT,Engine,Medium,229.29,EA,S001,P099,Y,2016-12-31,Y
PT04079,172-3641,HEX BOLT,Hardware,Low,4.84,EA,S016,P023,N,2023-04-26,Y
PT03681,328-9495,FAN BLADE,Cooling,Medium,409.76,EA,S001,P005,N,2022-07-01,Y
PT02049,557-8507,CARRIER ROLLER,Undercarriage,High,444.49,EA,S003,P130,N,02/01/2025,Y
PT04323,315-4590,TIRE 29.5R25,Tires,High,8045.84,EA,S003,P082,N,2017-03-07,Y
PT00915,1M8690,FUEL INJECTOR,Engine,High,1135.13,EA,S003,P008,N,2020-05-01,Y
PT03295,388-5674,FUEL TRANSFER PUMP,Engine,High,661.8,EA,S003,P004,Y,2018-01-13,Y
PT01324,1H-5552,V-BELT,Engine,Low,43.95,PC,S003,P049,Y,2022-04-06,Y
PT03381,5K-3220,ECM CONTROLLER,Electrical,High,4672.64,EA,S001,P056,N,2016-10-27,Y
PT01259,276-1744,V-BELT,Engine,Low,42.11,EA,S003,P039,N,2015-12-20,Y
PT03448,191-6265,MONITOR DISPLAY,Electrical,Medium,2187.02,EA,S034,P081,N,2018-09-25,Y
PT01817,4M-9266,RADIATOR,Cooling,High,2525.85,EA,S002,P036,N,2023-02-03,Y
PT00975,5A-6202,WATER PUMP,Engine,High,576.98,EA,S001,P042,N,2018-12-26,Y
PT02232,0365-7058,RIPPER SHANK,Ground Engaging Tools,Medium,968.04,EA,S026,P085,N,2015-01-01,Y
PT02618,7I-9652,SWING MOTOR,Hydraulics,High,8104.04,EA,S001,P076,N,2024-03-20,Y
PT01274,155-9594,V-BELT,Engine,Low,33.24,EA,S001,P021,N,2020-07-31,Y
PT01192,0239-6829,GASKET KIT,Engine,Medium,265.1,EA,S002,P008,N,2024-05-09,Y
PT03210,328-5418,FUEL TRANSFER PUMP,Engine,,423.19,EA,S002,P079,Y,2022-01-22,Y
PT03559,537-4785,WORK LIGHT LED,Electrical,Low,279.82,EA,S001,P018,Y,2019-01-20,Y
PT00435,8U1633,END BIT,Ground Engaging Tools,Medium,118.51,EA,S003,P081,N,2017-01-10,Y
PT00985,9W-8569,WATER PUMP,Engine,High,815.54,EA,S002,P115,N,2023-03-02,Y
PT00497,1741594,END BIT,Ground Engaging Tools,Medium,121.28,EA,,P130,N,2021-07-18,Y
PT01414,3A-2115,ALTERNATOR,Electrical,Medium,622.49,EA,S001,P017,Y,2016-11-11,Y
PT03096,5G-6349,PISTON KIT,Engine,,991.99,EA,S001,P091,Y,10/18/2018,Y
PT01571,235-7441,SENSOR SPEED,Electrical,Medium,240.35,EA,S034,P056,N,2017-01-06,Y
PT00741,6M-5749,HYDRAULIC PUMP,Hydraulics,High,10619.69,EA,,P041,N,2022-07-22,Y
PT03522,182-8104,RELAY,Electrical,Low,29.75,EA,S003,P129,Y,2023-01-15,Y
PT02133,523-1356,RECOIL SPRING,Undercarriage,High,-1514.97,EA,S010,P012,N,2015-09-20,Y
PT04050,9x-6888,O-RING SEAL,Hardware,Low,2.37,EA,S016,P079,N,2016-03-05,Y
PT03161,272-6963,CRANKSHAFT BEARING,Engine,Medium,103.52,EA,S003,P082,N,2015-11-03,Y
PT03197,6V-1455,FUEL TRANSFER PUMP,Engine,High,294.76,EA,S003,P020,Y,06/17/15,Y
PT01855,298-6517,RADIATOR,Cooling,,3003.12,Ea.,S099,P074,N,20221223,Y
PT90911,5896005,FUEL INJECTOR,Engine,High,1023.59,PC,S003,P054,N,2021-09-26,Y
PT01587,237-0895,BATTERY,Electrical,Medium,240.66,EA,S002,P085,N,2017-01-20,Y
PT04283,4D-0127,TIRE 29.5R25,Tires,High,6427.4,EA,S003,P122,N,2016-11-05,Y
PT00216,1P-3132,Idler  Group,,High,3065.2,EA,S002,P125,N,10/22/21,Y
PT03083,6H-2324,PISTON KIT,,High,1128.48,EA,S001,P122,Y,2022-03-31,Y
PT93681,3289495,FAN BLADE,Cooling,Medium,409.76,EA,S001,P005,N,2022-07-01,Y
PT04122,9D-5203,HEX BOLT,Hardware,Low,4.26,EA,S002,P056,N,2023-09-04,Y
PT03500,482-7984,RELAY,Electrical,Low,28.71,EA,S002,P129,N,2016-07-07,Y
PT01396,460-0059,ALTERNATOR,Electrical,Medium,426.22,EA,S034,P040,Y,2017-09-09,Y
PT03616,1x-3739,FAN BLADE,Cooling,Medium,393.22,EA,S001,P130,N,2015-03-06,Y
PT00812,116-5405,SEAL KIT,Hydraulics,Medium,109.9,EA,S002,P090,N,2019-09-07,Y
PT02010,7W-5133,TRACK BUSHING,Undercarriage,Medium,39.35,EA,S010,P110,N,2024-02-14,Y
PT01494,4K-2153,WIRING HARNESS,,Medium,0,EA,S003,P130,Y,2024-05-11,Y
PT00461,289-1736,END BIT,Ground Engaging Tools,Medium,0,EA,S003,P060,N,2015-03-25,Y
PT03181,339-1594,CRANKSHAFT BEARING,Engine,Medium,77.49,EA,S001,P020,Y,2019-04-10,Y
PT00739,7K-7910,HYDRAULIC PUMP,Hydraulics,High,8579.72,EA,S001,P100,N,2020-03-05,Y
PT03273,185-7946,FUEL TRANSFER PUMP,Engine,High,294.57,EA,S002,P030,N,2022-05-05,Y
PT03964,392-6922,O-RING SEAL,Hardware,Low,1.53,EA,S003,P024,N,2017-11-17,Y
PT02736,2V-3279,TORQUE CONVERTER,Power Train,High,5525.97,EA,S003,P093,N,2017-09-30,Y
PT00187,5R-7060,TRACK ROLLER,Undercarriage,High,390.4,EA,S002,P102,N,2017-06-28,Y
PT82019,202-7152,TRACK BUSHING (SUPERSEDED),Undercarriage,Medium,48.41,EA,S003,P131,N,2018-10-25,Y
PT00082,300-0682,TRACK SHOE,Undercarriage,High,118.7,EA,S003,P080,N,2019-04-24,Y
PT03012,3T-9881,CYLINDER HEAD,Engine,High,3097.86,EA,S001,P009,N,2015-03-13,Y
PT00645,172-1544,HYDRAULIC HOSE ASSEMBLY,Hydraulics,High,139.41,EA,S022,P096,Y,2019-09-18,Y
PT01420,6K-2046,STARTER MOTOR,Electrical,High,540.38,EA,S003,P025,N,2018-05-10,Y
PT03475,4I-2225,RELAY,Electrical,,25.16,EA,S015,P012,Y,2016-10-10,Y
PT03851,195-1896,WINDOW GLASS,Cab,Low,364.68,EA,S001,P008,N,2020-01-17,Y
PT00677,245-7835,HYDRAULIC PUMP,Hydraulics,High,9561.58,EA,S031,P086,N,2022-04-18,Y
PT01043,543-7864,WATER PUMP,Engine,High,574.86,EA,S003,P113,N,2017-02-04,Y
PT00549,3H-1357,ADAPTER,Ground Engaging Tools,Medium,166.71,EA,S003,P020,N,2024-06-18,Y
PT03983,8L-7331,O-RING SEAL,Hardware,Low,2.83,EA,S003,P129,N,2018-05-27,Y
PT03071,9E-4238,PISTON KIT,Engine,High,1387.32,EA,S002,P027,N,2020-05-02,Y
PT02636,450-8357,FINAL DRIVE,Power Train,High,16204.51,EA,S003,P032,N,2021-08-23,Y
PT00197,7G-0746,IDLER GROUP,Undercarriage,High,3150.72,EA,S002,P060,N,2015-01-28,Y
PT01570,393-6697,Sensor  Speed,Electrical,Medium,85.08,EA,S003,P079,N,2023-06-15,Y
PT02040,443-3554,CARRIER ROLLER,Undercarriage,High,315.64,EA,S009,P122,N,2016-02-19,Y
PT02898,436-1252,BRAKE DISC,Power Train,,241.46,EA,S003,P048,N,2025-02-21,Y
PT03704,7E-2667,FAN BLADE,Cooling,Medium,435.26,EA,S003,P112,N,2015-02-02,Y
PT03633,596-7273,FAN BLADE,Cooling,Medium,255.71,EA,S001,P132,N,2020-11-10,Y
PT01627,5U-3289,BATTERY,Electrical,Medium,$325.34,EA,S034,P077,N,2016-11-25,Y
PT00818,5W-2494,SEAL KIT,Hydraulics,Medium,50.15,EA,S001,P104,Y,2019-11-11,Y
PT02087,297-0508,CARRIER ROLLER,Undercarriage,High,620.04,EA,S003,P015,N,2021-07-11,Y
PT02349,5Y-1230,BUCKET TOOTH RETAINER,Ground Engaging Tools,Low,5.62,EA,S003,P131,N,2023-06-25,Y
PT04109,255-1284,HEX BOLT,Hardware,Low,$5.94,EA,S001,P076,N,2024-01-22,Y
PT01649,9M7832,BATTERY,Electrical,Medium,158.22,EA,S001,P102,N,2024-09-21,Y
PT01877,561-7711,Thermostat,Cooling,Medium,49.79,EA,S003,P091,N,2018-11-08,Y
PT01273,543-2606,V-BELT,Engine,Low,43.85,EA,S001,P006,Y,2023-12-30,Y
PT04387,591-1170,TIRE 12-16.5,,Medium,241.02,EA,S027,P116,N,11/28/18,Y
PT03653,459-0991,FAN BLADE,Cooling,Medium,211.37,EA,S035,P002,N,01/01/18,Y
PT90741,6M5749,HYDRAULIC PUMP,Hydraulics,High,10619.69,EA,,P041,N,2022-07-22,Y
PT02525,2L-2604,CONTROL VALVE,Hydraulics,High,3561.88,EA,S002,P089,N,2023-01-15,Y
PT02008,6E-1010,TRACK BUSHING,Undercarriage,Medium,95.2,EA,S001,P076,N,2024-05-05,Y
PT02337,592-3327,BUCKET TOOTH RETAINER,Ground Engaging Tools,Low,0,EA,S002,P131,N,2021-07-26,Y
PT02670,6X-7153,TRAVEL MOTOR,Power Train,High,12346.34,EA,S002,P084,N,2020-09-20,Y
PT01699,5T-5716,CAB AIR FILTER,Filters,Low,32.73,EA,S006,P088,N,2015-07-25,Y
PT02380,4A-1995,BUCKET TOOTH RETAINER,Ground Engaging Tools,Low,3.71,EA,S026,P087,N,2017-02-09,Y
PT03361,7F-3557,Ecm  Controller,Electrical,High,2168.27,EA,S002,P069,N,2021-01-24,Y
PT02828,273-2924,AXLE SEAL,Power Train,Medium,131.94,EA,S024,P072,N,2021-03-27,Y
PT04089,3092059,HEX BOLT,Hardware,Low,6.53,EA,S002,P133,N,2022-03-21,Y
PT03570,345-6705,WORK LIGHT LED,Electrical,Low,294.5,EA,S034,P127,Y,2017-03-22,Y
PT02195,6X-1862,RIPPER SHANK,Ground Engaging Tools,Medium,1055.72,EA,S011,P046,N,2015-01-26,Y
PT01142,574-2261,GASKET KIT,Engine,Medium,257.92,EA,S002,P045,Y,2019-12-25,Y
PT01496,128-5151,WIRING HARNESS,Electrical,Medium,-597.84,EA,S003,P035,N,2024-06-24,Y
PT03109,1J-4474,PISTON KIT,Engine,High,1355.4,EA,S001,P061,N,2015-12-08,Y
PT00540,4G-6122,ADAPTER,Ground Engaging Tools,Medium,127.57,EA,CAT,P090,N,2016-10-31,Y
PT00586,6D-0355,Hydraulic  Hose Assembly,Hydraulics,High,116.18,EA,S003,P108,N,2024-09-04,Y
PT03946,573-4619,MIRROR,Cab,Low,92.37,EA,S030,P126,N,2023-09-02,Y
PT02661,245-4027,FINAL DRIVE,Power Train,High,10138.71,EA,S024,P074,N,2016-05-12,Y
PT03558,3Y-6521,WORK LIGHT LED,Electrical,,179.23,EA,S002,P064,Y,2024-10-05,Y
PT03247,3G-2338,FUEL TRANSFER PUMP,Engine,High,446.79,EA,S003,P120,Y,2019-11-28,Y
PT02789,273-6543,TRANSMISSION CLUTCH DISC,Power Train,Medium,95.32,EA,S003,P001,N,2021-05-31,Y
PT02352,4X-7628,BUCKET TOOTH RETAINER,Ground Engaging Tools,Low,9.91,EA,S011,P022,N,2020-05-02,Y
PT02130,7X-8059,RECOIL SPRING,Undercarriage,High,"$1,932.80",EA,S003,P039,N,2016-07-23,Y
PT01440,3E-5996,STARTER MOTOR,Electrical,High,712.95,EA,S001,P036,N,2024-09-11,Y
PT90575,4379072,ADAPTER,Ground Engaging Tools,Medium,79.99,EA,S001,P083,N,2017-04-14,Y
PT00809,408-7069,SEAL KIT,Hydraulics,Medium,66.64,EA,S023,P119,Y,2025-01-21,Y
PT04351,230-0067,TIRE 29.5R25,Tires,High,14764.86,EA,S002,P054,N,2020-10-11,Y
PT01605,136-7282,BATTERY,Electrical,Medium,248.54,EA,S015,P065,N,2015-12-13,Y
PT00125,1E-3904,TRACK ROLLER,Undercarriage,High,597.75,EA,S002,P112,N,2022-08-22,Y
PT90618,2336055,HYDRAULIC HOSE ASSEMBLY,Hydraulics,High,181.96,EA,S003,P008,Y,2020-10-26,Y
PT00469,519-6194,END BIT,Ground Engaging Tools,,169.55,EA,S026,P071,N,2025-03-30,Y
PT00191,178-2869,IDLER GROUP,Undercarriage,High,3173.24,EA,S010,P131,N,20180522,Y
PT00583,7K-6322,HYDRAULIC HOSE ASSEMBLY,Hydraulics,High,160.36,EA,S003,P121,N,2019-10-31,Y
PT04103,1X-4789,HEX BOLT,Hardware,Low,3.73,EA,S001,P052,N,2020-10-04,Y
PT03263,9A-1987,FUEL TRANSFER PUMP,Engine,High,483.32,EA,S001,P006,N,2015-01-06,Y
PT00306,4G-0469,SPROCKET SEGMENT,Undercarriage,High,409.32,EA,S001,P031,N,2025-01-14,Y
PT00091,6m-6654,TRACK ROLLER,Undercarriage,High,331.08,EA,S003,P117,N,2016-05-17,Y
PT02271,1F-9603,RIPPER TIP,Ground Engaging Tools,Medium,60.39,EA,S002,P008,N,2024-08-13,Y
PT04187,2H-7584,WASHER HARD,Hardware,Low,1.27,EA,S002,P132,N,2022-01-11,Y
PT02425,6U-8135,SIDE CUTTER,Ground Engaging Tools,Medium,170.67,EA,S001,P041,N,2018-08-28,Y
PT03816,9Y-3987,SEAT ASSEMBLY,Cab,Low,1920.27,EA,S030,P055,N,2018-01-09,Y
PT02774,334-6052,TRANSMISSION CLUTCH DISC,Power Train,Medium,150.46,EA,S003,P107,N,2021-02-01,Y
PT03531,503-2456,RELAY,Electrical,Low,17.79,EA,S003,P066,N,2024-08-10,Y
PT00556,437-7715,ADAPTER,,Medium,130.88,EA,S026,P096,N,2019-08-24,Y
PT03821,4Y-6574,SEAT ASSEMBLY,Cab,,662.67,EA,S002,P024,N,05-Oct-21,Y
PT00422,123-9229,END BIT,Ground Engaging Tools,Medium,175.64,EA,S003,P094,N,2015-01-17,Y
PT00790,114-4501,SEAL KIT,Hydraulics,Medium,134.44,EA,S001,P080,Y,2020-02-06,Y
PT03451,07B-4017,MONITOR DISPLAY,Electrical,Medium,1095.64,EA,S015,P017,N,2024-03-26,Y
PT02153,522-8677,RECOIL SPRING,Undercarriage,High,1140.47,EA,S001,P053,N,20180312,Y
PT03457,2B-9508,MONITOR DISPLAY,Electrical,Medium,0,EA,S002,P028,N,2017-02-15,Y
PT02062,113-9502,Carrier  Roller,Undercarriage,High,453.94,EA,S009,P107,N,2020-03-23,Y
PT04375,2302947,TIRE 12-16.5,Tires,Medium,,EA,S027,P055,N,2020-12-13,Y
PT03980,337-2544,O-RING SEAL,Hardware,Low,2.98,EA,S016,P049,N,2021-02-26,Y
PT04372,197-4575,TIRE 12-16.5,Tires,Medium,495.8,EA,S003,P041,N,2020-05-24,Y
PT00428,3B-2466,END BIT,Ground Engaging Tools,Medium,172.98,EA,S011,P111,N,2019-05-26,Y
PT00391,9H-5308,CUTTING EDGE,Ground Engaging Tools,Medium,286.98,EA,S002,P026,N,2017-08-20,Y
PT02935,8H-2205,BRAKE DISC,Power Train,Medium,310.26,EA,S001,P030,N,2018-09-03,Y
PT02746,2F-9150,TORQUE CONVERTER,Power Train,High,6471.21,EA,S002,P101,N,20161027,Y
PT03031,343-3158,PISTON KIT,Engine,High,1300.19,EA,S002,P025,Y,2022-05-21,Y
PT00855,507-3867,SEAL KIT,Hydraulics,Medium,60.64,EA,S031,P079,N,2019-07-08,Y
PT01099,490-0852,TURBOCHARGER,Engine,High,4664.65,EA,S003,P058,Y,2020-03-03,Y
PT02768,3D-0022,TORQUE CONVERTER,Power Train,High,5970.95,EA,S025,P079,N,2018-10-11,Y
PT00001,1R0750,FUEL FILTER,Filters,High,38.0,EA,S003,P043,N,2018-10-27,Y
PT00264,365-3691,SPROCKET SEGMENT,Undercarriage,High,466.92,EA,S002,P072,N,2023-10-21,Y
PT00715,6Y-3609,HYDRAULIC PUMP,Hydraulics,High,4680.99,EA,S003,P090,Y,2017-04-27,Y
PT00330,5J-4191,TRACK LINK ASSEMBLY,Undercarriage,High,8580.03,EA,S002,P106,N,2017-03-24,Y
PT03976,437-2858,O-RING SEAL,Hardware,Low,2.36,EA,S002,P007,N,2017-09-14,Y
PT03524,3F-5694,RELAY,Electrical,Low,34.68,EA,S029,P006,Y,2018-11-27,Y
PT90146,07R6010,TRACK ROLLER,Undercarriage,High,507.2,EA,S001,P098,N,2022-07-18,Y
PT01003,377-8276,WATER PUMP,Engine,High,575.56,EA,S003,P045,N,2020-09-20,Y
PT02254,3I-3642,RIPPER TIP,Ground Engaging Tools,Medium,57.47,EA,S011,P073,N,2022-07-17,Y
PT01013,3K-0912,WATER PUMP,Engine,High,923.73,EA,S001,P119,N,2021-12-08,Y
PT03464,2D-0827,RELAY,Electrical,Low,16.89,EA,S003,P128,Y,2018-01-01,Y
PT02557,7V-5916,SWING MOTOR,Hydraulics,High,7721.63,EA,S002,P049,N,2024-05-09,Y
PT01847,544-0866,RADIATOR,Cooling,High,4302.74,EA,S002,P125,N,2015-06-12,Y
PT01359,7E-6164,ALTERNATOR,Electrical,Medium,,EA,S034,P104,N,2021-08-23,Y
PT01521,322-6208,WIRING HARNESS,Electrical,Medium,554.5,EA,S034,P089,Y,2019-05-21,Y
PT01822,8A-1099,RADIATOR,Cooling,High,4193.81,EA,S001,P073,N,2017-10-14,Y
PT01654, 371-8961,CAB AIR FILTER,Filters,Low,32.07,EA,S006,P047,N,2018-07-02,Y
PT01667,6F-3055,CAB AIR FILTER,Filters,Low,40.98,EA,S006,P029,N,2024-04-08,Y
PT01323,6S-9550,V-BELT,Engine,Low,40.54,PC,S001,P046,N,2016-02-27,Y
PT03020,522-5647,PISTON KIT,Engine,High,580.03,EA,S001,P036,N,02/15/20,Y
PT04002,8F-8562,O-RING SEAL,Hardware,Low,2.85,EA,S001,P039,N,2022-05-01,Y
PT03636,324-8008,FAN BLADE,Cooling,Medium,321.32,EA,S003,P003,N,2019-09-06,Y
PT01246,197-9969,V-BELT,Engine,Low,44.51,EA,S003,P105,Y,2021-01-12,Y
PT03858,5J-1517,WINDOW GLASS,Cab,Low,315.86,EA,S003,P078,N,2023-12-11,Y
PT92519,4781355,CONTROL VALVE,Hydraulics,High,4677.23,EA,S002,P045,N,2015-05-10,Y
PT00982,7V-2188,WATER PUMP,Engine,High,658.0,EA,S002,P117,Y,2022-09-25,Y
PT01702,5X-1136,CAB AIR FILTER,Filters,Low,47.22,EA,S001,P025,N,2016-07-20,Y
PT04087,116-5284,HEX BOLT,Hardware,Low,5.9,EA,S003,P003,N,2020-09-15,Y
PT01427,8P-3860,STARTER MOTOR,Electrical,High,1179.1,EA,S029,P051,N,2021-03-14,Y
PT02928,5I-2440,BRAKE DISC,Power Train,Medium,560.61,EA,S001,P047,N,20201010,Y
PT03069,181-4566,PISTON KIT,Engine,High,1006.19,EA,S001,P111,N,2023-02-12,Y
PT02628,6X-7362,SWING MOTOR,Hydraulics,High,10602.84,EA,S003,P054,Y,2023-07-24,Y
PT03420,3M-2706,MONITOR DISPLAY,Electrical,Medium,1814.73,EA,S001,P120,N,2019-05-30,Y
PT00804,8L 6933,SEAL KIT,Hydraulics,Medium,109.72,EA,S002,P065,N,2017-05-30,Y
PT01175,7I-5482,GASKET KIT,Engine,Medium,139.01,EA,CAT,P045,N,2018-10-06,Y
PT03642,327-4922,FAN BLADE,Cooling,Medium,459.44,EA,S001,P076,N,2021-11-02,Y
PT01026,126-3183,WATER PUMP,Engine,High,778.35,EA,S001,P005,N,2017-11-07,Y
PT03441,2Y-3304,MONITOR DISPLAY,Electrical,Medium,1834.12,EA,S029,P096,Y,2022-09-20,Y
PT01698,4Y-6992,CAB AIR FILTER,Filters,Low,74.67,EA,S001,P069,N,2020-01-05,Y
PT01438,216-7829,STARTER MOTOR,Electrical,High,856.63,EA,S034,P064,N,2022-04-01,Y
PT01509,304-9122,WIRING HARNESS,Electrical,Medium,559.6,EA,S001,P092,Y,2022-10-16,Y
PT02015,8G-0421,TRACK BUSHING,Undercarriage,Medium,66.85,EA,S003,P001,N,01-Feb-20,Y
PT03973,1U 6513,O-RING SEAL,Hardware,Low,2.27,EA,S016,P003,N,2024-03-29,Y
PT00159,481-3644,TRACK ROLLER,Undercarriage,High,743.58,EA,S003,P074,N,2024-12-10,Y
PT03495,6B-2100,RELAY,Electrical,Low,37.16,EA,S001,P011,Y,2016-10-06,Y
PT03846,3I-2568,WINDOW GLASS,Cab,Low,,EA,S001,P119,N,2023-04-14,Y
PT00526,2K-8811,ADAPTER,Ground Engaging Tools,Medium,162.06,EA,S002,P013,N,2016-08-06,Y
PT01322,3T-4006,V-BELT,Engine,Low,23.16,EA,S003,P090,Y,2018-02-18,Y
PT02831,8E-4647,AXLE SEAL,Power Train,Medium,132.42,EA,S003,P105,N,2023-06-17,Y
PT02784,125-4093,TRANSMISSION CLUTCH DISC,Power Train,Medium,239.62,EA,S002,P053,N,2015-03-15,Y
PT03251,190-3152,Fuel  Transfer Pump,Engine,High,691.72,EA,S002,P067,N,2019-03-24,Y
PT01816,5X-6734,RADIATOR,Cooling,High,1541.85,EA,S035,P028,N,2018-04-06,Y
PT90405,2466524,CUTTING EDGE,Ground Engaging Tools,Medium,477.56,EA,S002,P088,N,2022-01-29,Y
PT00980,5B-8318,WATER PUMP,Engine,High,583.23,EA,S001,P081,Y,2018-05-15,Y
PT02295,1377034,RIPPER TIP,Ground Engaging Tools,Medium,58.9,EA,S003,P041,N,2017-05-03,Y
PT03613,4L-9849,FAN BLADE,Cooling,Medium,$249.67,EA,S002,P109,N,2019-03-01,Y
PT04148,241-7216,WASHER HARD,Hardware,Low,1.4,EA,S002,P125,N,2017-09-23,Y
PT02550,121-3992,CONTROL VALVE,Hydraulics,High,2790.33,EA,S002,P087,Y,2023-09-13,Y
PT03711,3J-4545,FAN BLADE,Cooling,Medium,178.65,EA,S035,P091,N,2022-10-30,Y
PT00815,1883527,SEAL KIT,Hydraulics,Medium,70.24,EA,S002,P005,Y,2024-09-26,Y
PT03093,2I-3925,PISTON KIT,Engine,High,699.68,EA,CAT,P049,Y,2024-10-29,Y
PT04191,0184-5119,WASHER HARD,Hardware,Low,1.68,EA,S016,P035,N,2024-10-23,Y
PT00955,442-0504,WATER PUMP,Engine,High,410.18,EA,S003,P056,N,2021-09-26,Y
PT03386,1N-6893,ECM CONTROLLER,Electrical,High,3857.51,EA,S003,P083,Y,2021-09-28,Y
PT00237,177 2805,IDLER GROUP,Undercarriage,High,1659.84,EA,S010,P032,N,2017-07-20,Y
PT03497,560-0531,RELAY,Electrical,Low,35.08,EA,S001,P072,N,2020-12-04,Y
PT03875,1X 8356,WINDOW GLASS,Cab,Low,299.77,EA,S003,P017,N,2016-02-24,Y
PT03588,151-9491,WORK LIGHT LED,Electrical,Low,243.85,EA,S029,P116,N,2016-05-03,Y
PT01374,371-9104,ALTERNATOR,Electrical,Medium,612.19,EA,S002,P062,N,2021-08-13,Y
PT03867,527-2828,WINDOW GLASS,Cab,Low,480.99,EA,S003,P117,N,2024-02-28,Y
PT04397,345-0195,TIRE 12-16.5,Tires,Medium,569.85,EA,S027,P068,N,2025-05-14,Y
PT00881,317-3355,HYDRAULIC CYLINDER,Hydraulics,High,,EA,S003,P129,Y,2023-11-13,Y
PT00156,1U-5160,TRACK ROLLER,Undercarriage,High,$662.19,EA,S003,P065,N,2016-09-23,Y
PT02846,259-7660,AXLE SEAL,Power Train,Medium,124.43,EA,S002,P096,N,2018-01-24,Y
PT01223,337-7645,GASKET KIT,Engine,Medium,120.0,EA,S002,P009,Y,2021-05-03,Y
PT02170,176-0999,RECOIL SPRING,Undercarriage,High,1234.62,EA,S003,P101,N,2016-10-27,Y
PT01686,3I-7396,CAB AIR FILTER,Filters,Low,38.78,EA,S001,P085,N,2018-06-09,Y
PT02709,6N-2411,TRAVEL MOTOR,Power Train,High,13554.02,EA,S002,P107,N,2015-10-02,Y
PT01872,340-0835,THERMOSTAT,Cooling,Medium,75.76,EA,S002,P061,N,2022-10-03,Y
PT04242,8W-0289,WASHER HARD,Hardware,Low,1.07,ea,S002,P045,N,04/03/2018,Y
PT03107,9F-2009,PISTON KIT,Engine,High,761.94,EA,S003,P075,N,2024-03-04,Y
PT02413,2F-3315,SIDE CUTTER,Ground Engaging Tools,,189.6,EA,S026,P116,N,2022-03-01,Y
PT02405,9E-1981,SIDE CUTTER,Ground Engaging Tools,Medium,272.42,EA,S001,P096,N,2018-02-04,Y
PT00114,224-7835,TRACK ROLLER,Undercarriage,High,679.17,EA,S003,P105,N,2017-05-12,Y
PT02102,7S-3797,CARRIER ROLLER,Undercarriage,High,472.0,EA,S009,P112,N,2019-02-28,Y
PT03180,264-5078,CRANKSHAFT BEARING,Engine,Medium,120.55,EA,S003,P080,N,2016-04-26,Y
PT03659,6R-8691,FAN BLADE,Cooling,Medium,448.83,EA,S035,P099,N,2016-03-22,Y
PT02047,554-4079,CARRIER ROLLER,Undercarriage,High,352.23,EA,S002,P022,N,2022-11-13,Y
PT00884,443-1675,HYDRAULIC CYLINDER,Hydraulics,High,3568.34,EA,S001,P017,N,20190711,Y
PT01024,544-8023,WATER PUMP,Engine,High,598.83,EA,S002,P097,Y,2023-07-26,Y
PT04248,3D-4766,TIRE 29.5R25,Tires,High,6178.48,EA,S028,P043,N,2017-02-21,Y
PT02446,510-2969,SIDE CUTTER,Ground Engaging Tools,Medium,317.94,EA,S001,P095,N,2017-01-28,Y
PT03190,2E-9879,FUEL TRANSFER PUMP,Engine,High,737.03,EA,S003,P115,N,2021-05-16,Y
PT01313,157-6937,V-BELT,,Low,36.0,EA,S003,P090,Y,2017-12-23,Y
PT94069,4844883,O-RING SEAL,Hardware,Low,2.36,EA,S003,P030,N,2016-01-22,Y
PT02913,260-6889,BRAKE DISC,Power Train,Medium,536.22,EA,S025,P125,N,2017-12-27,Y
PT00414,7X-9022,END BIT,Ground Engaging Tools,Medium,121.66,EA,S001,P100,N,2016-07-18,Y
PT01087,408-5371,TURBOCHARGER,Engine,High,2936.17,EA,S001,P010,Y,2023-11-13,Y
PT03567,7D-9297,WORK LIGHT LED,Electrical,Low,249.59,EA,S034,P048,N,2016-06-15,Y
PT03106,3C-2638,PISTON KIT,Engine,High,595.63,EA,S003,P032,N,2022-01-14,Y
PT02262,320-9549,RIPPER TIP,Ground Engaging Tools,Medium,44.82,EA,S001,P005,N,2022-07-31,Y
PT03115,5L-7211,PISTON KIT,Engine,High,1079.12,EA,S001,P130,N,2021-08-26,Y
PT02487,271-9742,CONTROL VALVE,Hydraulics,High,3259.05,EA,S031,P098,N,2015-10-20,Y
PT00384,5M-7115,CUTTING EDGE,Ground Engaging Tools,Medium,453.72,EA,S026,P078,N,2017-06-30,Y
PT02604,3J-3053,SWING MOTOR,Hydraulics,High,11334.86,EA,S023,P102,N,2021-05-04,Y
PT02678,7K-7750,TRAVEL MOTOR,Power Train,High,15496.15,EA,S025,P126,N,2015-11-17,Y
PT04399,2H-1828,Tire  12-16.5,Tires,Medium,354.91,EA,S002,P094,N,2017-08-27,Y
PT03962,217-5442,O-RING SEAL,Hardware,Low,3.51,EA,S001,P068,N,2016-12-26,Y
PT02113,7N-9438,CARRIER ROLLER,Undercarriage,High,378.16,EA,S009,P092,N,2017-10-30,Y
PT00337,4C-2195,TRACK LINK ASSEMBLY,Undercarriage,High,8579.06,EA,S010,P090,N,2022-08-09,Y
PT00289,6T-6034,SPROCKET SEGMENT,Undercarriage,High,443.59,EA,S001,P074,N,2025-01-01,Y
PT00802,333-3273,SEAL KIT,Hydraulics,Medium,67.27,EA,S001,P027,N,2015-01-31,Y
PT03682,7L-7258,FAN BLADE,Cooling,Medium,187.28,EA,S035,P020,N,2024-05-06,Y
PT02344,239-6086,BUCKET TOOTH RETAINER,Ground Engaging Tools,Low,10.21,EA,S003,P001,N,2017-12-12,Y
PT00567,354-1372,ADAPTER,Ground Engaging Tools,Medium,66.48,each,S002,P001,N,2019-11-10,Y
PT03339,6H-5002,ECM CONTROLLER,Electrical,High,2970.6,EA,S029,P005,Y,2022-09-22,Y
PT03175,4X-5382,CRANKSHAFT BEARING,Engine,Medium,137.1,EA,S002,P129,Y,2018-04-05,Y
PT02684,358-0537,TRAVEL MOTOR,Power Train,High,15041.72,EA,S003,P115,N,2019-09-23,Y
PT02985,533-4164,Cylinder  Head,Engine,High,2453.99,EA,S003,P033,Y,2019-02-20,Y
PT94127,3421694,HEX BOLT,Hardware,Low,4.7,EA,S016,P066,N,2023-06-30,Y
PT00326,324-6154,TRACK LINK ASSEMBLY,Undercarriage,High,8429.04,EA,S002,P068,N,2020-01-10,Y
PT00081,4D-9412,TRACK SHOE,Undercarriage,High,248.24,EA,S003,P079,N,2015-03-23,Y
PT04353,267-6518,TIRE 29.5R25,Tires,High,12049.9,EA,S002,P064,N,2022-04-19,Y
PT01166,598-4404,GASKET KIT,Engine,Medium,236.94,EA,S002,P016,N,2020-11-09,Y
PT02919,8P-8246,BRAKE DISC,Power Train,Medium,$527.82,EA,S025,P048,N,2017-10-25,Y
PT00017,186-1200,TRACK SHOE,Undercarriage,High,215.21,EA,S009,P074,N,2025-04-24,Y
PT01355,7C-3579,ALTERNATOR,Electrical,Medium,746.2,EA,S029,P001,N,07/26/24,Y
PT03513,2C 3589,RELAY,Electrical,Low,18.67,EA,S001,P036,Y,2015-08-14,Y
PT01536,129-5604,SENSOR SPEED,Electrical,Medium,133.69,EA,S002,P086,Y,10/09/2022,Y
PT00132,3M-0943,Track  Roller,Undercarriage,High,713.08,EA,S009,P108,N,2018-03-25,Y
PT03569,5G-4194,WORK LIGHT LED,Electrical,Low,267.92,EA,S002,P057,Y,2024-01-27,Y
PT83043,504-0485,PISTON KIT (SUPERSEDED),Engine,High,653.05,EA,S003,P047,Y,2020-11-02,Y
PT02565,405-7699,SWING MOTOR,Hydraulics,High,10175.14,EA,S002,P098,N,2018-02-26,Y
PT03463,540-4097,RELAY,Electrical,Low,18.53,EA,S034,P085,N,2020-12-18,Y
PT04000,7R3389,O-RING SEAL,Hardware,Low,1.97,EA,S016,P092,N,2024-10-28,Y
PT00956,513-6026,WATER PUMP,Engine,High,316.57,EA,S003,P045,N,2019-06-01,Y
PT02972,9C-9599,CYLINDER HEAD,Engine,High,5551.07,EA,S001,P089,N,2018-10-29,Y
PT01600,1B-4602,BATTERY,Electrical,Medium,237.08,EA,S001,P114,N,2020-01-06,Y
PT01869,7P-2484,THERMOSTAT,Cooling,Medium,66.13,EA,S001,P076,N,2024-03-27,Y
PT03584,7M-7810,WORK LIGHT LED,Electrical,Low,200.58,EA,S001,P113,N,2016-11-01,Y
PT00778,4U0748,SEAL KIT,Hydraulics,Medium,107.72,EA,S022,P083,N,2016-07-31,Y
PT03565,538-5767,WORK LIGHT LED,Electrical,Low,203.14,EA,S003,P112,N,2019-05-10,Y
PT01400,7N-2156,ALTERNATOR,Electrical,Medium,1006.09,EA,S003,P126,N,2023-01-04,Y
PT00344,373-6759,TRACK LINK ASSEMBLY,Undercarriage,High,4185.98,EA,S001,P062,N,2022-07-22,Y
PT00183,561-5220,TRACK ROLLER,Undercarriage,High,621.16,EA,S003,P018,N,2016-07-05,Y
PT03932,2S-7064,MIRROR,Cab,Low,120.42,EA,S036,P110,N,2022-01-26,Y
PT02360,7G-5447,BUCKET TOOTH RETAINER,Ground Engaging Tools,Low,6.2,EA,S001,P053,N,2024-07-21,Y
PT00413,08C-6717,END BIT,Ground Engaging Tools,Medium,159.85,EA,S003,P056,N,2017-08-27,Y
PT90740,1352278,HYDRAULIC PUMP,,,8896.29,EA,S002,P006,Y,2016-01-21,Y
PT01901,6V-3643,TRACK PIN,Undercarriage,Medium,102.84,EA,S009,P042,N,2016-04-25,Y
PT01156,104-9119,GASKET KIT,Engine,Medium,145.12,EA,S003,P089,N,2022-01-20,Y
PT00083,168-7593,Track  Roller,Undercarriage,High,$427.80,EA,S003,P066,N,2025-01-22,Y
PT01041,8M-7630,WATER PUMP,Engine,High,574.01,EA,S003,P090,Y,2021-01-18,Y
PT01949,9J-2877,TRACK PIN,Undercarriage,Medium,80.87,EA,S010,P106,N,2023-09-24,Y
PT04341,1W-7922,Tire  29.5R25,Tires,High,11805.03,EA,S003,P089,N,2024-02-28,Y
PT00027,487-9966,Track  Shoe,Undercarriage,High,123.4,EA,S001,P009,N,2021-12-20,Y
PT02410,7U-2721,SIDE CUTTER,Ground Engaging Tools,Medium,292.89,EA,S011,P005,N,2017-06-02,Y
PT00832,157-7001,SEAL KIT,Hydraulics,Medium,57.71,EA,S003,P027,N,2019-01-30,Y
PT00255,2S-2192,IDLER GROUP,Undercarriage,High,2999.29,EA,S002,P093,N,2020-02-14,Y
PT01813,103-8187,RADIATOR,Cooling,High,2875.45,EA,S003,P063,N,2023-01-23,Y
PT02227,6M-7556,RIPPER SHANK,Ground Engaging Tools,Medium,761.28,EA,S003,P013,N,2023-10-22,Y
PT00452,271-3568,END BIT,Ground Engaging Tools,Medium,139.69,EA,S003,P068,N,2015-11-22,Y
PT01106,145-1635,TURBOCHARGER,Engine,High,4850.09,EA,S001,P002,Y,2024-05-31,Y
PT02268,4G-3550,RIPPER TIP,Ground Engaging Tools,Medium,62.84,EA,S001,P013,N,2021-06-08,Y
PT00564,2T-5828,ADAPTER,Ground Engaging Tools,Medium,123.78,EA,S002,P093,N,2023-05-14,Y
PT92820,8C3976,TRANSMISSION CLUTCH DISC,Power Train,Medium,,EA,S002,P114,N,2022-07-10,Y
PT00995,330-9650,WATER PUMP,Engine,High,648.27,EA,S002,P063,N,2022-02-28,Y
PT01940,8T-3047,TRACK PIN,Undercarriage,Medium,82.49,EA,S001,P120,N,2021-07-26,Y
PT01752,381-9338,TRANSMISSION FILTER,Filters,Medium,102.93,EA,S001,P132,N,2022-08-04,Y
PT00799,5l-5856,SEAL KIT,Hydraulics,Medium,73.14,EA,CAT,P102,N,2024-08-06,Y
PT03818,598-9616,SEAT ASSEMBLY,Cab,Low,1643.21,EA,S001,P008,N,2018-03-07,Y
PT03385,518-1163,ECM CONTROLLER,Electrical,High,4433.26,EA,S015,P017,N,2015-06-22,Y
PT00018,1H-6865,TRACK SHOE,Undercarriage,High,126.61,EA,CAT,P012,N,2020-05-07,Y
PT01032,163-7315,WATER PUMP,Engine,High,500.11,EA,S003,P054,N,2023-05-14,Y
PT02669,0470-5145,FINAL DRIVE,Power Train,High,10661.58,EA,S003,P046,N,2016-03-09,Y
PT01932,115-5178,TRACK PIN,Undercarriage,Medium,114.49,Ea.,S002,P043,N,2016-08-28,Y
PT02160,1U-8435,RECOIL SPRING,Undercarriage,High,1322.24,EA,S002,P119,N,2022-02-13,Y
PT00879,435-4729,HYDRAULIC CYLINDER,Hydraulics,High,4762.24,EA,S001,P004,N,2023-09-17,Y
PT02586,566-5400,SWING MOTOR,Hydraulics,High,10766.09,EA,S002,P093,N,2024-06-03,Y
PT80551,292-4746,ADAPTER (SUPERSEDED),Ground Engaging Tools,Medium,107.28,EA,S003,P114,N,2015-08-29,Y
PT01194,555-7166,GASKET KIT,Engine,Medium,189.03,EA,S002,P067,N,2022-12-14,Y
PT02726,8J-8694,TORQUE CONVERTER,Power Train,High,12619.17,EA,S003,P043,N,2023-06-21,Y
PT04057,587-7856,O-RING SEAL,Hardware,Low,2.59,EA,S016,P004,N,2018-06-16,Y
PT01783,258-3573,TRANSMISSION FILTER,Filters,Medium,103.77,EA,S006,P001,N,2015-11-12,Y
PT00084,8J-5270,TRACK ROLLER,,High,381.93,EA,S003,P040,N,2022-03-24,Y
PT03063,9Y-5896,PISTON KIT,Engine,,966.79,EA,S003,P052,N,2016-06-04,Y
PT02364,08W-2442,BUCKET TOOTH RETAINER,Ground Engaging Tools,Low,5.86,EA,S001,P124,N,2018-11-16,Y
PT01683,8P-3725,CAB AIR FILTER,Filters,Low,61.56,EA,S021,P001,N,2019-01-16,Y
PT03631,460-9153,FAN BLADE,Cooling,Medium,328.43,EA,S002,P086,N,2023-09-19,Y
PT04406,9D-1568,TIRE 12-16.5,Tires,Medium,277.76,EA,S001,P116,N,2015-10-26,Y
PT91324,1H5552,V-BELT,Engine,Low,43.95,PC,S003,P049,Y,2022-04-06,Y
PT03057,439 5307,PISTON KIT,Engine,High,1322.85,EA,S001,P133,N,2023-10-25,Y
PT02697,8M-9914,TRAVEL MOTOR,Power Train,High,11106.73,EA,S001,P035,N,2024-02-23,Y
PT01151,5P-9230,GASKET KIT,Engine,Medium,236.37,EA,S001,P098,N,2022-01-29,Y
PT02647,9V-1268,FINAL DRIVE,Power Train,High,21518.21,EA,S025,P112,N,2018-10-12,Y
PT01561,267-2302,SENSOR SPEED,Electrical,Medium,163.57,EA,S034,P082,Y,2020-09-08,Y
PT00960,510-9436,WATER PUMP,Engine,High,$489.84,EA,S001,P105,N,2019-12-06,Y
PT03140,331-9369,CRANKSHAFT BEARING,Engine,Medium,157.29,EA,S003,P062,N,2020-05-16,Y
PT03724,6I-1081,FAN BLADE,Cooling,,209.26,EA,S001,P116,N,2024-10-06,Y
PT02886,122-6739,AXLE SEAL,Power Train,Medium,87.84,EA,S003,P102,N,2016-07-06,Y
PT91622,4702494,BATTERY,Electrical,Medium,360.13,EA,S002,P088,Y,2017-07-01,Y
PT00697,6I-3415,HYDRAULIC PUMP,Hydraulics,High,10803.04,EA,S002,P113,Y,2015-01-31,Y
PT01523,351-1654,WIRING HARNESS,Electrical,Medium,315.36,EA,S002,P006,N,2015-04-19,Y
PT04295,185-3166,TIRE 29.5R25,Tires,High,9876.19,EA,S001,P105,N,2017-04-05,Y
PT04211,2U-4798,WASHER HARD,Hardware,Low,1.51,EA,S001,P125,N,10/02/22,Y
PT02134,2S-7679,RECOIL SPRING,Undercarriage,High,2627.61,EA,S001,P078,N,2019-12-13,Y
PT02004,422-6336,TRACK BUSHING,Undercarriage,Medium,41.84,EA,S001,P048,N,2021-05-10,Y
PT04034,454-6039,O-RING SEAL,Hardware,Low,2.07,EA,S003,P047,N,2020-12-11,Y
PT00626,451-3499,HYDRAULIC HOSE ASSEMBLY,Hydraulics,High,192.04,EA,S003,P026,N,2021-08-12,Y
PT00073,122-2117,TRACK SHOE,Undercarriage,High,265.88,EA,S001,P065,N,2022-08-30,Y
PT00200,455-5452,IDLER GROUP,Undercarriage,High,2807.41,EA,S001,P022,N,2024-06-08,Y
PT00969,295-7090,WATER PUMP,Engine,High,675.85,EA,S001,P066,N,2022-04-15,Y
PT01658,311-4289,CAB AIR FILTER,Filters,,63.73,EA,S001,P069,N,2020-10-26,Y
PT00716,2B-5715,HYDRAULIC PUMP,Hydraulics,High,9635.99,EA,S001,P103,N,2019-09-22,Y
PT00521,1M-2852,ADAPTER,Ground Engaging Tools,Medium,152.09,EA,S001,P115,N,2021-06-09,Y
PT02950,114-5416,CYLINDER HEAD,Engine,High,3322.73,EA,S003,P086,Y,2024-10-18,Y
PT04277,115-1484,TIRE 29.5R25,Tires,High,15807.88,EA,S028,P024,N,2025-03-02,Y
PT01971,463-2674,TRACK BUSHING,Undercarriage,Medium,85.05,EA,S002,P029,N,2018-12-11,Y
PT01051,6W-6924,WATER PUMP,Engine,High,540.05,EA,S002,P088,N,2016-10-06,Y
PT02395,247-9557,BUCKET TOOTH RETAINER,Ground Engaging Tools,Low,9.85,EA,S001,P038,N,2018-05-27,Y
PT01994,554-8980,TRACK BUSHING,Undercarriage,Medium,84.15,EA,S003,P016,N,2017-12-12,Y
PT02375,531-3524,BUCKET TOOTH RETAINER,Ground Engaging Tools,Low,8.76,EA,S003,P133,N,2022-12-18,Y
PT03705,491-1705,FAN BLADE,Cooling,Medium,353.76,EA,S001,P025,N,2020-04-18,Y
PT03833,542-2751,SEAT ASSEMBLY,Cab,Low,1779.61,EA,S003,P098,N,2018-09-06,Y
PT91112,5K2501,TURBOCHARGER,Engine,High,1931.67,EA,S002,P052,N,2023-09-13,Y
PT01279,2S-1598,V-BELT,Engine,Low,43.59,EA,S003,P007,N,2021-02-19,Y
PT00380,7F-6057,CUTTING EDGE,Ground Engaging Tools,Medium,478.96,EA,S003,P035,N,2019-05-04,Y
PT01067,2I-2688,TURBOCHARGER,Engine,High,4180.82,EA,S003,P001,Y,2017-01-10,Y
PT01827,4u-1188,RADIATOR,Cooling,High,3573.02,EA,S001,P110,N,2015-08-06,Y
PT04312,8A-3146,TIRE 29.5R25,Tires,High,8597.5,EA,S099,P012,N,20181205,Y
PT01316,4G-6030,V-BELT,Engine,Low,35.12,EA,S003,P080,Y,2018-09-09,Y
PT80808,418-0971,SEAL KIT (SUPERSEDED),Hydraulics,Medium,83.15,EA,S003,P037,N,2015-09-25,Y
PT03618,8M-7048,Fan  Blade,Cooling,Medium,167.32,EA,S002,P035,N,2017-02-26,Y
PT00917,1R-1259,FUEL INJECTOR,Engine,,711.18,EA,S003,P125,Y,2017-10-19,Y
PT02763,1S-8799,TORQUE CONVERTER,Power Train,High,8023.77,EA,S025,P032,N,2016-12-29,Y
PT92649,9I5727,FINAL DRIVE,Power Train,High,16688.83,EA,S024,P022,N,2024-06-26,Y
PT02591,9S-8950,SWING MOTOR,Hydraulics,High,7754.38,EA,S003,P080,Y,2021-03-15,Y
PT01528,116-2206,WIRING HARNESS,Electrical,Medium,458.72,EA,S003,P074,N,2024-06-19,Y
PT02874,6U-4250,AXLE SEAL,Power Train,Medium,119.68,each,S002,P112,N,2021-07-19,Y
PT00630,576-5206,HYDRAULIC HOSE ASSEMBLY,Hydraulics,High,126.93,EA,S001,P114,N,2020-06-14,Y
PT03515,2S-2434,RELAY,Electrical,Low,23.05,EA,S034,P092,Y,2023-08-05,Y
PT01739,327-4527,TRANSMISSION FLTR,Filters,Medium,71.79,EA,S021,P085,N,2018-08-14,Y
PT04337,5D-1574,TIRE 29.5R25,Tires,,13577.75,EA,S003,P060,N,2016-11-13,Y
PT03368,9T-4903,ECM CONTROLLER,Electrical,High,2120.45,EA,S003,P068,Y,2016-07-20,Y
PT00628,8J-7505,HYDRAULIC HOSE ASSEMBLY,Hydraulics,High,118.04,EA,S001,P010,Y,2016-07-12,Y
PT00135,526-6444,TRACK ROLLER,Undercarriage,High,649.46,EA,S003,P121,N,2024-01-02,Y
PT04080,8L-6283,HEX BOLT,Hardware,,6.73,EA,S016,P117,N,2024-02-09,Y
PT02873,3H-0882,AXLE SEAL,Power Train,Medium,134.27,EA,S001,P014,N,2017-09-03,Y
PT02948,488-7541,CYLINDER HEAD,Engine,High,3607.4,EA,S002,P101,N,16-Mar-21,Y
PT02562,5L-9411,SWING MOTOR,Hydraulics,High,12529.78,EA,S002,P021,Y,2017-12-26,Y
PT00448,5V-1821,END BIT,Ground Engaging Tools,Medium,194.48,EA,S003,P079,N,2023-07-22,Y
PT00232,498-2403,IDLER GROUP,Undercarriage,High,3160.89,EA,S001,P077,N,2025-02-28,Y
PT01609,7B-0598,BATTERY,Electrical,Medium,196.06,each,S002,P078,N,2015-11-04,Y
PT03917,296-6109,MIRROR,Cab,Low,79.28,EA,S002,P116,N,2024-05-06,Y
PT02060,4G-7556,CARRIER ROLLER,Undercarriage,High,255.02,EA,S001,P108,N,2018-10-19,Y
PT00886,7G-6810,HYDRAULIC CYLINDER,Hydraulics,High,3108.68,EA,S001,P039,N,2015-02-14,Y
PT02672,2F-1363,TRAVEL MOTOR,Power Train,High,14086.41,EA,S002,P015,N,2017-06-11,Y
PT03782,2B-8501,COOLANT HOSE,,Low,73.72,EA,S035,P114,N,2021-01-24,Y
PT02048,6N-0455,CARRIER ROLLER,Undercarriage,High,664.92,EA,S002,P055,N,2017-09-22,Y
PT00334,2L-7900,TRACK LINK ASSEMBLY,Undercarriage,High,"$4,944.64",EA,S003,P018,N,2021-05-13,Y
PT02013,130-3350,TRACK BUSHING,Undercarriage,Medium,35.66,EA,S002,P017,N,2022-08-18,Y
PT04101,7N-0446,HEX BOLT,Hardware,Low,5.13,EA,S016,P093,N,2024-10-20,Y
PT01906,595-8115,TRACK PIN,Undercarriage,Medium,90.69,EA,S003,P030,N,2022-07-19,Y
PT01665,7P-1666,CAB AIR FILTER,Filters,Low,34.01,ea,S001,P017,N,2018-11-17,Y
PT01981,5X-7065,TRACK BUSHING,Undercarriage,Medium,65.96,EA,S009,P029,N,2017-06-03,Y
PT02881,8T-7300,AXLE SEAL,Power Train,Medium,116.44,EA,S003,P029,N,2015-09-19,Y
PT03398,5Y-8978,MONITOR DISPLAY,Electrical,Medium,1240.76,EA,S002,P061,Y,2025-03-06,Y
PT02622,3F-0859,SWING MOTOR,,High,6626.19,EA,S002,P119,N,2024-02-15,Y
PT04157,361-1593,WASHER HARD,Hardware,Low,1.18,EA,S003,P075,N,2022-08-13,Y
PT04219,197-1239,WASHER HARD,Hardware,Low,1.08,EA,S002,P029,N,2022-04-30,Y
PT03337,8P-0657,ECM CONTROLLER,Electrical,High,1962.28,EA,S002,P108,N,2018-10-04,Y
PT02994,448-9576,CYLINDER HEAD,,High,3730.65,EA,S001,P098,N,2018-05-08,Y
PT01149,6H-9176,GASKET KIT,Engine,Medium,128.35,EA,S003,P113,N,2024-02-03,Y
PT91495,8N1198,WIRING HARNESS,Electrical,Medium,438.84,EA,S003,P116,N,2016-03-29,Y
PT00044,5W-0344,TRACK SHOE,Undercarriage,High,250.58,EA,S002,P014,N,2019-05-07,Y
PT04130,233-8222,HEX BOLT,Hardware,Low,3.38,EA,S001,P033,N,2016-12-23,Y
PT03910,7D-3564,WINDOW GLASS,Cab,Low,589.43,EA,S036,P026,N,2016-12-31,Y
PT01572,9U-2033,SENSOR SPEED,Electrical,Medium,223.58,EA,S001,P004,Y,2021-08-28,Y
PT03293,182-5913,FUEL TRANSFER PUMP,Engine,High,349.68,EA,S002,P064,N,2022-02-09,Y
PT03742,165-9679,COOLANT HOSE,Cooling,Low,62.04,EA,S003,P001,N,2016-02-29,Y
PT03246,194-6176,FUEL TRANSFER PUMP,Engine,High,475.37,EA,S001,P118,N,2019-12-04,Y
PT03288,421-9304,FUEL TRANSFER PUMP,Engine,High,$616.42,EA,S001,P087,N,2024-08-19,Y
PT00335,3L-1520,TRACK LINK ASSEMBLY,Undercarriage,High,3834.21,EA,CAT,P100,N,2021-06-27,Y
PT04265,516-9404,TIRE 29.5R25,Tires,High,7680.18,EA,S027,P018,N,2021-01-24,Y
PT01361,1P-3905,ALTERNATOR,Electrical,Medium,1089.48,EA,S001,P093,N,2024-10-27,Y
PT01109,4J-5333,TURBOCHARGER,Engine,High,5178.08,EA,S001,P007,N,2024-07-08,Y
PT83590,541-3176,WORK LIGHT LED (SUPERSEDED),Electrical,Low,235.21,EA,S001,P112,Y,2018-06-27,Y
PT04095,9F-1966,HEX BOLT,Hardware,Low,5.25,EA,S003,P034,N,2025-05-03,Y
PT04193,5N-4284,WASHER HARD,Hardware,Low,1.61,EA,S099,P061,N,2024-11-23,Y
PT03491,352-0152,RELAY,Electrical,Low,33.99,EA,S003,P048,N,2018-05-14,Y
PT03808,8F-9573,SEAT ASSEMBLY,Cab,Low,1202.68,EA,S001,P028,N,2015-01-20,Y
PT01596,6R-6497,BATTERY,Electrical,Medium,186.84,EA,S029,P134,Y,2022-04-18,Y
PT00481,2H-6111,END BIT,Ground Engaging Tools,Medium,233.5,EA,S001,P088,N,2022-03-19,Y
PT02204,1H-9883,RIPPER SHANK,Ground Engaging Tools,Medium,1033.36,EA,S026,P110,N,2019-11-25,Y
PT01930,558-1017,TRACK PIN,Undercarriage,Medium,114.35,EA,S009,P009,N,2022-04-28,Y
PT03068,6G-7446,PISTON KIT,Engine,High,0,EA,S001,P074,N,2019-09-17,Y
PT00624,1J-1006,HYDRAULIC HOSE ASSEMBLY,Hydraulics,,111.16,EA,S003,P112,Y,2016-09-15,Y
PT03474,577-6882,RELAY,Electrical,Low,38.52,EA,S034,P116,N,2019-03-03,Y
PT91902,2829451,TRACK PIN,Undercarriage,Medium,71.14,EA,S002,P100,N,2023-01-30,Y
PT03759,9X-9594,COOLANT HOSE,Cooling,Low,60.76,EA,S001,P044,N,2020-05-16,Y
PT02688,495-6034,TRAVEL MOTOR,Power Train,High,14110.86,EA,S001,P097,N,2019-12-10,Y
PT03142,223-5376,CRANKSHAFT BEARING,Engine,Medium,96.8,EA,S003,P103,N,2023-10-15,Y
PT00155,2I-9809,TRACK ROLLER,Undercarriage,High,712.6,PC,S002,P111,N,2022-08-17,Y
PT03320,200-6280,ECM CONTROLLER,Electrical,High,3226.59,EA,S003,P080,N,2025-04-20,Y
PT03002,547-4716,CYLINDER HEAD,Engine,High,5527.33,EA,S002,P027,Y,2019-01-08,Y
PT01185,383-0799,Gasket  Kit,,Medium,205.0,EA,S002,P088,N,2024-07-12,Y
PT00933,119-1990,FUEL INJECTOR,Engine,High,918.69,EA,,P104,N,2016-05-10,Y
PT03050,6K-8867,PISTON KIT,Engine,High,784.45,EA,S002,P118,Y,2019-02-09,Y
PT01810,6H-0071,RADIATOR,Cooling,High,4138.01,EA,S003,P042,N,2015-04-03,Y
PT01556,3S-0196,SENSOR SPEED,Electrical,Medium,$140.58,EA,S001,P033,N,2020-03-24,Y
PT02569,447-9234,SWING MOTOR,Hydraulics,High,7669.18,EA,S023,P122,Y,2021-04-03,Y
PT01158,509-5435,GASKET KIT,Engine,Medium,168.96,EA,S002,P024,Y,2025-05-12,Y
PT02082,119-1996,CARRIER ROLLER,Undercarriage,High,346.63,EA,S002,P001,N,12/02/2017,Y
PT00787,235-3809,SEAL KIT,Hydraulics,Medium,119.19,EA,S031,P026,N,2015-05-24,Y
PT00806,317-0470,SEAL KIT,Hydraulics,Medium,91.23,EA,S002,P050,Y,2017-02-10,Y
PT03481,9I-8695,RELAY,Electrical,Low,39.24,EA,S003,P091,N,2017-09-21,Y
PT02456,9N-1029,SIDE CUTTER,,Medium,134.8,each,S002,P124,N,2017-11-30,Y
PT00392,5N-8987,CUTTING EDGE,Ground Engaging Tools,Medium,308.21,EA,S002,P052,N,2023-01-05,Y
PT03984,208-4107,O-RING SEAL,Hardware,Low,3.37,EA,S002,P087,N,2015-02-14,Y
PT02238,1V-3241,RIPPER SHANK,Ground Engaging Tools,Medium,1075.3,EA,S011,P076,N,2020-09-26,Y
PT00308,7Y-3066,TRACK LINK ASSEMBLY,Undercarriage,High,3847.43,EA,S009,P131,N,2023-09-09,Y
PT02300,547-8322,RIPPER TIP,Ground Engaging Tools,Medium,91.37,EA,S026,P011,N,2024-06-09,Y
PT00442,5C-1953,END BIT,Ground Engaging Tools,Medium,106.26,EA,S001,P104,N,2023-06-04,Y
PT01839,357-9496,RADIATOR,Cooling,High,2373.25,EA,S035,P048,N,2016-06-08,Y
PT04276,5A1892,TIRE 29.5R25,Tires,High,6255.87,EA,S002,P110,N,2018-12-05,Y
PT01922,1Y-5378,TRACK PIN,Undercarriage,Medium,114.08,EA,S001,P117,N,2020-02-17,Y
PT02625,570-4928,SWING MOTOR,Hydraulics,High,11006.42,EA,S001,P099,N,2022-07-22,Y
PT03667,242-7693,FAN BLADE,Cooling,Medium,$330.80,EA,S002,P050,N,2015-04-07,Y
PT01138,512-2204,TURBOCHARGER,Engine,High,2507.54,EA,S002,P026,Y,2024-12-09,Y
PT02121,7I-8427,CARRIER ROLLER,Undercarriage,High,504.35,EA,S001,P013,N,2020-01-29,Y
PT03141,356-7475,CRANKSHAFT BEARING,Engine,Medium,-138.24,EA,S003,P070,N,2021-09-29,Y
PT02952,272-4224,CYLINDER HEAD,Engine,High,2851.15,EA,S002,P109,N,2021-10-11,Y
PT01938,547-5769,TRACK PIN,Undercarriage,Medium,71.63,EA,S009,P108,N,2016-03-05,Y
PT00378,296 6623,CUTTING EDGE,Ground Engaging Tools,Medium,323.98,EA,S002,P064,N,2017-02-27,Y
PT02906,1H-1752,BRAKE DISC,Power Train,Medium,325.57,EA,S002,P102,N,2022-01-17,Y
PT04346,214 6080,TIRE 29.5R25,Tires,High,16937.32,EA,S028,P066,N,2019-06-19,Y
PT00687,5M-3972,HYDRAULIC PUMP,Hydraulics,High,11997.64,EA,S001,P111,N,2023-01-03,Y
PT01898,2D-1909,TRACK PIN,Undercarriage,Medium,46.06,EA,S009,P072,N,2020-10-04,Y
PT01963,424-5684,TRACK BUSHING,Undercarriage,Medium,86.68,EA,S003,P066,N,2015-10-17,Y
PT01303,4V-0334,V-BELT,Engine,Low,29.8,EA,S002,P097,Y,2020-01-15,Y
PT03777,313-7517,COOLANT HOSE,Cooling,Low,55.84,EA,S003,P126,N,2017-10-13,Y
PT03132,145-8912,PISTON KIT,Engine,High,1119.73,EA,S002,P086,Y,2016-02-20,Y
PT03150,553-8792,CRANKSHAFT BEARING,Engine,Medium,89.37,EA,S001,P095,N,2021-05-28,Y
PT02373,9P-1294,BUCKET TOOTH RETAINER,Ground Engaging Tools,Low,8.81,EA,S002,P026,N,2023-02-26,Y
PT02423,137-4042,SIDE CUTTER,Ground Engaging Tools,Medium,251.91,EA,S026,P076,N,2021-03-31,Y
PT02379,560-1346,BUCKET TOOTH RETAINER,Ground Engaging Tools,Low,5.45,EA,S001,P106,N,2017-11-11,Y
PT00753,160-9188,HYDRAULIC PUMP,Hydraulics,High,4207.93,EA,S031,P090,Y,2017-03-12,Y
PT03485,461-9567,RELAY,,Low,20.49,EA,S001,P036,Y,2016-01-17,Y
PT03119,387-5780,PISTON KIT,Engine,High,585.68,EA,S002,P042,N,2015-09-01,Y
PT81601,7P-9822,BATTERY (SUPERSEDED),Electrical,,201.68,EA,S002,P086,Y,2023-09-19,Y
PT03939,464-7793,MIRROR,Cab,Low,115.73,EA,S002,P103,N,2022-12-18,Y
PT01911,189-9566,TRACK PIN,Undercarriage,Medium,58.34,EA,S001,P009,N,2021-01-11,Y
PT02090, 463-4417,CARRIER ROLLER,Undercarriage,High,400.86,EA,S009,P056,N,2020-09-17,Y
PT01929,461-2167,TRACK PIN,Undercarriage,Medium,93.7,EA,S003,P015,N,2016-04-28,Y
PT01449,370-4471,STARTER MOTOR,Electrical,High,887.68,EA,S001,P074,N,2018-08-23,Y
PT02438,399-9891,SIDE CUTTER,Ground Engaging Tools,Medium,129.22,EA,S002,P044,N,05-Oct-22,Y
PT01678,465-4365,CAB AIR FILTER,Filters,Low,73.31,EA,S001,P026,N,2016-10-19,Y
PT00810,4V-9792,SEAL KIT,Hydraulics,Medium,75.24,EA,S031,P053,Y,2021-01-15,Y
PT02710,397-2623,TORQUE CONVERTER,Power Train,High,8960.99,EA,S003,P014,N,2019-03-19,Y
PT03859,575-9612,WINDOW GLASS,Cab,,545.6,EA,S003,P091,N,2015-12-26,Y
PT03434,5U-7014,MONITOR DISPLAY,Electrical,Medium,0,EA,S003,P124,N,2020-12-17,Y
PT80272,5C-5056,SPROCKET SEGMENT (SUPERSEDED),Undercarriage,High,432.98,EA,S001,P039,N,2019-01-05,Y
PT00824,5U-0397,SEAL KIT,Hydraulics,Medium,112.36,EA,S022,P024,N,2017-02-17,Y
PT00523,131-3918,ADAPTER,Ground Engaging Tools,Medium,170.63,EA,S003,P077,N,2024-03-01,Y
PT01785,443-1603,TRANSMISSION FILTER,,Medium,90.92,EA,S021,P117,N,2021-07-02,Y
PT01299,215 2651,V-BELT,Engine,Low,29.81,EA,S001,P050,Y,2023-10-04,Y
PT00959,272-6824,WATER PUMP,Engine,High,$929.57,EA,S002,P124,Y,2019-07-10,Y
PT04259,501-3394,TIRE 29.5R25,Tires,High,7671.3,EA,S028,P108,N,2016-06-18,Y
PT02698,409-1546,Travel  Motor,Power Train,High,11684.51,EA,S001,P055,N,2015-11-23,Y
PT04271,337-0513,TIRE 29.5R25,Tires,High,12734.63,EA,S002,P090,N,2015-11-26,Y
PT02868,6E-1966,AXLE SEAL,Power Train,Medium,58.2,EA,S099,P087,N,2017-01-18,Y
PT02690,5D-6645,TRAVEL MOTOR,Power Train,High,14947.77,EA,S001,P009,N,2024-09-02,Y
PT02067,3H-7669,CARRIER ROLLER,Undercarriage,High,380.78,EA,S001,P128,N,2022-11-10,Y
PT03291,4F-4346,FUEL TRANSFER PUMP,,High,646.86,EA,S001,P014,Y,22-Apr-19,Y
PT00972,2C-8876,WATER PUMP,Engine,High,800.24,EA,S003,P009,N,2022-11-09,Y
PT03034,567-6113,PISTON KIT,Engine,High,1035.72,EA,S001,P118,Y,2017-11-11,Y
PT01685,6L-1105,CAB AIR FILTER,Filters,Low,53.64,EA,S001,P011,N,2015-10-02,Y
PT00432,6J-9068,END BIT,Ground Engaging Tools,Medium,127.87,EA,S026,P034,N,2022-05-04,Y
PT03601,5M-2001,WORK LIGHT LED,Electrical,Low,287.71,EA,S003,P080,N,2021-06-06,Y
PT01978,5M-7540,TRACK BUSHING,Undercarriage,Medium,48.37,EA,S010,P005,N,2018-02-24,Y
PT04167,402-8209,WASHER HARD,Hardware,Low,1.76,EA,S016,P085,N,2018-09-25,Y
PT92258,3668944,RIPPER TIP,Ground Engaging Tools,Medium,39.24,EA,S002,P126,N,2019-02-12,Y
PT01546,7K-4447,SENSOR SPEED,Electrical,Medium,153.44,EA,S003,P027,Y,2020-02-20,Y
PT01909,03C-4618,TRACK PIN,Undercarriage,Medium,75.7,EA,S003,P068,N,2015-10-23,Y
PT01577,9D-1816,SENSOR SPEED,Electrical,Medium,242.57,EA,S001,P006,Y,2025-01-02,Y
PT03317,533-8964,ECM CONTROLLER,Electrical,High,4392.26,EA,S001,P100,N,2019-07-05,Y
PT00660,263 2101,HYDRAULIC PUMP,Hydraulics,High,9737.28,EA,S031,P121,Y,2015-05-08,Y
PT02597,7H-8188,SWING MOTOR,,High,9917.41,EA,S022,P032,N,2023-08-09,Y
PT04393,473-2066,TIRE 12-16.5,Tires,Medium,261.64,EA,S001,P041,N,2024-02-09,Y
PT01763,564-5379,TRANSMISSION FILTER,Filters,Medium,83.24,EA,S002,P004,N,2018-08-01,Y
PT00693,3R-2105,Hydraulic  Pump,Hydraulics,High,6447.2,EA,S003,P067,Y,2021-03-24,Y
PT00603,5K-1049,HYDRAULIC HOSE ASSEMBLY,Hydraulics,High,175.36,EA,S002,P061,N,2021-01-15,Y
PT01854,430-8453,RADIATOR,Cooling,High,4151.54,EA,S035,P078,N,2018-10-20,Y
PT01129,561-0732,TURBOCHARGER,Engine,High,2892.52,EA,S003,P104,N,2015-01-04,Y
PT01733,1Y-5014,TRANSMISSION FILTER,Filters,Medium,69.39,EA,S021,P009,N,2016-04-22,Y
PT00515,510-0149,ADAPTER,Ground Engaging Tools,Medium,117.59,EA,S011,P005,N,2016-02-17,Y
PT02339,2648560,BUCKET TOOTH RETAINER,Ground Engaging Tools,Low,9.63,EA,S003,P072,N,2023-03-31,Y
PT00749,6W-0216,HYDRAULIC PUMP,Hydraulics,High,4600.67,EA,S003,P121,Y,2025-03-03,Y
PT01749,9H-0300,TRANSMISSION FILTER,Filters,Medium,84.12,EA,S021,P130,N,2024-07-15,Y
PT02118,396-4662,CARRIER ROLLER,Undercarriage,High,545.89,EA,S003,P125,N,2022-02-20,Y
PT00932,3D-2985,FUEL INJECTOR,Engine,High,926.72,EA,S003,P036,Y,2021-08-05,Y
PT02038,196-1917,CARRIER ROLLER,Undercarriage,High,603.97,EA,S010,P061,N,2023-03-04,Y
PT03678,305-3680,FAN BLADE,Cooling,Medium,164.73,EA,S035,P039,N,2018-01-27,Y
PT01713,5G-7485,CAB AIR FILTER,Filters,Low,41.88,EA,S001,P031,N,2024-03-13,Y
PT04046,379-0804,O-RING SEAL,Hardware,Low,3.44,EA,S016,P131,N,2019-02-22,Y
PT00669,495-6533,HYDRAULIC PUMP,Hydraulics,High,7365.51,EA,S001,P054,N,2020-01-08,Y
PT02547,2S 5624,Control  Valve,Hydraulics,High,3450.72,EA,S003,P028,N,24-May-24,Y
PT04236,427-9914,WASHER HARD,Hardware,Low,0.76,EA,S001,P082,N,2015-08-20,Y
PT04092,6H-3312,HEX BOLT,Hardware,Low,4.18,EA,S016,P119,N,2015-09-06,Y
PT00208,204-5798,IDLER GROUP,Undercarriage,High,2858.01,EA,S009,P071,N,04/17/2024,Y
PT00286,331-2624,Sprocket  Segment,Undercarriage,High,-343.64,EA,S009,P100,N,2021-11-21,Y
PT03045,322-0049,PISTON KIT,Engine,High,1297.29,EA,S003,P049,N,2021-09-10,Y
PT00984,1U-5691,WATER PUMP,Engine,High,413.77,EA,S002,P024,N,2016-12-15,Y
PT01499,593-6921,WIRING HARNESS,Electrical,Medium,282.95,EA,S002,P039,N,2017-12-20,Y
PT94272,1961893,TIRE 29.5R25,Tires,High,10759.33,EA,S028,P067,N,2020-12-12,Y
PT02031,02F-8086,CARRIER ROLLER,Undercarriage,High,337.08,EA,,P070,N,2016-08-28,Y
PT04255,8J-8415,TIRE 29.5R25,Tires,High,15108.7,EA,S003,P029,N,2019-02-05,Y
PT03918,289-9796,MIRROR,Cab,Low,82.33,EA,,P032,N,2023-05-30,Y
PT00755,200-0324,HYDRAULIC PUMP,Hydraulics,High,11753.83,EA,S003,P066,Y,2022-01-21,Y
PT01505,224-9090,WIRING HARNESS,Electrical,Medium,552.42,EA,S029,P049,Y,2019-10-12,Y
PT02486,501-9345,CONTROL VALVE,Hydraulics,High,5641.43,EA,S031,P015,Y,20170601,Y
PT03067,4W-9487,PISTON KIT,Engine,High,889.22,EA,S001,P017,Y,2020-06-30,Y
PT03805,5B-7283,SEAT ASSEMBLY,Cab,Low,1147.86,EA,S002,P031,N,2018-02-15,Y
PT00022,5J-4506,TRACK SHOE,Undercarriage,High,290.87,EA,S010,P016,N,2023-08-11,Y
PT01884,498-3460,Thermostat,Cooling,Medium,54.19,EA,S035,P027,N,2016-09-11,Y
PT00522,7A-2656,Adapter,Ground Engaging Tools,Medium,88.64,EA,S001,P019,N,2023-11-23,Y
PT02220,5A-3294,RIPPER SHANK,Ground Engaging Tools,Medium,1140.84,Ea.,S026,P094,N,2024-04-29,Y
PT01673,387-8186,CAB AIR FILTER,Filters,Low,49.34,EA,S002,P081,N,2017-09-25,Y
PT03956,8U-4748,MIRROR,Cab,Low,82.04,EA,S030,P055,N,2022-03-18,Y
PT01781,487-3653,TRANSMISSION FILTER,Filters,Medium,98.97,EA,S006,P100,N,2024-03-03,Y
PT02766,1J-2390,TORQUE CONVERTER,Power Train,High,13363.78,EA,S002,P003,N,2015-01-06,Y
PT93315,8F7447,ECM CONTROLLER,Electrical,High,3560.67,EA,S001,P012,Y,12/21/2019,Y
PT01456,468-3322,STARTER MOTOR,Electrical,High,602.08,EA,S003,P008,N,2025-01-06,Y
PT00744, 1A-9887,HYDRAULIC PUMP,Hydraulics,High,5578.47,EA,S003,P128,N,2016-11-05,Y
PT00188,297-8581,TRACK ROLLER,Undercarriage,High,476.99,EA,S002,P008,N,2015-11-20,Y
PT01626,5Y-1281,BATTERY,Electrical,Medium,375.74,EA,S029,P093,N,2018-09-10,Y
PT02171,7V-3698,RECOIL SPRING,Undercarriage,High,1005.03,EA,S001,P041,N,2017-08-06,Y
PT92528,3H5869,CONTROL VALVE,Hydraulics,High,6802.42,EA,S001,P134,N,2020-03-16,Y
PT01575,4J-1038,SENSOR SPEED,Electrical,Medium,246.76,EA,S001,P029,N,2019-10-13,Y
PT02703,429-8184,TRAVEL MOTOR,Power Train,High,6208.46,EA,S003,P120,N,2020-11-24,Y
PT02457,6X-9911,SIDE CUTTER,Ground Engaging Tools,Medium,245.52,Ea.,S026,P042,N,2022-02-01,Y
PT01517,9V-9568,WIRING HARNESS,Electrical,Medium,609.56,EA,S001,P070,Y,2017-09-07,Y
PT03600,6S-0847,WORK LIGHT LED,Electrical,Low,174.06,EA,S002,P074,Y,2015-11-06,Y
PT00111,163-9072,TRACK ROLLER,Undercarriage,High,370.47,EA,S001,P126,N,2017-11-24,Y
PT01691,5F-3363,CAB AIR FILTER,Filters,Low,35.68,EA,S002,P130,N,2024-10-29,Y
PT02964,371-2084,CYLINDER HEAD,Engine,High,5708.84,EA,S001,P051,Y,2016-04-10,Y
PT01650,4C-1005,BATTERY,Electrical,Medium,192.45,EA,S001,P109,Y,2023-05-17,Y
PT02367,9F-9069,BUCKET TOOTH RETAINER,Ground Engaging Tools,Low,3.78,EA,S026,P117,N,05/09/17,Y
PT02725,2G-6035,TORQUE CONVERTER,Power Train,High,8868.48,EA,S001,P070,N,2023-10-27,Y
PT03810,505-5005,SEAT ASSEMBLY,Cab,Low,863.11,EA,S036,P061,N,2016-10-12,Y
PT00535,1M-3625,ADAPTER,Ground Engaging Tools,Medium,169.43,PC,S026,P099,N,2021-09-15,Y
PT03311,475-0113,ECM CONTROLLER,Electrical,High,3304.49,EA,S001,P077,N,2024-05-18,Y
PT03123,9R-8670,PISTON KIT,Engine,High,593.76,EA,S003,P094,N,2018-04-03,Y
PT01069,565-4682,TURBOCHARGER,Engine,High,4716.67,EA,S001,P019,N,2021-12-07,Y
PT03396,9N-8379,Monitor  Display,Electrical,Medium,2280.6,EA,S003,P088,Y,2015-04-09,Y
PT01007,552-4558,WATER PUMP,Engine,High,514.3,EA,S003,P111,Y,2020-12-22,Y
PT02642,5G-3041,FINAL DRIVE,Power Train,High,23193.43,EA,S002,P003,N,2016-02-25,Y
PT03225,280-7863,FUEL TRANSFER PUMP,Engine,High,765.62,EA,S003,P104,Y,2023-09-25,Y
PT03573,1Y-9545,WORK LIGHT LED,Electrical,Low,291.78,EA,S001,P133,N,2016-05-06,Y
PT02519,478-1355,CONTROL VALVE,Hydraulics,High,4677.23,EA,S002,P045,N,2015-05-10,Y
PT04270,6B-0223,TIRE 29.5R25,,High,"$15,669.34",EA,S028,P013,N,2021-11-24,Y
PT02896,8R 6938,BRAKE DISC,Power Train,Medium,374.83,EA,S003,P062,N,2021-02-04,Y
PT03260,6N-1420,FUEL TRANSFER PUMP,Engine,High,393.96,EA,S003,P056,N,2018-04-01,Y
PT03680,441-4960,FAN BLADE,Cooling,Medium,427.78,EA,S001,P081,N,2017-06-04,Y
PT01689,592 5818,CAB AIR FILTER,Filters,,45.0,EA,S001,P112,N,2020-08-12,Y
PT02035,117-2666,CARRIER ROLLER,Undercarriage,High,509.84,EA,S001,P008,N,2025-04-13,Y
PT01478,373-8169,WIRING HARNESS,Electrical,Medium,299.24,EA,S001,P069,N,2020-02-19,Y
PT01684,4V-5881,CAB AIR FILTER,Filters,Low,74.43,EA,S003,P033,N,2019-02-23,Y
PT02012,6R-4839,TRACK BUSHING,Undercarriage,Medium,79.9,EA,S001,P104,N,2019-06-07,Y
PT01327,356-7403,V-BELT,Engine,Low,47.29,Ea.,S002,P023,Y,2015-01-24,Y
PT00314,1C 3420,TRACK LINK ASSEMBLY,Undercarriage,High,7645.24,EA,,P015,N,2016-04-24,Y
PT01606,4W-7872,BATTERY,Electrical,Medium,204.93,EA,S001,P112,N,2016-09-05,Y
PT90752,3H3097,HYDRAULIC PUMP,Hydraulics,High,7409.89,EA,S001,P038,N,2025-01-25,Y
PT91663,04X2943,CAB AIR FILTER,Filters,Low,74.47,EA,S001,P114,N,2017-09-06,Y
PT02764,393-4460,TORQUE CONVERTER,Power Train,High,7161.84,EA,S024,P023,N,2020-07-10,Y
PT00433,130-3432,END BIT,Ground Engaging Tools,Medium,137.63,EA,S002,P077,N,2024-09-01,Y
PT03596,9N-8745,WORK LIGHT LED,Electrical,Low,134.89,EA,S034,P064,N,2023-08-24,Y
PT00389,343-1340,CUTTING EDGE,Ground Engaging Tools,Medium,244.28,EA,S026,P006,N,2018-03-22,Y
PT00565,170-6202,ADAPTER,Ground Engaging Tools,,150.34,EA,S001,P036,N,2021-08-05,Y
PT02193,9W-0207,RIPPER SHANK,Ground Engaging Tools,Medium,830.93,EA,S001,P035,N,2018-11-11,Y
PT03444,185-0356,MONITOR DISPLAY,,Medium,1202.95,EA,S015,P047,Y,2024-11-28,Y
PT02053,200-8150,CARRIER ROLLER,Undercarriage,High,665.61,EA,S003,P066,N,2018-10-28,Y
PT03437,6I-0623,MONITOR DISPLAY,Electrical,Medium,1462.74,EA,S001,P127,Y,2023-08-05,Y
PT01568,178-6230,SENSOR SPEED,Electrical,Medium,198.08,EA,S003,P010,N,2024-06-25,Y
PT02538,1U-3891,CONTROL VALVE,Hydraulics,High,7106.64,EA,S002,P063,Y,2019-05-07,Y
PT04402,154-3799,TIRE 12-16.5,Tires,Medium,220.61,EA,S003,P075,N,2017-11-15,Y
PT00743,319-0645,HYDRAULIC PUMP,Hydraulics,High,4537.63,EA,S002,P089,N,2024-11-12,Y
PT02319,173-0263,RIPPER TIP,Ground Engaging Tools,Medium,56.91,EA,S003,P024,N,2020-08-01,Y
PT02184, 3S-3782,RIPPER SHANK,Ground Engaging Tools,Medium,1042.58,EA,S003,P044,N,2017-08-22,Y
PT01277,568-6099,V-BELT,Engine,Low,40.32,EA,S001,P033,Y,2024-03-09,Y
PT01027,255-4608,WATER PUMP,Engine,High,443.84,EA,S003,P005,Y,2016-11-06,Y
PT00262,8B-3974,IDLER GROUP,Undercarriage,High,2767.57,EA,S009,P094,N,2021-12-23,Y
PT03253,7M-1726,FUEL TRANSFER PUMP,Engine,High,294.83,EA,S002,P040,N,2019-04-15,Y
PT00764,9X-6862,Seal  Kit,Hydraulics,Medium,76.85,EA,S002,P009,Y,2017-10-10,Y
PT02936,316-8685,BRAKE DISC,Power Train,Medium,409.46,EA,S002,P014,N,2025-03-28,Y
PT03665,313-2946,FAN BLADE,Cooling,Medium,453.23,EA,S035,P094,N,2021-08-01,Y
PT01189,537-5466,GASKET KIT,Engine,Medium,263.13,EA,S002,P095,Y,2016-03-03,Y
PT00894,8B-6280,HYDRAULIC CYLINDER,Hydraulics,High,3385.71,EA,S023,P097,N,2022-11-16,Y
PT02163,309-5695,Recoil  Spring,Undercarriage,High,1006.68,EA,S001,P062,N,2024-12-13,Y
PT02666,5P-5338,FINAL DRIVE,Power Train,High,14472.57,EA,S003,P076,N,2019-10-19,Y
PT04149,1210678,WASHER HARD,Hardware,Low,1.65,EA,S003,P098,N,2020-06-01,Y
PT00030,375-9717,TRACK SHOE,Undercarriage,High,182.98,EA,S001,P107,N,2021-01-19,Y
PT00763,133-4598,HYDRAULIC PUMP,Hydraulics,High,7187.47,EA,S003,P089,Y,2015-10-11,Y
PT02877,02X-0613,AXLE SEAL,Power Train,Medium,,EA,S001,P004,N,2024-05-31,Y
PT00042,7F-0653,TRACK SHOE,Undercarriage,High,159.53,EA,S001,P019,N,2017-07-06,Y
PT00080,289-9313,TRACK SHOE,Undercarriage,High,208.98,EA,S010,P077,N,2020-12-11,Y
PT01081,8R-4955,TURBOCHARGER,Engine,High,2072.38,EA,S002,P018,N,2019-04-19,Y
PT00692,5M-8826,HYDRAULIC PUMP,Hydraulics,High,"$6,797.87",EA,S003,P125,Y,2023-08-26,Y
PT03676,559-8680,FAN BLADE,Cooling,Medium,433.0,EA,S003,P123,N,2020-06-11,Y
PT82963,496 5180,CYLINDER HEAD (SUPERSEDED),Engine,High,4845.27,EA,S001,P093,Y,2017-03-28,Y
PT02990,173-6506,CYLINDER HEAD,Engine,High,6796.29,EA,S001,P078,Y,2017-05-19,Y
PT02313,389-5773,RIPPER TIP,Ground Engaging Tools,Medium,38.15,EA,S011,P032,N,2021-01-17,Y
PT91086,9L2749,TURBOCHARGER,Engine,High,4154.31,EA,S002,P065,N,2020-04-26,Y
PT01108,6P-6664,TURBOCHARGER,Engine,High,4320.15,EA,S001,P068,N,2021-02-08,Y
PT01424,221-9548,STARTER MOTOR,Electrical,High,853.67,EA,S003,P059,N,2022-10-27,Y
PT00131,143-5378,TRACK ROLLER,Undercarriage,High,676.74,EA,S003,P066,N,2016-07-25,Y
PT01450,180-9424,STARTER MOTOR,Electrical,High,972.23,EA,S003,P040,Y,2018-08-04,Y
PT03738,231-3448,COOLANT HOSE,Cooling,Low,59.19,EA,S003,P116,N,2020-05-31,Y
PT04394,1T7931,TIRE 12-16.5,Tires,Medium,493.58,EA,S003,P106,N,2017-06-01,Y
PT02612,369-7305,SWING MOTOR,Hydraulics,High,10613.41,EA,S001,P110,N,20190623,Y
PT02939,9D-7602,BRAKE DISC,Power Train,Medium,361.85,EA,S003,P013,N,2020-05-23,Y
PT00182,167-0121,TRACK ROLLER,Undercarriage,High,301.87,EA,S009,P003,N,2020-02-28,Y
PT92635, 5F0693,FINAL DRIVE,Power Train,High,9769.26,EA,S002,P028,N,2019-05-07,Y
PT01063,336-9560,TURBOCHARGER,Engine,High,3172.4,EA,S001,P043,Y,2018-05-05,Y
PT00093,3530857,TRACK ROLLER,Undercarriage,High,410.71,EA,S002,P111,N,2019-10-08,Y
PT00675,3E-1445,HYDRAULIC PUMP,Hydraulics,High,8808.36,EA,S023,P127,N,2016-03-09,Y
PT03047,507-4582,PISTON KIT,Engine,,581.97,EA,S003,P043,Y,2015-09-19,Y
PT01357,8P-7193,ALTERNATOR,Electrical,Medium,802.38,EA,S099,P001,Y,2024-12-10,Y
PT02179,462-9141,RIPPER SHANK,Ground Engaging Tools,Medium,756.11,EA,S003,P124,N,2017-07-16,Y
PT02234,7J-4984,RIPPER SHANK,Ground Engaging Tools,Medium,1537.89,EA,S001,P047,N,2018-10-02,Y
PT02086,2N-8831,CARRIER ROLLER,Undercarriage,High,401.83,EA,S002,P073,N,2018-11-16,Y
PT02007,6F-5127,TRACK BUSHING,Undercarriage,Medium,41.64,EA,S001,P109,N,2015-01-18,Y
PT03235,9I-0419,FUEL TRANSFER PUMP,Engine,High,518.87,EA,S001,P121,Y,2024-04-28,Y
PT00307,536-5699,Sprocket  Segment,Undercarriage,High,458.4,EA,S002,P126,N,2018-09-07,Y
PT02042,4N-6532,CARRIER ROLLER,Undercarriage,High,451.01,EA,S001,P056,N,2018-07-25,Y
PT03868,491-4115,WINDOW GLASS,Cab,Low,658.85,EA,S003,P056,N,2023-11-27,Y
PT02447,321-5006,SIDE CUTTER,Ground Engaging Tools,Medium,182.38,EA,S001,P082,N,2018-02-20,Y
PT02715,8B-0802,TORQUE CONVERTER,Power Train,High,13504.0,EA,S002,P078,N,2016-08-21,Y
PT00853,379-5087,SEAL KIT,Hydraulics,Medium,59.37,EA,S031,P027,N,2024-12-12,Y
PT00508,304-5215,ADAPTER,Ground Engaging Tools,Medium,73.4,EA,S003,P128,N,2020-07-19,Y
PT00759,2W-4539,HYDRAULIC PUMP,Hydraulics,High,6569.42,EA,S007,P113,Y,2020-07-08,Y
PT00299,184-1260,SPROCKET SEGMENT,Undercarriage,High,316.25,EA,S003,P014,N,2022-02-15,Y
PT00847,4I-6686,SEAL KIT,Hydraulics,Medium,106.64,EA,S031,P043,N,2024-02-18,Y
PT03966,492-9219,O-RING SEAL,Hardware,Low,3.46,EA,S016,P070,N,2017-08-17,Y
PT01457,1Y-0910,STARTER MOTOR,Electrical,High,,EA,S001,P020,N,2017-02-02,Y
PT01060,318-1253,WATER PUMP,Engine,High,506.66,EA,S003,P013,N,2018-03-23,Y
PT90201,9H0498,IDLER GROUP,Undercarriage,High,3381.51,each,S001,P026,N,05/29/2022,Y
PT00107,8U-0891,TRACK ROLLER,Undercarriage,High,412.94,EA,S010,P005,N,2022-10-26,Y
PT01000,4S 4271,WATER PUMP,Engine,High,808.78,EA,S003,P072,N,2019-08-12,Y
PT03877,468-7253,WINDOW GLASS,Cab,Low,288.44,EA,S036,P113,N,2021-03-05,Y
PT04068,6U-1881,O-RING SEAL,Hardware,Low,2.66,EA,S002,P076,N,2017-08-26,Y
PT03779,4V-6306,COOLANT HOSE,Cooling,Low,32.08,EA,S003,P006,N,2023-06-19,Y
PT01821,410-0608,RADIATOR,Cooling,High,2683.2,EA,S035,P078,N,2024-05-04,Y
PT00480,484-9080,END BIT,Ground Engaging Tools,Medium,129.02,EA,S011,P073,N,2020-10-13,Y
PT03478,186-5650,RELAY,Electrical,Low,17.63,EA,S029,P066,N,2018-06-22,Y
PT00562,297-7828,ADAPTER,Ground Engaging Tools,Medium,129.12,EA,,P117,N,2019-03-31,Y
PT00596,557 8084,HYDRAULIC HOSE ASSEMBLY,Hydraulics,High,138.45,EA,S001,P099,N,2016-09-12,Y
PT01630,8H-5233,BATTERY,Electrical,Medium,242.55,EA,S003,P052,N,2023-08-09,Y
PT02903,2W 7475,BRAKE DISC,Power Train,Medium,510.07,EA,S003,P080,N,2018-01-19,Y
PT03537,485-2088,RELAY,Electrical,Low,21.35,EA,S003,P058,Y,2019-10-18,Y
PT02694,458-2779,TRAVEL MOTOR,Power Train,High,12369.16,EA,S002,P010,N,2021-12-23,Y
PT00574,593-8771,Adapter,Ground Engaging Tools,Medium,138.35,EA,S002,P057,N,2024-05-18,Y
PT00361,4U-2137,CUTTING EDGE,Ground Engaging Tools,Medium,254.52,EA,S003,P120,N,2019-01-22,Y
PT02938,1G-0934,BRAKE DISC,,Medium,292.14,EA,S003,P086,N,2020-02-03,Y
PT01928,2L-6710,TRACK PIN,Undercarriage,Medium,82.24,EA,S002,P055,N,2025-02-26,Y
PT00587,6A-6771,HYDRAULIC HOSE ASSEMBLY,Hydraulics,High,155.32,EA,S022,P005,N,2023-06-03,Y
PT00238,1B-7019,IDLER GROUP,Undercarriage,High,1861.3,EA,S003,P107,N,2023-08-24,Y
PT02236,4X-7684,RIPPER SHANK,Ground Engaging Tools,Medium,1095.23,EA,S026,P068,N,2022-11-06,Y
PT01482,516-6099,WIRING HARNESS,Electrical,Medium,$732.16,ea,S099,P066,Y,2019-02-23,Y
PT00760,6N-8127,HYDRAULIC PUMP,Hydraulics,High,6166.61,EA,S031,P004,Y,2019-01-26,Y
PT04076,322-3983,HEX BOLT,Hardware,Low,6.45,EA,S099,P007,N,2016-11-09,Y
PT04336,320-0552,TIRE 29.5R25,Tires,High,14582.06,EA,S028,P107,N,2018-03-07,Y
PT01633,548-6078,BATTERY,Electrical,Medium,315.03,EA,S015,P131,N,2025-02-22,Y
PT02904,158-8823,BRAKE DISC,Power Train,Medium,405.32,EA,S001,P093,N,2015-02-13,Y
PT01078,576-2727,Turbocharger,Engine,High,4928.81,EA,S001,P099,Y,2024-09-16,Y
PT01387,3S-8143,ALTERNATOR,,Medium,514.58,EA,S029,P062,Y,2019-06-24,Y
PT03313,1K-8354,ECM CONTROLLER,Electrical,High,2284.75,EA,S003,P058,Y,2019-01-13,Y
PT02180,1B-5868,RIPPER SHANK,Ground Engaging Tools,Medium,1447.81,EA,S011,P114,N,2019-04-22,Y
PT00332,1J-7681,TRACK LINK ASSEMBLY,Undercarriage,High,7831.38,EA,S009,P053,N,2020-05-08,Y
PT02724,3E-0604,TORQUE CONVERTER,Power Train,High,8404.36,EA,S003,P107,N,2024-09-04,Y
PT02000,320-6030,TRACK BUSHING,,Medium,63.54,EA,S003,P124,N,2017-01-05,Y
PT00831,6C-7404,Seal  Kit,Hydraulics,Medium,64.23,EA,S003,P034,N,2016-10-22,Y
PT03470,321-2271,RELAY,Electrical,Low,34.33,EA,S034,P025,N,2022-03-28,Y
PT02324,5R-2277,BUCKET TOOTH RETAINER,Ground Engaging Tools,Low,7.38,EA,S002,P074,N,2019-07-13,Y
PT02955,4b-0541,CYLINDER HEAD,Engine,High,"$4,027.05",EA,S001,P060,N,2021-04-17,Y
PT01703,8V-7043,CAB AIR FILTER,Filters,Low,63.61,EA,S001,P131,N,2016-09-10,Y
PT01966,8R-0598,TRACK BUSHING,Undercarriage,Medium,36.69,EA,S001,P067,N,04-Sep-24,Y
PT00981,5F 4657,WATER PUMP,Engine,High,467.43,EA,S001,P070,N,2016-05-18,Y
PT00130,1X-7917,TRACK ROLLER,Undercarriage,High,419.03,EA,S002,P127,N,2024-10-06,Y
PT03726,3F-0094,FAN BLADE,Cooling,Medium,412.06,EA,S001,P088,N,2017-10-26,Y
PT00555,315-7012,ADAPTER,Ground Engaging Tools,Medium,95.76,EA,S002,P091,N,2021-06-29,Y
PT00329,6K-1041,TRACK LINK ASSEMBLY,Undercarriage,High,7666.51,EA,S003,P013,N,2019-03-18,Y
PT01868,3178977,THERMOSTAT,Cooling,Medium,62.15,EA,,P126,N,2023-01-15,Y
PT03377,161-4277,ECM CONTROLLER,,High,2709.98,EA,S003,P080,Y,2024-12-13,Y
PT02811,4X-6317,TRANSMISSION CLUTCH DISC,Power Train,Medium,160.79,EA,S001,P030,N,2021-07-02,Y
PT01426,4Y-1148,Starter  Motor,Electrical,High,634.44,EA,S003,P049,Y,24-Feb-20,Y
PT01170,357 8004,GASKET KIT,Engine,Medium,148.71,EA,S002,P100,Y,2023-12-24,Y
PT02523,1P-6090,CONTROL VALVE,Hydraulics,High,4716.0,EA,S003,P084,N,2024-04-24,Y
PT04392,9J-1697,TIRE 12-16.5,Tires,Medium,257.48,EA,S001,P034,N,2019-12-29,Y
PT03008,5B-4557,CYLINDER HEAD,Engine,High,5748.92,EA,S003,P013,N,2017-09-15,Y
PT02836,4U-9026,AXLE SEAL,Power Train,Medium,83.54,EA,S002,P134,N,2018-08-15,Y
PT01459,350-4086,STARTER MOTOR,Electrical,High,1256.14,EA,S003,P114,Y,2021-02-26,Y
PT01119,575-6588,TURBOCHARGER,Engine,High,2333.34,EA,S001,P100,N,2022-09-07,Y
PT01964,6R3976,TRACK BUSHING,Undercarriage,Medium,55.58,EA,S002,P123,N,2019-05-18,Y
PT01214,4S-5510,GASKET KIT,Engine,Medium,223.29,EA,S002,P126,N,2025-04-03,Y
PT00382,342-6053,CUTTING EDGE,Ground Engaging Tools,Medium,267.53,EA,S003,P008,N,2019-09-26,Y
PT04206,4R-8675,WASHER HARD,Hardware,Low,1.72,EA,CAT,P086,N,2024-12-15,Y
PT01224,124-1798,GASKET KIT,Engine,Medium,119.63,EA,S001,P119,N,2018-08-11,Y
PT03394,122-0026,MONITOR DISPLAY,Electrical,Medium,2199.25,EA,S003,P102,Y,2015-08-21,Y
PT02026,0560-9737,TRACK BUSHING,Undercarriage,Medium,38.74,EA,S010,P061,N,2020-01-19,Y
PT00074,2W-7027,TRACK SHOE,Undercarriage,High,165.45,EA,S003,P059,N,2017-01-28,Y
PT02280,7T-7176,RIPPER TIP,Ground Engaging Tools,Medium,41.87,EA,S003,P065,N,2021-09-15,Y
PT03231,3D-0264,FUEL TRANSFER PUMP,Engine,,604.76,EA,S002,P012,N,2015-03-03,Y
PT00904,1K-2641,FUEL INJECTOR,Engine,High,1098.13,EA,S002,P133,N,2018-03-27,Y
PT00639,545-0682,HYDRAULIC HOSE ASSEMBLY,Hydraulics,High,175.6,EA,S001,P130,N,2021-11-02,Y
PT03378,2S-3608,ECM CONTROLLER,Electrical,High,4232.69,EA,S003,P020,N,2018-06-26,Y
PT01620,153-7445,BATTERY,Electrical,Medium,180.55,EA,S003,P002,N,2020-12-17,Y
PT03883,377-9711,WINDOW GLASS,Cab,Low,558.44,EA,S001,P022,N,2020-03-03,Y
PT03571,551-3894,WORK LIGHT LED,,Low,306.41,EA,S001,P029,N,2021-06-26,Y
PT01377,259-2345,ALTERNATOR,Electrical,Medium,753.53,EA,CAT,P011,Y,2018-11-15,Y
PT01534,3A-1695,SENSOR SPEED,Electrical,Medium,108.12,EA,S015,P061,Y,2016-01-19,Y
PT00474,308-2760,END BIT,Ground Engaging Tools,Medium,116.29,EA,S026,P075,N,2018-04-09,Y
PT02900,8W-2633,BRAKE DISC,Power Train,Medium,208.02,EA,S002,P121,N,2015-06-01,Y
PT03173,575-3313,CRANKSHAFT BEARING,Engine,Medium,66.81,EA,S001,P049,N,2017-08-24,Y
PT01803,579-5905,RADIATOR,Cooling,High,3063.17,EA,S003,P022,N,2019-03-09,Y
PT03344,3P-2808,ECM CONTROLLER,Electrical,High,3492.53,EA,S034,P061,Y,2024-10-10,Y
PT03409,1k-5150,MONITOR DISPLAY,Electrical,Medium,1558.3,EA,S002,P053,N,02/09/2018,Y
PT00939,1W9619,FUEL INJECTOR,Engine,High,713.2,ea,S001,P062,Y,2015-06-06,Y
PT00622,1T-0799,Hydraulic  Hose Assembly,Hydraulics,High,103.21,EA,S007,P051,Y,2015-09-22,Y
PT00638,9G-3263,HYDRAULIC HOSE ASSEMBLY,Hydraulics,High,95.02,EA,S002,P064,Y,2017-04-18,Y
PT03367,8W-4732,ECM CONTROLLER,Electrical,High,2080.11,EA,S029,P119,N,2021-02-07,Y
PT02553,6A-4819,CONTROL VALVE,,High,5102.99,EA,S001,P024,Y,2022-03-24,Y
PT03043,504-0484,PISTON KIT,Engine,High,653.05,EA,S003,P047,Y,2020-11-02,Y
PT03817,134-0980,SEAT ASSEMBLY,Cab,Low,1768.15,EA,S003,P066,N,2020-12-26,Y
PT01370,166-3124,ALTERNATOR,Electrical,Medium,615.63,EA,S001,P069,Y,2020-12-14,Y
PT02983,9L-4755,CYLINDER HEAD,Engine,High,5397.09,EA,S001,P023,N,2021-09-12,Y
PT03903,394-5658,WINDOW GLASS,Cab,Low,680.08,EA,S002,P017,N,2019-03-30,Y
PT04269,570-5508,TIRE 29.5R25,Tires,High,"$11,903.36",EA,S027,P025,N,2020-06-30,Y
PT01012,3K-7302,WATER PUMP,Engine,High,389.61,EA,S001,P063,N,2017-11-19,Y
PT00468,250-4496,END BIT,Ground Engaging Tools,Medium,102.69,EA,S002,P121,N,2020-02-05,Y
PT02287,395-5783,RIPPER TIP,Ground Engaging Tools,Medium,47.75,EA,S026,P050,N,2021-04-22,Y
PT00075,379-9629,TRACK SHOE,Undercarriage,High,134.07,EA,S001,P023,N,2024-08-07,Y
PT00940,6U-8820,FUEL INJECTOR,Engine,High,740.98,EA,S003,P074,N,2022-09-14,Y
PT04188,359-7947,WASHER HARD,Hardware,Low,1.59,EA,S003,P028,N,2023-08-25,Y
PT03322,255-0679,ECM CONTROLLER,Electrical,High,2811.84,EA,S003,P036,Y,2018-02-24,Y
PT03783,514-1794,COOLANT HOSE,Cooling,Low,65.11,EA,S002,P126,N,2015-11-01,Y
PT01674,6Y-5697,CAB AIR FLTR,Filters,Low,55.13,EA,S001,P103,N,2024-12-23,Y
PT03278,1A-0093,FUEL TRANSFER PUMP,,High,,EA,S002,P041,Y,2024-07-25,Y
PT02061,480-5214,CARRIER ROLLER,Undercarriage,High,466.45,EA,S009,P133,N,2019-11-12,Y
PT03297,447-0435,FUEL TRANSFER PUMP,Engine,,$324.82,EA,S001,P087,N,2024-02-09,Y
PT00634,4R-1684,HYDRAULIC HOSE ASSEMBLY,Hydraulics,High,134.77,EA,S022,P024,Y,2022-02-08,Y
PT00205,239-5515,IDLER GROUP,Undercarriage,High,3397.27,each,S001,P098,N,2018-10-02,Y
PT02829,1A-3950,AXLE SEAL,Power Train,Medium,135.92,EA,S002,P049,N,2019-05-15,Y
PT01172,369 6320,GASKET KIT,Engine,Medium,227.31,EA,S001,P105,Y,2018-05-19,Y
PT02686,286-4060,TRAVEL MOTOR,,High,-8517.42,EA,S024,P108,N,04-Mar-24,Y
PT00110,7U-3519,TRACK ROLLER,Undercarriage,High,468.56,EA,S001,P095,N,2019-05-15,Y
PT01560,0385-6252,SENSOR SPEED,Electrical,Medium,218.34,EA,S002,P085,N,2025-02-15,Y
PT00863,1P-1870,HYDRAULIC CYLINDER,Hydraulics,High,3809.5,EA,S002,P096,N,2015-12-17,Y
PT03730,2F-6833,COOLANT HOSE,Cooling,Low,59.79,EA,S003,P024,N,2019-12-19,Y
PT93435,5026511,Monitor  Display,Electrical,Medium,"$1,554.31",EA,S003,P111,N,2019-10-16,Y
PT80442,5C-1954,END BIT (SUPERSEDED),Ground Engaging Tools,Medium,106.26,EA,S001,P104,N,2023-06-04,Y
PT00199,429-6737,IDLER GROUP,Undercarriage,High,1278.54,EA,S001,P124,N,2024-02-06,Y
PT02737,230-6976,TORQUE CONVERTER,Power Train,High,11221.65,EA,S001,P046,N,2024-10-04,Y
PT00996,8A-6694,WATER PUMP,Engine,High,749.3,EA,S002,P095,N,2017-05-18,Y
PT02823,329-7767,AXLE SEAL,Power Train,Medium,90.26,EA,S002,P068,N,2025-03-05,Y
PT83051,6U-1589,PISTON KIT (SUPERSEDED),Engine,High,752.23,EA,S002,P027,Y,2024-06-27,Y
PT00457,349-1065,End  Bit,Ground Engaging Tools,Medium,240.95,EA,S003,P048,N,2015-09-01,Y
PT00732,9V-0011,HYDRAULIC PUMP,Hydraulics,High,7864.6,EA,S002,P100,N,2018-03-23,Y
PT02773,266-8183,TRANSMISSION CLUTCH DISC,Power Train,Medium,90.31,EA,S003,P079,N,2023-04-10,Y
PT00757,8L-3919,HYDRAULIC PUMP,Hydraulics,High,7911.72,EA,CAT,P134,Y,2022-12-17,Y
PT81717,560-6985,CAB AIR FILTER (SUPERSEDED),Filters,Low,56.06,EA,S001,P089,N,2017-12-25,Y
PT00530,348-4841,ADAPTER,Ground Engaging Tools,Medium,165.45,EA,S003,P119,N,2015-08-20,Y
PT01329,147-6425,ALTERNATOR,Electrical,Medium,551.47,EA,S001,P098,Y,2017-12-17,Y
PT00561,344-8963,ADAPTER,Ground Engaging Tools,Medium,134.49,EA,S001,P048,N,2019-05-26,Y
PT02544,6C-8778,CONTROL VALVE,Hydraulics,High,3310.34,EA,S002,P019,N,2015-11-16,Y
PT04120,6C-3111,HEX BOLT,Hardware,Low,6.49,EA,S001,P033,N,2020-10-06,Y
PT94310,1X6715,TIRE 29.5R25,Tires,High,10286.07,EA,S028,P077,N,2024-11-05,Y
PT02208,7L-5944,RIPPER SHANK,Ground Engaging Tools,Medium,1381.73,EA,S003,P089,N,2021-04-19,Y
PT00099,2L-8257,TRACK ROLLER,Undercarriage,High,436.04,EA,S003,P128,N,2024-06-25,Y
PT01403,522-0832,ALTERNATOR,Electrical,Medium,534.22,EA,S001,P072,N,2022-10-23,Y
PT03907,6g-2132,WINDOW GLASS,Cab,Low,639.51,EA,S001,P132,N,2016-09-30,Y
PT00341,1D-8780,Track  Link Assembly,Undercarriage,High,6117.84,EA,S010,P028,N,2025-04-10,Y
PT00440,3J-7601,END BIT,Ground Engaging Tools,Medium,196.39,EA,CAT,P096,N,2024-03-16,Y
PT03581,579-7181,WORK LIGHT LED,Electrical,Low,137.34,EA,S029,P025,N,2024-09-01,Y
PT01935,528-7208,TRACK PIN,Undercarriage,Medium,113.9,EA,S009,P068,N,2018-02-15,Y
PT02346,176-2078,BUCKET TOOTH RETAINER,Ground Engaging Tools,Low,8.82,EA,S026,P079,N,2019-09-19,Y
PT03507,9S-1150,RELAY,Electrical,Low,22.37,EA,S034,P081,N,12/16/21,Y
PT01028,7S-9793,WATER PUMP,Engine,High,547.57,EA,S003,P054,Y,2018-12-24,Y
PT00290,3H-3713,SPROCKET SEGMENT,Undercarriage,High,210.62,EA,S009,P014,N,2022-03-05,Y
PT00664,199-4836,HYDRAULIC PUMP,Hydraulics,High,9589.11,EA,S003,P094,N,2023-07-08,Y
PT04115,5A-8107,HEX BOLT,Hardware,Low,3.98,EA,S001,P005,N,2015-02-26,Y
PT01085,2L-3441,TURBOCHARGER,Engine,High,5049.01,EA,S001,P055,Y,2018-05-16,Y
PT03698,222-4163,FAN BLADE,Cooling,Medium,422.21,EA,S001,P001,N,2024-11-29,Y
PT00397,214-8193,CUTTING EDGE,Ground Engaging Tools,Medium,216.99,EA,S011,P010,N,2018-12-12,Y
PT03159,6M-2810,CRANKSHAFT BEARING,Engine,Medium,151.19,EA,S002,P004,N,2022-07-24,Y
PT92245,2696373,RIPPER TIP,Ground Engaging Tools,Medium,67.45,EA,S002,P018,N,2019-11-10,Y
PT01865,8D-6013,THERMOSTAT,Cooling,Medium,38.62,EA,S001,P074,N,2018-06-21,Y
PT00450,428-2486,End  Bit,Ground Engaging Tools,Medium,103.99,EA,S003,P092,N,2015-09-07,Y
PT02759,9B-3081,TORQUE CONVERTER,Power Train,High,8664.47,EA,S025,P124,N,2015-07-31,Y
PT03365,2C-1724,ECM CONTROLLER,Electrical,High,3017.63,EA,S001,P106,N,2022-08-21,Y
PT03492,8R-9815,RELAY,Electrical,Low,31.35,EA,S034,P088,Y,2024-04-05,Y
PT04022,7V-9852,O-RING SEAL,Hardware,Low,3.43,EA,S003,P127,N,2017-01-09,Y
PT04411,582-8318,TIRE 12-16.5,Tires,Medium,391.21,EA,S027,P016,N,2020-11-25,Y
PT02359, 3N-5632,BUCKET TOOTH RETAINER,Ground Engaging Tools,Low,10.75,EA,S026,P030,N,2016-11-03,Y
PT02178,304-7841,RIPPER SHANK,Ground Engaging Tools,Medium,937.54,EA,S003,P023,N,2015-04-11,Y
PT02897,289-1041,BRAKE DISC,Power Train,Medium,275.61,EA,S002,P091,N,2018-06-14,Y
PT03017,566-3755,CYLINDER HEAD,Engine,High,6177.22,EA,S001,P131,Y,2020-10-03,Y
PT00776,7P-2706,SEAL KIT,Hydraulics,Medium,110.95,EA,S022,P132,N,2015-02-03,Y
PT00837,495-0440,SEAL KIT,Hydraulics,Medium,77.31,EA,S001,P131,N,09/14/2021,Y
PT01835,185-8970,RADIATOR,Cooling,High,4128.57,EA,S099,P104,N,2017-02-17,Y
PT02390,7W-1127,BUCKET TOOTH RETAINER,Ground Engaging Tools,Low,8.88,EA,S002,P066,N,05/20/2020,Y
PT00045,1E-6418,TRACK SHOE,Undercarriage,High,177.49,EA,S001,P019,N,2024-06-14,Y
PT01539,366-8355,SENSOR SPEED,Electrical,Medium,164.36,EA,S003,P034,N,2021-12-17,Y
PT02422,9W-6099,SIDE CUTTER,Ground Engaging Tools,Medium,270.32,EA,S026,P007,N,2019-01-26,Y
PT04116,202-9021,HEX BOLT,,Low,6.27,EA,S001,P121,N,2021-01-05,Y
PT01384,560-1524,ALTERNATOR,,Medium,820.89,EA,S003,P010,N,2018-08-16,Y
PT02599,9F-1028,SWING MOTOR,Hydraulics,High,9663.53,EA,S002,P076,Y,2022-10-16,Y
PT00436,1C-5307,END BIT,Ground Engaging Tools,Medium,216.25,EA,S001,P088,N,2022-06-17,Y
PT01768,4U-7658,TRANSMISSION FILTER,Filters,Medium,62.36,EA,S001,P035,N,2022-08-25,Y
PT02263,2N-1328,RIPPER TIP,Ground Engaging Tools,Medium,49.41,EA,S002,P023,N,2024-10-29,Y
PT00971,4H-8802,WATER PUMP,Engine,High,551.44,EA,S003,P120,Y,2015-07-18,Y
PT03072,8T-0239,PISTON KIT,Engine,High,721.1,EA,S002,P107,N,2015-03-12,Y
PT01418,8U-5578,STARTER MOTOR,Electrical,High,941.17,EA,S001,P099,Y,2022-08-23,Y
PT01903,4B-7437,TRACK PIN,Undercarriage,Medium,$95.41,Ea.,S003,P050,N,2023-11-07,Y
PT00126,148-4118,TRACK ROLLER,Undercarriage,High,599.12,EA,S002,P045,N,2022-03-12,Y
PT00571,4Y-1198,ADAPTER,Ground Engaging Tools,Medium,80.62,EA,S001,P080,N,2022-11-19,Y
PT02231,163-0546,RIPPER SHANK,Ground Engaging Tools,Medium,1191.46,EA,S026,P027,N,2019-09-07,Y
PT01195,482-6601,GASKET KIT,Engine,Medium,217.53,EA,S003,P012,N,2019-09-15,Y
PT03079,2E-5967,PISTON KIT,Engine,High,832.47,EA,S001,P091,N,2016-02-09,Y
PT04150,382-4929,WASHER HARD,Hardware,Low,0.64,EA,S003,P092,N,2021-07-10,Y
PT02185,4R-2895,RIPPER SHANK,Ground Engaging Tools,Medium,741.14,EA,S002,P089,N,2023-02-15,Y
PT01946,171-1245,TRACK PIN,Undercarriage,Medium,112.18,EA,S009,P068,N,2017-03-23,Y
PT00258,332-9603,IDLER GROUP,Undercarriage,High,1440.86,EA,S003,P024,N,2021-10-10,Y
PT00525,407-4769,ADAPTER,Ground Engaging Tools,Medium,97.91,EA,S003,P025,N,2024-08-20,Y
PT00250,3A-7847,IDLER GROUP,Undercarriage,High,2048.79,EA,S010,P022,N,2018-08-13,Y
PT02515,5Y-0118,CONTROL VALVE,Hydraulics,High,6894.6,EA,S099,P079,N,2016-11-15,Y
PT00547,418-2336,ADAPTER,Ground Engaging Tools,Medium,82.87,EA,S011,P072,N,2015-01-26,Y
PT93047,5074582,PISTON KIT,Engine,,581.97,EA,S003,P043,Y,2015-09-19,Y
PT03734,518-2765,COOLANT HOSE,Cooling,Low,46.73,EA,S002,P056,N,2016-12-24,Y
PT00511,425-0335,ADAPTER,Ground Engaging Tools,Medium,115.37,Ea.,S001,P133,N,2018-05-16,Y
PT02502,181-9825,CONTROL VALVE,Hydraulics,High,3438.96,EA,S001,P040,N,2017-11-03,Y
PT01645,229-8425,BATTERY,Electrical,Medium,146.64,EA,S029,P032,N,2019-07-12,Y
PT02480,4F-4219,CONTROL VALVE,Hydraulics,High,6745.69,EA,S099,P118,Y,2017-12-19,Y
PT00509,574-3648,ADAPTER,Ground Engaging Tools,Medium,104.68,EA,S001,P049,N,2021-12-15,Y
PT01907,271-5437,TRACK PIN,Undercarriage,,62.13,EA,S002,P134,N,2017-11-04,Y
PT01056,6N-1274,WATER PUMP,Engine,High,361.09,EA,S002,P085,Y,2021-07-02,Y
PT03312,1W-7364,ECM CONTROLLER,Electrical,High,2785.23,EA,S001,P024,N,2019-09-16,Y
PT01461,428-4072,STARTER MOTOR,Electrical,High,584.94,EA,S002,P042,N,2022-01-13,Y
PT01169,276-5402,GASKET KIT,Engine,Medium,211.14,EA,CAT,P067,Y,2019-10-05,Y
PT03234,1C-5007,FUEL TRANSFER PUMP,Engine,High,576.59,EA,S003,P019,Y,2015-07-21,Y
PT00113,1L-7679,TRACK ROLLER,Undercarriage,High,276.78,each,S002,P122,N,2019-05-18,Y
PT03709,153-7244,FAN BLADE,Cooling,Medium,237.7,EA,S035,P064,N,2018-12-13,Y
PT00161,380-9596,TRACK ROLLER,Undercarriage,High,606.76,EA,S002,P062,N,2018-06-09,Y
PT00224,392-6885,IDLER GROUP,Undercarriage,High,0,EA,S001,P133,N,2016-10-14,Y
PT00067,1L-3802,TRACK SHOE,Undercarriage,High,318.86,EA,S001,P041,N,2022-11-09,Y
PT04082,9R-5441,HEX BOLT,Hardware,Low,4.19,EA,S003,P112,N,2016-01-31,Y
PT01045,145-1245,WATER PUMP,Engine,High,509.86,EA,S002,P124,Y,2024-09-29,Y
PT01750,8N-2339,TRANSMISSION FILTER,Filters,Medium,65.57,EA,S003,P011,N,2017-12-05,Y
PT04222,448-8749,WASHER HARD,Hardware,Low,0.87,EA,S002,P113,N,2018-03-19,Y
PT03354,8H-5463,ECM CONTROLLER,Electrical,High,4596.73,EA,S003,P005,Y,2018-05-30,Y
PT03668,545-3037,FAN BLADE,Cooling,Medium,284.92,EA,S002,P052,N,2017-08-11,Y
PT02890,255-2181,AXLE SEAL,Power Train,Medium,55.83,Ea.,S025,P014,N,2021-04-11,Y
PT94001,5969178,O-RING SEAL,Hardware,Low,3.02,EA,S001,P134,N,2021-12-04,Y
PT02107,1H-4507,CARRIER ROLLER,Undercarriage,High,600.21,EA,S001,P068,N,2021-01-13,Y
PT01143, 145-1600,Gasket  Kit,Engine,Medium,249.48,EA,S002,P126,N,2024-02-05,Y
PT02497,274-0375,CONTROL VALVE,Hydraulics,,7287.02,EA,S007,P073,N,2015-11-22,Y
PT02582,8Y-6793,SWING MOTOR,,High,8342.62,EA,S001,P033,N,2023-04-12,Y
PT03009,439-6006,CYLINDER HEAD,Engine,High,2804.72,EA,S003,P133,N,2019-04-17,Y
PT01145,401-4539,GASKET KIT,Engine,Medium,223.76,EA,S002,P009,Y,2016-10-21,Y
PT80829,108-6685,SEAL KIT (SUPERSEDED),Hydraulics,Medium,58.24,EA,S031,P051,N,2019-07-26,Y
PT00223,7Y-8426,IDLER GROUP,Undercarriage,High,2977.64,EA,S003,P126,N,2018-10-14,Y
PT93620,2G5074,FAN BLADE,Cooling,Medium,161.21,EA,S001,P062,N,2018-02-16,Y
PT03890,2D-6732,WINDOW GLASS,Cab,Low,605.63,EA,S003,P033,N,20170525,Y
PT82508,396-1084,CONTROL VALVE (SUPERSEDED),Hydraulics,High,6342.81,EA,S022,P076,Y,2017-10-28,Y
PT01182,0343-2543,GASKET KIT,Engine,Medium,129.13,EA,S001,P069,Y,2023-12-11,Y
PT00447,503-1305,END BIT,Ground Engaging Tools,Medium,90.3,EA,S002,P063,N,2018-06-24,Y
PT02140,509 4971,RECOIL SPRING,Undercarriage,High,1210.43,EA,S002,P081,N,2019-03-24,Y
PT00490,270-2068,END BIT,Ground Engaging Tools,Medium,216.16,EA,S001,P083,N,2020-01-17,Y
PT03955,3K-5087,MIRROR,,Low,81.66,EA,S002,P031,N,04/04/21,Y
PT03674,2S-5906,FAN BLADE,Cooling,Medium,241.67,EA,S035,P119,N,2015-03-22,Y
PT03250,3R-0898,FUEL TRANSFER PUMP,Engine,High,662.93,EA,S002,P105,Y,2018-06-01,Y
PT02381,242-4688,BUCKET TOOTH RETAINER,Ground Engaging Tools,Low,6.16,EA,S001,P049,N,2018-03-08,Y
PT01050,234-5626,WATER PUMP,Engine,High,464.36,EA,S003,P005,N,2023-06-15,Y
PT02478,213-7513,CONTROL VALVE,Hydraulics,High,3573.52,EA,S001,P069,Y,2016-01-10,Y
PT00352,127-3031,CUTTING EDGE,Ground Engaging Tools,Medium,542.72,EA,S002,P120,N,2015-06-14,Y
PT90451,1241247,END BIT,Ground Engaging Tools,Medium,203.28,EA,S001,P073,N,2020-08-06,Y
PT00185,7K-5370,TRACK ROLLER,Undercarriage,,630.81,EA,S002,P015,N,2025-05-20,Y
PT81089,2F9077,TURBOCHARGER (SUPERSEDED),Engine,High,5147.64,EA,S001,P126,N,2020-12-04,Y
PT02692,2P-0175,TRAVEL MOTOR,Power Train,High,15622.62,EA,S001,P029,N,2020-10-29,Y
PT03226,4P-2137,FUEL TRANSFER PUMP,Engine,High,394.12,EA,S001,P003,N,2019-04-07,Y
PT04244,281-3013,TIRE 29.5R25,Tires,High,15586.75,EA,S002,P080,N,2015-04-08,Y
PT01491,3I-6710,WIRING HARNESS,Electrical,,402.86,EA,S001,P061,N,2016-02-11,Y
PT82912,6I-0500,BRAKE DISC (SUPERSEDED),Power Train,Medium,554.17,EA,S003,P064,N,2021-07-18,Y
PT01970,573-7342,TRACK BUSHING,Undercarriage,Medium,93.9,EA,S009,P050,N,2020-04-16,Y
PT02852,6U-5872,Axle  Seal,Power Train,Medium,58.44,EA,S002,P022,N,2023-06-25,Y
PT00585,3F-4565,HYDRAULIC HOSE ASSEMBLY,Hydraulics,High,-189.24,EA,CAT,P100,N,2021-02-28,Y
PT93145,9N4101,CRANKSHAFT BEARING,Engine,Medium,64.79,EA,S002,P069,N,2022-11-04,Y
PT00366,6F 8470,CUTTING EDGE,Ground Engaging Tools,Medium,326.93,EA,S002,P003,N,2015-02-26,Y
PT03013,432-4783,CYLINDER HEAD,Engine,High,5518.52,EA,S002,P099,Y,2018-10-26,Y
PT04340,2X-0194,TIRE 29.5R25,Tires,High,16489.86,EA,S002,P117,N,2015-07-29,Y
PT02366,159-1107,BUCKET TOOTH RETAINER,Ground Engaging Tools,Low,10.07,EA,S026,P061,N,10/22/16,Y
PT03435,502-6511,Monitor  Display,Electrical,Medium,"$1,554.31",EA,S003,P111,N,2019-10-16,Y
PT00035,7X-5992,TRACK SHOE,Undercarriage,High,161.76,EA,S010,P067,N,2015-08-16,Y
PT02997,4N-1487,CYLINDER HEAD,Engine,,6020.16,EA,S002,P002,N,2015-12-30,Y
PT81479, 5W-0858,Wiring  Harness (SUPERSEDED),Electrical,Medium,417.63,EA,S003,P040,Y,2023-09-24,Y
PT02738,295 8042,TORQUE CONVERTER,Power Train,High,6021.45,EA,S001,P009,N,2020-10-30,Y
PT03718,337-2810,FAN BLADE,Cooling,Medium,348.36,EA,S001,P025,N,2019-06-28,Y
PT02435,6J-8612,SIDE CUTTER,Ground Engaging Tools,Medium,369.69,EA,S003,P124,N,2019-05-16,Y
PT02718,8B-1386,TORQUE CONVERTER,Power Train,High,7650.9,EA,S024,P082,N,2025-04-09,Y
PT01578,9W-1696,SENSOR SPEED,Electrical,Medium,136.42,Ea.,S002,P130,N,2019-12-31,Y
PT01411,439-8708,ALTERNATOR,Electrical,Medium,616.52,EA,S002,P048,N,2018-04-08,Y
PT00502,558-0010,ADAPTER,Ground Engaging Tools,Medium,152.09,EA,S026,P104,N,2017-01-04,Y
PT00616,3A-9212,HYDRAULIC HOSE ASSEMBLY,Hydraulics,High,213.89,EA,S031,P120,N,2024-05-14,Y
PT00640,6T-3397,HYDRAULIC HOSE ASSEMBLY,Hydraulics,High,125.99,EA,S001,P119,Y,2016-11-14,Y
PT03392,104-1677,ECM CONTROLLER,Electrical,High,1895.34,EA,S003,P096,Y,2023-06-09,Y
PT01939,2E-1253,TRACK PIN,Undercarriage,Medium,55.36,EA,S003,P094,N,2018-08-23,Y
PT00986,5R-0135,WATER PUMP,Engine,High,467.21,EA,S003,P051,N,2017-07-15,Y
PT02524,6E-6935,CONTROL VALVE,Hydraulics,High,5641.34,ea,S003,P129,N,2023-03-21,Y
PT01931,1X6863,TRACK PIN,Undercarriage,Medium,65.15,EA,S003,P039,N,20170501,Y
PT03331,1D-1635,ECM CONTROLLER,Electrical,High,4670.0,EA,S001,P113,Y,2022-10-28,Y
PT01701,111-9017,CAB AIR FILTER,Filters,Low,40.06,EA,S001,P054,N,2020-08-20,Y
PT01193,399-2527,GASKET KIT,Engine,Medium,267.36,EA,S002,P002,N,2018-12-22,Y
PT03978,460-2105,O-RING SEAL,Hardware,Low,2.69,EA,S002,P042,N,2015-07-28,Y
PT01573,3K-6199,SENSOR SPEED,Electrical,Medium,244.68,EA,S029,P088,Y,2017-04-10,Y
PT02653,248-3531,FINAL DRIVE,Power Train,High,14207.62,EA,S001,P089,N,2018-11-04,Y
PT02240,1J-5735,RIPPER SHANK,Ground Engaging Tools,Medium,1351.33,EA,S011,P034,N,2022-07-19,Y
PT03343,9R-3862,ECM CONTROLLER,Electrical,High,2685.57,EA,S002,P118,N,2018-12-02,Y
PT00839,535-9746,SEAL KIT,Hydraulics,Medium,111.64,EA,S003,P131,Y,2018-10-18,Y
PT02652,415 7032,FINAL DRIVE,,High,10364.88,EA,S003,P126,N,02-Aug-22,Y
PT00235,173-3605,IDLER GROUP,Undercarriage,High,2630.58,EA,S003,P005,N,2020-12-11,Y
PT00015,4R-5173,TRACK SHOE,Undercarriage,High,291.69,EA,S002,P055,N,2015-04-23,Y
PT01820,272-0382,RADIATOR,Cooling,High,2593.18,EA,S035,P029,N,2017-05-13,Y
PT03747,130-0851,COOLANT HOSE,Cooling,Low,53.1,EA,S035,P110,N,2016-04-24,Y
PT03097,472-6251,PISTON KIT,Engine,High,691.11,EA,S001,P117,N,2021-04-09,Y
PT00493,428-8354,END BIT,Ground Engaging Tools,Medium,197.25,EA,S003,P032,N,2016-10-01,Y
PT03991,1R-4328,O-RING SEAL,Hardware,Low,3.59,EA,S016,P079,N,2018-01-07,Y
PT02454,7A-9604,SIDE CUTTER,Ground Engaging Tools,Medium,232.85,EA,S001,P110,N,2017-12-04,Y
PT01444,3P-3960,STARTER MOTOR,,High,569.77,EA,S003,P106,Y,2018-05-27,Y
PT03342,401-2991,ECM CONTROLLER,Electrical,High,3220.2,EA,S002,P047,Y,2024-10-09,Y
PT03214,7L-6768,FUEL TRANSFER PUMP,Engine,High,732.06,EA,S002,P035,N,2024-04-22,Y
PT03070,2N-4357,PISTON KIT,Engine,,801.57,EA,S003,P039,N,2017-11-13,Y
PT03731,594-0745,COOLANT HOSE,Cooling,Low,72.96,EA,S001,P070,N,2018-01-06,Y
PT01445,8F-2986,STARTER MOTOR,Electrical,High,838.66,EA,S001,P109,N,2019-12-31,Y
PT02762,7T-6186,TORQUE CONVERTER,Power Train,High,13676.74,EA,S003,P115,N,2020-03-09,Y
PT01653,2V-2269,CAB AIR FILTER,,Low,31.57,EA,S002,P045,N,2023-04-05,Y
PT02770,2G-2549,TORQUE CONVERTER,Power Train,High,"$12,424.58",EA,S001,P057,N,2021-10-19,Y
PT01624,7K-3991,BATTERY,Electrical,Medium,336.57,EA,S002,P088,N,2017-11-24,Y
PT03776,489-9641,COOLANT HOSE,Cooling,Low,78.45,EA,S002,P016,N,2017-08-19,Y
PT00788,6G-1288,Seal  Kit,Hydraulics,Medium,116.77,EA,S002,P076,N,2023-07-08,Y
PT04154,9B-3690,Washer  Hard,Hardware,Low,1.55,EA,S003,P055,N,2020-08-05,Y
PT80459,369-5881,END BIT (SUPERSEDED),Ground Engaging Tools,Medium,155.55,EA,S003,P043,N,2023-07-22,Y
PT01879,6W-3769,THERMOSTAT,Cooling,Medium,78.81,EA,S003,P118,N,2021-09-28,Y
PT02554,2Y-5330,SWING MOTOR,Hydraulics,High,11282.3,EA,S002,P076,Y,2015-05-26,Y
PT02837,384-1694,AXLE SEAL,Power Train,Medium,133.1,EA,S025,P036,N,2021-03-14,Y
PT01141,590-0859,GASKET KIT,Engine,Medium,176.0,EA,S001,P120,Y,2017-01-30,Y
PT02406,9N-8801,SIDE CUTTER,Ground Engaging Tools,Medium,167.59,EA,S011,P037,N,2020-03-26,Y
PT02937,8X-4200,BRAKE DISC,Power Train,Medium,422.68,EA,S025,P070,N,2017-06-23,Y
PT04239,505-4009,WASHER HARD,Hardware,Low,1.0,EA,S002,P075,N,2024-10-18,Y
PT00848,278-4875,SEAL KIT,Hydraulics,Medium,101.29,EA,S001,P022,Y,2023-12-20,Y
PT04041,582-2566,O-RING SEAL,Hardware,Low,2.19,EA,S016,P008,N,2015-07-04,Y
PT03811,5I-9645,SEAT ASSEMBLY,Cab,Low,1598.76,EA,S002,P081,N,2015-11-25,Y
PT02909,6H 6411,BRAKE DISC,Power Train,Medium,468.59,EA,S003,P093,N,2022-03-22,Y
PT03480,336-1829,RELAY,Electrical,Low,17.45,EA,S001,P036,Y,2017-08-08,Y
PT01910,9I-7321,TRACK PIN,Undercarriage,Medium,62.79,EA,S009,P009,N,2023-11-30,Y
PT92424,2G6719,SIDE CUTTER,Ground Engaging Tools,,174.74,EA,S001,P090,N,2016-10-17,Y
PT01756,463-8547,TRANSMISSION FILTER,Filters,Medium,76.22,EA,S001,P116,N,2020-04-15,Y
PT82813,2K-3136,TRANSMISSION CLUTCH DISC (SUPERSEDED),Power Train,Medium,217.71,EA,S025,P008,N,2022-06-24,Y
PT91438,2167829,STARTER MOTOR,Electrical,High,856.63,EA,S034,P064,N,2022-04-01,Y
PT03453,144-8669,MONITOR DISPLAY,Electrical,Medium,1794.16,Ea.,S003,P133,Y,2021-08-03,Y
PT03550,450-8050,RELAY,Electrical,Low,,EA,S001,P029,N,2023-07-20,Y
PT03254,589-4886,FUEL TRANSFER PUMP,Engine,High,$593.73,EA,S003,P017,Y,2022-08-01,Y
PT00207,106-4895,IDLER GROUP,Undercarriage,High,1864.52,EA,S010,P022,N,2018-01-14,Y
PT00369,210-4985,CUTTING EDGE,Ground Engaging Tools,Medium,255.07,EA,S002,P042,N,2019-02-22,Y
PT01076, 253-4955,TURBOCHARGER,Engine,High,4620.1,EA,S003,P007,N,2016-03-11,Y
PT01696,3D-0644,CAB AIR FILTER,Filters,Low,69.95,EA,S003,P076,N,2016-08-24,Y
PT00362,290-6189,CUTTING EDGE,Ground Engaging Tools,Medium,238.02,EA,S026,P036,N,2016-03-03,Y
PT00966,296-5235,WATER PUMP,Engine,High,0,EA,S003,P065,N,2019-02-09,Y
PT03309,350-7316,ECM CONTROLLER,,High,1754.33,EA,S029,P080,Y,2020-03-17,Y
PT00992,169-9019,WATER PUMP,Engine,High,629.4,EA,S003,P094,Y,2019-08-25,Y
PT00594,394-1806,HYDRAULIC HOSE ASSEMBLY,Hydraulics,High,115.37,EA,S002,P017,N,2017-11-20,Y
PT00359,534-8508,CUTTING EDGE,Ground Engaging Tools,Medium,238.32,EA,S001,P118,N,2015-05-02,Y
PT02315,1N-2157,RIPPER TIP,Ground Engaging Tools,Medium,85.85,EA,S001,P062,N,2020-07-18,Y
PT83330,226 8887,ECM CONTROLLER (SUPERSEDED),Electrical,High,4625.91,EA,S002,P109,N,2020-11-28,Y
PT02124,5W 5535,CARRIER ROLLER,Undercarriage,High,432.5,EA,S001,P008,N,2019-06-07,Y
PT01054,1B-4263,WATER PUMP,Engine,High,603.04,EA,S001,P115,Y,2020-12-28,Y
PT00048,6N-2165,TRACK SHOE,Undercarriage,High,151.22,EA,S010,P010,N,2015-04-03,Y
PT01097,568-2572,TURBOCHARGER,Engine,,2097.73,EA,S003,P095,N,2019-02-02,Y
PT03360,4M-2807,ECM CONTROLLER,Electrical,High,4055.1,EA,S034,P029,N,2017-03-01,Y
PT04061,8H-4723,O-RING SEAL,Hardware,Low,3.57,EA,S003,P048,N,2023-08-09,Y
PT02261,344-6592,RIPPER TIP,,Medium,54.69,EA,S001,P023,N,2015-03-09,Y
PT03521,2U-6960,RELAY,Electrical,Low,37.74,EA,S002,P083,Y,2019-07-09,Y
PT93653,4590991,FAN BLADE,Cooling,Medium,211.37,EA,S035,P002,N,01/01/18,Y
PT04254,423-2904,TIRE 29.5R25,Tires,High,16928.4,EA,S002,P056,N,2018-07-18,Y
PT02518,4X-6389,CONTROL VALVE,Hydraulics,,6570.09,EA,S031,P107,Y,2020-01-14,Y
PT03908,1R-2420,WINDOW GLASS,Cab,Low,752.58,EA,S001,P086,N,2018-10-09,Y
PT03554,3Y 7343,WORK LIGHT LED,Electrical,Low,313.82,EA,S034,P023,Y,2019-02-11,Y
PT01873,477-5932,THERMOSTAT,Cooling,Medium,30.42,EA,S003,P027,N,2022-03-08,Y
PT00768,5S-5131,SEAL KIT,Hydraulics,,66.63,EA,S003,P042,N,2019-09-30,Y
PT03625,485-6256,FAN BLADE,,Medium,231.62,EA,S001,P093,N,2016-09-28,Y
PT00136,4X-2535,TRACK ROLLER,,High,344.89,EA,CAT,P089,N,2015-05-28,Y
PT02265,394-6636,RIPPER TIP,Ground Engaging Tools,Medium,86.31,EA,S011,P120,N,2021-02-19,Y
PT01378,226-7275,ALTERNATOR,Electrical,Medium,666.26,EA,S002,P054,N,2024-06-06,Y
PT81841,1W6980,RADIATOR (SUPERSEDED),Cooling,High,3992.02,EA,S002,P003,N,2023-03-19,Y
PT02793,511-0202,Transmission  Clutch Disc,Power Train,Medium,107.6,EA,S025,P126,N,2019-12-01,Y
PT04013,361-7574,O-RING SEAL,Hardware,Low,3.29,EA,S016,P037,N,2016-01-07,Y
PT01745,6V-2966,TRANSMISSION FILTER,Filters,Medium,37.95,EA,S006,P001,N,2017-08-18,Y
PT01875,8F-3762,THERMOSTAT,Cooling,Medium,69.31,EA,S002,P073,N,2016-05-10,Y
PT02369,476-8638,BUCKET TOOTH RETAINER,Ground Engaging Tools,Low,4.94,EA,S003,P088,N,2025-04-10,Y
PT00859,4M-9834,HYDRAULIC CYLINDER,Hydraulics,High,2091.53,EA,S003,P017,N,2019-07-28,Y
PT02775,7J-2643,TRANSMISSION CLUTCH DISC,Power Train,Medium,148.57,EA,S002,P131,N,2020-06-15,Y
PT00353,271-5490,CUTTING EDGE,Ground Engaging Tools,Medium,524.5,EA,S003,P040,N,2019-05-12,Y
PT03542,6S-6767,RELAY,Electrical,Low,,EA,S001,P005,N,2021-09-17,Y
PT04238,590-6983,WASHER HARD,Hardware,Low,1.75,EA,S001,P042,N,2020-04-28,Y
PT00215,3K-8529,IDLER GROUP,Undercarriage,High,1779.24,EA,S001,P071,N,2023-12-08,Y
PT02947,8B-0353,CYLINDER HEAD,Engine,High,3490.02,EA,S002,P094,N,2016-08-02,Y
PT03852,8T-9176,WINDOW GLASS,Cab,Low,445.96,EA,S002,P080,N,2016-06-03,Y
PT01342,159-8870,ALTERNATOR,Electrical,Medium,433.88,EA,S003,P078,N,2021-12-19,Y
PT04249,8G-0883,TIRE 29.5R25,Tires,High,11690.18,EA,S001,P034,N,2018-07-23,Y
PT00272,5C-5055,SPROCKET SEGMENT,Undercarriage,High,432.98,EA,S001,P039,N,2019-01-05,Y
PT00365,394-1655,CUTTING EDGE,Ground Engaging Tools,Medium,257.59,EA,S001,P109,N,2021-02-08,Y
PT03095,544-7998,PISTON KIT,Engine,High,1396.36,EA,S001,P046,Y,2021-02-23,Y
PT00373,514-9557,CUTTING EDGE,Ground Engaging Tools,Medium,539.68,EA,S026,P026,N,2022-06-20,Y
PT00913,7G 7995,FUEL INJECTOR,Engine,High,1085.84,EA,S003,P042,Y,2017-03-19,Y
PT03922,205-9950,MIRROR,Cab,Low,108.33,EA,S003,P045,N,2017-05-02,Y
PT01864,100-8428,THERMOSTAT,Cooling,,73.7,EA,S001,P104,N,2019-05-16,Y
PT01486,480-3657,WIRING HARNESS,Electrical,Medium,663.78,EA,S034,P010,N,2020-08-06,Y
PT00830,8V-2072,SEAL KIT,Hydraulics,Medium,-80.08,EA,S001,P053,N,20250520,Y
PT03590,541-3175,WORK LIGHT LED,Electrical,Low,235.21,EA,S001,P112,Y,2018-06-27,Y
PT04015,434-5962,O-RING SEAL,Hardware,Low,3.04,EA,S016,P057,N,2017-10-31,Y
PT01239,5P-0030,V-BELT,Engine,Low,26.9,EA,S003,P120,Y,2022-04-06,Y
PT03062, 557-9170,PISTON KIT,Engine,High,1097.01,EA,S003,P060,N,20241206,Y
PT01186,5N-0807,GASKET KIT,Engine,Medium,279.34,EA,S001,P078,N,2021-11-07,Y
PT00178,7G-8873,TRACK ROLLER,Undercarriage,High,373.69,EA,S003,P098,N,2018-07-08,Y
PT03999, 285-5339,O-RING SEAL,Hardware,Low,$2.48,EA,S002,P026,N,17-Apr-17,Y
PT02701,9G-4052,TRAVEL MOTOR,Power Train,High,14317.5,EA,S003,P069,N,2020-04-29,Y
PT03439,3J-2351,Monitor  Display,Electrical,Medium,-1427.17,EA,S034,P086,Y,2024-09-21,Y
PT00721,308-5832,HYDRAULIC PUMP,Hydraulics,High,9364.73,EA,S001,P039,Y,2015-01-01,Y
PT00016,126-8129,TRACK SHOE,Undercarriage,High,213.88,EA,,P036,N,2024-11-09,Y
PT93912,3580218,WINDOW GLASS,Cab,Low,598.67,EA,S030,P121,N,2021-06-13,Y
PT00192,5C-8393,IDLER GROUP,Undercarriage,High,2482.3,EA,S002,P058,N,2024-10-25,Y
PT00876,6L-8100,HYDRAULIC CYLINDER,Hydraulics,High,2886.49,EA,S003,P008,Y,2020-07-03,Y
PT02388,5H-4824,BUCKET TOOTH RETAINER,Ground Engaging Tools,Low,5.77,EA,S011,P001,N,2022-05-17,Y
PT00292,478-4166,SPROCKET SEGMENT,Undercarriage,High,323.71,EA,S010,P062,N,07/20/2024,Y
PT04003,5P-6324,O-RING SEAL,Hardware,Low,1.84,EA,S001,P011,N,2016-11-06,Y
PT02397,0545-9864,BUCKET TOOTH RETAINER,Ground Engaging Tools,Low,5.91,EA,S001,P121,N,2023-08-01,Y
PT01537,9B-9233,SENSOR SPEED,Electrical,Medium,182.47,EA,S001,P072,Y,2020-07-15,Y
PT00251,403-6539,Idler  Group,Undercarriage,High,2693.27,EA,S010,P111,N,2015-02-26,Y
PT04138,522-8735,HEX BOLT,,Low,5.52,EA,S002,P034,N,2016-09-24,Y
PT02705,5L-2445,TRAVEL MOTOR,Power Train,High,17394.41,EA,S003,P126,N,2021-12-11,Y
PT00005,1R-0716,ENGINE OIL FILTER,Filters,High,31.0,EA,S002,P005,N,2019-04-11,Y
PT00592,1V-7222,HYDRAULIC HOSE ASSEMBLY,,High,156.14,EA,S002,P065,N,2017-02-06,Y
PT01723,473-1556,Cab  Air Filter,Filters,Low,49.89,EA,S001,P095,N,2021-06-08,Y
PT01905,3E 6858,TRACK PIN,Undercarriage,Medium,59.65,EA,S001,P102,N,2025-01-08,Y
PT02930,1Y-4239,BRAKE DISC,Power Train,Medium,408.17,EA,S002,P104,N,2025-01-29,Y
PT01398,241-8680,ALTERNATOR,Electrical,Medium,730.75,EA,S015,P049,Y,2020-11-26,Y
PT01887,4P-6942,THERMOSTAT,Cooling,Medium,74.66,EA,S001,P067,N,2015-08-03,Y
PT03228,319-5028,FUEL TRANSFER PUMP,Engine,High,385.56,EA,S003,P044,N,2017-02-17,Y
PT01256,9V-6676,V-BELT,Engine,Low,18.33,EA,S003,P025,N,2015-12-01,Y
PT04173,543-5720,WASHER HARD,Hardware,Low,0.86,EA,S003,P126,N,2016-05-24,Y
PT03879,5H-7330,WINDOW GLASS,Cab,Low,639.1,EA,S003,P108,N,2023-03-30,Y
PT01856,2Y-6576,THERMOSTAT,Cooling,Medium,50.57,EA,S003,P053,N,2020-01-01,Y
PT03745,6U-0454,COOLANT HOSE,Cooling,Low,72.16,EA,S002,P074,N,2021-02-22,Y
PT00684,9G-3615,HYDRAULIC PUMP,,High,6680.14,EA,S003,P008,N,2018-09-28,Y
PT84352,109-1354,TIRE 29.5R25 (SUPERSEDED),Tires,High,16096.08,EA,S003,P058,N,2017-07-17,Y
PT03639,2G-6633,FAN BLADE,Cooling,Medium,243.92,EA,S035,P080,N,2025-01-05,Y
PT01660,567-9985,CAB AIR FILTER,Filters,Low,54.99,EA,S021,P095,N,2022-10-04,Y
PT03884,536-8320,WINDOW GLASS,Cab,Low,273.07,EA,S002,P045,N,2024-08-20,Y
PT03913,4U-4020,WINDOW GLASS,Cab,Low,409.4,EA,S003,P078,N,2017-12-26,Y
PT00679,2C-5386,HYDRAULIC PUMP,Hydraulics,High,4383.08,EA,S003,P077,Y,2017-05-27,Y
PT01878,8I7548,THERMOSTAT,Cooling,Medium,67.65,EA,S003,P117,N,2022-02-21,Y
PT01379, 3L-5456,ALTERNATOR,Electrical,Medium,952.12,EA,S034,P001,N,2023-03-28,Y
PT03857,387-6528,WINDOW GLASS,Cab,Low,519.93,EA,S036,P066,N,2018-05-06,Y
PT04186,5L-4209,WASHER HARD,Hardware,Low,0.7,EA,S016,P095,N,2023-12-05,Y
PT00633,2M-9933,HYDRAULIC HOSE ASSEMBLY,Hydraulics,High,147.9,EA,S023,P095,Y,2022-10-14,Y
PT01793,491-2264,TRANSMISSION FILTER,Filters,Medium,99.51,EA,S003,P004,N,2018-11-04,Y
PT03455,108-9910,MONITOR DISPLAY,Electrical,Medium,2212.13,EA,S002,P053,Y,2023-10-07,Y
PT02036,1T-8929,CARRIER ROLLER,Undercarriage,High,521.99,EA,S010,P053,N,2016-03-01,Y
PT01033,8P-7012,WATER PUMP,Engine,High,-419.99,EA,S003,P041,N,08/05/2016,Y
PT00301,5D-3734,SPROCKET SEGMENT,Undercarriage,High,401.77,EA,S009,P033,N,2020-06-24,Y
PT90377,5271509,CUTTING EDGE,Ground Engaging Tools,Medium,310.47,EA,S002,P117,N,2021-03-06,Y
PT00875,497-7219,HYDRAULIC CYLINDER,Hydraulics,High,4259.12,EA,S003,P075,Y,2024-05-09,Y
PT03924,1F-2198,MIRROR,Cab,Low,125.46,EA,S030,P034,N,2017-08-04,Y
PT00834,3D 9727,SEAL KIT,Hydraulics,Medium,94.5,EA,S001,P045,Y,2019-06-17,Y
PT03391,495-4362,ECM CONTROLLER,Electrical,High,2925.84,EA,S099,P102,N,2015-10-07,Y
PT02216,175-7695,RIPPER SHANK,Ground Engaging Tools,Medium,951.62,EA,S002,P131,N,2018-12-20,Y
PT02370,3A-4292,BUCKET TOOTH RETAINER,Ground Engaging Tools,Low,6.78,EA,S003,P118,N,2019-02-06,Y
PT02654,4B-5113,FINAL DRIVE,Power Train,High,25093.87,EA,S002,P109,N,2022-05-24,Y
PT04128,553-6981,Hex  Bolt,Hardware,,5.7,EA,S003,P070,N,2021-01-28,Y
PT03056,1J-3702,PISTON KIT,Engine,,1077.62,EA,S001,P033,N,2017-10-02,Y
PT00597,1J-5650,HYDRAULIC HOSE ASSEMBLY,Hydraulics,High,212.04,EA,CAT,P017,N,2019-04-14,Y
PT01283,2Y-9717,V-BELT,Engine,Low,24.07,EA,S002,P040,Y,2017-02-05,Y
PT01988,112-9095,TRACK BUSHING,Undercarriage,Medium,72.25,EA,S003,P055,N,2016-08-01,Y
PT02055,8A-3079,CARRIER ROLLER,Undercarriage,High,574.42,EA,S002,P089,N,2020-03-02,Y
PT01372,358-5630,ALTERNATOR,Electrical,Medium,543.47,EA,S029,P014,N,2015-05-27,Y
PT02918,1P-8456,BRAKE DISC,Power Train,Medium,463.95,EA,S025,P070,N,2020-07-29,Y
PT02520,6v-8234,CONTROL VALVE,Hydraulics,High,6696.29,EA,S003,P112,N,2018-07-01,Y
PT03454,434-7043,MONITOR DISPLAY,Electrical,Medium,864.59,EA,S001,P070,Y,2020-10-14,Y
PT02219,7H-9774,RIPPER SHANK,Ground Engaging Tools,Medium,1192.01,EA,S003,P002,N,20180810,Y
PT00725,7H-7085,HYDRAULIC PUMP,Hydraulics,High,8525.14,EA,S002,P124,Y,2017-06-25,Y
PT00553,5L-3208,ADAPTER,Ground Engaging Tools,Medium,134.26,EA,S011,P008,N,2017-02-23,Y
PT01483,219-8367,WIRING HARNESS,Electrical,Medium,702.42,EA,S002,P029,Y,2016-03-06,Y
PT03896,9T-4316,WINDOW GLASS,Cab,Low,546.73,EA,S030,P088,N,2019-07-12,Y
PT01443,525-0960,STARTER MOTOR,Electrical,High,1321.98,EA,S003,P016,N,2024-10-20,Y
PT00324,6W-6248,TRACK LINK ASSEMBLY,Undercarriage,High,8696.24,EA,S001,P056,N,12/30/23,Y
PT03819,431-9668,SEAT ASSEMBLY,Cab,Low,732.79,EA,S001,P012,N,2021-10-27,Y
PT02656,6D-3618,FINAL DRIVE,Power Train,High,9398.58,EA,S025,P109,N,2022-01-08,Y
PT01979,502-5624,TRACK BUSHING,Undercarriage,Medium,58.09,EA,S001,P040,N,2021-04-14,Y
PT04083,9H-2078,HEX BOLT,Hardware,Low,5.91,EA,S002,P034,N,2017-02-12,Y
PT01618,306-5701,BATTERY,Electrical,Medium,180.04,EA,S001,P035,Y,2020-04-13,Y
PT03958,7G-6787,O-RING SEAL,Hardware,Low,2.99,EA,S002,P072,N,2020-02-03,Y
PT91060,3181253,WATER PUMP,Engine,High,506.66,EA,S003,P013,N,2018-03-23,Y
PT00173,139-3275,TRACK ROLLER,Undercarriage,High,603.75,EA,S001,P112,N,2019-12-18,Y
PT03527,1D-7993,RELAY,Electrical,Low,0,EA,S099,P090,Y,06-Mar-25,Y
PT03191,4P-1833,Fuel  Transfer Pump,Engine,High,641.87,EA,S001,P066,N,2019-07-23,Y
PT01992,2M-2355,TRACK BUSHING,Undercarriage,Medium,68.92,EA,S003,P107,N,2025-04-27,Y
PT02668,7W-7750,FINAL DRIVE,Power Train,High,21704.58,EA,S025,P056,N,2021-11-23,Y
PT04325,342-5195,TIRE 29.5R25,Tires,High,15705.21,EA,S001,P110,N,2022-12-23,Y
PT00302,240-7856,SPROCKET SEGMENT,,High,276.62,EA,S003,P007,N,2016-10-16,Y
PT01857,6W-1050,THERMOSTAT,Cooling,,37.11,EA,S035,P119,N,2022-04-03,Y
PT03721,148-4138,FAN BLADE,Cooling,Medium,324.76,EA,S003,P113,N,2024-11-05,Y
PT02321,534-3121,BUCKET TOOTH RETAINER,Ground Engaging Tools,Low,8.46,EA,S026,P129,N,2016-10-30,Y
PT03723, 141-4173,FAN BLADE,Cooling,Medium,297.99,EA,S035,P065,N,2016-10-12,Y
PT04166,8G-1204,WASHER HARD,Hardware,Low,1.2,EA,S003,P006,N,2015-09-18,Y
PT00281,489-3799,SPROCKET SEGMENT,Undercarriage,High,411.65,EA,S001,P099,N,2024-08-06,Y
PT91835,1858970,RADIATOR,Cooling,High,4128.57,EA,S099,P104,N,2017-02-17,Y
PT90131,1435378,TRACK ROLLER,Undercarriage,High,676.74,EA,S003,P066,N,2016-07-25,Y
PT01363,506-0532,ALTERNATOR,Electrical,Medium,663.83,EA,S002,P034,N,2022-07-01,Y
PT02468,353-2779,CONTROL VALVE,Hydraulics,High,5546.6,EA,S022,P041,N,2019-08-18,Y
PT03795,9S-6013,SEAT ASSEMBLY,Cab,Low,1863.57,EA,S003,P112,N,09/19/19,Y
PT00411,9X-1309,CUTTING EDGE,Ground Engaging Tools,Medium,-555.57,EA,S002,P027,N,2017-07-21,Y
PT02560,3X-2499,Swing  Motor,Hydraulics,High,8633.33,EA,S001,P080,Y,2023-05-17,Y
PT03666,8A-3426,FAN BLADE,Cooling,Medium,369.57,EA,S035,P023,N,2018-11-30,Y
PT01554,288-8497,SENSOR SPEED,Electrical,Medium,178.73,EA,S003,P013,Y,2023-10-17,Y
PT02932,9P-7638,BRAKE DISC,Power Train,Medium,$490.98,EA,S003,P086,N,2025-04-26,Y
PT04052,401-3475,O-RING SEAL,Hardware,Low,2.27,EA,S016,P125,N,2024-02-20,Y
PT01895,6P-4185,THERMOSTAT,Cooling,Medium,44.09,EA,S099,P108,N,2018-04-13,Y
PT01446,5R-5378,STARTER MOTOR,Electrical,High,862.15,EA,S003,P130,Y,2022-04-05,Y
PT03597,6G-1548,WORK LIGHT LED,Electrical,Low,137.51,EA,S001,P028,Y,2022-02-19,Y
PT03586,251-4099,WORK LIGHT LED,Electrical,Low,216.71,EA,S034,P049,Y,2020-08-17,Y
PT01055,2C-0981,WATER PUMP,,High,771.02,EA,S003,P130,N,2020-11-01,Y
PT03716,6I-4165,FAN BLADE,Cooling,Medium,420.31,EA,S003,P045,N,2015-11-14,Y
PT00291,537-6108,SPROCKET SEGMENT,Undercarriage,High,177.52,EA,S010,P083,N,2021-01-20,Y
PT02792,445-3228,TRANSMISSION CLUTCH DISC,Power Train,Medium,157.04,EA,S024,P109,N,2019-09-25,Y
PT01809,6M-4850,RADIATOR,Cooling,High,2255.86,EA,S003,P044,N,2021-05-09,Y
PT01312, 6F-6578,V-BELT,Engine,Low,43.54,EA,S001,P062,Y,2021-12-21,Y
PT02910,561-4569,BRAKE DISC,Power Train,Medium,509.66,EA,S002,P110,N,2018-09-12,Y
PT01286,3A-1220,V-BELT,Engine,Low,25.57,EA,S002,P030,N,2015-06-12,Y
PT02891,599-2404,AXLE SEAL,Power Train,Medium,120.83,EA,S003,P028,N,2021-05-27,Y
PT01850,367 1004,RADIATOR,Cooling,High,3731.23,EA,S002,P033,N,2017-09-09,Y
PT82506,4R-6738,CONTROL VALVE (SUPERSEDED),Hydraulics,High,-7233.28,EA,S023,P068,N,2015-07-26,Y
PT03512,6U-6070,RELAY,Electrical,Low,21.48,EA,S034,P121,Y,2015-06-30,Y
PT03889,1W-3020,WINDOW GLASS,Cab,Low,736.56,EA,S001,P022,N,07/13/2022,Y
PT02482,9P-9526,CONTROL VALVE,Hydraulics,High,4696.68,EA,S001,P122,Y,2022-02-22,Y
PT00945,578-7025,WATER PUMP,Engine,High,0,EA,S001,P086,Y,2024-04-11,Y
PT00909,6N-3985,FUEL INJECTOR,,High,456.74,EA,S001,P116,N,2024-09-16,Y
PT03211,311-1975,FUEL TRANSFER PUMP,,High,528.89,EA,S001,P099,N,2019-07-31,Y
PT01422,8K-7528,STARTER MOTOR,Electrical,High,751.33,EA,S001,P065,N,2019-05-08,Y
PT01347,394-7744,ALTERNATOR,Electrical,Medium,653.09,EA,S001,P061,N,2017-12-07,Y
PT01751,492-1705,TRANSMISSION FILTER,Filters,Medium,40.91,EA,S001,P067,N,2016-08-14,Y
PT01094,2T-0672,TURBOCHARGER,Engine,High,4288.54,EA,S001,P117,Y,20181113,Y
PT00801,342-3055,SEAL KIT,Hydraulics,Medium,93.94,EA,S031,P009,N,02/02/24,Y
PT04334,196-3827,TIRE 29.5R25,Tires,High,6823.46,ea,S003,P088,N,2023-04-10,Y
PT00103,0131-6118,TRACK ROLLER,Undercarriage,,316.99,EA,S003,P107,N,2020-06-09,Y
PT03338,205-9095,ECM CONTROLLER,Electrical,,1573.09,EA,S001,P022,N,2016-07-28,Y
PT00153,367-3564,TRACK ROLLER,Undercarriage,High,746.39,EA,S003,P038,N,2015-04-23,Y
PT04127,342-1694,HEX BOLT,Hardware,Low,4.7,EA,S016,P066,N,2023-06-30,Y
PT03209,6S-6948,FUEL TRANSFER PUMP,,High,618.51,EA,S003,P124,N,2019-11-11,Y
PT02807,126-8291,TRANSMISSION CLUTCH DISC,Power Train,Medium,192.63,EA,S002,P047,N,2023-05-01,Y
PT01380,540-6951,ALTERNATOR,Electrical,Medium,769.07,EA,S002,P100,Y,2022-07-22,Y
PT01255,8H-6029,V-BELT,Engine,Low,46.34,EA,S002,P056,N,2024-02-25,Y
PT00682,278-9183,HYDRAULIC PUMP,Hydraulics,High,8746.06,EA,S007,P118,Y,2021-09-06,Y
PT00485,3A-7154,END BIT,Ground Engaging Tools,Medium,132.6,EA,CAT,P038,N,2023-08-23,Y
PT01693,480-8325,CAB AIR FILTER,Filters,Low,60.45,EA,S021,P115,N,2023-07-16,Y
PT00149,307-3127,TRACK ROLLER,Undercarriage,High,657.64,EA,S001,P064,N,2015-10-07,Y
PT00964,147-0914,WATER PUMP,Engine,High,629.35,EA,S001,P105,Y,2022-09-06,Y
PT03970,358 6681,O-RING SEAL,Hardware,Low,2.8,EA,S002,P068,N,2019-02-11,Y
PT01121,8U-1414,TURBOCHARGER,Engine,High,4335.23,EA,S001,P067,N,2024-06-14,Y
PT03341,176-0971,ECM CONTROLLER,Electrical,High,3485.88,EA,S002,P109,N,2021-08-12,Y
PT04358,178-6399,TIRE 29.5R25,Tires,High,10239.71,EA,S002,P128,N,2021-11-05,Y
PT03078, 3R-3413,PISTON KIT,Engine,High,1370.21,EA,S003,P132,Y,2017-02-21,Y
PT03290,1A-6138,FUEL TRANSFER PUMP,Engine,High,735.01,EA,S001,P095,N,2025-04-08,Y
PT90608,1X8486,HYDRAULIC HOSE ASSEMBLY,Hydraulics,High,114.07,EA,S023,P016,N,2022-08-26,Y
PT04204,8F-7713,WASHER HARD,Hardware,Low,0.69,EA,S001,P028,N,2018-11-06,Y
PT03037,387-7824,PISTON KIT,Engine,High,547.93,EA,S002,P075,Y,2015-10-10,Y
PT03217,598-1113,FUEL TRANSFER PUMP,Engine,High,711.52,EA,S002,P019,Y,2021-10-05,Y
PT00912,191-6789,FUEL INJECTOR,Engine,High,463.38,EA,S003,P075,Y,2015-10-15,Y
PT04035,3795294,O-RING SEAL,Hardware,Low,2.54,EA,CAT,P051,N,2015-05-12,Y
PT02448,286-8338,SIDE CUTTER,Ground Engaging Tools,Medium,327.21,EA,S002,P002,N,2016-01-18,Y
PT03797,1W-8680,SEAT ASSEMBLY,Cab,Low,1045.71,EA,S036,P015,N,2019-03-18,Y
PT02473,595-7897,CONTROL VALVE,Hydraulics,High,5165.88,EA,S001,P011,N,2017-10-03,Y
PT02117,2W-7320,CARRIER ROLLER,Undercarriage,High,321.34,EA,S009,P095,N,2016-10-12,Y
PT01590,8A-9900,BATTERY,Electrical,Medium,363.53,EA,S001,P011,N,2022-11-29,Y
PT01569,2I-1991,SENSOR SPEED,Electrical,Medium,185.52,EA,S029,P113,Y,2023-09-22,Y
PT01472,488-7793,STARTER MOTOR,Electrical,High,1341.67,EA,S099,P071,N,2017-04-27,Y
PT00921,9K-4386,FUEL INJECTOR,Engine,High,828.21,EA,S001,P014,Y,2017-08-25,Y
PT92942,5378640,BRAKE DISC,Power Train,Medium,238.55,EA,S003,P030,N,2018-11-24,Y
PT04141,249-5894,WASHER HARD,Hardware,Low,1.54,EA,S016,P088,N,2021-11-17,Y
PT03893,7I-2362,WINDOW GLASS,Cab,,506.88,EA,S003,P103,N,2020-04-13,Y
PT01676,346-8694,CAB AIR FILTER,Filters,Low,49.34,EA,S002,P063,N,2017-09-22,Y
PT00822,492-6079,SEAL KIT,Hydraulics,Medium,84.74,EA,S031,P009,N,2024-02-07,Y
PT00386,7E 9446,CUTTING EDGE,,Medium,391.14,EA,S003,P055,N,2019-12-29,Y
PT02291,179-7355,RIPPER TIP,,Medium,54.35,EA,S003,P122,N,2024-12-26,Y
PT00906,7K6840,FUEL INJECTOR,Engine,High,657.37,EA,S002,P058,N,2020-11-26,Y
PT01328,5C-2122,V-BELT,Engine,Low,25.32,EA,,P097,N,2023-10-16,Y
PT00347,9K-6934,TRACK LINK ASSEMBLY,Undercarriage,High,4999.44,EA,S009,P027,N,2022-06-02,Y
PT01394,349-5115,ALTERNATOR,Electrical,Medium,613.76,EA,S001,P070,Y,2023-08-26,Y
PT03135,372-5298,CRANKSHAFT BEARING,Engine,Medium,96.12,EA,S001,P132,Y,2015-07-02,Y
PT01110,500-9148,TURBOCHARGER,Engine,High,4322.1,EA,S001,P001,Y,2019-05-28,Y
PT03353,332-6639,ECM CONTROLLER,Electrical,High,2077.99,EA,S002,P080,N,2025-04-25,Y
PT03654,360-7017,FAN BLADE,Cooling,Medium,172.11,EA,S003,P041,N,2023-01-13,Y
PT03376,537-0034,ECM CONTROLLER,Electrical,High,1750.8,EA,S015,P071,N,2024-02-23,Y
PT03265,4R-8090,Fuel  Transfer Pump,Engine,High,595.33,EA,S001,P073,Y,2024-06-30,Y
PT02175,496-4225,RIPPER SHANK,Ground Engaging Tools,Medium,1377.6,EA,S011,P049,N,2021-12-23,Y
PT00604,304-7295,HYDRAULIC HOSE ASSEMBLY,Hydraulics,High,73.69,EA,S022,P031,N,2024-04-21,Y
PT02893,540-7606,AXLE SEAL,Power Train,Medium,64.31,EA,S003,P091,N,2023-05-07,Y
PT00072,302-3910,TRACK SHOE,Undercarriage,High,201.74,EA,S003,P130,N,2021-10-22,Y
PT00796,141-4252,SEAL KIT,Hydraulics,Medium,101.87,EA,S001,P021,N,2015-06-15,Y
PT01383,0227-1231,ALTERNATOR,Electrical,Medium,1037.28,EA,S003,P101,Y,2018-08-16,Y
PT01210,289-1122,GASKET KIT,Engine,Medium,125.41,EA,S003,P130,N,2017-08-21,Y
PT91381,8T6502,ALTERNATOR,Electrical,,386.07,EA,S029,P065,N,2025-03-12,Y
PT00331,172-2958,TRACK LINK ASSEMBLY,Undercarriage,High,6448.7,EA,S001,P113,N,2015-11-28,Y
PT00842,167-6181,SEAL KIT,Hydraulics,Medium,111.82,EA,S003,P085,N,2021-05-12,Y
PT83552,424-3243,WORK LIGHT LED (SUPERSEDED),Electrical,Low,251.92,EA,S034,P072,Y,2019-05-09,Y
PT02312,4I-6960,RIPPER TIP,Ground Engaging Tools,Medium,76.6,EA,S011,P071,N,2023-07-30,Y
PT03025,284-5840,PISTON KIT,Engine,High,913.91,EA,S003,P013,Y,2017-08-15,Y
PT02032,2D-2469,CARRIER ROLLER,Undercarriage,High,239.82,EA,S009,P048,N,2022-08-16,Y
PT01360,194-7275,ALTERNATOR,Electrical,Medium,417.06,EA,S003,P127,Y,2016-12-01,Y
PT03995,493-3772,O-RING SEAL,Hardware,Low,2.08,ea,S016,P063,N,2021-02-06,Y
PT03629,312-0925,FAN BLADE,Cooling,Medium,262.43,EA,S003,P004,N,2016-11-04,Y
PT04190,8H-9735,WASHER HARD,Hardware,,1.07,EA,S003,P119,N,2017-07-24,Y
PT01615,8X-0434,BATTERY,Electrical,Medium,332.27,EA,S001,P085,N,2022-05-05,Y
PT00298,101-5516,SPROCKET SEGMENT,Undercarriage,High,160.1,EA,S001,P073,N,2018-03-03,Y
PT01700,168-0107,CAB AIR FILTER,Filters,Low,28.43,EA,S003,P124,N,2021-01-26,Y
PT01881,489-2736,THERMOSTAT,Cooling,Medium,48.76,EA,S001,P080,N,2022-01-28,Y
PT04313,2R-6607,TIRE 29.5R25,Tires,High,15765.43,EA,S002,P009,N,2020-04-27,Y
PT81004,149-6298,WATER PUMP (SUPERSEDED),Engine,High,618.63,EA,S003,P030,N,2022-08-15,Y
PT01635,8A-1665,BATTERY,Electrical,Medium,362.55,EA,S003,P133,Y,2022-04-22,Y
PT03281,5G-8360,FUEL TRANSFER PUMP,Engine,High,761.22,EA,S003,P054,N,2015-12-09,Y
PT93035,1S2447,PISTON KIT,Engine,High,0,EA,S001,P081,Y,2022-05-05,Y
PT03865,8Y-5951,WINDOW GLASS,Cab,Low,290.08,EA,S001,P096,N,2016-08-15,Y
PT02593,4V-1282,SWING MOTOR,Hydraulics,High,5406.65,EA,S022,P090,N,2022-07-03,Y
PT01744,6Y-5381,TRANSMISSION FILTER,Filters,Medium,101.59,EA,S003,P053,N,2019-02-22,Y
PT00039,376-4526,TRACK SHOE,Undercarriage,High,320.7,EA,S001,P030,N,2023-03-07,Y
PT00970,7V-2838,WATER PUMP,Engine,High,795.83,EA,S002,P074,Y,2016-03-22,Y
PT90290,3H3713,SPROCKET SEGMENT,Undercarriage,High,210.62,EA,S009,P014,N,2022-03-05,Y
PT03562,0102-1209,WORK LIGHT LED,Electrical,Low,178.85,EA,S034,P010,N,11/06/2024,Y
PT02542,9E-4438,CONTROL VALVE,Hydraulics,High,6708.38,EA,S007,P057,N,2021-11-23,Y
PT01947,9Y-8852,TRACK PIN,Undercarriage,Medium,68.74,EA,S001,P043,N,2021-12-06,Y
PT03876,2I-8651,WINDOW GLASS,Cab,Low,600.26,EA,S002,P095,N,2023-06-29,Y
PT00514,496-8173,ADAPTER,Ground Engaging Tools,Medium,155.0,EA,S002,P040,N,2020-11-29,Y
PT00483,536-5151,END BIT,Ground Engaging Tools,Medium,116.63,EA,S003,P067,N,2017-07-25,Y
PT02250,7S5225,RIPPER TIP,Ground Engaging Tools,Medium,80.57,EA,S002,P078,N,2023-06-16,Y
PT03927,568-0290,MIRROR,Cab,Low,57.02,Ea.,S001,P092,N,2025-04-10,Y
PT02968,278-8375,CYLINDER HEAD,Engine,High,2601.91,EA,S003,P050,N,2023-05-23,Y
PT03856,593-2563,WINDOW GLASS,Cab,Low,565.94,EA,S002,P081,N,2020-07-28,Y
PT03737,124-3800,COOLANT HOSE,Cooling,Low,53.02,EA,S001,P095,N,2018-07-31,Y
PT02347,1V-1395,BUCKET TOOTH RETAINER,Ground Engaging Tools,Low,9.96,EA,S002,P125,N,2018-06-21,Y
PT93266,9A1491,FUEL TRANSFER PUMP,Engine,High,688.98,EA,S001,P113,Y,2024-06-04,Y
PT00278,3H-4957,SPROCKET SEGMENT,Undercarriage,High,$406.94,EA,S010,P097,N,2023-06-13,Y
PT00003,1R-0739,ENGINE OIL FILTER,Filters,High,29.0,EA,S002,P110,N,2023-08-21,Y
PT03566,3S-2728,WORK LIGHT LED,Electrical,Low,315.1,EA,S029,P099,N,2024-06-05,Y
PT01818,3N-9221,RADIATOR,Cooling,High,1490.03,EA,S001,P056,N,2015-09-05,Y
PT02782,131-5579,TRANSMISSION CLUTCH DISC,Power Train,,223.98,EA,S002,P084,N,2017-05-28,Y
PT01828,570-6191,Radiator,Cooling,High,3695.61,EA,S003,P120,N,2019-06-25,Y
PT82279,516-9718,RIPPER TIP (SUPERSEDED),Ground Engaging Tools,Medium,52.03,ea,S003,P029,N,2024-03-15,Y
PT04245,302-6855,TIRE 29.5R25,Tires,High,16333.68,EA,S002,P100,N,2020-01-15,Y
PT01301,252-1788,V-BELT,Engine,Low,36.58,EA,S001,P055,N,2024-04-06,Y
PT01870,142-0879,THERMOSTAT,Cooling,Medium,47.67,EA,S002,P107,N,2019-11-30,Y
PT00008,6I-2502,SECONDARY AIR FILTER,Filters,Medium,74.0,EA,S001,P024,N,2016-02-14,Y
PT00121,3K-3933,TRACK ROLLER,Undercarriage,High,636.6,EA,S001,P070,N,2024-06-08,Y
PT03511,7H-6357,RELAY,Electrical,Low,19.82,EA,S001,P019,N,2024-08-31,Y
PT04306,512-8204,TIRE 29.5R25,Tires,High,9253.99,EA,S001,P070,N,2021-05-26,Y
PT01118, 3E-1371,TURBOCHARGER,Engine,High,3942.21,EA,S002,P130,Y,2020-04-28,Y
PT00854,220-8772,SEAL KIT,Hydraulics,Medium,104.18,EA,S001,P052,N,2016-06-08,Y
PT00908,01N-1261,FUEL INJECTOR,Engine,,762.25,EA,S003,P100,Y,2021-04-28,Y
PT00165,0479-2676,TRACK ROLLER,Undercarriage,High,321.29,EA,S001,P103,N,2016-10-10,Y
PT02974,5E-5867,CYLINDER HEAD,Engine,High,3186.3,EA,S002,P051,Y,2022-02-12,Y
PT80710,187-8746,HYDRAULIC PUMP (SUPERSEDED),Hydraulics,High,11556.11,EA,,P024,N,2018-06-30,Y
PT03720,277-0498,FAN BLADE,Cooling,Medium,418.25,EA,S035,P073,N,2022-03-22,Y
PT01146,551-1304,GASKET KIT,Engine,Medium,240.7,EA,S003,P064,N,2023-04-18,Y
PT03780,4X-4109,COOLANT HOSE,Cooling,Low,28.15,EA,,P110,N,2020-09-04,Y
PT00948,167-2812,WATER PUMP,Engine,High,715.32,EA,S003,P063,N,2017-10-31,Y
PT01310,591-5441,V-BELT,Engine,Low,47.79,EA,S001,P014,Y,2018-12-14,Y
PT03968,3E-0333,O-RING SEAL,Hardware,Low,1.31,EA,S003,P102,N,2016-04-17,Y
PT00641,429-8832,HYDRAULIC HOSE ASSEMBLY,Hydraulics,High,81.64,EA,S001,P057,Y,2017-08-19,Y
PT00492,8J2111,END BIT,Ground Engaging Tools,Medium,176.5,EA,S001,P121,N,2017-05-07,Y
PT02461,176-8028,SIDE CUTTER,Ground Engaging Tools,Medium,225.69,EA,S002,P016,N,2024-01-18,Y
PT00988,267-3432,WATER PUMP,Engine,High,0,EA,S003,P080,N,2015-03-23,Y
PT04198,4T-4191,WASHER HARD,Hardware,Low,1.73,EA,S016,P017,N,2024-07-20,Y
PT00794,286-8124,SEAL KIT,Hydraulics,Medium,65.11,EA,S003,P105,Y,2023-01-11,Y
PT00927,475-3568,FUEL INJECTOR,Engine,High,847.69,EA,S002,P121,Y,2023-09-28,Y
PT01799,1U-3981,TRANSMISSION FILTER,Filters,Medium,84.24,EA,S001,P120,N,2018-03-20,Y
PT02808,7V-8244,TRANSMISSION CLUTCH DISC,Power Train,Medium,170.27,EA,S025,P010,N,2020-07-04,Y
PT02223,362-8037,RIPPER SHANK,Ground Engaging Tools,Medium,774.58,EA,S003,P002,N,2018-07-06,Y
PT00328,574-8971,TRACK LINK ASSEMBLY,Undercarriage,High,5137.87,EA,S001,P095,N,2016-12-30,Y
PT00403,558-2292,CUTTING EDGE,Ground Engaging Tools,Medium,329.81,EA,S002,P099,N,2016-07-22,Y
PT03155,8C-9940,CRANKSHAFT BEARING,Engine,Medium,143.53,EA,S001,P043,Y,2023-10-14,Y
PT03415,9W-6714,MONITOR DISPLAY,Electrical,Medium,1745.6,EA,S002,P023,N,2021-07-10,Y
PT02953,403-0442,CYLINDER HEAD,Engine,High,5335.56,EA,S003,P091,N,2015-07-06,Y
PT03604,6I-6430,WORK LIGHT LED,Electrical,Low,203.26,EA,S034,P027,Y,2020-03-04,Y
PT02197,7J-6054,RIPPER SHANK,Ground Engaging Tools,Medium,1451.68,EA,S001,P131,N,2023-07-18,Y
PT00310,7N-6780,TRACK LINK ASSEMBLY,Undercarriage,High,5837.57,EA,S002,P041,N,2020-09-22,Y
PT04155,387-3564,WASHER HARD,Hardware,Low,1.08,EA,S003,P010,N,2017-01-25,Y
PT01986,414-4288,TRACK BUSHING,Undercarriage,Medium,95.04,EA,S002,P033,N,2021-11-06,Y
PT00116,428-1642,TRACK ROLLER,Undercarriage,High,536.09,EA,S010,P007,N,2021-05-04,Y
PT04230,2L-7941,WASHER HARD,Hardware,Low,0.9,EA,S003,P017,N,2015-12-16,Y
PT04343,9H-0224,TIRE 29.5R25,Tires,High,8826.9,EA,S003,P021,N,2021-01-20,Y
PT01107,7L 8995,TURBOCHARGER,Engine,High,2794.72,EA,S001,P050,Y,2017-05-18,Y
PT04374,433-8059,TIRE 12-16.5,Tires,Medium,281.29,EA,S001,P097,N,2016-11-15,Y
PT01049,359-2457,WATER PUMP,Engine,High,463.11,EA,S003,P134,Y,2023-06-24,Y
PT01735,6B-1745,TRANSMISSION FILTER,Filters,Medium,40.85,EA,S001,P092,N,2017-06-21,Y
PT01915,238-5638,TRACK PIN,Undercarriage,Medium,101.45,EA,S003,P120,N,2018-07-14,Y
PT02177,275-2402,RIPPER SHANK,Ground Engaging Tools,Medium,1239.08,EA,S003,P062,N,2021-11-23,Y
PT00127,316-3094,TRACK ROLLER,Undercarriage,High,366.89,EA,S003,P074,N,2017-03-16,Y
PT01430,5V-7576,STARTER MOTOR,Electrical,High,953.68,EA,S003,P006,Y,2023-07-20,Y
PT03410,9G-6388,MONITOR DISPLAY,Electrical,Medium,1471.98,ea,S029,P130,Y,2019-09-11,Y
PT01533,3N-1765,SENSOR SPEED,Electrical,Medium,146.36,EA,S003,P054,N,2020-11-07,Y
PT00662,1A-7251,HYDRAULIC PUMP,Hydraulics,High,11484.38,EA,S003,P020,N,2022-11-25,Y
PT81298,356-6389,V-BELT (SUPERSEDED),Engine,Low,44.15,EA,S002,P035,Y,2016-09-22,Y
PT02574,179-2507,Swing  Motor,Hydraulics,High,9036.27,EA,S023,P076,Y,2022-04-21,Y
PT03417,282-5034,MONITOR DISPLAY,Electrical,Medium,1835.36,EA,S003,P033,N,2021-12-01,Y
PT00928,566-5278,FUEL INJECTOR,Engine,High,980.89,EA,S002,P031,N,2015-05-04,Y
PT94158,4H5725,WASHER HARD,Hardware,Low,0.68,EA,S099,P027,N,2021-11-11,Y
PT04081,538-1333,HEX BOLT,Hardware,Low,6.85,EA,S002,P024,N,2018-07-07,Y
PT01413,7R-9982,ALTERNATOR,Electrical,Medium,1084.25,EA,S003,P047,N,2017-03-06,Y
PT00947,250-0183,WATER PUMP,Engine,High,752.76,EA,S001,P117,Y,2016-01-06,Y
PT00106,5L-3502,TRACK ROLLER,Undercarriage,High,300.93,EA,S010,P120,N,2025-05-17,Y
PT00650,180-7569,HYDRAULIC HOSE ASSEMBLY,Hydraulics,High,97.74,EA,CAT,P116,Y,2019-10-19,Y
PT82244,6E-8212,Ripper  Tip (SUPERSEDED),Ground Engaging Tools,Medium,103.92,EA,S001,P085,N,2020-08-10,Y
PT02277,2G-6572,RIPPER TIP,Ground Engaging Tools,Medium,81.03,EA,S001,P105,N,2021-07-16,Y
PT00338,107-9554,TRACK LINK ASSEMBLY,Undercarriage,High,5130.72,EA,S001,P079,N,2025-02-08,Y
PT01162,121-7156,GASKET KIT,Engine,Medium,268.47,EA,S001,P007,N,2021-06-16,Y
PT02213,390-9453,RIPPER SHANK,Ground Engaging Tools,Medium,1272.82,EA,S026,P128,N,2019-02-01,Y
PT01791,400-9896,TRANSMISSION FILTER,Filters,Medium,58.47,EA,S001,P125,N,2017-12-16,Y
PT01476,167-5351,WIRING HARNESS,Electrical,Medium,321.75,EA,S002,P030,Y,2017-12-20,Y
PT00025,3H-5164,TRACK SHOE,Undercarriage,High,321.07,EA,S002,P113,N,2022-01-01,Y
PT02921,1B-7463,BRAKE DISC,Power Train,Medium,491.38,EA,S024,P034,N,2019-11-25,Y
PT04099,124-9633,HEX BOLT,Hardware,Low,6.87,EA,S003,P062,N,2017-05-02,Y
PT02056,7G-0990,CARRIER ROLLER,Undercarriage,High,421.58,EA,S010,P026,N,2023-06-26,Y
PT03834,173-5697,SEAT ASSEMBLY,Cab,Low,1071.85,EA,S036,P075,N,2021-06-30,Y
PT04243,2B-9246,TIRE 29.5R25,Tires,High,17086.69,EA,S028,P118,N,2025-05-05,Y
PT00620,1C-1774,HYDRAULIC HOSE ASSEMBLY,Hydraulics,High,201.44,EA,S031,P125,N,2021-08-11,Y
PT00356,118-1689,CUTTING EDGE,Ground Engaging Tools,Medium,303.19,EA,S011,P092,N,2017-04-20,Y
PT01218,4W-5012,GASKET KIT,Engine,Medium,138.75,EA,S003,P065,Y,2020-11-25,Y
PT02357,9C-8228,BUCKET TOOTH RETAINER,Ground Engaging Tools,Low,4.39,EA,S001,P113,N,2023-04-11,Y
PT00546,407-5064,ADAPTER,Ground Engaging Tools,Medium,57.28,EA,S026,P046,N,2022-02-05,Y
PT04237,6D-9015,WASHER HARD,Hardware,Low,1.79,EA,S001,P051,N,2017-08-03,Y
PT01480,431 4901,WIRING HARNESS,Electrical,Medium,781.0,EA,S029,P030,Y,2018-10-03,Y
PT00117,408-5896,TRACK ROLLER,Undercarriage,High,469.97,EA,S001,P003,N,2022-09-10,Y
PT02104,1U-3173,CARRIER ROLLER,Undercarriage,High,345.94,EA,S002,P050,N,2021-10-16,Y
PT01435,5E 4800,STARTER MOTOR,Electrical,High,,EA,S001,P112,N,2018-05-28,Y
PT02354,1E-1583,BUCKET TOOTH RETAINER,Ground Engaging Tools,Low,10.28,EA,S011,P058,N,2023-09-18,Y
PT00381,9B-6824,CUTTING EDGE,Ground Engaging Tools,Medium,340.93,EA,S011,P056,N,2015-10-15,Y
PT93154,5160064,Crankshaft  Bearing,Engine,Medium,71.95,EA,S003,P026,N,2021-02-26,Y
PT00070,8A-3540,TRACK SHOE,Undercarriage,High,303.88,EA,S010,P075,N,2018-02-12,Y
PT01784,8Y-3449,TRANSMISSION FILTER,Filters,Medium,38.75,EA,S006,P057,N,2022-10-21,Y
PT04317,9W-1439,TIRE 29.5R25,Tires,High,"$10,887.88",EA,S001,P009,N,2021-01-25,Y
PT00122,8M-9727,TRACK ROLLER,Undercarriage,High,,EA,S001,P110,N,2024-02-29,Y
PT01187,9B-4498,GASKET KIT,Engine,Medium,97.56,EA,S002,P133,N,2023-07-21,Y
PT03906,370-6317,WINDOW GLASS,Cab,Low,324.66,EA,S003,P132,N,2015-07-09,Y
PT02776,581-5477,TRANSMISSION CLUTCH DISC,Power Train,Medium,236.64,EA,S003,P050,N,2022-11-02,Y
PT03215,2K-4860,FUEL TRANSFER PUMP,Engine,High,674.22,EA,S002,P001,Y,2019-09-05,Y
PT90055,1495493,TRACK SHOE,Undercarriage,High,224.02,EA,S010,P035,N,2018-07-19,Y
PT04281,528-3714,TIRE 29.5R25,Tires,,8334.57,EA,S027,P013,N,2024-05-15,Y
PT02506,4R-6737,CONTROL VALVE,Hydraulics,High,-7233.28,EA,S023,P068,N,2015-07-26,Y
PT01091,2M-7548,TURBOCHARGER,Engine,High,2941.16,EA,S003,P031,Y,2020-02-24,Y
PT03016,3G 3443,CYLINDER HEAD,Engine,High,3829.86,EA,S003,P032,N,2021-11-22,Y
PT00861, 121-0379,HYDRAULIC CYLINDER,Hydraulics,High,3482.64,EA,S001,P106,N,2017-10-25,Y
PT04280,2M-4527,TIRE 29.5R25,Tires,High,7187.16,EA,S003,P055,N,2022-10-13,Y
PT90796,1414252,SEAL KIT,Hydraulics,Medium,101.87,EA,S001,P021,N,2015-06-15,Y
PT01506,360-7751,WIRING HARNESS,Electrical,Medium,652.17,EA,S002,P133,Y,2019-04-28,Y
PT03689,9P-2901,FAN BLADE,Cooling,Medium,318.45,EA,S035,P007,N,2023-03-21,Y
PT02142,6Y-3026,RECOIL SPRING,Undercarriage,High,1334.12,EA,S001,P051,N,2017-05-13,Y
PT00619,388-3525,HYDRAULIC HOSE ASSY,Hydraulics,High,125.88,EA,S002,P040,Y,2022-08-10,Y
PT02855,6D-3213,AXLE SEAL,Power Train,Medium,134.35,EA,CAT,P016,N,2024-08-07,Y
PT03189,8G-3526,FUEL TRANSFER PUMP,Engine,High,650.62,EA,S003,P083,N,2024-03-28,Y
PT02496,5Y-7750,CONTROL VALVE,Hydraulics,High,,EA,S003,P133,N,2024-06-15,Y
PT02283,535-3342,RIPPER TIP,Ground Engaging Tools,Medium,86.91,EA,S002,P020,N,2022-05-19,Y
PT04153,4K-7161,WASHER HARD,Hardware,Low,1.38,EA,S001,P060,N,2018-09-23,Y
PT01574,3J-7965,SENSOR SPEED,Electrical,Medium,152.75,EA,S034,P021,Y,2023-11-08,Y
PT01980,0593-4563,TRACK BUSHING,Undercarriage,Medium,66.98,EA,S009,P116,N,2023-12-28,Y
PT03010,293-3791,CYLINDER HEAD,Engine,High,4701.72,EA,S003,P080,N,08/13/2024,Y
PT03635,3H-0211,FAN BLADE,Cooling,Medium,221.27,EA,S003,P018,N,2024-05-03,Y
PT01073,7B-5051,TURBOCHARGER,Engine,High,"$3,426.25",EA,S002,P017,N,2020-06-24,Y
PT03103,285-3831,PISTON KIT,Engine,High,1055.59,EA,S003,P096,Y,2022-10-21,Y
PT02181,7N-9838,RIPPER SHANK,,Medium,,EA,S002,P056,N,2023-07-15,Y
PT02956,138-5067,CYLINDER HEAD,Engine,High,3579.16,EA,S001,P110,Y,2019-04-11,Y
PT03645,1Y-1843,FAN BLADE,Cooling,Medium,410.71,EA,S003,P013,N,2021-12-02,Y
PT80330,5J4192,TRACK LINK ASSEMBLY (SUPERSEDED),Undercarriage,High,8580.03,EA,S002,P106,N,2017-03-24,Y
PT03397,2F-0984,MONITOR DISPLAY,Electrical,Medium,1644.53,EA,S002,P077,Y,2018-11-11,Y
PT93021,2940023,PISTON KIT,Engine,High,926.38,EA,S001,P043,Y,2020-07-25,Y
PT03825,7X-6501,SEAT ASSEMBLY,Cab,Low,1777.67,EA,S001,P061,N,20221208,Y
PT00499,394-0225,END BIT,Ground Engaging Tools,Medium,137.58,EA,S002,P008,N,2019-12-24,Y
PT03023,9M-9326,PISTON KIT,Engine,High,1091.83,EA,S001,P068,N,08/21/2016,Y
PT00069,166-6127,TRACK SHOE,Undercarriage,High,213.01,EA,S010,P079,N,2019-03-20,Y
PT02251,7F-5298,RIPPER TIP,Ground Engaging Tools,Medium,40.16,EA,S001,P017,N,2016-05-16,Y
PT00269,9R-9887,SPROCKET SEGMENT,Undercarriage,High,366.76,EA,S009,P088,N,2023-06-21,Y
PT03252,5W-4119,FUEL TRANSFER PUMP,Engine,High,742.63,each,S002,P118,Y,2015-04-07,Y
PT00605,422-3599,HYDRAULIC HOSE ASSEMBLY,Hydraulics,High,168.61,EA,S002,P028,N,2015-11-02,Y
PT03098,8N-3054,PISTON KIT,Engine,High,1286.99,EA,S003,P121,N,2023-09-23,Y
PT01190,223-6139,GASKET KIT,Engine,Medium,248.56,EA,S001,P096,N,2016-08-11,Y
PT02161,3X-7130,RECOIL SPRING,Undercarriage,High,1785.07,EA,S001,P022,N,2022-06-02,Y
PT01485,227-5656,WIRING HARNESS,Electrical,Medium,757.85,EA,S002,P048,N,2018-11-25,Y
PT00180,161-0830,TRACK ROLLER,Undercarriage,,675.06,EA,S001,P020,N,2022-06-19,Y
PT04043,117-7452,O-RING SEAL,Hardware,Low,$2.84,ea,S016,P002,N,2024-12-10,Y
PT00914,2U-3461,FUEL INJECTOR,Engine,High,787.63,EA,S002,P083,Y,2019-12-06,Y
PT03870,8N-2613,WINDOW GLASS,,Low,308.45,EA,S002,P103,N,2020-06-13,Y
PT92179,4629141,RIPPER SHANK,Ground Engaging Tools,Medium,756.11,EA,S003,P124,N,2017-07-16,Y
PT01047,1W-0762,WATER PUMP,Engine,High,$668.29,EA,S001,P004,N,2015-10-19,Y
PT03266,9A-1491,FUEL TRANSFER PUMP,Engine,High,688.98,EA,S001,P113,Y,2024-06-04,Y
PT00355,2J-2513,CUTTING EDGE,Ground Engaging Tools,,196.16,EA,S003,P108,N,2019-10-14,Y
PT01229,7I-1701,V-BELT,Engine,Low,24.3,EA,S001,P094,N,2015-04-16,Y
PT03232,426-2434,FUEL TRANSFER PUMP,Engine,High,438.15,EA,S001,P015,N,2024-11-07,Y
PT04208,224-2533,WASHER HARD,Hardware,Low,1.65,EA,S003,P127,N,2016-07-09,Y
PT02151,4T-3522,RECOIL SPRING,Undercarriage,High,2392.1,EA,S001,P075,N,2025-05-26,Y
PT00724,3X-8696,HYDRAULIC PUMP,Hydraulics,High,8508.37,EA,S031,P058,N,2020-10-20,Y
PT03526, 3R-4613,RELAY,Electrical,Low,23.9,EA,S015,P033,N,2023-10-19,Y
PT00445,361-6037,END BIT,Ground Engaging Tools,Medium,166.46,EA,S011,P006,N,2019-07-26,Y
PT01062,7S-7976,TURBOCHARGER,Engine,High,4067.87,EA,S002,P065,N,2020-07-20,Y
PT03200,7U-1522,FUEL TRANSFER PUMP,Engine,High,406.56,EA,S002,P004,Y,2017-03-17,Y
PT01941,488-0778,TRACK PIN,Undercarriage,Medium,109.68,EA,S010,P015,N,2016-06-25,Y
PT02331,513-6553,BUCKET TOOTH RETAINER,Ground Engaging Tools,Low,9.91,EA,S002,P040,N,2024-04-15,Y
PT02172,480-6372,RECOIL SPRING,Undercarriage,High,2093.94,EA,S002,P037,N,2015-08-24,Y
PT00860,5W-7964,HYDRAULIC CYLINDER,Hydraulics,High,3787.92,EA,S003,P013,N,2023-08-31,Y
PT02616,414-4573,SWING MOTOR,Hydraulics,High,4653.36,EA,S001,P008,Y,2022-03-29,Y
PT02491,547-9770,CONTROL VALVE,Hydraulics,High,4172.61,EA,S001,P030,Y,2019-06-10,Y
PT03919,334-7136,MIRROR,Cab,Low,-106.95,EA,S030,P079,N,2019-02-11,Y
PT02978,513-0866,CYLINDER HEAD,Engine,High,2568.43,EA,S002,P050,N,09/12/2016,Y
PT82138,295-1339,RECOIL SPRING (SUPERSEDED),Undercarriage,High,2642.11,EA,S009,P065,N,2021-11-16,Y
PT03477,323-9286,RELAY,Electrical,,21.84,EA,S002,P131,N,2017-09-09,Y
PT03129,345-2288,PISTON KIT,Engine,High,-753.75,EA,S002,P049,N,2024-09-23,Y
PT03340,8P-2227,ECM CONTROLLER,Electrical,High,"$2,566.50",EA,S003,P087,N,2023-08-12,Y
PT02598,1013869,SWING MOTOR,Hydraulics,High,9515.29,EA,S022,P108,N,2022-06-01,Y
PT02589,580-3974,SWING MOTOR,Hydraulics,,12497.5,EA,,P053,Y,2017-03-14,Y
PT00364,206-4194,CUTTING EDGE,Ground Engaging Tools,Medium,384.72,EA,S003,P045,N,09/01/2020,Y
PT03027,9G-1073,PISTON KIT,Engine,High,988.52,EA,S001,P108,N,2022-05-14,Y
PT03647,321-7804,FAN BLADE,Cooling,Medium,434.66,EA,S003,P101,N,2020-02-08,Y
PT02999,6J-9904,CYLINDER HEAD,Engine,High,5609.68,EA,S003,P018,Y,2015-01-24,Y
PT04004,2F-6207,O-RING SEAL,Hardware,Low,1.41,EA,S002,P018,N,2024-01-29,Y
PT01369,216-0037,ALTERNATOR,Electrical,Medium,657.94,EA,S029,P020,N,2017-07-13,Y
PT02402,310-5787,BUCKET TOOTH RETAINER,Ground Engaging Tools,Low,6.5,EA,S003,P119,N,2020-07-12,Y
PT80656,1T-9246,HYDRAULIC HOSE ASSEMBLY (SUPERSEDED),Hydraulics,High,$205.04,EA,S031,P007,N,2017-05-30,Y
PT03900,595-5799,WINDOW GLASS,Cab,Low,501.7,EA,S001,P061,N,2019-04-01,Y
PT04229,0553-3948,WASHER HARD,Hardware,Low,1.28,EA,,P001,N,2025-04-02,Y
PT03574,6M-7267,WORK LIGHT LED,Electrical,Low,219.36,EA,S002,P102,N,2017-06-11,Y
PT02266,9N-8236,RIPPER TIP,,Medium,$87.19,EA,S002,P085,N,2015-05-23,Y
PT00816,497-8700,SEAL KIT,Hydraulics,Medium,127.78,EA,S003,P069,Y,07-Mar-17,Y
PT03145,9N-4101,CRANKSHAFT BEARING,Engine,Medium,64.79,EA,S002,P069,N,2022-11-04,Y
PT01671,2J-3646,CAB AIR FILTER,Filters,Low,36.33,EA,S003,P051,N,2024-04-09,Y
PT02392,3D-6002,BUCKET TOOTH RETAINER,Ground Engaging Tools,Low,7.72,EA,S001,P022,N,2025-03-19,Y
PT02617,293-9557,SWING MOTOR,Hydraulics,High,11482.12,EA,S023,P116,N,2020-04-04,Y
PT00838,8R-0016,SEAL KIT,Hydraulics,Medium,84.79,EA,S002,P041,N,2022-10-01,Y
PT02539,591-5678,CONTROL VALVE,Hydraulics,High,4018.5,EA,S001,P034,N,2020-11-15,Y
PT03591,117-5204,WORK LIGHT LED,Electrical,Low,164.3,EA,S002,P028,N,2021-11-17,Y
PT02284,9Y-5990,RIPPER TIP,Ground Engaging Tools,Medium,37.24,EA,S026,P094,N,2021-07-29,Y
PT01334,266-9619,ALTERNATOR,Electrical,Medium,950.9,EA,S001,P130,N,2019-05-21,Y
PT02394,570-3597,BUCKET TOOTH RETAINER,Ground Engaging Tools,,7.31,EA,S003,P111,N,2021-09-24,Y
PT02839,4X-2726,AXLE SEAL,Power Train,Medium,-130.26,EA,S025,P003,N,2015-04-21,Y
PT01774,318-2219,TRANSMISSION FILTER,Filters,Medium,61.64,EA,S003,P115,N,2015-09-08,Y
PT02805,563-1977,TRANSMISSION CLUTCH DISC,Power Train,,223.25,EA,S025,P054,N,2021-04-01,Y
PT00195,7A-8397,IDLER GROUP,Undercarriage,High,2908.21,EA,S002,P049,N,2016-01-13,Y
PT00202,5C-3483,IDLER GROUP,Undercarriage,High,1753.58,EA,S002,P044,N,2019-08-22,Y
PT02728,339-4352,TORQUE CONVERTER,Power Train,High,13572.12,EA,S001,P134,N,2019-10-04,Y
PT80681,7A-0504,HYDRAULIC PUMP (SUPERSEDED),Hydraulics,High,8191.98,EA,S003,P099,N,2020-11-21,Y
PT01824,5J-0543,RADIATOR,Cooling,,2756.44,EA,S001,P096,N,2018-10-07,Y
PT03933,8U-0818,MIRROR,Cab,Low,$124.96,EA,S030,P030,N,2023-02-28,Y
PT03172,8A-2289,CRANKSHAFT BEARING,,Medium,87.21,EA,S002,P070,N,2017-10-26,Y
PT02460,239-8129,SIDE CUTTER,Ground Engaging Tools,Medium,138.87,EA,S002,P127,N,2024-12-08,Y
PT01641,127-0116,BATTERY,Electrical,Medium,0,EA,S002,P012,N,2020-01-23,Y
PT02440,578-6299,SIDE CUTTER,Ground Engaging Tools,Medium,321.89,EA,S003,P116,N,2020-12-20,Y
PT01766,287-9188,TRANSMISSION FILTER,Filters,Medium,94.71,EA,S001,P001,N,2015-06-02,Y
PT02145,2W-2408,RECOIL SPRING,Undercarriage,High,1513.15,EA,,P054,N,2022-12-30,Y
PT00993,578-4501,WATER PUMP,Engine,High,927.24,EA,S002,P017,Y,2015-11-15,Y
PT02981,8L-5980,CYLINDER HEAD,Engine,,6094.89,EA,S099,P015,Y,2020-09-06,Y
PT02817,3H-4748,TRANSMISSION CLUTCH DISC,Power Train,,114.75,EA,S025,P048,N,2020-12-29,Y
PT03887,1K-6171,WINDOW GLASS,Cab,Low,746.39,EA,S001,P049,N,2018-10-06,Y
PT02779,3E-4095,TRANSMISSION CLUTCH DISC,Power Train,Medium,179.7,EA,S024,P121,N,2019-02-12,Y
PT03755,293-0951,COOLANT HOSE,Cooling,Low,68.44,EA,S035,P067,N,2020-07-04,Y
PT03412,5X-8773,MONITOR DISPLAY,,Medium,941.27,EA,S029,P113,Y,2024-09-26,Y
PT03523,204-6368,RELAY,Electrical,Low,28.27,EA,S001,P047,N,2025-04-25,Y
PT04063,263-0063,O-RING SEAL,Hardware,Low,1.81,EA,S002,P126,N,2024-03-18,Y
PT01722,5J-5427,CAB AIR FILTER,Filters,Low,53.04,EA,S021,P082,N,2022-11-04,Y
PT03615,6U-7347,FAN BLADE,Cooling,Medium,,EA,S003,P119,N,2020-07-01,Y
PT02327,594-6347,BUCKET TOOTH RETAINER,Ground Engaging Tools,Low,4.53,EA,S011,P028,N,2024-03-26,Y
PT03306,138-0993,ECM CONTROLLER,Electrical,High,3634.0,EA,S015,P056,Y,2015-11-19,Y
PT00268,6P-0536,SPROCKET SEGMENT,Undercarriage,High,267.53,EA,S002,P008,N,2016-01-07,Y
PT02159,4F-0599,RECOIL SPRING,Undercarriage,High,1797.68,EA,S009,P057,N,2015-10-02,Y
PT01543,5H-5126,SENSOR SPEED,Electrical,Medium,110.44,EA,S002,P053,N,2018-08-24,Y
PT91676,3468694,CAB AIR FILTER,Filters,Low,49.34,EA,S002,P063,N,2017-09-22,Y
PT03147,2N-2112,CRANKSHAFT BEARING,Engine,Medium,87.07,EA,S003,P102,Y,2018-03-30,Y
PT00174,428-6063,TRACK ROLLER,Undercarriage,High,454.01,EA,S010,P123,N,2017-11-19,Y
PT03335,2R-0639,ECM CONTROLLER,,High,3332.92,EA,S002,P082,Y,2018-11-20,Y
PT03462,228-8261,RELAY,Electrical,Low,16.13,EA,S002,P038,N,2019-10-10,Y
PT01022,595-3414,WATER PUMP,Engine,High,312.96,EA,S001,P113,Y,2017-09-03,Y
PT03706,9N-1307,FAN BLADE,Cooling,Medium,167.35,EA,S035,P061,N,2017-07-24,Y
PT02664,3H-3297,FINAL DRIVE,Power Train,High,15689.69,EA,S003,P107,N,2024-06-25,Y
PT04301,337-8562,TIRE 29.5R25,Tires,High,12818.69,EA,S027,P056,N,2019-06-27,Y
PT00105,326 9292,TRACK ROLLER,Undercarriage,High,385.74,EA,S002,P029,N,2018-01-17,Y
PT02969,442-5460,CYLINDER HEAD,Engine,High,6439.19,EA,S001,P059,N,2024-12-19,Y
PT04105,3V-0445,HEX BOLT,Hardware,Low,5.69,EA,S003,P012,N,2016-07-20,Y
PT04033,6K-9141,O-RING SEAL,Hardware,Low,2.64,EA,S003,P088,N,2023-08-15,Y
PT03803,5i-8969,SEAT ASSEMBLY,Cab,Low,1597.18,EA,S002,P086,N,2016-04-26,Y
PT00323,211-1089,TRACK LINK ASSEMBLY,Undercarriage,High,6661.9,EA,S001,P085,N,2019-10-19,Y
PT04380,540-5395,TIRE 12-16.5,Tires,Medium,574.61,EA,S002,P030,N,2020-06-19,Y
PT00304,5A-2104,SPROCKET SEGMENT,Undercarriage,High,340.55,EA,S009,P002,N,2022-09-09,Y
PT03452,4B-8267,MONITOR DISPLAY,Electrical,Medium,2051.71,EA,S002,P100,N,2023-02-23,Y
PT01711,434-8666,CAB AIR FILTER,Filters,Low,36.84,EA,S003,P070,N,2024-10-04,Y
PT00057,195-1954,TRACK SHOE,Undercarriage,High,132.07,EA,S003,P121,N,2021-10-03,Y
PT02030,7Y-2881,TRACK BUSHING,Undercarriage,Medium,91.9,EA,S010,P120,N,2020-04-06,Y
PT03108,1P-2013,PISTON KIT,Engine,High,,EA,S003,P118,Y,2016-04-27,Y
PT01830,181-2839,RADIATOR,Cooling,High,4088.58,EA,,P116,N,2022-10-21,Y
PT90845,2618241,SEAL KIT,Hydraulics,Medium,80.98,EA,S001,P082,Y,2023-09-06,Y
PT03545,9C-7645,RELAY,Electrical,Low,25.99,EA,S002,P131,N,2015-12-16,Y
PT01295,2W-6816,V-BELT,Engine,Low,23.03,EA,S003,P015,Y,2022-09-30,Y
PT02119,194-3837,CARRIER ROLLER,Undercarriage,High,370.75,EA,S001,P052,N,2019-02-17,Y
PT01712,4X-4451,CAB AIR FILTER,Filters,Low,59.61,EA,S001,P021,N,20240106,Y
PT02476,4N-9844,CONTROL VALVE,Hydraulics,High,4434.07,EA,S023,P019,N,2017-05-15,Y
PT92545,4473076,CONTROL VALVE,Hydraulics,High,6374.03,EA,S003,P117,N,2015-02-02,Y
PT03130,7G-9570,PISTON KIT,Engine,High,503.03,EA,S003,P077,Y,2025-02-10,Y
PT01937,432-2653,Track  Pin,Undercarriage,Medium,61.17,EA,S009,P072,N,20240619,Y
PT00529,563-9831,ADAPTER,Ground Engaging Tools,,67.33,EA,S003,P092,N,2024-12-15,Y
PT03824,1B-4808,SEAT ASSEMBLY,Cab,Low,819.61,EA,S001,P100,N,2023-12-18,Y
PT00409,155-7536,CUTTING EDGE,Ground Engaging Tools,Medium,0,EA,S026,P121,N,2021-11-27,Y
PT01393,265-1287,ALTERNATOR,Electrical,Medium,879.56,EA,S015,P056,Y,2019-08-12,Y
PT03021,2940023,PISTON KIT,Engine,High,926.38,EA,S001,P043,Y,2020-07-25,Y
PT00143,3W-4713,TRACK ROLLER,Undercarriage,High,294.75,EA,S002,P077,N,2017-08-07,Y
PT04032,143-7748,O-RING SEAL,Hardware,Low,0,EA,S001,P026,N,2015-05-08,Y
PT01366,415-9656,ALTERNATOR,Electrical,Medium,1046.08,EA,S003,P037,N,2017-10-03,Y
PT00610,4G-3481,HYDRAULIC HOSE ASSEMBLY,Hydraulics,High,132.89,EA,CAT,P040,N,2021-05-01,Y
PT00931,478-4162,FUEL INJECTOR,,High,1023.03,EA,S003,P072,N,2017-04-13,Y
PT01325,8D-8073,V-BELT,Engine,Low,48.01,EA,S001,P074,Y,2022-06-28,Y
PT00487,08S-3936,END BIT,Ground Engaging Tools,Medium,88.91,EA,S026,P007,N,2020-10-06,Y
PT02708,545-0202,TRAVEL MOTOR,Power Train,High,11395.13,EA,S001,P118,N,2025-04-15,Y
PT03086,351-8809,PISTON KIT,Engine,High,667.23,EA,S002,P127,N,2024-01-30,Y
PT94270,6B0223,TIRE 29.5R25,,High,"$15,669.34",EA,S028,P013,N,2021-11-24,Y
PT00163,577-5561,TRACK ROLLER,Undercarriage,High,366.9,EA,S001,P046,N,2024-10-20,Y
PT02850,7G-5677,AXLE SEAL,Power Train,Medium,97.52,EA,S003,P114,N,2020-02-13,Y
PT04175,188-2650,WASHER HARD,Hardware,Low,1.54,EA,S003,P132,N,08/03/15,Y
PT04381,591-5406,TIRE 12-16.5,Tires,Medium,278.87,EA,S001,P117,N,2021-02-20,Y
PT04232, 318-0201,WASHER HARD,Hardware,Low,1.2,PC,S002,P061,N,2024-11-02,Y
PT00864,286-0451,HYDRAULIC CYLINDER,Hydraulics,High,5281.38,EA,S003,P070,Y,04-Nov-18,Y
PT01531,223-0301,WIRING HARNESS,Electrical,Medium,635.58,EA,,P011,N,2016-01-13,Y
PT04201,3R-5558,WASHER HARD,Hardware,Low,$0.61,PC,S003,P105,N,2024-06-30,Y
PT02110,349-9345,CARRIER ROLLER,Undercarriage,High,378.81,EA,S001,P115,N,2021-07-05,Y
PT04066,400-7975,O-RING SEAL,Hardware,,2.28,each,S002,P113,N,2021-03-26,Y
PT01731,528-8982,TRANSMISSION FILTER,Filters,Medium,48.24,EA,S001,P069,N,2025-01-13,Y
PT01580,8U-0036,SENSOR SPEED,Electrical,Medium,136.03,EA,S002,P034,N,2017-06-14,Y
PT02957,7P-4003,CYLINDER HEAD,Engine,High,5841.87,EA,S002,P069,N,2018-06-22,Y
PT03622,5J-3185,FAN BLADE,Cooling,Medium,162.66,EA,S001,P112,N,2020-08-04,Y
PT04024,8A 0813,O-RING SEAL,Hardware,Low,2.78,EA,S001,P026,N,2019-06-13,Y
PT00013,8E-6208,BOLT PLOW,Hardware,Low,3.5,EA,S001,P125,N,2020-07-11,Y
PT02833,553-1060,AXLE SEAL,Power Train,Medium,95.56,EA,S002,P061,N,2019-02-01,Y
PT00903,245-9529,FUEL INJECTOR,Engine,High,855.78,EA,S003,P030,N,2023-07-01,Y
PT04290,341-7081,TIRE 29.5R25,Tires,High,8420.4,EA,S001,P004,N,2020-01-30,Y
PT02592,2B-6038,SWING MOTOR,Hydraulics,High,7950.87,PC,S003,P122,Y,2015-10-08,Y
PT01737,192-7585,TRANSMISSION FILTER,Filters,Medium,65.79,EA,S021,P005,N,09/09/2024,Y
PT02471, 549-0442,CONTROL VALVE,Hydraulics,High,3714.6,EA,S023,P099,Y,2015-10-30,Y
PT02894,506-1257,BRAKE DISC,Power Train,Medium,464.94,EA,S003,P108,N,2018-08-28,Y
PT01395,580-0347,ALTERNATOR,Electrical,Medium,473.71,EA,S029,P085,Y,2016-08-19,Y
PT03459,337-7453,Relay,Electrical,Low,19.54,EA,S003,P071,Y,2021-01-28,Y
PT90254,9S6340,IDLER GROUP,Undercarriage,High,3071.92,EA,S002,P065,N,2017-01-03,Y
PT03126,9L-0665,PISTON KIT,Engine,High,855.65,EA,S001,P053,N,2022-06-01,Y
PT02003,275-5311,TRACK BUSHING,Undercarriage,Medium,92.17,EA,S001,P101,N,2021-12-08,Y
PT03935,3B-1598,MIRROR,Cab,Low,52.15,each,S030,P030,N,2015-05-07,Y
PT00727,497-2645,HYDRAULIC PUMP,Hydraulics,High,7832.7,EA,S001,P077,Y,2016-08-03,Y
PT03837,271-6857,SEAT ASSEMBLY,Cab,Low,731.52,EA,S002,P066,N,2024-12-01,Y
PT02849,9J-9278,AXLE SEAL,Power Train,Medium,79.82,EA,S002,P128,N,2023-02-03,Y
PT01823,3B-0914,RADIATOR,,High,2036.75,EA,S002,P129,N,08-Aug-22,Y
PT92972,9C9599,CYLINDER HEAD,Engine,High,5551.07,EA,S001,P089,N,2018-10-29,Y
PT02434,148-1228,SIDE CUTTER,,Medium,146.66,EA,S002,P033,N,11/16/2016,Y
PT01157,9M-8662,GASKET KIT,Engine,Medium,239.66,EA,S001,P059,N,2020-08-30,Y
PT02713,4N-0052,TORQUE CONVERTER,Power Train,High,10702.33,EA,S003,P053,N,2016-06-28,Y
PT02844,0520-1321,AXLE SEAL,Power Train,Medium,125.0,EA,S024,P080,N,2020-08-23,Y
PT01429,197-5008,STARTER MOTOR,Electrical,High,,EA,S003,P094,N,2015-11-23,Y
PT01680,7M-0368,CAB AIR FILTER,Filters,Low,36.1,EA,S003,P018,N,2018-04-11,Y
PT01601,7P-9821,BATTERY,Electrical,,201.68,EA,S002,P086,Y,2023-09-19,Y
PT01987,5F-6909,TRACK BUSHING,Undercarriage,Medium,51.12,EA,S009,P102,N,2023-03-14,Y
PT01046,206-3407,WATER PUMP,Engine,High,349.06,EA,S003,P063,N,2020-10-24,Y
PT02006,555-4689,TRACK BUSHING,Undercarriage,Medium,92.24,EA,S010,P087,N,2024-02-20,Y
PT00665,5540849,HYDRAULIC PUMP,Hydraulics,High,6926.2,EA,S002,P070,N,20180922,Y
PT02064,193-3542,CARRIER ROLLER,Undercarriage,High,364.0,EA,S009,P082,N,2018-01-21,Y
PT00666,8R-1539,HYDRAULIC PUMP,Hydraulics,High,10260.31,EA,S023,P099,Y,2016-11-23,Y
PT02426,318-8514,SIDE CUTTER,Ground Engaging Tools,Medium,250.08,EA,S026,P087,N,2024-02-28,Y
PT00160,295-1661,TRACK ROLLER,Undercarriage,High,317.9,EA,S010,P099,N,2017-09-19,Y
PT02368,227-4124,BUCKET TOOTH RETAINER,Ground Engaging Tools,Low,6.02,EA,S026,P041,N,2016-02-02,Y
PT02282,105-5098,RIPPER TIP,Ground Engaging Tools,Medium,79.94,EA,S001,P003,N,2016-11-26,Y
PT03372,5F-9611,ECM CONTROLLER,Electrical,High,3420.24,EA,S001,P099,N,2021-08-20,Y
PT00231,9C-7679,IDLER GROUP,Undercarriage,High,2373.21,EA,S001,P068,N,2018-01-14,Y
PT00916,124-1864,FUEL INJECTOR,Engine,High,970.45,EA,S001,P088,N,2023-10-07,Y
PT02614,6H-1504,SWING MOTOR,Hydraulics,High,11950.61,EA,S003,P113,Y,2022-07-07,Y
PT01248,1D-7181,V-BELT,Engine,Low,41.99,EA,S002,P052,N,2023-08-26,Y
PT84316,372-3632,TIRE 29.5R25 (SUPERSEDED),Tires,High,15470.77,EA,S001,P113,N,2016-10-19,Y
PT04133,578-6538,HEX BOLT,Hardware,Low,4.68,EA,S002,P021,N,2015-07-05,Y
PT02940,9U-9394,BRAKE DISC,Power Train,Medium,246.81,EA,S003,P071,N,2021-12-11,Y
PT03255,2T-0789,FUEL TRANSFER PUMP,Engine,High,799.37,EA,S003,P077,N,2021-11-21,Y
PT01893,01S-0955,THERMOSTAT,Cooling,Medium,40.98,EA,S003,P035,N,2023-10-09,Y
PT01952,445-2745,TRACK PIN,Undercarriage,Medium,102.53,EA,S010,P102,N,2015-02-09,Y
PT03212,5P-0455,Fuel  Transfer Pump,Engine,High,400.32,EA,S003,P050,Y,2023-11-02,Y
PT02917,6H-5236,BRAKE DISC,Power Train,Medium,294.52,Ea.,S003,P032,N,2015-04-21,Y
PT00464,3F-7344,END BIT,Ground Engaging Tools,Medium,191.21,EA,S002,P059,N,2017-07-22,Y
PT01059,9G-7337,WATER PUMP,Engine,High,803.43,EA,S001,P012,Y,2023-11-23,Y
PT00052,447-1924,TRACK SHOE,Undercarriage,High,237.49,EA,S002,P090,N,2016-11-28,Y
PT01991,160-3953,TRACK BUSHING,Undercarriage,Medium,80.61,EA,S002,P129,N,2016-03-05,Y
PT03152,402-7496,CRANKSHAFT BEARING,Engine,Medium,78.8,EA,S003,P048,N,2024-02-13,Y
PT01960,8P-9192,TRACK PIN,Undercarriage,Medium,56.67,EA,S003,P020,N,2019-07-19,Y
PT03387,2A-6186,ECM CONTROLLER,Electrical,High,4084.09,EA,S002,P027,N,2023-12-30,Y
PT03807,596-0661,Seat  Assembly,Cab,Low,1246.78,EA,S030,P024,N,2021-05-10,Y
PT00196,8b-1040,IDLER GROUP,Undercarriage,High,2172.01,EA,S002,P093,N,2019-08-27,Y
PT01936,553-8061,TRACK PIN,Undercarriage,Medium,44.26,EA,S003,P103,N,2021-02-26,Y
PT03519,7U-7964,RELAY,,Low,27.81,EA,S029,P091,N,2021-11-19,Y
PT00282,538-7000,SPROCKET SEGMENT,Undercarriage,High,453.58,EA,S001,P093,N,2017-09-24,Y
PT82397,0545-9865,BUCKET TOOTH RETAINER (SUPERSEDED),Ground Engaging Tools,Low,5.91,EA,S001,P121,N,2023-08-01,Y
PT00926,9D-2509,FUEL INJECTOR,Engine,High,754.04,EA,S002,P056,N,2021-08-10,Y
PT00054,202-2379,TRACK SHOE,Undercarriage,High,283.12,EA,S003,P037,N,2024-08-22,Y
PT01757,103-8421,TRANSMISSION FILTER,Filters,Medium,48.42,EA,S006,P040,N,2015-07-31,Y
PT04274,9A-4632,TIRE 29.5R25,Tires,High,7899.58,EA,S001,P075,N,2024-02-13,Y
PT02221,503-4685,RIPPER SHANK,Ground Engaging Tools,Medium,987.94,EA,S026,P106,N,2025-05-10,Y
PT02945,07L-1587,CYLINDER HEAD,,High,4727.29,Ea.,S003,P088,Y,02/04/20,Y
PT01305,166-5509,V-Belt,Engine,Low,44.16,EA,S003,P106,N,2019-04-23,Y
PT00644,9F-4625,HYDRAULIC HOSE ASSEMBLY,Hydraulics,High,,EA,S002,P043,N,2020-07-03,Y
PT03363,466-1920,ECM CONTROLLER,Electrical,High,3869.41,EA,S034,P050,Y,2019-12-29,Y
PT00946,169-1982,WATER PUMP,Engine,High,610.78,EA,S003,P042,N,2018-02-09,Y
PT00064,6H-9446,TRACK SHOE,,High,166.82,EA,S001,P111,N,01-Sep-22,Y
PT03700,2M-6751,FAN BLADE,Cooling,Medium,229.28,EA,S003,P055,N,2025-03-22,Y
PT03094,126-4551,PISTON KIT,Engine,High,1154.33,EA,S002,P114,Y,2020-02-07,Y
PT00827,4C-0624,SEAL KIT,Hydraulics,Medium,106.71,EA,S022,P071,N,2022-05-04,Y
PT91450,1809424,STARTER MOTOR,Electrical,High,972.23,EA,S003,P040,Y,2018-08-04,Y
PT02806,1D-7376,TRANSMISSION CLUTCH DISC,Power Train,Medium,134.73,EA,S002,P027,N,2025-03-20,Y
PT03901,2N-6401,WINDOW GLASS,Cab,Low,430.63,EA,S030,P029,N,2018-11-12,Y
PT00990,334-2041,WATER PUMP,Engine,High,812.8,Ea.,S002,P101,N,2015-12-10,Y
PT02503,7D 3578,CONTROL VALVE,Hydraulics,High,5392.73,EA,S003,P100,Y,2015-05-28,Y
PT02643,9R-6935,FINAL DRIVE,Power Train,High,15847.16,EA,S003,P111,N,2022-12-29,Y
PT00051,9R-0697,TRACK SHOE,Undercarriage,High,236.86,EA,S001,P076,N,2023-03-17,Y
PT04134,578-5732,HEX BOLT,Hardware,Low,5.11,EA,S001,P131,N,2019-06-27,Y
PT02629,6P-8231,SWING MOTOR,Hydraulics,High,8074.6,EA,S002,P070,N,2022-04-10,Y
PT00872,2Y 8208,HYDRAULIC CYLINDER,Hydraulics,,4081.94,EA,S001,P086,N,2021-08-04,Y
PT01053,310-7042,WATER PUMP,Engine,High,925.92,EA,S003,P120,Y,2017-05-06,Y
PT01540,149-6418,SENSOR SPEED,Electrical,Medium,120.05,EA,S003,P064,N,2019-06-01,Y
PT03791,384-6874,SEAT ASSEMBLY,Cab,Low,1253.01,EA,,P103,N,2024-02-20,Y
PT01825,3D-6265,RADIATOR,Cooling,High,1965.09,EA,S003,P036,N,2023-04-15,Y
PT02100,7U-7726,CARRIER ROLLER,Undercarriage,High,641.64,EA,S002,P051,N,2019-09-21,Y
PT03564,145-4031,WORK LIGHT LED,Electrical,Low,194.39,EA,S003,P001,N,2015-04-01,Y
PT02169,1G-5035,RECOIL SPRING,Undercarriage,High,1500.92,EA,S010,P048,N,2020-11-13,Y
PT00043,520-8912,TRACK SHOE,Undercarriage,High,227.81,EA,S003,P021,N,2018-05-26,Y
PT02579,6L-5508,SWING MOTOR,Hydraulics,High,12656.1,EA,S003,P098,Y,2016-06-08,Y
PT04084,1W-0466,HEX BOLT,Hardware,Low,6.81,EA,S001,P048,N,2023-04-15,Y
PT00139,1M-6583,TRACK ROLLER,Undercarriage,High,720.0,EA,S001,P054,N,2015-08-08,Y
PT03874,533-4287,WINDOW GLASS,Cab,Low,707.09,EA,S001,P104,N,2025-04-30,Y
PT00745,460-2964,HYDRAULIC PUMP,Hydraulics,High,8346.48,EA,S007,P066,N,2021-03-26,Y
PT00765,4X-4385,SEAL KIT,Hydraulics,Medium,90.6,EA,S002,P010,Y,2021-02-28,Y
PT00101,217-1477,TRACK ROLLER,Undercarriage,High,465.27,EA,S002,P082,N,2021-06-13,Y
PT00962,2G-7658,WATER PUMP,Engine,High,336.29,EA,S001,P058,N,2019-05-26,Y
PT03577,159-9489,WORK LIGHT LED,Electrical,Low,276.52,EA,S003,P040,Y,2018-11-06,Y
PT01588,213-3519,BATTERY,Electrical,Medium,342.18,EA,S003,P058,N,2018-11-12,Y
PT01889,7A8686,THERMOSTAT,Cooling,Medium,47.25,EA,S001,P128,N,2020-04-05,Y
PT00077,479-3887,TRACK SHOE,Undercarriage,High,246.04,EA,S010,P127,N,2022-12-27,Y
PT04410,264-3811,TIRE 12-16.5,Tires,Medium,544.6,EA,S028,P121,N,2018-12-19,Y
PT00488,1C-0388,END BIT,Ground Engaging Tools,Medium,234.35,EA,,P056,N,2015-10-19,Y
PT00288,9G-0618,SPROCKET SEGMENT,Undercarriage,High,198.65,EA,S010,P025,N,2024-03-01,Y
PT02742,264-6444,TORQUE CONVERTER,Power Train,High,10138.83,EA,S002,P047,N,2024-12-01,Y
PT02803,6Y-6500,TRANSMISSION CLUTCH DISC,Power Train,Medium,235.42,EA,S002,P134,N,2021-07-07,Y
PT03284,1Y-9051,FUEL TRANSFER PUMP,Engine,High,514.19,EA,S002,P112,N,2020-08-11,Y
PT03429,9L-2534,MONITOR DISPLAY,Electrical,Medium,1295.2,EA,S001,P084,N,2018-04-27,Y
PT04228,6G-1179,WASHER HARD,Hardware,Low,0.73,EA,S001,P100,N,2023-08-14,Y
PT00569,4P-5515,ADAPTER,Ground Engaging Tools,Medium,145.11,EA,S003,P039,N,2017-09-15,Y
PT92871,1445010,AXLE SEAL,Power Train,Medium,112.85,EA,S001,P096,N,2022-05-10,Y
PT04210,414-5500,Washer  Hard,Hardware,Low,1.69,EA,S016,P042,N,2022-03-09,Y
PT02298,3X-3768,RIPPER TIP,Ground Engaging Tools,Medium,98.99,EA,S001,P038,N,2020-06-28,Y
PT02892,218-9777,AXLE SEAL,Power Train,Medium,148.93,EA,S025,P014,N,2017-12-11,Y
PT01294,1R-6898,V-BELT,Engine,Low,-38.78,each,S003,P008,N,2016-01-23,Y
PT01011,7C-7727,WATER PUMP,Engine,High,830.82,ea,S002,P117,N,2024-06-30,Y
PT02577,575-0809,SWING MOTOR,Hydraulics,High,5069.65,EA,S002,P115,N,2023-12-22,Y
PT03582,1H-3517,WORK LIGHT LED,Electrical,Low,226.93,EA,S034,P090,N,2018-04-03,Y
PT02039,394-9668,CARRIER ROLLER,Undercarriage,High,244.46,EA,S001,P130,N,2023-04-01,Y
PT90754,1210223,HYDRAULIC PUMP,Hydraulics,High,10464.87,EA,S002,P066,Y,2020-01-14,Y
PT00714,457-4201,HYDRAULIC PUMP,Hydraulics,High,-10355.88,EA,S007,P002,N,2024-06-12,Y
PT93905,5W1645,WINDOW GLASS,Cab,Low,452.56,EA,S030,P042,N,2016-01-29,Y
PT01136,452-4253,TURBOCHARGER,Engine,High,2450.75,EA,S001,P102,N,2020-11-24,Y
PT04385,207-7542,TIRE 12-16.5,Tires,Medium,416.63,EA,S002,P045,N,2016-02-27,Y
PT01174,483-1930,GASKET KIT,,Medium,247.66,EA,S001,P078,N,2015-04-10,Y
PT02827,8R-2196,AXLE SEAL,Power Train,Medium,58.65,EA,S024,P015,N,2022-12-14,Y
PT03408,8Y-9974,MONITOR DISPLAY,Electrical,Medium,1566.0,EA,S003,P070,N,2019-05-09,Y
PT01075,5P-8197,TURBOCHARGER,Engine,High,2921.75,EA,S002,P108,Y,2022-11-11,Y
PT01173,3N-7270,GASKET KIT,Engine,Medium,158.06,EA,S001,P052,Y,2020-12-03,Y
PT00617,5U-0851,HYDRAULIC HOSE ASSEMBLY,Hydraulics,High,88.38,EA,S001,P001,N,2024-09-14,Y
PT02428,2G-5056,SIDE CUTTER,Ground Engaging Tools,Medium,148.5,EA,S001,P111,N,2021-10-01,Y
PT02755,428-5230,Torque  Converter,,High,6950.94,EA,S024,P071,N,2021-07-31,Y
PT03048,112-0771,PISTON KIT,Engine,High,883.3,EA,S003,P124,Y,2020-06-14,Y
PT02751,225-9300,TORQUE CONVERTER,Power Train,High,11326.06,EA,S003,P035,N,2015-11-28,Y
PT02429,404-1195,SIDE CUTTER,Ground Engaging Tools,Medium,273.38,PC,S026,P091,N,2025-01-31,Y
PT92952,2724224,CYLINDER HEAD,Engine,High,2851.15,EA,S002,P109,N,2021-10-11,Y
PT01373,1B-6267,ALTERNATOR,Electrical,Medium,996.61,EA,,P058,Y,2019-02-08,Y
PT02362,3N-3493,BUCKET TOOTH RETAINER,Ground Engaging Tools,Low,9.12,EA,S026,P122,N,2016-07-16,Y
PT00158,3N-7151,TRACK ROLLER,Undercarriage,High,401.49,EA,S003,P124,N,2019-01-03,Y
PT04329,361-4287,TIRE 29.5R25,Tires,High,10263.78,EA,S003,P122,N,2017-03-06,Y
PT03827,156-2551,SEAT ASSEMBLY,Cab,Low,1823.38,EA,S003,P007,N,2022-05-08,Y
PT03120, 6W-2288,PISTON KIT,Engine,High,1016.6,EA,S003,P104,Y,2024-07-06,Y
PT90207,1064895,IDLER GROUP,Undercarriage,High,1864.52,EA,S010,P022,N,2018-01-14,Y
PT03219,460-9278,FUEL TRANSFER PUMP,Engine,High,464.9,EA,S001,P079,N,2018-12-23,Y
PT01233,6L-9055,V-BELT,Engine,Low,17.39,EA,S001,P117,N,2021-02-15,Y
PT03000,6P-8307,CYLINDER HEAD,Engine,High,6438.96,EA,S002,P029,N,2020-05-27,Y
PT02757,280-0518,TORQUE CONVERTER,Power Train,High,13353.36,EA,S003,P082,N,2016-01-13,Y
PT01581,357-5917,SENSOR SPEED,Electrical,Medium,153.56,EA,S002,P065,N,2025-04-12,Y
PT02735,163-2907,TORQUE CONVERTER,Power Train,High,8370.57,EA,S024,P078,N,2021-04-06,Y
PT01068,1F-9408,TURBOCHARGER,Engine,High,4191.21,EA,S001,P051,N,2020-06-23,Y
PT00889,4M-9030,HYDRAULIC CYLINDER,Hydraulics,High,4319.63,EA,S002,P123,Y,2023-01-16,Y
PT02665,6K-8358,FINAL DRIVE,Power Train,High,9085.77,EA,S003,P113,N,2018-08-27,Y
PT02116,103-0196,CARRIER ROLLER,Undercarriage,High,279.18,EA,S010,P127,N,2017-12-07,Y
PT00591,8F-9785,HYDRAULIC HOSE ASSEMBLY,,High,208.03,EA,S003,P101,N,2019-10-31,Y
PT80119,8G-2184,TRACK ROLLER (SUPERSEDED),Undercarriage,High,358.01,EA,S003,P037,N,2020-04-28,Y
PT01520,5M-7877,WIRING HARNESS,,Medium,$412.26,EA,S001,P107,Y,08-Jan-24,Y
PT00193,251-0080,IDLER GROUP,Undercarriage,High,1467.68,EA,S009,P123,N,2015-08-24,Y
PT03315,8F-7447,ECM CONTROLLER,Electrical,High,3560.67,EA,S001,P012,Y,12/21/2019,Y
PT02549,9X-1298,CONTROL VALVE,Hydraulics,High,4216.18,EA,S007,P029,Y,2020-03-10,Y
PT03038,485-1986,PISTON KIT,Engine,High,957.01,EA,S003,P023,N,11/14/2019,Y
PT00239, 509-8882,IDLER GROUP,Undercarriage,High,2571.13,EA,S002,P131,N,2017-10-29,Y
PT03301,303-4203,ECM CONTROLLER,Electrical,High,3912.52,EA,S002,P023,N,2024-07-29,Y
PT01710,166-3942,CAB AIR FILTER,Filters,Low,41.44,EA,S001,P002,N,2024-09-10,Y
PT04123,330-0460,HEX BOLT,Hardware,Low,6.37,EA,S001,P039,N,2017-07-21,Y
PT03213,315-3548,FUEL TRANSFER PUMP,Engine,High,$388.92,EA,S001,P060,Y,2016-06-27,Y
PT02320,540-7259,BUCKET TOOTH RETAINER,Ground Engaging Tools,Low,0,EA,S011,P089,N,2020-11-02,Y
PT01679,8F-1904,CAB AIR FILTER,Filters,Low,45.99,EA,S002,P104,N,2020-01-22,Y
PT02215,2A-3786,RIPPER SHANK,Ground Engaging Tools,Medium,1109.96,EA,S026,P045,N,20181129,Y
PT00172,5C-6355,TRACK ROLLER,Undercarriage,High,515.17,EA,S003,P069,N,2024-08-26,Y
PT04129,9L-8694,HEX BOLT,Hardware,Low,3.44,EA,S001,P043,N,2017-05-29,Y
PT01659,7V-3911,CAB AIR FILTER,Filters,Low,46.55,EA,S002,P118,N,2021-11-02,Y
PT02455, 360-9041,SIDE CUTTER,Ground Engaging Tools,Medium,299.34,EA,S003,P115,N,2019-03-09,Y
PT01238,222-3496,V-BELT,Engine,Low,41.72,EA,CAT,P044,N,2017-04-19,Y
PT03419,187-1426,MONITOR DISPLAY,Electrical,Medium,868.83,EA,S034,P126,N,2017-05-01,Y
PT00893,3E-9729,HYDRAULIC CYLINDER,Hydraulics,,2503.55,EA,S002,P006,N,2016-11-04,Y
PT02174,413-0540,RIPPER SHANK,Ground Engaging Tools,Medium,1619.02,EA,S026,P003,N,2021-10-23,Y
PT81344,126-7455,ALTERNATOR (SUPERSEDED),Electrical,Medium,801.07,PC,S001,P044,N,2016-01-06,Y
PT00147,315-2256,TRACK ROLLER,Undercarriage,High,439.11,EA,S002,P031,N,2016-04-28,Y
PT03971,7F-5238,O-RING SEAL,Hardware,Low,1.41,EA,S003,P038,N,2025-01-19,Y
PT01290,346-6469,V-BELT,Engine,Low,47.72,EA,S003,P125,N,2024-05-23,Y
PT00496,4P-9147,END BIT,Ground Engaging Tools,Medium,182.31,EA,S011,P082,N,2017-11-14,Y
PT04085,106-5237,HEX BOLT,Hardware,Low,3.78,EA,S016,P083,N,2024-01-05,Y
PT90026,1Y7707,TRACK SHOE,Undercarriage,High,197.32,EA,S001,P007,N,2024-02-18,Y
PT01764,4G-8533,TRANSMISSION FILTER,Filters,Medium,81.9,EA,S006,P026,N,2017-09-21,Y
PT03053,311-4772,PISTON KIT,Engine,High,"$1,101.82",EA,S003,P049,N,2019-07-29,Y
PT00699,129-3246,HYDRAULIC PUMP,Hydraulics,,12144.95,EA,S001,P115,N,2015-03-11,Y
PT03239,1P-8286,FUEL TRANSFER PUMP,Engine,,354.15,EA,S003,P040,N,2015-05-25,Y
PT01349,362-9261,ALTERNATOR,Electrical,Medium,944.46,EA,S003,P015,N,2017-01-11,Y
PT00954,489-9056,WATER PUMP,Engine,High,856.51,EA,S002,P008,Y,2021-06-16,Y
PT02222,439-6029,RIPPER SHANK,Ground Engaging Tools,Medium,754.26,EA,S026,P018,N,2016-02-12,Y
PT03510,398-4940,RELAY,Electrical,Low,39.08,EA,S029,P037,Y,20180927,Y
PT01205,582-9950,GASKET KIT,Engine,Medium,167.19,EA,S003,P091,Y,2016-03-12,Y
PT80042,7F-0654,TRACK SHOE (SUPERSEDED),Undercarriage,High,159.53,EA,S001,P019,N,2017-07-06,Y
PT02182,352-7118,RIPPER SHANK,,Medium,788.99,Ea.,S011,P046,N,2022-10-06,Y
PT00710,187-8745,HYDRAULIC PUMP,Hydraulics,High,11556.11,EA,,P024,N,2018-06-30,Y
PT01921,3U-3490,TRACK PIN,Undercarriage,Medium,71.44,EA,S002,P056,N,2015-11-19,Y
PT01475,265-1189,STARTER MOTOR,Electrical,High,842.18,EA,S002,P107,Y,2019-10-30,Y
PT00978,4H-4216,WATER PUMP,Engine,High,442.22,PC,S003,P108,N,2015-06-07,Y
PT04140,9P-2478,WASHER HARD,Hardware,Low,0.85,EA,S016,P068,N,2023-08-30,Y
PT02345,413-3767,BUCKET TOOTH RETAINER,Ground Engaging Tools,Low,5.67,EA,S002,P026,N,2024-10-15,Y
PT02260,100-4909,RIPPER TIP,Ground Engaging Tools,Medium,$78.29,each,S002,P092,N,2021-09-25,Y
PT03442,8M-4057,MONITOR DISPLAY,Electrical,Medium,1300.59,EA,S003,P093,N,2021-04-17,Y
PT00170,3G 7376,TRACK ROLLER,Undercarriage,High,517.03,EA,S002,P119,N,2023-07-20,Y
PT03752,5S-6490,COOLANT HOSE,Cooling,Low,44.8,EA,S035,P044,N,2015-05-28,Y
PT01015,7F-6166,WATER PUMP,Engine,High,857.72,EA,S001,P096,N,2021-01-03,Y
PT00342,259-3377,TRACK LINK ASSEMBLY,Undercarriage,High,6753.53,EA,S009,P028,N,2020-12-27,Y
PT02243,9P-8996,RIPPER TIP,Ground Engaging Tools,Medium,99.52,EA,S002,P058,N,2025-01-24,Y
PT94391,1F4262,TIRE 12-16.5,Tires,Medium,347.52,EA,,P117,N,2022-07-23,Y
PT01976,385-8805,TRACK BUSHING,Undercarriage,Medium,89.35,EA,S009,P048,N,2024-02-07,Y
PT04224,2S-0257,WASHER HARD,Hardware,Low,0.73,EA,S002,P112,N,2023-10-06,Y
PT00261,9X-7154,IDLER GROUP,Undercarriage,High,2647.88,EA,S009,P029,N,2019-01-24,Y
PT00717,4A-7088,HYDRAULIC PUMP,Hydraulics,High,8137.11,EA,S007,P010,Y,2024-05-07,Y
PT00850,138-3990,SEAL KIT,Hydraulics,Medium,119.71,EA,S002,P008,Y,2021-06-17,Y
PT04161,120-0571,WASHER HARD,Hardware,Low,0.91,EA,S001,P072,N,2021-01-24,Y
PT02977,400-4018,CYLINDER HEAD,Engine,High,2498.76,EA,S002,P115,Y,2024-09-14,Y
PT03422,3I-5656,MONITOR DISPLAY,Electrical,Medium,1688.59,EA,S003,P125,N,20191228,Y
PT01829,2a-5524,Radiator,Cooling,High,2086.07,EA,S003,P122,N,2021-11-14,Y
PT81418,8U-5579,STARTER MOTOR (SUPERSEDED),Electrical,High,941.17,EA,S001,P099,Y,2022-08-23,Y
PT00503,7U-0800,ADAPTER,Ground Engaging Tools,Medium,135.6,EA,S003,P052,N,2016-06-16,Y
PT01900,446-6951,TRACK PIN,Undercarriage,Medium,108.97,EA,S002,P044,N,2019-03-12,Y
PT00297,8I-9990,SPROCKET SEGMENT,Undercarriage,High,191.85,EA,S010,P063,N,2020-04-10,Y
PT02342,420-5897,BUCKET TOOTH RETAINER,Ground Engaging Tools,Low,10.14,EA,S002,P033,N,2022-08-12,Y
PT02996,08T-9391,CYLINDER HEAD,Engine,High,4013.04,EA,S001,P122,N,2020-10-21,Y
PT02570,532-8004,SWING MOTOR,Hydraulics,High,5630.81,EA,S002,P126,N,2016-07-01,Y
PT04023,460-8996,O-RING SEAL,Hardware,Low,1.64,EA,S016,P096,N,2018-08-04,Y
PT03346,1F-4176,ECM CONTROLLER,Electrical,High,1653.64,EA,S034,P107,Y,2019-11-01,Y
PT01837,1C-2742,RADIATOR,Cooling,High,2653.6,EA,S002,P029,N,2025-03-19,Y
PT00274,1G-6563,SPROCKET SEGMENT,Undercarriage,High,323.16,EA,S010,P044,N,2023-01-18,Y
PT02308,162-6634,RIPPER TIP,Ground Engaging Tools,Medium,92.59,EA,S003,P091,N,2020-05-02,Y
PT01148,469-4200,GASKET KIT,Engine,Medium,260.51,EA,S001,P091,N,2015-09-11,Y
PT02683,5C-1061,Travel  Motor,Power Train,High,9678.41,EA,S002,P035,N,2021-11-07,Y
PT00014,4K-0367,NUT PLOW,Hardware,Low,1.2,EA,S002,P003,N,2023-09-06,Y
PT03285,172-8733,FUEL TRANSFER PUMP,Engine,High,792.38,EA,S002,P123,Y,2017-02-17,Y
PT02905,8U 6598,BRAKE DISC,Power Train,Medium,491.08,EA,S001,P057,N,2025-04-13,Y
PT01066,407-9603,TURBOCHARGER,Engine,High,3044.75,EA,S003,P026,N,2015-11-27,Y
PT04376,5585071,TIRE 12-16.5,Tires,Medium,469.41,EA,S027,P122,N,2024-11-24,Y
PT03544,2Y-1687,RELAY,Electrical,Low,15.68,Ea.,S034,P062,N,2022-01-06,Y
PT03593,405-0092,WORK LIGHT LED,Electrical,Low,235.51,EA,S015,P024,Y,2015-08-30,Y
PT01662,3H-9460,CAB AIR FILTER,Filters,Low,58.79,EA,S001,P049,N,2018-04-12,Y
PT00554,2C-7395,ADAPTER,Ground Engaging Tools,Medium,168.04,EA,S026,P116,N,2016-06-18,Y
PT03664,578-7580,FAN BLADE,Cooling,Medium,455.08,EA,S001,P064,N,2024-08-21,Y
PT01125,591-7590,TURBOCHARGER,Engine,High,"$4,916.78",EA,S001,P078,Y,2024-11-12,Y
PT83596,9N-8746,WORK LIGHT LED (SUPERSEDED),Electrical,Low,134.89,EA,S034,P064,N,2023-08-24,Y
PT04287,1A-5451,TIRE 29.5R25,Tires,High,10408.99,EA,S027,P041,N,2024-12-08,Y
PT03763,7N-9185,COOLANT HOSE,Cooling,Low,42.64,EA,S035,P060,N,2016-12-30,Y
PT00434,131-7832,END BIT,Ground Engaging Tools,Medium,179.0,EA,S003,P041,N,2024-01-08,Y
PT00836,447-7544,SEAL KIT,Hydraulics,Medium,84.16,EA,S001,P122,N,2020-02-07,Y
PT02627,6K-9570,SWING MOTOR,Hydraulics,High,8071.58,EA,S007,P108,N,2019-08-06,Y
PT02098,2V-6777,CARRIER ROLLER,Undercarriage,High,521.45,EA,S002,P038,N,2016-08-03,Y
PT03872,263-2436,WINDOW GLASS,Cab,Low,725.01,EA,S030,P062,N,2016-03-01,Y
PT02748,598-2706,TORQUE CONVERTER,Power Train,High,12798.33,EA,S003,P076,N,2023-02-28,Y
PT92099,3542454,Carrier  Roller,Undercarriage,High,664.15,EA,S003,P070,N,2017-07-17,Y
PT04285,6P-4096,TIRE 29.5R25,Tires,High,6226.69,EA,S003,P083,N,2015-07-13,Y
PT01358,487-3360,ALTERNATOR,Electrical,Medium,782.88,EA,S001,P063,N,2019-06-19,Y
PT02962,9I-5397,CYLINDER HEAD,Engine,High,3812.25,EA,S003,P096,N,2017-04-02,Y
PT00068,296-1207,TRACK SHOE,Undercarriage,High,267.81,EA,S010,P103,N,2020-04-16,Y
PT00938,8V-6552,FUEL INJECTOR,Engine,High,784.37,EA,S003,P021,N,2018-05-01,Y
PT00247,6S-9970,IDLER GROUP,Undercarriage,High,2877.6,EA,S003,P058,N,2021-09-07,Y
PT01082,204-6004,TURBOCHARGER,Engine,High,"$2,005.71",EA,S002,P069,Y,2015-06-04,Y
PT02979,390-8717,CYLINDER HEAD,Engine,High,6429.34,EA,S003,P108,Y,2020-06-18,Y
PT01616,6H-0020,BATTERY,Electrical,Medium,346.86,EA,S001,P115,N,2022-01-07,Y
PT01177,7J-1828,GASKET KIT,Engine,Medium,213.38,EA,S003,P011,N,2018-11-28,Y
PT00613,478-1405,HYDRAULIC HOSE ASSEMBLY,Hydraulics,High,172.41,EA,S003,P013,N,2024-04-09,Y
PT00059,3E-0296,TRACK SHOE,Undercarriage,High,175.72,EA,S009,P099,N,2018-12-16,Y
PT91760,8I6396,TRANSMISSION FILTER,Filters,Medium,97.61,EA,S006,P117,N,2017-10-29,Y
PT00870,158-9831,HYDRAULIC CYLINDER,Hydraulics,High,2799.14,EA,S007,P047,Y,2024-07-02,Y
PT01535,3L-4752,SENSOR SPEED,Electrical,Medium,140.62,EA,S002,P024,N,2023-08-07,Y
PT00124,3H-8764,TRACK ROLLER,Undercarriage,High,689.2,EA,S003,P008,N,2023-11-02,Y
PT01254,227-5782,V-BELT,Engine,Low,50.34,EA,S001,P132,N,2017-12-11,Y
PT01814,5G-3802,RADIATOR,Cooling,High,3300.96,EA,S035,P080,N,2022-01-04,Y
PT02120,309-3487,CARRIER ROLLER,Undercarriage,High,479.17,EA,S010,P111,N,2019-04-07,Y
PT01732,327-4983,TRANSMISSION FILTER,Filters,Medium,,EA,S001,P033,N,2015-08-29,Y
PT01058,2C-8972,WATER PUMP,Engine,High,375.52,EA,S002,P088,N,2022-06-08,Y
PT02081,276-2763,CARRIER ROLLER,Undercarriage,High,490.24,EA,S001,P031,N,2020-01-30,Y
PT01117,374-2316,TURBOCHARGER,Engine,High,3192.56,EA,S001,P014,Y,2024-01-28,Y
PT01375,6H-1747,ALTERNATOR,Electrical,Medium,451.24,EA,S003,P040,N,2024-11-25,Y
PT03660,7G-8772,FAN BLADE,Cooling,Medium,325.7,EA,S003,P024,N,2020-04-24,Y
PT02819,471-4125,TRANSMISSION CLUTCH DISC,Power Train,Medium,150.28,EA,,P114,N,2024-01-17,Y
PT04278,4K-3040,TIRE 29.5R25,Tires,High,5781.33,EA,S001,P096,N,2019-07-10,Y
PT01037,353-6133,WATER PUMP,Engine,High,694.68,EA,S003,P128,Y,2023-12-08,Y
PT02025,3K-4955,TRACK BUSHING,Undercarriage,Medium,59.84,EA,S002,P089,N,2022-09-12,Y
PT00230,594-1416,IDLER GROUP,Undercarriage,High,"$1,987.09",EA,S003,P098,N,2024-07-14,Y
PT02982,403-3733,CYLINDER HEAD,Engine,High,6014.54,EA,S001,P075,Y,2018-09-08,Y
PT00821,4D-4035,SEAL KIT,Hydraulics,Medium,67.98,EA,S001,P044,N,2020-03-29,Y
PT02293,3N-2151,RIPPER TIP,Ground Engaging Tools,Medium,$87.90,EA,S001,P023,N,2016-05-06,Y
PT01264,2Y-4391,V-BELT,Engine,Low,34.28,EA,S003,P025,Y,2024-07-16,Y
PT03757,9A-3161,COOLANT HOSE,Cooling,Low,50.56,EA,S035,P003,N,2016-11-17,Y
PT03651,9A-9969,FAN BLADE,Cooling,Medium,325.91,EA,S035,P109,N,2020-01-13,Y
PT01558,3G-9488,SENSOR SPEED,Electrical,Medium,105.35,EA,S003,P010,Y,2019-04-12,Y
PT00399,2A-4011,CUTTING EDGE,Ground Engaging Tools,Medium,194.6,EA,S001,P080,N,2024-04-01,Y
PT04401,103-9765,TIRE 12-16.5,Tires,Medium,272.31,EA,S028,P015,N,2018-10-11,Y
PT03672,3S-0015,FAN BLADE,Cooling,Medium,426.52,EA,S035,P001,N,2015-09-21,Y
PT00905,351-2035,FUEL INJECTOR,Engine,,468.77,EA,S001,P075,N,03/01/2017,Y
PT01709,207-6854,CAB AIR FILTER,Filters,Low,25.74,EA,S006,P010,N,2018-06-25,Y
PT01092,4T-3367,TURBOCHARGER,Engine,High,5019.77,EA,S001,P007,N,2017-11-19,Y
PT01306,8X-0869,V-BELT,Engine,Low,20.95,EA,S003,P093,Y,2019-10-12,Y
PT01469,110-7887,STARTER MOTOR,Electrical,High,685.57,EA,S015,P076,N,2016-12-09,Y
PT03144,204-8890,CRANKSHAFT BEARING,Engine,Medium,138.17,EA,S001,P106,Y,2016-07-09,Y
PT01792,6X-0708,TRANSMISSION FILTER,Filters,Medium,85.47,EA,S003,P015,N,2018-07-09,Y
PT02242,352-3496,RIPPER TIP,Ground Engaging Tools,,85.58,EA,S003,P062,N,2023-03-10,Y
PT03694,3S-0233,FAN BLADE,Cooling,,229.51,EA,S001,P035,N,2024-10-08,Y
PT01292,315-7916,V-BELT,Engine,Low,0,EA,S002,P063,N,2015-08-11,Y
PT00401,1D-4487,CUTTING EDGE,Ground Engaging Tools,Medium,385.51,EA,S002,P065,N,2025-01-21,Y
PT04293,7R-1602,TIRE 29.5R25,Tires,High,6319.28,EA,S028,P114,N,2022-06-24,Y
PT00736,112-8995,HYDRAULIC PUMP,Hydraulics,High,10923.01,EA,S003,P002,N,03/06/15,Y
PT02778,4K-4106,TRANSMISSION CLUTCH DISC,Power Train,Medium,217.23,EA,S002,P129,N,2020-04-12,Y
PT03283,5N-1888,FUEL TRANSFER PUMP,Engine,High,331.33,EA,S001,P031,N,2023-10-31,Y
PT03116,502-7374,PISTON KIT,,High,1171.72,EA,S003,P103,N,2019-11-15,Y
PT02711,7C-1987,TORQUE CONVERTER,Power Train,High,10441.35,EA,S001,P058,N,2022-02-28,Y
PT02072,1G-5092,CARRIER ROLLER,Undercarriage,High,464.84,EA,S010,P116,N,2016-07-29,Y
PT94351,2300067,TIRE 29.5R25,Tires,High,14764.86,EA,S002,P054,N,2020-10-11,Y
PT04078,242-3883,HEX BOLT,Hardware,Low,4.51,Ea.,S002,P018,N,2018-01-10,Y
PT03661,4F-4412,FAN BLADE,Cooling,Medium,466.56,EA,S035,P124,N,2025-01-30,Y
PT01880,404-7394,THERMOSTAT,Cooling,Medium,$71.89,EA,S001,P122,N,2025-01-07,Y
PT04135,224-5359,HEX BOLT,,Low,3.79,EA,S016,P062,N,2022-03-19,Y
PT03847,7U-4547,WINDOW GLASS,Cab,Low,363.51,EA,S001,P045,N,2018-09-01,Y
PT01167,8K-2401,GASKET KIT,Engine,Medium,111.24,EA,S002,P114,N,2025-04-22,Y
PT01473,391-8826,STARTER MOTOR,Electrical,High,818.35,EA,S029,P095,N,2017-06-07,Y
PT02966,5B-2997,CYLINDER HEAD,Engine,High,6079.66,EA,S002,P130,Y,2017-02-07,Y
PT02976,565-4480,CYLINDER HEAD,Engine,High,4986.51,EA,S002,P078,Y,2020-01-07,Y
PT03760,210-9516,COOLANT HOSE,Cooling,Low,40.34,EA,S001,P093,N,2024-05-23,Y
PT01253,381-9590,V-BELT,Engine,Low,31.05,EA,S003,P130,Y,2024-06-24,Y
PT02603,1T-3810,SWING MOTOR,Hydraulics,High,7286.68,EA,S003,P027,N,2022-03-13,Y
PT02813,2K-3135,TRANSMISSION CLUTCH DISC,Power Train,Medium,217.71,EA,S025,P008,N,2022-06-24,Y
PT02458,9M-7845,SIDE CUTTER,Ground Engaging Tools,Medium,343.22,EA,S001,P078,N,2017-05-22,Y
PT00785,387-1543,SEAL KIT,Hydraulics,Medium,73.05,EA,S002,P119,N,2021-08-23,Y
PT04100,397-8445,HEX BOLT,Hardware,Low,5.88,EA,S002,P071,N,2018-12-06,Y
PT00676,4V-0217,HYDRAULIC PUMP,Hydraulics,High,7822.62,EA,S001,P108,N,2022-02-09,Y
PT00730,4P-6505,HYDRAULIC PUMP,Hydraulics,High,4778.7,EA,S001,P005,Y,2017-11-13,Y
PT00510,5U-9041,ADAPTER,Ground Engaging Tools,Medium,63.68,EA,S002,P050,N,2019-05-12,Y
PT01516,0493-6559,WIRING HARNESS,Electrical,Medium,595.98,EA,S002,P109,N,2015-12-25,Y
PT02848,1R-7855,AXLE SEAL,Power Train,Medium,89.25,EA,S002,P101,N,2016-02-15,Y
PT03156,6X-2084,CRANKSHAFT BEARING,Engine,Medium,152.38,EA,S002,P100,Y,2017-11-29,Y
PT03812,3L1882,SEAT ASSEMBLY,Cab,Low,1711.99,EA,S003,P129,N,2016-05-08,Y
PT03075,6M-9501,PISTON KIT,,High,635.01,EA,S001,P027,N,2017-05-08,Y
PT03201,0489-0122,FUEL TRANSFER PUMP,Engine,High,611.03,EA,S001,P128,N,2017-02-15,Y
PT04108,6J-6321,HEX BOLT,Hardware,Low,3.54,EA,S016,P071,N,2021-12-06,Y
PT01454,493-2679,STARTER MOTOR,Electrical,High,1162.28,EA,S003,P069,Y,2016-05-05,Y
PT01719,100-4165,CAB AIR FILTER,,Low,44.04,EA,S021,P028,N,2021-09-08,Y
PT02252,361-9349,RIPPER TIP,Ground Engaging Tools,Medium,82.43,EA,S026,P062,N,2017-05-09,Y
PT00031,296-3155,TRACK SHOE,Undercarriage,High,317.87,EA,S003,P068,N,2018-02-11,Y
PT02733,6w-9012,TORQUE CONVERTER,Power Train,High,7939.85,EA,S002,P018,N,2018-02-23,Y
PT02984,398-1649,CYLINDER HEAD,Engine,High,2993.86,EA,S002,P067,Y,2015-11-16,Y
PT01346,160-1723,ALTERNATOR,Electrical,Medium,444.69,EA,S034,P062,Y,2025-04-21,Y
PT92394,5703597,BUCKET TOOTH RETAINER,Ground Engaging Tools,,7.31,EA,S003,P111,N,2021-09-24,Y
PT00060,8X-0114,TRACK SHOE,Undercarriage,High,210.83,EA,S010,P016,N,2021-03-30,Y
PT03640,8I-5955,FAN BLADE,Cooling,Medium,185.56,EA,S001,P074,N,2021-01-25,Y
PT01707,255-8810,CAB AIR FILTER,Filters,Low,63.94,EA,S002,P126,N,2019-10-11,Y
PT03560,9L-2621,WORK LIGHT LED,Electrical,,280.65,EA,S015,P089,Y,2023-02-14,Y
PT01607,4G-0605,BATTERY,Electrical,Medium,237.93,EA,S002,P107,N,2022-03-11,Y
PT01583,518-8246,SENSOR SPEED,Electrical,Medium,161.07,EA,S003,P060,N,2021-03-04,Y
PT01594,214-2749,BATTERY,Electrical,Medium,233.51,EA,S034,P039,N,2022-03-29,Y
PT01730,3X-9055,TRANSMISSION FILTER,Filters,,99.91,EA,S021,P094,N,2022-01-31,Y
PT01382,217-9668,ALTERNATOR,Electrical,Medium,1062.1,EA,S001,P117,N,2015-03-05,Y
PT03732,8H-2226,COOLANT HOSE,Cooling,Low,42.04,EA,S035,P118,N,29-Jul-21,Y
PT00701,4A-1464,HYDRAULIC PUMP,Hydraulics,High,11481.73,EA,S003,P024,N,2020-12-23,Y
PT03090,7T-4373,PISTON KIT,Engine,High,1045.07,EA,S001,P101,Y,2018-12-26,Y
PT02826,5B-8832,AXLE SEAL,Power Train,Medium,122.48,Ea.,S025,P041,N,2017-11-15,Y
PT01613,9J-9251,BATTERY,Electrical,Medium,310.06,EA,S015,P097,Y,2025-01-26,Y
PT01263,6R-9302,V-BELT,Engine,Low,30.71,EA,S003,P011,Y,09/06/21,Y
PT04359,584-3366,TIRE 29.5R25,Tires,High,14147.52,EA,S003,P023,N,2015-05-24,Y
PT00439,449-5069,END BIT,Ground Engaging Tools,Medium,239.61,PC,CAT,P041,N,2016-03-22,Y
PT01031,2R-0783,WATER PUMP,Engine,High,591.86,EA,S001,P010,Y,2018-01-17,Y
PT03364,5G-4438,ECM CONTROLLER,Electrical,High,4278.34,EA,S002,P018,N,2022-12-15,Y
PT03770,479-6506,COOLANT HOSE,,Low,29.26,EA,S003,P095,N,2024-03-20,Y
PT03388,7H-7305,ECM CONTROLLER,Electrical,High,4408.98,EA,S001,P015,N,2020-04-18,Y
PT03607,393-0531,WORK LIGHT LED,Electrical,Low,227.77,EA,S001,P097,Y,2016-05-11,Y
PT03963,416-4600,O-RING SEAL,Hardware,Low,2.31,EA,S016,P119,N,2016-07-29,Y
PT04011,174-1935,O-RING SEAL,Hardware,Low,3.1,EA,S016,P105,N,2017-01-28,Y
PT03793,9C-9064,SEAT ASSEMBLY,Cab,Low,1938.81,EA,S002,P046,N,2017-04-07,Y
PT01625,345-6357,BATTERY,Electrical,Medium,265.46,EA,S029,P131,N,2021-06-02,Y
PT03466,416-2216,RELAY,Electrical,Low,18.27,EA,S034,P072,N,2022-09-16,Y
PT01356,9R 0553,ALTERNATOR,Electrical,Medium,823.35,EA,S001,P076,Y,2017-04-30,Y
PT01767,9W-1718,TRANSMISSION FILTER,Filters,,72.81,EA,S003,P092,N,2018-05-31,Y
PT02744,3N-2812,TORQUE CONVERTER,Power Train,High,5444.11,EA,S025,P039,N,2018-06-29,Y
PT02125,4B-4433,RECOIL SPRING,Undercarriage,High,2473.12,EA,S002,P026,N,2021-12-20,Y
PT00118,197-2353,TRACK ROLLER,Undercarriage,High,599.86,EA,S002,P121,N,2016-06-19,Y
PT02578,286-5511,SWING MOTOR,Hydraulics,High,9627.84,EA,S022,P009,N,2019-12-08,Y
PT03701,191-2354,FAN BLADE,Cooling,Medium,-319.54,EA,S003,P044,N,2018-01-03,Y
PT00275,266-6447,Sprocket  Segment,Undercarriage,High,411.57,EA,S010,P062,N,2020-02-18,Y
PT01681,360-4865,CAB AIR FILTER,Filters,Low,28.85,EA,S003,P092,N,2024-07-09,Y
PT01972,472-2496,TRACK BUSHING,Undercarriage,Medium,54.85,EA,S003,P047,N,2024-07-21,Y
PT02706,203-6039,TRAVEL MOTOR,Power Train,High,11372.91,EA,S002,P120,N,2022-11-09,Y
PT00625,307-6307,HYDRAULIC HOSE ASSEMBLY,Hydraulics,High,200.68,EA,S003,P078,N,2020-04-01,Y
PT01589,5I-9512,Battery,Electrical,Medium,280.59,EA,S001,P006,N,2020-03-24,Y
PT03111,8C 5953,PISTON KIT,Engine,High,1244.92,EA,S001,P093,Y,2020-07-18,Y
PT03223,9I-2288,FUEL TRANSFER PUMP,,High,-317.67,EA,S002,P132,N,2024-06-05,Y
PT01161,2S-3577,GASKET KIT,Engine,,125.62,ea,S003,P105,Y,2022-06-03,Y
PT03366,394-4341,ECM CONTROLLER,Electrical,High,2474.25,EA,S002,P047,N,2021-12-25,Y
PT03105,314-3395,PISTON KIT,Engine,High,1131.44,EA,S002,P056,N,2016-03-19,Y
PT03384,7F-5055,ECM CONTROLLER,Electrical,High,-2201.43,EA,S003,P129,Y,2025-02-15,Y
PT04029,346-1369,O-RING SEAL,Hardware,Low,2.86,EA,S016,P014,N,2020-03-09,Y
PT00226,9M-4586,IDLER GROUP,Undercarriage,High,1517.9,EA,S009,P098,N,2015-08-16,Y
PT04398,9P-8506,TIRE 12-16.5,Tires,Medium,270.76,EA,S003,P090,N,2016-06-13,Y
PT00236,419-8234,IDLER GROUP,Undercarriage,High,3296.51,EA,S003,P089,N,2024-07-05,Y
PT02212,313-7717,RIPPER SHANK,Ground Engaging Tools,Medium,641.11,EA,S003,P078,N,2024-10-23,Y
PT02505,9J-1678,CONTROL VALVE,Hydraulics,High,6047.41,EA,S001,P133,N,2023-11-22,Y
PT04192,7A-7960,WASHER HARD,Hardware,Low,0.94,EA,S003,P010,N,2021-12-22,Y
PT01622,470-2494,BATTERY,Electrical,Medium,360.13,EA,S002,P088,Y,2017-07-01,Y
PT03775,444-7365,COOLANT HOSE,Cooling,Low,73.24,EA,S035,P027,N,2023-09-27,Y
PT01926,9J-4826,TRACK PIN,Undercarriage,Medium,76.32,EA,S001,P102,N,2015-05-16,Y
PT01902,282-9451,TRACK PIN,Undercarriage,Medium,71.14,EA,S002,P100,N,2023-01-30,Y
PT01178,406-6992,GASKET KIT,Engine,Medium,141.62,EA,S002,P040,Y,2019-11-30,Y
PT03785,4B-7762,COOLANT HOSE,Cooling,Low,73.2,EA,S003,P087,N,2022-07-20,Y
PT00851,8F-1174,SEAL KIT,Hydraulics,Medium,49.36,EA,S031,P010,N,2018-02-08,Y
PT02241,5N-7132,RIPPER SHANK,Ground Engaging Tools,Medium,1578.28,EA,S002,P071,N,2019-02-23,Y
PT01639,3L-5278,BATTERY,Electrical,Medium,157.79,EA,S001,P040,N,2023-08-18,Y
PT00175,394-9821,TRACK ROLLER,Undercarriage,,522.39,EA,S003,P099,N,2025-04-23,Y
PT00321,544-6175,Track  Link Assembly,Undercarriage,,8196.59,EA,S009,P127,N,2017-11-23,Y
PT02114,143-7798,CARRIER ROLLER,Undercarriage,High,612.21,EA,S001,P103,N,2020-03-09,Y
PT02285,2V-6923,RIPPER TIP,Ground Engaging Tools,Medium,42.03,EA,S002,P029,N,2018-10-01,Y
PT00552,225-7273,ADAPTER,Ground Engaging Tools,Medium,58.46,EA,S001,P040,N,2018-12-02,Y
PT00198,579-4387,IDLER GROUP,Undercarriage,High,"$1,490.85",EA,S009,P114,N,2017-05-22,Y
PT04298,198-2476,TIRE 29.5R25,Tires,High,7164.96,EA,S003,P010,N,2020-02-24,Y
PT00396,9X-1264,CUTTING EDGE,Ground Engaging Tools,Medium,340.48,EA,S011,P128,N,2021-02-08,Y
PT00415,0407-1817,END BIT,Ground Engaging Tools,Medium,89.52,EA,S026,P109,N,2022-04-13,Y
PT03018,8G-2182,CYLINDER HEAD,Engine,High,5688.31,EA,S002,P060,Y,2015-04-27,Y
PT03218,2R-6486,FUEL TRANSFER PUMP,,High,577.2,EA,S002,P025,N,2018-12-12,Y
PT02028,4I-8230,TRACK BUSHING,Undercarriage,Medium,79.86,EA,S002,P040,N,2018-04-30,Y
PT01293,4P-6180,V-BELT,Engine,Low,21.65,EA,S003,P055,Y,2016-06-24,Y
PT03157,589-7441,CRANKSHAFT BEARING,Engine,Medium,75.11,EA,S001,P011,N,2020-06-22,Y
PT02046,2H-3374,CARRIER ROLLER,Undercarriage,High,584.47,EA,S001,P051,N,2023-07-09,Y
PT01778,9g-8449,TRANSMISSION FILTER,Filters,Medium,57.73,EA,S021,P132,N,2017-08-17,Y
PT00627,424-1688,HYDRAULIC HOSE ASSEMBLY,Hydraulics,High,111.52,EA,S002,P130,N,2017-01-11,Y
PT03137,391-6433,CRANKSHAFT BEARING,Engine,,,EA,CAT,P030,Y,2023-12-14,Y
PT00655,378-7653,HYDRAULIC HOSE ASSEMBLY,Hydraulics,High,189.82,EA,S001,P022,Y,2024-07-14,Y
PT00441,596-8532,END BIT,Ground Engaging Tools,Medium,177.35,EA,S002,P028,N,2015-07-07,Y
PT03535,5C-0030,RELAY,Electrical,Low,34.3,EA,S034,P025,Y,2020-04-28,Y
PT03310,9I-7146,ECM CONTROLLER,Electrical,High,2970.5,EA,S003,P076,Y,2018-09-04,Y
PT01927,468-5725,TRACK PIN,Undercarriage,Medium,70.76,EA,S010,P121,N,2022-06-27,Y
PT02051,3L-7524,Carrier  Roller,Undercarriage,High,297.32,EA,S003,P037,N,2022-09-24,Y
PT03751,6M-8648,COOLANT HOSE,Cooling,Low,63.7,EA,S035,P129,N,2024-07-28,Y
PT02584,511-9511,SWING MOTOR,Hydraulics,High,5395.92,EA,S002,P103,N,20200205,Y
PT01661,336-7119,CAB AIR FILTER,Filters,Low,39.01,EA,S021,P039,N,2021-09-13,Y
PT03347,4U-8241,ECM CONTROLLER,Electrical,High,0,ea,S003,P133,N,2017-02-22,Y
PT03324,8C-1453,ECM CONTROLLER,Electrical,High,2997.97,EA,S029,P128,N,2016-12-01,Y
PT02205,8X-8484,RIPPER SHANK,Ground Engaging Tools,Medium,1471.51,EA,S003,P045,N,2016-04-28,Y
PT00598,8E-6120,HYDRAULIC HOSE ASSEMBLY,Hydraulics,High,-88.74,EA,S003,P134,N,2018-02-08,Y
PT02998,566-4335,CYLINDER HEAD,Engine,High,5007.17,EA,S001,P069,Y,2020-07-05,Y
PT02309,9A-4147,RIPPER TIP,Ground Engaging Tools,Medium,54.37,PC,S011,P075,N,2016-08-01,Y
PT01455,499-3871,STARTER MOTOR,,High,844.91,EA,S015,P086,N,2019-08-12,Y
PT01319,273-4156,V-BELT,Engine,Low,29.48,EA,S002,P028,N,2020-11-10,Y
PT02750,320-5499,TORQUE CONVERTER,Power Train,High,-13831.75,EA,S002,P035,N,2020-07-23,Y
PT02233,1P-3405,RIPPER SHANK,Ground Engaging Tools,Medium,1594.26,EA,S003,P042,N,2015-04-24,Y
PT01335,425-3820,ALTERNATOR,Electrical,Medium,982.9,EA,S001,P124,N,2019-04-19,Y
PT02675,511-3762,TRAVEL MOTOR,Power Train,High,14820.43,EA,S025,P083,N,2022-10-10,Y
PT02343,6G-1436,BUCKET TOOTH RETAINER,Ground Engaging Tools,Low,4.96,EA,S026,P106,N,2017-08-03,Y
PT02895,9U-9081,BRAKE DISC,Power Train,Medium,382.78,EA,S024,P070,N,2018-01-20,Y
PT03861,6T-6506,WINDOW GLASS,Cab,Low,552.74,EA,S003,P005,N,2024-06-23,Y
PT03503,247-2935,RELAY,Electrical,Low,32.14,EA,S029,P048,Y,2015-01-28,Y
PT83618,8M-7049,Fan  Blade (SUPERSEDED),Cooling,Medium,167.32,EA,S002,P035,N,2017-02-26,Y
PT00376,6F-7731,CUTTING EDGE,Ground Engaging Tools,Medium,494.9,EA,S011,P089,N,2024-12-04,Y
PT01522,8L-1120,WIRING HARNESS,Electrical,Medium,738.93,EA,S003,P127,N,2023-11-19,Y
PT00901,446-7343,FUEL INJECTOR,Engine,High,787.83,EA,S003,P112,N,2019-03-25,Y
PT91604,1277471,BATTERY,Electrical,Medium,327.08,EA,S029,P054,Y,2019-05-13,Y
PT02758,595 7527,TORQUE CONVERTER,Power Train,High,6473.94,EA,S002,P044,N,2020-05-25,Y
PT04073,0435-5934,HEX BOLT,Hardware,Low,4.57,EA,S002,P042,N,2018-07-12,Y
PT04074,509-8769,HEX BOLT,Hardware,Low,3.62,EA,S001,P070,N,2023-03-18,Y
PT04159,5W-3014,WASHER HARD,Hardware,Low,0,EA,S016,P040,N,2023-05-02,Y
PT02477,9B-4533,CONTROL VALVE,Hydraulics,High,6609.57,EA,S002,P004,Y,2023-10-03,Y
PT03469,1P-0374,RELAY,Electrical,Low,16.98,EA,S001,P036,Y,2023-06-07,Y
PT02835,532-7117,AXLE SEAL,Power Train,Medium,127.75,EA,S001,P090,N,2020-05-02,Y
PT00663,124-2319,HYDRAULIC PUMP,Hydraulics,High,9925.24,EA,S022,P100,N,2018-09-14,Y
PT02533,6G-1530,CONTROL VALVE,Hydraulics,High,5334.47,EA,S003,P016,Y,2023-03-08,Y
PT04370,487-7027,TIRE 12-16.5,Tires,Medium,239.34,EA,S003,P030,N,2019-01-20,Y
PT00899,158-7312,FUEL INJECTOR,Engine,High,918.93,EA,S002,P006,Y,2017-08-22,Y
PT04258, 160-5409,TIRE 29.5R25,Tires,High,16407.85,EA,S003,P027,N,2021-10-25,Y
PT03862,4K-7059,WINDOW GLASS,Cab,Low,264.58,EA,S036,P008,N,2022-10-08,Y
PT90438,5482215,END BIT,Ground Engaging Tools,Medium,215.49,EA,S001,P015,N,2020-08-06,Y
PT00601,3H-3163,HYDRAULIC HOSE ASSEMBLY,,High,136.04,each,S023,P015,N,2022-07-07,Y
PT00524,436-2365,ADAPTER,Ground Engaging Tools,Medium,127.75,EA,S002,P017,N,2021-11-29,Y
PT03001,471-3162,CYLINDER HEAD,Engine,High,5736.03,EA,S003,P027,N,2018-05-10,Y
PT02749,213-1355,TORQUE CONVERTER,Power Train,High,9254.48,EA,S024,P026,N,2015-05-24,Y
PT02314,402-5446,RIPPER TIP,Ground Engaging Tools,Medium,95.66,EA,S003,P058,N,2024-07-21,Y
PT03753,4R-4813,COOLANT HOSE,,Low,69.16,EA,S001,P092,N,2016-12-25,Y
PT03351,6M-5682,ECM CONTROLLER,Electrical,High,1968.32,EA,S034,P056,Y,2015-02-26,Y
PT03279,2P-6163,FUEL TRANSFER PUMP,Engine,High,739.16,EA,S003,P086,N,2016-05-15,Y
PT00890,1A-4559,Hydraulic  Cylinder,,High,4248.44,EA,S002,P030,Y,07/16/2019,Y
PT03110,499-5752,PISTON KIT,Engine,High,861.04,EA,S003,P003,Y,2018-03-30,Y
PT03773,143-4160,COOLANT HOSE,Cooling,Low,60.45,EA,S035,P099,N,2015-07-06,Y
PT02843,366-9864,AXLE SEAL,,Medium,88.46,EA,S025,P017,N,2024-10-08,Y
PT03609,394-6192,WORK LIGHT LED,Electrical,Low,215.53,EA,S029,P106,N,2021-07-04,Y
PT02198,254-2360,RIPPER SHANK,Ground Engaging Tools,,643.53,EA,S011,P117,N,2016-12-06,Y
PT01715, 589-9179,CAB AIR FILTER,Filters,Low,26.72,EA,S006,P092,N,2020-07-14,Y
PT04354,5W-0292,TIRE 29.5R25,Tires,High,14110.37,EA,S028,P131,N,2018-08-22,Y
PT00805,3N-4216,SEAL KIT,Hydraulics,Medium,124.47,EA,S003,P012,Y,11/05/2015,Y
PT01765,9X-5779,TRANSMISSION FILTER,Filters,Medium,96.22,EA,S003,P099,N,2015-11-04,Y
PT03216,6D7627,FUEL TRANSFER PUMP,Engine,High,$438.81,EA,S003,P124,Y,2021-05-10,Y
PT04289,313-3700,TIRE 29.5R25,Tires,High,9858.74,EA,S028,P094,N,2018-07-13,Y
PT01330,9U-5255,ALTERNATOR,Electrical,Medium,518.87,PC,S001,P134,Y,2016-09-27,Y
PT01090,513-8500,TURBOCHARGER,Engine,High,4661.47,EA,S003,P043,Y,2016-05-15,Y
PT02576,6D-3308,SWING MOTOR,Hydraulics,High,7079.9,EA,S003,P103,Y,2023-07-15,Y
PT03425,4R-7424,MONITOR DISPLAY,Electrical,Medium,1971.5,EA,S001,P128,N,2021-05-17,Y
PT01184,4J-9833,GASKET KIT,Engine,Medium,128.14,EA,S002,P067,N,2020-03-30,Y
PT02093,4r-7406,CARRIER ROLLER,Undercarriage,High,268.81,each,S001,P110,N,2020-06-14,Y
PT02016,3J-0928,TRACK BUSHING,Undercarriage,Medium,45.44,EA,S009,P023,N,2021-01-09,Y
PT03840,6Y-5749,WINDOW GLASS,Cab,Low,,EA,S036,P133,N,2021-02-23,Y
PT01289,206-6376,V-BELT,Engine,Low,17.18,EA,S003,P093,N,2020-04-21,Y
PT01467,455-3644,STARTER MOTOR,Electrical,High,780.97,EA,S003,P006,Y,2017-11-15,Y
PT02830,6C-0305,AXLE SEAL,Power Train,Medium,121.17,EA,S003,P071,N,2023-09-30,Y
PT04391,1F-4262,TIRE 12-16.5,Tires,Medium,347.52,EA,,P117,N,2022-07-23,Y
PT02600,9J-4642,SWING MOTOR,Hydraulics,High,13247.64,EA,S002,P027,Y,2019-06-15,Y
PT00273,2E-3716,SPROCKET SEGMENT,Undercarriage,High,461.07,EA,S003,P010,N,2023-11-19,Y
PT03695,555-6639,FAN BLADE,Cooling,Medium,253.22,EA,S002,P126,N,2023-05-17,Y
PT03538,8J-6241,RELAY,Electrical,Low,18.67,EA,S001,P037,N,2017-05-06,Y
PT03164,7E-5292,CRANKSHAFT BEARING,Engine,Medium,84.43,EA,S002,P053,Y,2021-09-17,Y
PT02609,326-9730,SWING MOTOR,Hydraulics,High,11718.25,EA,S003,P003,N,31-May-23,Y
PT00656,1T-9245,HYDRAULIC HOSE ASSEMBLY,Hydraulics,High,$205.04,EA,S031,P007,N,2017-05-30,Y
PT80586,6D-0356,Hydraulic  Hose Assembly (SUPERSEDED),Hydraulics,High,116.18,EA,S003,P108,N,2024-09-04,Y
PT03838,339-8394,WINDOW GLASS,Cab,Low,331.42,EA,S001,P066,N,2025-04-20,Y
PT01551,119-2124,SENSOR SPEED,Electrical,Medium,121.71,EA,S003,P119,Y,2022-11-24,Y
PT04044,4D-0160,O-RING SEAL,Hardware,Low,3.42,EA,S003,P059,N,10/02/21,Y
PT04404,9H 8852,TIRE 12-16.5,Tires,Medium,193.2,EA,S001,P002,N,2016-07-14,Y
PT02590,7B-8577,SWING MOTOR,Hydraulics,High,-9810.87,EA,S002,P046,Y,2015-12-21,Y
PT01771,5I-5122,TRANSMISSION FILTER,Filters,Medium,66.99,EA,S001,P099,N,2016-08-21,Y
PT03085,376-0013,PISTON KIT,Engine,High,1287.43,EA,S003,P101,N,2024-08-31,Y
PT03809,3T-8246,SEAT ASSEMBLY,Cab,Low,1533.47,EA,S001,P043,N,2017-01-12,Y
PT02696,428-8832,TRAVEL MOTOR,Power Train,,10279.56,EA,S003,P030,N,2025-04-24,Y
PT94121,3127347,HEX BOLT,Hardware,Low,3.27,EA,S002,P006,N,2017-04-18,Y
PT02685,410-3626,TRAVEL MOTOR,Power Train,High,8118.65,EA,S002,P108,N,2023-07-29,Y
PT04220,4D-7924,WASHER HARD,Hardware,Low,1.14,EA,S003,P071,N,2019-07-27,Y
PT01337,397-6884,ALTERNATOR,Electrical,Medium,$913.84,EA,S001,P021,N,2019-08-24,Y
PT00867,2V-4338,HYDRAULIC CYLINDER,Hydraulics,High,5298.07,EA,S007,P132,N,2017-02-24,Y
PT02771,4L-7344,TORQUE CONVERTER,Power Train,High,14475.93,EA,S003,P011,N,2019-09-17,Y
PT00632,592-9964,HYDRAULIC HOSE ASSEMBLY,Hydraulics,,77.36,EA,CAT,P043,N,2016-12-06,Y
PT02027,2G-4957,TRACK BUSHING,Undercarriage,Medium,81.91,EA,S003,P069,N,2017-03-18,Y
PT01846,5N-5211,RADIATOR,Cooling,High,2818.23,EA,S003,P121,N,2018-06-13,Y
PT01340,377-4602,ALTERNATOR,Electrical,Medium,1022.53,EA,S001,P017,Y,2019-09-16,Y
PT01466,3Y-5681,STARTER MOTOR,Electrical,High,631.35,EA,S001,P027,Y,2020-09-16,Y
PT03400,8S-4280,MONITOR DISPLAY,Electrical,Medium,1035.73,EA,S015,P006,Y,2020-01-22,Y
PT02452,448-5499,SIDE CUTTER,Ground Engaging Tools,Medium,203.68,EA,S001,P087,N,2020-11-29,Y
PT01242,8Y-4023,V-BELT,Engine,Low,-49.53,EA,S001,P016,N,2024-05-27,Y
PT90488,1C0388,END BIT,Ground Engaging Tools,Medium,234.35,EA,,P056,N,2015-10-19,Y
PT92077,3655098,CARRIER ROLLER,Undercarriage,High,$416.46,EA,S003,P116,N,2018-07-08,Y
PT94107,3M5827,HEX BOLT,Hardware,Low,3.11,EA,S016,P108,N,2022-10-06,Y
PT00112,8I-9167,TRACK ROLLER,Undercarriage,High,483.84,EA,S002,P069,N,2019-01-02,Y
PT03449,4X-3580,MONITOR DISPLAY,Electrical,Medium,1858.81,EA,S003,P125,Y,20220913,Y
PT01124,8B-3297,TURBOCHARGER,Engine,High,2289.49,EA,S001,P043,N,2020-08-18,Y
PT03171,3S-0886,CRANKSHAFT BEARING,,Medium,154.47,EA,S001,P087,N,20210614,Y
PT01460,6I-0860,STARTER MOTOR,Electrical,High,1136.68,EA,S002,P113,N,2022-06-29,Y
PT00157,244-9784,TRACK ROLLER,,High,605.91,EA,S010,P049,N,2021-04-03,Y
PT00543,6N1629,ADAPTER,Ground Engaging Tools,Medium,99.95,EA,S001,P025,N,2018-06-25,Y
PT02862,354-2332,AXLE SEAL,Power Train,Medium,65.35,EA,S001,P128,N,2018-11-01,Y
PT04292,460-3042,TIRE 29.5R25,,High,14891.66,EA,S028,P121,N,2019-12-09,Y
PT01215,325-7289,GASKET KIT,Engine,Medium,179.4,EA,S002,P099,N,2018-10-16,Y
PT00041,376-0395,TRACK SHOE,Undercarriage,High,255.09,EA,S003,P063,N,2015-05-26,Y
PT01408,373-0171,ALTERNATOR,Electrical,Medium,678.01,EA,S015,P097,Y,2020-06-10,Y
PT00134,4T-3623,TRACK ROLLER,Undercarriage,High,314.66,EA,S010,P086,N,2015-03-30,Y
PT02421,6U-5728,SIDE CUTTER,Ground Engaging Tools,Medium,-359.28,EA,S001,P040,N,2019-04-09,Y
PT02864,8B-3255,AXLE SEAL,Power Train,Medium,141.12,EA,S003,P021,N,2018-11-26,Y
PT03060,4U-4694,PISTON KIT,Engine,High,567.8,EA,S002,P074,N,07/02/23,Y
PT03334,6E-4390,ECM CONTROLLER,Electrical,High,3321.22,EA,S002,P117,Y,2025-01-18,Y
PT02907,263-8355,BRAKE DISC,,Medium,319.28,EA,S002,P111,N,2024-05-18,Y
PT00260,410-3784,IDLER GROUP,Undercarriage,High,1650.5,EA,S001,P067,N,2017-04-20,Y
PT00667,7D-9496,HYDRAULIC PUMP,Hydraulics,High,8833.72,EA,S022,P072,N,2024-04-27,Y
PT01225,229-7575,GASKET KIT,Engine,,183.33,Ea.,S001,P107,N,2021-03-23,Y
PT02818,466-0202,TRANSMISSION CLUTCH DISC,Power Train,Medium,206.18,EA,S024,P116,N,07/14/2019,Y
PT03336,8N-5020,ECM CONTROLLER,Electrical,High,2593.05,EA,S003,P072,Y,2019-10-21,Y
PT02207,404-8352,RIPPER SHANK,Ground Engaging Tools,Medium,944.06,EA,S011,P055,N,2018-05-25,Y
PT00888,7U-8364,HYDRAULIC CYLINDER,Hydraulics,High,5721.77,EA,S023,P101,Y,2024-12-21,Y
PT90638,9G3263,HYDRAULIC HOSE ASSEMBLY,Hydraulics,High,95.02,EA,S002,P064,Y,2017-04-18,Y
PT02676,1W-6071,TRAVEL MOTOR,Power Train,High,9086.29,EA,S003,P110,N,2022-09-26,Y
PT02887,1J-6473,AXLE SEAL,Power Train,Medium,51.2,EA,S001,P002,N,2023-10-04,Y
PT00120,7J-4244,TRACK ROLLER,Undercarriage,High,272.12,EA,S002,P130,N,2024-11-16,Y
PT02951,146-2536,CYLINDER HEAD,Engine,High,3301.76,EA,S003,P103,Y,2024-01-01,Y
PT02210,548-8585,RIPPER SHANK,Ground Engaging Tools,Medium,977.17,EA,S001,P044,N,2021-09-15,Y
PT03467,434-1347,RELAY,Electrical,Low,18.63,EA,S003,P045,N,2021-07-27,Y
PT01586,3P-5375,BATTERY,Electrical,Medium,292.67,EA,S034,P101,N,2016-07-16,Y
PT01786,8M-1538,TRANSMISSION FILTER,,Medium,96.06,each,S002,P095,N,2022-01-06,Y
PT02540,329-3563,CONTROL VALVE,Hydraulics,High,7132.71,EA,S003,P107,N,2023-08-22,Y
PT04261,443-4076,TIRE 29.5R25,Tires,High,11977.61,EA,S027,P048,N,2024-11-27,Y
PT02663,317-6737,FINAL DRIVE,Power Train,High,14814.19,EA,S025,P004,N,2023-01-01,Y
PT03774,5P-5391,Coolant  Hose,Cooling,Low,41.71,EA,S035,P075,N,2021-06-24,Y
PT00478,179-8618,END BIT,,Medium,116.36,EA,S002,P092,N,2020-09-03,Y
PT03658,8B-5554,FAN BLADE,Cooling,Medium,180.06,EA,S002,P009,N,2018-07-06,Y
PT00653,1F-5241,HYDRAULIC HOSE ASSEMBLY,Hydraulics,High,90.11,EA,CAT,P035,N,2023-06-23,Y
PT03561,9H-8317,WORK LIGHT LED,Electrical,Low,216.6,EA,S002,P022,Y,2021-06-23,Y
PT00079,452-3277,TRACK SHOE,Undercarriage,High,273.76,EA,S003,P084,N,2021-06-11,Y
PT00573,7M-3419,ADAPTER,Ground Engaging Tools,Medium,71.46,EA,S026,P086,N,2017-06-21,Y
PT02620,9f-2279,SWING MOTOR,Hydraulics,High,9818.03,EA,S001,P045,N,2017-06-27,Y
PT03888,6W-8490,WINDOW GLASS,Cab,Low,615.21,EA,S002,P035,N,2024-04-02,Y
PT04075,590 9845,HEX BOLT,Hardware,Low,6.88,EA,S001,P084,N,26-Dec-15,Y
PT03276,109-4012,FUEL TRANSFER PUMP,Engine,High,322.75,EA,S003,P082,N,2022-06-15,Y
PT00233,6u-5118,IDLER GROUP,Undercarriage,High,2084.65,EA,S003,P036,N,2021-12-31,Y
PT02400,5P-7726,BUCKET TOOTH RETAINER,Ground Engaging Tools,Low,8.81,EA,S003,P020,N,2018-12-27,Y
PT91660,5679985,CAB AIR FILTER,Filters,Low,54.99,EA,S021,P095,N,2022-10-04,Y
PT02899,374-1376,BRAKE DISC,Power Train,Medium,396.68,EA,S001,P096,N,2017-11-04,Y
PT01208,8K-1346,GASKET KIT,Engine,Medium,223.93,EA,S002,P119,N,2021-05-16,Y
PT00920,0528-3966,FUEL INJECTOR,Engine,High,443.05,EA,S002,P019,N,2019-02-25,Y
PT00336,8S-8471,TRACK LINK ASSEMBLY,Undercarriage,High,6031.31,EA,S009,P111,N,2018-05-03,Y
PT90736,1128995,HYDRAULIC PUMP,Hydraulics,High,10923.01,EA,S003,P002,N,03/06/15,Y
PT01006,6V-7126,WATER PUMP,Engine,High,671.1,EA,S003,P068,N,2018-11-05,Y
PT03684,175-6007,FAN BLADE,Cooling,Medium,174.62,EA,S003,P066,N,2022-02-22,Y
PT03370,2F-1822,ECM CONTROLLER,Electrical,High,1943.81,EA,S015,P121,Y,2018-10-16,Y
PT01123,6R-2121,TURBOCHARGER,Engine,High,4385.02,EA,S003,P110,N,2015-11-20,Y
PT04146,2C-5624,WASHER HARD,Hardware,Low,1.36,EA,S016,P014,N,2019-06-28,Y
PT02272,4S-0189,RIPPER TIP,Ground Engaging Tools,Medium,43.63,EA,S001,P109,N,2021-08-01,Y
PT03541,1H-8848,RELAY,Electrical,Low,13.29,EA,S002,P112,Y,2022-10-31,Y
PT03182,319-1732,CRANKSHAFT BEARING,Engine,Medium,95.71,each,S003,P088,Y,2024-03-11,Y
PT02329,493-8849,BUCKET TOOTH RETAINER,Ground Engaging Tools,,6.47,EA,S002,P111,N,2018-03-11,Y
PT03196,574-6415,FUEL TRANSFER PUMP,Engine,High,732.44,EA,S002,P023,Y,2022-10-05,Y
PT03657,419-5891,FAN BLADE,Cooling,Medium,199.18,EA,S035,P027,N,2021-03-24,Y
PT01309,588-0176,V-BELT,,Low,32.34,EA,S003,P122,Y,2015-07-04,Y
PT00058,1J-7451,TRACK SHOE,Undercarriage,High,280.52,EA,S001,P023,N,2020-09-08,Y
PT03259,1H-5901,FUEL TRANSFER PUMP,Engine,High,315.03,EA,S001,P002,N,2017-08-31,Y
PT01507,2S-5787,WIRING HARNESS,Electrical,Medium,773.6,EA,S003,P018,Y,2015-01-13,Y
PT03035,1S-2447,PISTON KIT,Engine,High,0,EA,S001,P081,Y,2022-05-05,Y
PT00891,408-3732,HYDRAULIC CYLINDER,Hydraulics,High,3678.38,EA,S007,P111,N,2024-04-14,Y
PT00088,385-0266,TRACK ROLLER,,High,569.83,EA,S003,P121,N,2025-05-17,Y
PT03450,152-1080,MONITOR DISPLAY,,Medium,1530.3,EA,S001,P047,Y,2021-10-19,Y
PT02144,8P-0077,RECOIL SPRING,Undercarriage,High,1001.71,EA,S002,P088,N,2015-09-29,Y
PT02551,7V-5379,CONTROL VALVE,Hydraulics,High,6778.63,EA,S022,P115,N,2019-02-01,Y
PT00472,7N-8871,END BIT,Ground Engaging Tools,,184.72,EA,S002,P116,N,2022-01-15,Y
PT03646,153-1687,FAN BLADE,Cooling,Medium,411.51,EA,S035,P037,N,2022-01-29,Y
PT02355,371-2412,BUCKET TOOTH RETAINER,Ground Engaging Tools,Low,5.24,PC,S003,P128,N,2018-10-25,Y
PT00086,246-9123,TRACK ROLLER,Undercarriage,High,737.17,EA,S003,P123,N,2023-06-07,Y
PT01794,7K-3204,TRANSMISSION FILTER,Filters,Medium,$45.84,EA,S002,P002,N,2021-11-23,Y
PT03546,4W-6411,RELAY,Electrical,Low,24.39,EA,S015,P102,N,2022-03-15,Y
PT03076,456-9658,PISTON KIT,Engine,High,598.63,EA,S003,P087,N,2016-03-12,Y
PT01524,320-0744,Wiring  Harness,Electrical,Medium,459.59,EA,S002,P013,N,2015-08-07,Y
PT01088,1U-8560,TURBOCHARGER,Engine,High,2796.49,EA,S002,P016,N,2022-03-22,Y
PT04205,205-5027,WASHER HARD,Hardware,Low,0.64,EA,S016,P113,N,2023-09-23,Y
PT01179,1U-3384,GASKET KIT,Engine,Medium,163.38,EA,S002,P053,Y,2024-08-29,Y
PT01159,3L-8762,GASKET KIT,Engine,Medium,223.4,EA,S003,P005,N,2021-02-20,Y
PT02754,137-2056,TORQUE CONVERTER,Power Train,High,11506.08,EA,S001,P021,N,2017-07-10,Y
PT03744,443-8374,COOLANT HOSE,Cooling,Low,73.17,EA,S003,P115,N,12/22/19,Y
PT00343,580-1063,TRACK LINK ASSEMBLY,Undercarriage,High,4681.06,EA,S003,P123,N,2024-11-02,Y
PT04207,4E-6663,WASHER HARD,Hardware,,1.16,EA,S001,P027,N,2020-08-26,Y
PT04051,594-4259,O-RING SEAL,Hardware,Low,1.81,EA,S099,P027,N,2017-12-02,Y
PT02929,249-4925,BRAKE DISC,Power Train,Medium,508.31,EA,S003,P040,N,2024-01-03,Y
PT02548,431-7651,CONTROL VALVE,Hydraulics,High,5975.23,EA,S007,P091,Y,2018-01-24,Y
PT01417,8A-4401,STARTER MOTOR,Electrical,High,1006.53,EA,S029,P046,N,2017-06-09,Y
PT04030,2S-4356,O-RING SEAL,Hardware,Low,1.61,EA,S016,P052,N,2021-07-03,Y
PT01801,176-0602,TRANSMISSION FILTER,Filters,Medium,37.65,EA,S003,P021,N,2025-04-11,Y
PT02387,147-0412,BUCKET TOOTH RETAINER,Ground Engaging Tools,Low,9.0,EA,S011,P057,N,2016-07-01,Y
PT01133,5R-4317,TURBOCHARGER,Engine,High,3310.02,EA,S001,P086,Y,2019-09-10,Y
PT03303,393-4896,ECM CONTROLLER,Electrical,High,1821.05,EA,S003,P012,Y,2015-12-30,Y
PT02660,328-3919,FINAL DRIVE,Power Train,High,25515.82,EA,S002,P045,N,2020-12-31,Y
PT02925,454-0255,BRAKE DISC,,Medium,534.72,EA,S003,P063,N,2016-02-05,Y
PT00375,563-3973,CUTTING EDGE,Ground Engaging Tools,Medium,288.94,EA,S011,P016,N,2020-12-15,Y
PT00383,397-6076,CUTTING EDGE,Ground Engaging Tools,Medium,245.24,EA,S003,P107,N,2018-05-04,Y
PT02641,536-8967,FINAL DRIVE,Power Train,High,14259.38,EA,S024,P120,N,2023-04-07,Y
PT00466,6M-6012,END BIT,Ground Engaging Tools,Medium,88.35,EA,S003,P110,N,2025-04-21,Y
PT01962,193-8797,TRACK PIN,,Medium,56.75,EA,S003,P037,N,12-May-25,Y
PT01967,273-8695,TRACK BUSHING,Undercarriage,Medium,56.53,EA,S002,P134,N,2025-01-26,Y
PT02847,517-7688,AXLE SEAL,,Medium,151.31,EA,S025,P083,N,2017-08-19,Y
PT04009,409-5519,O-Ring  Seal,Hardware,Low,2.14,EA,S016,P002,N,2021-09-16,Y
PT01222,4J-1844,GASKET KIT,Engine,Medium,162.39,EA,S003,P100,Y,05/26/23,Y
PT02304,2A-9546,RIPPER TIP,Ground Engaging Tools,Medium,86.68,EA,S026,P133,N,2018-04-18,Y
PT02396,4G-1925,BUCKET TOOTH RETAINER,Ground Engaging Tools,,4.75,EA,,P129,N,2024-05-17,Y
PT01545,598-4554,SENSOR SPEED,Electrical,Medium,101.87,EA,S002,P073,Y,2016-07-13,Y
PT03256,7F-8227,FUEL TRANSFER PUMP,Engine,High,709.43,EA,S003,P032,N,2022-11-19,Y
PT03762,6R-7227,COOLANT HOSE,Cooling,Low,47.17,EA,S002,P065,N,2017-05-17,Y
PT02103,1U-5322,CARRIER ROLLER,Undercarriage,High,610.01,EA,S003,P088,N,2021-09-11,Y
PT04119,6B-7429,HEX BOLT,Hardware,Low,5.96,EA,S016,P039,N,2017-01-11,Y
PT02273,1C-3020,RIPPER TIP,Ground Engaging Tools,Medium,97.6,EA,S011,P094,N,2024-02-26,Y
PT04342,6P-6156,TIRE 29.5R25,Tires,High,6310.05,EA,S002,P042,N,2019-05-16,Y
PT04362,07F-7994,TIRE 12-16.5,Tires,Medium,388.92,EA,S027,P108,N,2019-06-24,Y
PT01515,214-0471,WIRING HARNESS,Electrical,Medium,788.09,EA,S034,P103,Y,2022-08-25,Y
PT03575,206-9245,WORK LIGHT LED,Electrical,Low,258.54,EA,S029,P071,N,2019-04-14,Y
PT03404,09N-1109,MONITOR DISPLAY,Electrical,Medium,1900.71,EA,S003,P008,N,2022-06-17,Y
PT00458,377-9784,END BIT,Ground Engaging Tools,Medium,202.4,EA,S011,P089,N,2024-11-20,Y
PT02462,317-5745,SIDE CUTTER,Ground Engaging Tools,Medium,275.82,EA,S002,P134,N,31-Aug-24,Y
PT01755,3F-1905,TRANSMISSION FILTER,Filters,Medium,88.85,EA,S001,P012,N,2017-02-24,Y
PT01951,122-3973,TRACK PIN,Undercarriage,Medium,45.18,EA,S002,P102,N,2022-06-27,Y
PT02859,258 5613,AXLE SEAL,Power Train,Medium,61.94,EA,S024,P097,N,2022-04-12,Y
PT03871,7C-6499,WINDOW GLASS,Cab,Low,391.72,EA,S001,P066,N,2022-03-23,Y
PT02469,471-4471,CONTROL VALVE,Hydraulics,High,5943.3,EA,S003,P040,N,2016-12-01,Y
PT00061,6Y 4563,TRACK SHOE,Undercarriage,High,171.99,EA,S002,P085,N,2021-09-30,Y
PT02704,5J-0707,TRAVEL MOTOR,Power Train,High,10415.92,EA,S002,P090,N,2024-07-28,Y
PT02812,2n-5114,TRANSMISSION CLUTCH DISC,Power Train,Medium,244.71,EA,S001,P097,N,2020-10-16,Y
PT03269,178-3939,FUEL TRANSFER PUMP,Engine,,583.17,EA,S002,P068,N,2016-04-01,Y
PT03114,143-1617,PISTON KIT,Engine,High,844.15,EA,S001,P043,N,2015-05-21,Y
PT03362,245-4520,ECM CONTROLLER,Electrical,High,2390.99,EA,S015,P105,N,2019-08-26,Y
PT00734,274-7808,HYDRAULIC PUMP,Hydraulics,High,"$7,999.02",EA,S003,P006,Y,20161123,Y
PT00756,3M-6938,HYDRAULIC PUMP,Hydraulics,High,5213.37,EA,S007,P134,N,2017-12-05,Y
PT03710,4S-1735,Fan  Blade,Cooling,Medium,439.61,EA,S003,P118,N,2023-01-26,Y
PT03848,185-8201,WINDOW GLASS,Cab,Low,627.69,EA,S003,P030,N,2015-12-14,Y
PT01139,9S-8363,TURBOCHARGER,Engine,High,3280.94,EA,S001,P090,N,2024-06-02,Y
PT00825,4C-8541,SEAL KIT,Hydraulics,Medium,121.58,EA,S001,P039,N,2017-04-05,Y
PT02211,1M-7499,RIPPER SHANK,Ground Engaging Tools,Medium,$781.01,EA,S002,P009,N,2021-07-17,Y
PT02131,4B-2269,RECOIL SPRING,Undercarriage,High,1646.2,EA,S009,P082,N,2015-12-27,Y
PT02292,304-1740,RIPPER TIP,Ground Engaging Tools,Medium,40.92,EA,S002,P001,N,2016-04-07,Y
PT04071,9L-8584,HEX BOLT,Hardware,Low,4.56,EA,S001,P080,N,2015-10-18,Y
PT04386,213 8529,TIRE 12-16.5,Tires,Medium,469.12,EA,S002,P019,N,02/27/22,Y
PT81758,448-1153,TRANSMISSION FILTER (SUPERSEDED),Filters,Medium,43.84,EA,S003,P105,N,2021-05-10,Y
PT03192,326-5679,FUEL TRANSFER PUMP,Engine,High,593.71,EA,S002,P113,N,2021-03-01,Y
PT00181,550-2305,TRACK ROLLER,Undercarriage,High,462.26,EA,S001,P005,N,2018-03-16,Y
PT02164,246-4407,RECOIL SPRING,Undercarriage,High,2361.73,EA,S003,P123,N,2025-03-15,Y
PT00166,402-8700,TRACK ROLLER,Undercarriage,High,606.41,EA,S002,P091,N,2017-03-21,Y
PT03033,492-2619,PISTON KIT,Engine,High,1108.56,EA,S001,P098,N,2023-01-07,Y
PT00690,586-8107,HYDRAULIC PUMP,Hydraulics,High,9732.21,EA,S003,P015,N,2017-08-12,Y
PT03823,593-2585,SEAT ASSEMBLY,Cab,Low,1122.26,EA,S036,P121,N,2021-08-09,Y
PT01885,506-6002,THERMOSTAT,Cooling,Medium,34.15,Ea.,S002,P045,N,2016-03-20,Y
PT00846,1H-0778,SEAL KIT,Hydraulics,Medium,69.5,EA,S003,P039,Y,2023-09-15,Y
PT03830,3Y-7512,SEAT ASSEMBLY,Cab,Low,867.62,EA,S030,P114,N,2021-12-30,Y
PT04047,306-5087,O-RING SEAL,Hardware,Low,3.17,EA,S002,P007,N,2023-04-24,Y
PT00637,525-6314,HYDRAULIC HOSE ASSEMBLY,Hydraulics,High,135.15,EA,S001,P054,N,2023-07-22,Y
PT03806,222-2015,SEAT ASSEMBLY,,Low,727.21,EA,S030,P116,N,2025-02-08,Y
PT03994,2P-1961,O-RING SEAL,Hardware,Low,-3.0,EA,S016,P018,N,2018-04-27,Y
PT03703,9W-5427,FAN BLADE,Cooling,,297.56,EA,S035,P103,N,2016-05-16,Y
PT01498,139-5014,WIRING HARNESS,Electrical,Medium,372.52,EA,S003,P020,Y,2021-08-18,Y
PT04139,1W-8856,WASHER HARD,Hardware,Low,1.69,EA,S003,P014,N,2024-10-17,Y
PT00325,6U-2587,Track  Link Assembly,Undercarriage,High,7109.6,EA,S002,P105,N,2022-11-07,Y
PT02299,4G-0971,RIPPER TIP,Ground Engaging Tools,Medium,49.11,EA,S003,P107,N,2017-09-09,Y
PT93815,5816000,SEAT ASSEMBLY,Cab,,1331.52,EA,S002,P073,N,2024-10-13,Y
PT04227,4S-8659,WASHER HARD,Hardware,Low,1.6,EA,S016,P024,N,2023-07-24,Y
PT02037,7X-6752,CARRIER ROLLER,Undercarriage,High,365.72,EA,S001,P009,N,2022-06-03,Y
PT02901,4B-4504,BRAKE DISC,Power Train,,330.72,EA,S002,P040,N,2017-07-10,Y
PT01285,5R-1315,V-BELT,Engine,Low,25.54,EA,S001,P002,Y,2025-03-21,Y
PT93375,4309337,ECM CONTROLLER,Electrical,High,4093.38,EA,S002,P021,Y,2016-11-20,Y
PT04126,591-9396,HEX BOLT,Hardware,Low,3.22,EA,S002,P015,N,2020-10-13,Y
PT00296,6T-4643,SPROCKET SEGMENT,Undercarriage,High,358.89,EA,S003,P128,N,2024-12-14,Y
PT00541,349 1388,ADAPTER,Ground Engaging Tools,Medium,125.82,EA,S001,P126,N,2016-07-02,Y
PT02414,4K-8536,SIDE CUTTER,,Medium,330.47,EA,CAT,P069,N,2023-12-29,Y
PT03713,340-3618,FAN BLADE,Cooling,Medium,420.69,EA,S003,P008,N,2021-06-11,Y
PT03892,567 4761,WINDOW GLASS,Cab,Low,708.48,EA,,P012,N,2018-02-02,Y
PT04412,5T-1656,TIRE 12-16.5,Tires,Medium,448.18,EA,S028,P081,N,2018-05-12,Y
PT04088,214-4542,HEX BOLT,Hardware,Low,3.85,EA,S003,P128,N,2015-06-26,Y
PT80646,8K-9168,HYDRAULIC HOSE ASSEMBLY (SUPERSEDED),Hydraulics,High,78.24,EA,S003,P084,N,2023-01-29,Y
PT01563,181-4252,SENSOR SPEED,Electrical,Medium,$200.61,PC,S002,P091,Y,2021-10-20,Y
PT91089,2F9076,TURBOCHARGER,Engine,High,5147.64,EA,S001,P126,N,2020-12-04,Y
PT03032,143-5101,PISTON KIT,Engine,,952.09,EA,S002,P112,Y,2019-09-20,Y
PT01511,586-2557,WIRING HARNESS,Electrical,Medium,655.85,EA,S002,P046,Y,2017-01-08,Y
PT01891,6S-4886,THERMOSTAT,Cooling,Medium,64.25,EA,S035,P079,N,2025-03-26,Y
PT04114,8X-0561,HEX BOLT,Hardware,Low,7.11,EA,S001,P064,N,2022-08-31,Y
PT03162,4V-3475,CRANKSHAFT BEARING,Engine,Medium,$169.34,EA,S002,P088,N,2017-08-23,Y
PT03800,4P-6821,SEAT ASSEMBLY,Cab,Low,,EA,S003,P129,N,2021-12-17,Y
PT00142,260-2776,TRACK ROLLER,Undercarriage,High,566.45,EA,S001,P037,N,05/04/17,Y
PT02716,8Y-6655,TORQUE CONVERTER,Power Train,High,11481.03,EA,S024,P048,N,2019-04-28,Y
PT03943,8P-2973,MIRROR,Cab,Low,86.04,EA,S003,P059,N,2024-04-06,Y
PT04262,5R-6026,TIRE 29.5R25,Tires,High,9024.71,each,S002,P008,N,2023-02-13,Y
PT00935,522-3406,FUEL INJECTOR,Engine,High,939.52,EA,S003,P134,N,2020-09-04,Y
PT03722,213-3263,FAN BLADE,Cooling,Medium,398.18,EA,S035,P056,N,2025-02-28,Y
PT03854,161 0494,WINDOW GLASS,Cab,Low,474.0,EA,S001,P016,N,2017-11-06,Y
PT04097,8S-9044,HEX BOLT,Hardware,Low,3.1,EA,S001,P061,N,2022-11-10,Y
PT04368,268-6392,TIRE 12-16.5,Tires,Medium,378.64,EA,S028,P042,N,2018-12-22,Y
PT03594,6I-6974,WORK LIGHT LED,,Low,301.16,EA,S003,P044,N,2018-02-05,Y
PT03122,286-1016,PISTON KIT,Engine,High,737.12,EA,S002,P053,N,2019-07-07,Y
PT00471,8D-0084,END BIT,Ground Engaging Tools,Medium,84.58,EA,S002,P027,N,2021-04-24,Y
PT02466,4I-7263,SIDE CUTTER,Ground Engaging Tools,Medium,354.6,EA,S026,P113,N,2020-11-09,Y
PT04005,4X-6633,O-RING SEAL,Hardware,Low,2.81,EA,S002,P113,N,2015-07-06,Y
PT00708,572-4300,HYDRAULIC PUMP,Hydraulics,High,9843.22,EA,S001,P050,N,2015-03-15,Y
PT01919,232-7404,TRACK PIN,Undercarriage,Medium,98.16,EA,S010,P055,N,2018-01-12,Y
PT03786,2X-8238,COOLANT HOSE,Cooling,Low,62.65,EA,S003,P083,N,2024-01-03,Y
PT04365,162-2459,TIRE 12-16.5,Tires,Medium,560.65,EA,S003,P018,N,2019-05-23,Y
PT00705,1F-8629,HYDRAULIC PUMP,Hydraulics,High,9332.57,EA,S023,P058,Y,2015-06-24,Y
PT04112,8F-4554,HEX BOLT,Hardware,Low,6.25,EA,S016,P043,N,2019-06-30,Y
PT00579,249-3014,HYDRAULIC HOSE ASSEMBLY,,High,134.08,EA,S002,P029,Y,2015-08-19,Y
PT03186,537-3646,CRANKSHAFT BEARING,Engine,Medium,129.57,EA,S002,P084,Y,2020-10-10,Y
PT00213,186-4111,IDLER GROUP,Undercarriage,High,1756.2,EA,S003,P105,N,2015-08-27,Y
PT81588,213-3510,BATTERY (SUPERSEDED),Electrical,Medium,342.18,EA,S003,P058,N,2018-11-12,Y
PT04110,161-1108,HEX BOLT,Hardware,Low,4.6,EA,S003,P015,N,2017-12-17,Y
PT03938,109-1391,MIRROR,,Low,102.82,EA,S002,P088,N,2024-04-14,Y
PT00368,526-6745,Cutting  Edge,Ground Engaging Tools,Medium,438.69,EA,S001,P041,N,2020-06-15,Y
PT03319,523-3166,ECM CONTROLLER,Electrical,High,2357.53,EA,S001,P008,N,2020-11-08,Y
PT01038,4J-8231,WATER PUMP,Engine,High,756.83,EA,S002,P114,N,2017-06-18,Y
PT00066,227-5352,TRACK SHOE,Undercarriage,High,259.87,EA,S009,P011,N,2022-09-30,Y
PT02804,2J-2759,TRANSMISSION CLUTCH DISC,Power Train,Medium,153.25,EA,S001,P089,N,2020-10-01,Y
PT03158,2L-1232,CRANKSHAFT BEARING,Engine,Medium,122.22,EA,S001,P042,Y,2023-07-18,Y
PT02695,4G-9263,TRAVEL MOTOR,Power Train,High,14639.44,EA,S002,P131,N,2017-01-20,Y
PT04396,5G-9580,TIRE 12-16.5,Tires,Medium,511.09,EA,S001,P018,N,2016-08-01,Y
PT01746,6U-6664,TRANSMISSION FILTER,Filters,Medium,65.63,EA,S003,P019,N,2022-10-12,Y
PT03139,6P-8573,CRANKSHAFT BEARING,Engine,Medium,81.07,EA,S001,P090,Y,2015-11-21,Y
PT02189,4P-0182,RIPPER SHANK,Ground Engaging Tools,Medium,828.47,EA,S001,P115,N,2018-01-15,Y
PT03729,3D-7216,COOLANT HOSE,Cooling,Low,74.14,EA,S001,P072,N,2017-11-23,Y
PT03869,430-0325,WINDOW GLASS,,Low,589.2,EA,S003,P013,N,2020-02-17,Y
PT01552,1L-6262,Sensor  Speed,Electrical,Medium,208.92,EA,S002,P030,N,2019-06-21,Y
PT00484,8E-2698,END BIT,Ground Engaging Tools,Medium,212.71,EA,S026,P097,N,2018-12-05,Y
PT01669,4W-7032,CAB AIR FILTER,Filters,Low,63.84,EA,S001,P116,N,2024-03-24,Y
PT02139,9H-0988,RECOIL SPRING,Undercarriage,,2264.85,EA,S002,P089,N,2020-05-20,Y
PT02111,6Y-2033,CARRIER ROLLER,Undercarriage,High,367.03,EA,S010,P057,N,2015-12-15,Y
PT03792,3M-5368,SEAT ASSEMBLY,Cab,Low,1728.17,EA,S036,P039,N,2016-04-13,Y
PT03972,400-5573,O-RING SEAL,Hardware,Low,1.46,EA,S003,P029,N,2024-05-17,Y
PT03799,4P-3717,SEAT ASSEMBLY,Cab,Low,741.46,EA,S001,P029,N,2024-06-19,Y
PT01308,303-8926,V-BELT,Engine,Low,21.58,EA,S002,P043,N,2018-06-23,Y
PT00412,428-6776,CUTTING EDGE,Ground Engaging Tools,Medium,447.34,EA,S002,P060,N,2021-03-31,Y
PT04217,451-5412,Washer  Hard,Hardware,Low,0.88,EA,S016,P107,N,2020-03-07,Y
PT03494,4N-8029,RELAY,Electrical,Low,16.98,EA,S002,P107,N,2024-05-08,Y
PT01083,1E-5821,TURBOCHARGER,Engine,High,3529.13,EA,S003,P097,Y,2018-04-30,Y
PT01397,6J-6005,ALTERNATOR,Electrical,Medium,1059.29,EA,,P034,N,2015-08-17,Y
PT04384,4M-4839,TIRE 12-16.5,Tires,Medium,449.82,EA,S003,P058,N,2018-01-22,Y
PT01080,2T-6656,Turbocharger,Engine,High,3179.4,EA,S001,P012,Y,2020-07-09,Y
PT04299,449-8080,TIRE 29.5R25,Tires,,13612.72,EA,S027,P044,N,2021-12-03,Y
PT02543,448-5364,CONTROL VALVE,Hydraulics,High,3712.98,EA,S001,P052,Y,2022-02-16,Y
PT00104,138-3427,TRACK ROLLER,Undercarriage,,375.63,EA,S010,P072,N,2023-10-21,Y
PT02717,6X-8583,TORQUE CONVERTER,Power Train,High,,EA,S002,P016,N,2022-03-12,Y
PT04266,7G-6550,Tire  29.5R25,,High,10386.44,EA,S027,P040,N,2018-04-09,Y
PT00221,9F-3300,IDLER GROUP,Undercarriage,High,1148.42,EA,S001,P100,N,2021-08-16,Y
PT01858,4D-2854,THERMOSTAT,Cooling,Medium,72.63,EA,S002,P007,N,2020-10-27,Y
PT03587,7l-6889,WORK LIGHT LED,Electrical,Low,212.33,EA,S034,P023,Y,2020-04-24,Y
PT00738,5D-7222,HYDRAULIC PUMP,Hydraulics,High,4972.38,Ea.,S002,P031,N,2023-05-02,Y
PT03988,100-7705,O-RING SEAL,Hardware,Low,3.39,EA,S003,P105,N,2016-10-21,Y
PT01180, 3B-1806,GASKET KIT,Engine,Medium,,EA,S001,P087,N,2016-06-19,Y
PT01131,7A-6227,TURBOCHARGER,Engine,,1892.83,EA,S003,P117,N,2025-02-04,Y
PT02305,7t-0793,RIPPER TIP,Ground Engaging Tools,Medium,105.62,EA,S003,P062,N,2024-08-29,Y
PT03626,102-7731,FAN BLADE,Cooling,Medium,194.19,EA,S035,P054,N,2016-07-08,Y
PT01452,8R1350,STARTER MOTOR,Electrical,High,1388.03,EA,S002,P057,Y,2015-08-29,Y
PT03472,423-2020,RELAY,Electrical,,32.9,EA,S029,P075,N,2023-01-07,Y
PT00108,393-1309,TRACK ROLLER,Undercarriage,High,634.27,EA,S010,P073,N,2017-11-14,Y
PT02493,389-7689,CONTROL VALVE,Hydraulics,High,3539.01,EA,S001,P020,N,2025-01-06,Y
PT01602,9U-4450,BATTERY,Electrical,Medium,254.21,EA,S003,P082,N,2025-03-07,Y
PT02740,222-0615,TORQUE CONVERTER,Power Train,High,7014.81,EA,S024,P045,N,2018-02-19,Y
PT01492,7D-6725,WIRING HARNESS,Electrical,Medium,342.43,EA,S003,P061,N,2024-05-05,Y
PT01631,550-1989,BATTERY,Electrical,Medium,223.92,EA,S001,P018,N,2023-03-04,Y
PT01114,7W-6234,TURBOCHARGER,Engine,High,4141.28,EA,S003,P023,N,2017-05-13,Y
PT00882,587-1809,HYDRAULIC CYLINDER,Hydraulics,High,2332.2,EA,S007,P061,Y,2018-05-30,Y
PT01788,360-8758,TRANSMISSION FILTER,Filters,Medium,0,EA,S006,P050,N,2019-05-10,Y
PT03042,9P-5747,PISTON KIT,Engine,High,575.63,EA,S002,P033,N,2022-03-30,Y
PT00758,5A-5351,HYDRAULIC PUMP,Hydraulics,High,8117.72,EA,S002,P114,Y,2024-05-17,Y
PT01441,116-3617,STARTER MOTOR,Electrical,High,854.19,EA,S001,P045,Y,2016-06-17,Y
PT01127,197-9117,TURBOCHARGER,Engine,High,3351.52,EA,S003,P119,N,2016-06-03,Y
PT03401,2J-1388,MONITOR DISPLAY,Electrical,Medium,1214.09,EA,S003,P046,N,2021-04-18,Y
PT01318,222-5345,V-BELT,Engine,Low,45.4,EA,S002,P011,N,2025-03-14,Y
PT91393,2651287,ALTERNATOR,Electrical,Medium,879.56,EA,S015,P056,Y,2019-08-12,Y
PT03227,123-4473,FUEL TRANSFER PUMP,Engine,,307.85,EA,S002,P018,N,2019-02-18,Y
PT01425,277-9851,STARTER MOTOR,Electrical,High,542.63,EA,S001,P072,N,2016-10-02,Y
PT01464,200-5009,STARTER MOTOR,Electrical,High,1362.78,EA,S015,P028,Y,2024-05-30,Y
PT00670,251-0666,HYDRAULIC PUMP,Hydraulics,High,9035.21,EA,S031,P012,N,2019-11-07,Y
PT01734,580-5568,TRANSMISSION FILTER,Filters,Medium,86.73,EA,S002,P052,N,2024-01-07,Y
PT01001,8D-5516,WATER PUMP,Engine,High,556.73,EA,CAT,P045,N,2018-05-24,Y
PT04260,3K-4193,TIRE 29.5R25,Tires,High,6123.77,EA,S003,P074,N,2018-04-05,Y
PT03940,4G-4628,MIRROR,Cab,Low,57.82,EA,S001,P052,N,2021-02-23,Y
PT04006,494-9389,O-RING SEAL,Hardware,Low,2.15,EA,S003,P104,N,2024-10-06,Y
PT00711,503-1349,HYDRAULIC PUMP,Hydraulics,,5225.1,EA,S023,P100,N,2015-12-04,Y
PT02933,180-5346,BRAKE DISC,Power Train,Medium,369.89,EA,CAT,P013,N,2023-01-09,Y
PT01338,8K-8189,ALTERNATOR,Electrical,Medium,1021.97,EA,S001,P018,N,2020-01-06,Y
PT01163,7T-4882,GASKET KIT,Engine,Medium,226.85,EA,S003,P015,Y,2015-12-10,Y
PT04357,3S-1104,TIRE 29.5R25,Tires,High,11749.27,EA,S028,P110,N,2019-11-16,Y
PT01708,3N-2833,CAB AIR FILTER,,Low,35.68,ea,S006,P100,N,2020-10-01,Y
PT03073,120-7904,PISTON KIT,Engine,High,1056.06,EA,S003,P012,N,2015-11-11,Y
PT01628,8V-6398,BATTERY,Electrical,Medium,236.96,EA,S015,P068,N,2018-09-20,Y
PT02621,4X-2234,SWING MOTOR,Hydraulics,High,6988.56,EA,S001,P111,Y,2018-09-23,Y
PT00636,7D-1395,HYDRAULIC HOSE ASSEMBLY,Hydraulics,High,153.9,EA,S003,P071,N,2022-07-16,Y
PT04414,4S-5275,HYDO ADVANCED 10 HYDRAULIC OIL,,Medium,27.0,GAL,S002,P111,N,2022-11-25,Y
PT03445,3A-6518,MONITOR DISPLAY,Electrical,Medium,0,EA,S001,P022,Y,2015-11-27,Y
PT01484,348-8468,WIRING HARNESS,Electrical,Medium,310.7,EA,S099,P084,Y,2017-11-09,Y
PT01042,112-4344,WATER PUMP,Engine,High,856.2,EA,S003,P131,Y,12/28/2019,Y
PT04331,459-5536,TIRE 29.5R25,Tires,High,12692.55,EA,S003,P083,N,2018-04-16,Y
PT02995,9S-4237,CYLINDER HEAD,Engine,High,6775.4,EA,S001,P090,N,2017-07-22,Y
PT04319,588-6912,TIRE 29.5R25,Tires,High,8658.62,EA,CAT,P065,N,2020-01-05,Y
PT03608,207-1758,WORK LIGHT LED,Electrical,Low,232.07,EA,S003,P097,N,2015-10-16,Y
PT01134,6B-9495,TURBOCHARGER,Engine,High,1821.06,EA,S002,P052,N,2020-01-24,Y
PT03549,363-4585,RELAY,Electrical,Low,22.08,EA,S002,P087,N,2016-02-08,Y
PT03728,360-9609,COOLANT HOSE,Cooling,Low,73.41,EA,S003,P072,N,2020-05-07,Y
PT00279,6N-8394,SPROCKET SEGMENT,Undercarriage,High,247.08,EA,S010,P039,N,2021-06-03,Y
PT00559,439-1215,ADAPTER,Ground Engaging Tools,Medium,147.88,EA,S011,P086,N,2015-08-12,Y
PT03049,7R-5727,PISTON KIT,Engine,High,950.67,EA,S002,P046,N,2021-12-25,Y
PT00754,121-0223,HYDRAULIC PUMP,Hydraulics,High,10464.87,EA,S002,P066,Y,2020-01-14,Y
PT01221,413-0880,GASKET KIT,Engine,Medium,189.48,EA,S001,P104,Y,2016-02-01,Y
PT00702,119-9655,HYDRAULIC PUMP,Hydraulics,High,4507.71,EA,S001,P007,N,2015-04-10,Y
PT02420,586-8667,SIDE CUTTER,Ground Engaging Tools,Medium,149.9,EA,S001,P053,N,2023-06-18,Y
PT01779,1P-9928,TRANSMISSION FILTER,Filters,Medium,83.8,EA,S006,P104,N,2023-05-28,Y
PT01617,05V-9595,BATTERY,Electrical,Medium,273.07,EA,S003,P122,N,2019-04-16,Y
PT90592,1V7222,HYDRAULIC HOSE ASSEMBLY,,High,156.14,EA,S002,P065,N,2017-02-06,Y
PT00133,323-9312,TRACK ROLLER,Undercarriage,High,599.62,EA,S001,P029,N,2019-05-15,Y
PT00678,490-1868,HYDRAULIC PUMP,Hydraulics,High,6810.13,EA,S001,P081,N,2022-09-13,Y
PT00209,453-8063,IDLER GROUP,Undercarriage,High,1822.07,EA,S001,P008,N,2023-10-26,Y
PT02923,8C-2044,BRAKE DISC,Power Train,Medium,0,EA,S001,P028,N,2023-10-12,Y
PT01502,4V-2437,WIRING HARNESS,Electrical,Medium,532.22,EA,S002,P101,N,2025-01-10,Y
PT04382,1U-5966,Tire  12-16.5,Tires,Medium,329.82,EA,S001,P025,N,2016-06-24,Y
PT00813,9E-2048,SEAL KIT,Hydraulics,Medium,127.29,EA,S002,P050,Y,2016-02-05,Y
PT03440,8K-3627,MONITOR DISPLAY,Electrical,Medium,2085.96,EA,S029,P079,Y,2016-07-01,Y
PT04160,7M 4059,WASHER HARD,Hardware,Low,1.41,EA,S001,P119,N,2021-10-16,Y
PT03502,346-5302,RELAY,Electrical,Low,35.46,EA,S001,P126,N,2021-10-17,Y
PT00580,4L-1042,HYDRAULIC HOSE ASSEMBLY,Hydraulics,High,187.99,EA,S001,P111,Y,2019-06-16,Y
PT01036,9V-8001,WATER PUMP,Engine,High,819.76,EA,S002,P038,N,2018-05-20,Y
PT00228,534-7265,IDLER GROUP,Undercarriage,High,1578.83,EA,S003,P085,N,2018-12-21,Y
PT03750,465-0161,COOLANT HOSE,Cooling,Low,28.6,EA,S035,P131,N,2016-12-20,Y
PT02677,398-5237,TRAVEL MOTOR,Power Train,High,17267.42,EA,S003,P126,N,2023-11-07,Y
PT04272,196-1893,TIRE 29.5R25,Tires,High,10759.33,EA,S028,P067,N,2020-12-12,Y
PT04196,297-1414,WASHER HARD,Hardware,Low,1.27,EA,S016,P110,N,2024-04-24,Y
PT02472,6I-9076,CONTROL VALVE,Hydraulics,High,0,EA,S003,P125,Y,2015-08-16,Y
PT00746,527-8049,HYDRAULIC PUMP,Hydraulics,High,6932.58,EA,S001,P008,N,2019-04-20,Y
PT02341,589-0926,BUCKET TOOTH RETAINER,Ground Engaging Tools,Low,6.04,EA,S001,P015,N,2018-03-29,Y
PT02809,7L4870,TRANSMISSION CLUTCH DISC,Power Train,Medium,175.35,EA,S003,P061,N,2020-05-19,Y
PT01207,328-9194,GASKET KIT,Engine,Medium,213.03,EA,S003,P028,Y,2016-02-13,Y
PT03465,6L-3365,RELAY,Electrical,Low,19.41,EA,S029,P100,N,2017-09-20,Y
PT01670,7S-1850,CAB AIR FILTER,Filters,Low,69.15,ea,S021,P121,N,2022-04-29,Y
PT04001,596-9178,O-RING SEAL,Hardware,Low,3.02,EA,S001,P134,N,2021-12-04,Y
PT01270,09M-7031,V-BELT,,Low,48.35,EA,,P048,N,2023-09-30,Y
PT83684,175-6008,FAN BLADE (SUPERSEDED),Cooling,Medium,174.62,EA,S003,P066,N,2022-02-22,Y
PT03796,395 9543,SEAT ASSEMBLY,Cab,Low,744.46,EA,S030,P070,N,2022-06-23,Y
PT02334,5B-2590,BUCKET TOOTH RETAINER,Ground Engaging Tools,,4.05,EA,S026,P097,N,2021-01-28,Y
PT03479,217-5918,RELAY,Electrical,Low,26.59,EA,S003,P057,Y,2015-09-11,Y
PT03551,5A-3685,WORK LIGHT LED,Electrical,Low,213.96,EA,S034,P035,N,2020-07-04,Y
PT03082,359-9438,PISTON KIT,Engine,High,794.6,EA,S001,P030,Y,2018-08-01,Y
PT03438,234-1469,MONITOR DISPLAY,Electrical,Medium,1314.28,EA,S003,P061,N,2020-03-11,Y
PT94066,4007975,O-RING SEAL,Hardware,,2.28,each,S002,P113,N,2021-03-26,Y
PT02564,3J-9614,SWING MOTOR,Hydraulics,High,11967.57,EA,S022,P008,N,2022-07-08,Y
PT01871,117-9349,THERMOSTAT,Cooling,Medium,82.09,EA,S003,P075,N,2019-03-16,Y
PT04028,379-8777,O-RING SEAL,,Low,1.89,EA,S002,P134,N,2024-02-26,Y
PT00700,315-3556,HYDRAULIC PUMP,Hydraulics,High,7192.14,EA,S003,P063,N,2020-07-16,Y
PT03421,529-4681,MONITOR DISPLAY,Electrical,,2207.21,EA,S034,P018,Y,2021-04-11,Y
PT04102,8S-5339,HEX BOLT,Hardware,Low,6.86,EA,S003,P045,N,2021-05-21,Y
PT03208,130-6930,FUEL TRANSFER PUMP,Engine,,384.32,EA,S001,P100,N,2020-09-18,Y
PT00500,265-5643,END BIT,Ground Engaging Tools,Medium,237.71,EA,S026,P006,N,2022-02-28,Y
PT03746,164 3463,COOLANT HOSE,Cooling,Low,52.2,EA,S001,P073,N,2020-10-22,Y
PT01339,544-5575,ALTERNATOR,Electrical,Medium,451.14,EA,S003,P010,N,2015-04-24,Y
PT01519,380-3349,WIRING HARNESS,,Medium,492.29,EA,S002,P101,N,2017-06-05,Y
PT02772,370-5024,TORQUE CONVERTER,Power Train,High,12758.29,EA,S002,P109,N,2025-01-26,Y
PT01447,1A-1077,STARTER MOTOR,Electrical,High,956.31,EA,CAT,P013,N,2021-05-17,Y
PT02541,487-7953,CONTROL VALVE,Hydraulics,High,5544.02,EA,S002,P078,N,2022-02-11,Y
PT02651,6E-7750,Final  Drive,Power Train,High,9029.65,EA,S024,P084,N,2016-07-17,Y
PT01212,3K-3375,Gasket  Kit,Engine,Medium,225.06,EA,S003,P003,N,2016-07-05,Y
PT04318,225-5208,TIRE 29.5R25,Tires,High,11059.47,EA,S002,P084,N,2019-06-15,Y
PT02129,186-8763,RECOIL SPRING,Undercarriage,High,2357.42,EA,S009,P128,N,2015-07-24,Y
PT02024,5C-2233,TRACK BUSHING,Undercarriage,Medium,85.83,EA,S009,P036,N,2017-03-19,Y
PT02418,8T-1447,SIDE CUTTER,Ground Engaging Tools,Medium,245.41,EA,S002,P035,N,2018-09-14,Y
PT03499,311-1601,RELAY,Electrical,Low,19.05,EA,S034,P004,Y,2018-11-19,Y
PT00780,6I-5658,SEAL KIT,Hydraulics,Medium,105.03,EA,S007,P010,N,2017-01-30,Y
PT00887,228-6361,HYDRAULIC CYLINDER,Hydraulics,High,3317.83,EA,S003,P127,N,2023-06-18,Y
PT00078,169-0381,TRACK SHOE,Undercarriage,High,239.39,EA,S003,P041,N,2023-10-05,Y
PT00720,3X-6917,HYDRAULIC PUMP,Hydraulics,High,"$9,028.26",EA,S022,P033,Y,2019-06-10,Y
PT02871,144-5010,AXLE SEAL,Power Train,Medium,112.85,EA,S001,P096,N,2022-05-10,Y
PT03405,288-2779,MONITOR DISPLAY,Electrical,,1589.36,EA,S001,P056,Y,2023-03-17,Y
PT01200,3S-5970,GASKET KIT,,Medium,237.67,EA,S003,P046,N,2024-10-18,Y
PT00792,3T-7112,SEAL KIT,Hydraulics,Medium,120.64,EA,S023,P096,N,20191006,Y
PT00658,4T-2734,HYDRAULIC HOSE ASSEMBLY,Hydraulics,High,208.82,EA,S002,P098,N,2021-02-09,Y
PT03433,3R-9649,MONITOR DISPLAY,Electrical,Medium,1952.36,Ea.,S015,P060,N,2016-05-28,Y
PT01112,5K-2501,TURBOCHARGER,Engine,High,1931.67,EA,S002,P052,N,2023-09-13,Y
PT02464,7V-4248,SIDE CUTTER,Ground Engaging Tools,Medium,332.45,EA,S026,P060,N,2015-08-21,Y
PT01585,7I-5156,BATTERY,Electrical,Medium,0,EA,S002,P006,N,2017-11-20,Y
PT03638,3M-5302,FAN BLADE,Cooling,Medium,262.58,EA,S035,P076,N,2022-01-02,Y
PT00244,9T-0651,IDLER GROUP,Undercarriage,High,3062.02,EA,S001,P113,N,2022-04-30,Y
PT01128,412-5728,TURBOCHARGER,,High,"$2,047.54",EA,S001,P026,Y,2016-03-14,Y
PT01244,9Y-3551,V-BELT,Engine,Low,33.58,EA,S003,P043,N,2022-10-15,Y
PT00354,267-2262,CUTTING EDGE,Ground Engaging Tools,Medium,248.57,EA,S011,P119,N,2018-07-12,Y
PT02851,7E-1158,AXLE SEAL,Power Train,Medium,$75.24,EA,S024,P037,N,10/28/2022,Y
PT00243,203-9721,Idler  Group,Undercarriage,High,2336.62,EA,S009,P114,N,2019-04-15,Y
PT01451,506 5292,STARTER MOTOR,Electrical,High,1045.0,EA,S034,P058,Y,2019-07-30,Y
PT00092,506-6078,TRACK ROLLER,Undercarriage,High,327.3,EA,S003,P115,N,2018-06-09,Y
PT92109,8B0255,CARRIER ROLLER,Undercarriage,High,543.11,EA,S010,P084,N,2022-10-15,Y
PT02071,4V-1873,Carrier  Roller,Undercarriage,High,635.74,EA,S003,P078,N,2024-08-08,Y
PT00777,334-3228,SEAL KIT,,Medium,70.23,EA,S023,P086,N,2016-03-14,Y
PT02386,8F-7080,BUCKET TOOTH RETAINER,Ground Engaging Tools,Low,9.66,EA,S011,P118,N,2017-07-10,Y
PT03717,139-1108,FAN BLADE,Cooling,Medium,356.38,EA,S001,P075,N,2018-03-15,Y
PT01753,9U-7614,TRANSMISSION FILTER,Filters,Medium,98.24,EA,S003,P037,N,2018-08-30,Y
PT02880,234-6924,AXLE SEAL,Power Train,Medium,57.39,EA,S002,P011,N,11/27/2022,Y
PT03019,4V-6852,CYLINDER HEAD,Engine,High,5942.37,EA,S001,P127,N,2019-03-27,Y
PT00128,9I-4806,TRACK ROLLER,Undercarriage,High,321.7,EA,S001,P015,N,2020-05-28,Y
PT03308,263-2683,ECM CONTROLLER,Electrical,High,3268.98,EA,S003,P078,N,2015-03-27,Y
PT00983,330-4407,WATER PUMP,Engine,High,439.42,EA,S002,P038,N,10/19/20,Y
PT93699,1H1556,FAN BLADE,Cooling,Medium,175.05,EA,S035,P062,N,2023-07-03,Y
PT00467,104-7805,END BIT,Ground Engaging Tools,Medium,87.79,EA,S003,P073,N,2024-11-05,Y
PT01782,313-9046,TRANSMISSION FILTER,Filters,Medium,39.81,EA,S003,P077,N,2020-10-15,Y
PT03671,506-2878,FAN BLADE,Cooling,Medium,447.15,EA,S002,P054,N,2018-08-26,Y
PT02858,571-1630,AXLE SEAL,Power Train,Medium,53.64,EA,S001,P082,N,2016-03-19,Y
PT00590,315-2070,HYDRAULIC HOSE ASSEMBLY,Hydraulics,High,180.1,EA,,P117,Y,2019-07-10,Y
PT02753,8R-9216,TORQUE CONVERTER,Power Train,High,5696.16,EA,S001,P126,N,2022-09-02,Y
PT01597,1C-0438,BATTERY,Electrical,Medium,377.11,EA,S003,P079,Y,2018-12-04,Y
PT03506,281-0855,RELAY,Electrical,Low,24.36,EA,S003,P079,N,2020-07-14,Y
PT02529,235-0052,CONTROL VALVE,Hydraulics,High,7451.5,EA,S001,P045,N,2023-08-10,Y
PT03287,9A-8934,FUEL TRANSFER PUMP,Engine,High,773.87,EA,S001,P046,N,2022-04-11,Y
PT04395,6Y-7774,TIRE 12-16.5,Tires,Medium,214.75,EA,S002,P092,N,2022-05-09,Y
PT01851,507-2402,RADIATOR,,High,4013.51,EA,S001,P127,N,04/26/16,Y
PT00312, 5F-0525,TRACK LINK ASSEMBLY,Undercarriage,High,3958.83,EA,S010,P058,N,2017-01-22,Y
PT03794,2F-8037,SEAT ASSEMBLY,,Low,1660.74,EA,S036,P023,N,2019-03-08,Y
PT01904, 240-8714,TRACK PIN,Undercarriage,Medium,39.65,EA,CAT,P001,N,2019-09-27,Y
PT01958,3R-2359,TRACK PIN,Undercarriage,Medium,0,EA,S002,P030,N,2017-01-06,Y
PT01593,253-1160,BATTERY,Electrical,Medium,127.09,EA,S001,P071,N,2015-10-16,Y
PT02302,504-4661,RIPPER TIP,Ground Engaging Tools,Medium,94.75,EA,S001,P013,N,2024-04-24,Y
PT00942,3Y-1763,WATER PUMP,Engine,High,599.6,ea,S001,P118,Y,2016-07-18,Y
PT00835,560-1237,SEAL KIT,Hydraulics,Medium,115.82,EA,S002,P014,N,2017-09-27,Y
PT03133,4H-0324,PISTON KIT,,High,1307.44,EA,S001,P089,N,2021-02-23,Y
PT02436,193-3257,SIDE CUTTER,,Medium,230.0,EA,S026,P113,N,05-Aug-21,Y
PT00097,542-2527,TRACK ROLLER,Undercarriage,High,633.92,EA,S001,P088,N,2021-06-20,Y
PT03350,446-7453,ECM CONTROLLER,Electrical,High,2335.2,EA,S015,P001,Y,2017-09-11,Y
PT00420,343-6869,END BIT,Ground Engaging Tools,Medium,223.98,EA,S099,P079,N,2024-05-02,Y
PT00536,1G-1984,ADAPTER,Ground Engaging Tools,Medium,152.65,EA,S026,P043,N,2022-12-13,Y
PT00608,1X-8486,HYDRAULIC HOSE ASSEMBLY,Hydraulics,High,114.07,EA,S023,P016,N,2022-08-26,Y
PT02689,458-0867,TRAVEL MOTOR,Power Train,High,5914.08,EA,S002,P117,N,2017-11-14,Y
PT90381,9B6824,CUTTING EDGE,Ground Engaging Tools,Medium,340.93,EA,S011,P056,N,2015-10-15,Y
PT00858,389-1408,HYDRAULIC CYLINDER,Hydraulics,High,4685.93,EA,S031,P049,N,2022-04-17,Y
PT03418,7A-7965,MONITOR DISPLAY,Electrical,Medium,1289.58,EA,S002,P024,Y,2016-08-14,Y
PT04172,178-6057,WASHER HARD,Hardware,Low,-1.13,EA,S003,P131,N,2021-04-27,Y
PT03765,367-1138,COOLANT HOSE,Cooling,Low,51.84,EA,S035,P122,N,2022-03-13,Y
PT01434,1H-4427,STARTER MOTOR,Electrical,High,1336.7,EA,S001,P004,Y,2015-01-19,Y
PT01268,6F-6800,V-BELT,Engine,Low,24.77,EA,S002,P124,Y,2017-11-20,Y
PT02353,490-8912,BUCKET TOOTH RETAINER,Ground Engaging Tools,Low,4.69,EA,S002,P040,N,2015-11-10,Y
PT01070,529-7883,TURBOCHARGER,Engine,High,4107.82,EA,S003,P065,N,2025-01-06,Y
PT00713,542-9372,HYDRAULIC PUMP,Hydraulics,High,6553.29,EA,S002,P041,Y,2023-05-02,Y
PT02089,483-0362,CARRIER ROLLER,Undercarriage,High,584.91,EA,S001,P091,N,2019-05-26,Y
PT03529,449-0278,RELAY,Electrical,Low,35.29,EA,S003,P081,N,2018-05-12,Y
PT04240,3C-0988,WASHER HARD,Hardware,Low,1.24,EA,S003,P090,N,2023-02-23,Y
PT03271,522-6471,FUEL TRANSFER PUMP,Engine,High,614.07,EA,S001,P105,N,2018-01-23,Y
PT03330,226 8886,ECM CONTROLLER,Electrical,High,4625.91,EA,S002,P109,N,2020-11-28,Y
PT93360,4M2807,ECM CONTROLLER,Electrical,High,4055.1,EA,S034,P029,N,2017-03-01,Y
PT00707,3V-0828,HYDRAULIC PUMP,Hydraulics,High,0,EA,S023,P017,Y,2024-09-23,Y
PT03850,4S-0524,WINDOW GLASS,Cab,Low,732.6,EA,S002,P108,N,2016-02-08,Y
PT02350,562-8818,Bucket  Tooth Retainer,Ground Engaging Tools,Low,10.27,EA,S003,P101,N,2018-05-05,Y
PT00346,9P-1594,TRACK LINK ASSEMBLY,Undercarriage,High,0,EA,S009,P062,N,12-Feb-24,Y
PT04363,1s-8728,Tire  12-16.5,Tires,Medium,574.81,EA,S001,P120,N,2021-04-15,Y
PT01269,5Y-1119,V-BELT,Engine,Low,21.55,EA,S001,P012,N,2016-12-14,Y
PT02332,7R-0753,BUCKET TOOTH RETAINER,Ground Engaging Tools,Low,4.5,EA,S001,P063,N,2024-12-18,Y
PT00582,513-4078,HYDRAULIC HOSE ASSEMBLY,Hydraulics,High,142.42,EA,S007,P069,Y,2020-02-28,Y
PT00184,7I-5415,TRACK ROLLER,Undercarriage,High,503.63,EA,S002,P064,N,2023-10-28,Y
PT00695,125-1414,HYDRAULIC PUMP,Hydraulics,High,6562.22,EA,S002,P119,Y,2016-01-10,Y
PT02532,4f-0421,CONTROL VALVE,Hydraulics,High,3112.07,EA,S002,P110,N,2018-11-04,Y
PT00532,574-2897,ADAPTER,Ground Engaging Tools,Medium,160.19,EA,S026,P059,N,2020-10-01,Y
PT01983,453-2671,TRACK BUSHING,Undercarriage,Medium,51.71,EA,S009,P045,N,2022-01-28,Y
PT00866,290-1325,HYDRAULIC CYLINDER,,,5160.17,EA,S003,P071,N,2020-08-30,Y
PT02137,2C 4926,RECOIL SPRING,Undercarriage,High,2579.44,ea,S001,P124,N,2020-08-26,Y
PT04182,5P-1434,WASHER HARD,Hardware,Low,1.68,EA,S016,P015,N,2023-09-19,Y
PT03831,1Y-4818,SEAT ASSEMBLY,Cab,Low,938.07,EA,S001,P005,N,2024-01-09,Y
PT00997,536-0364,WATER PUMP,Engine,High,856.24,EA,S002,P110,Y,2025-01-06,Y
PT03375,430-9337,ECM CONTROLLER,Electrical,High,4093.38,EA,S002,P021,Y,2016-11-20,Y
PT04058,3Y-7051,O-RING SEAL,Hardware,Low,3.41,EA,S002,P061,N,2017-07-30,Y
PT02229,5U-3503,RIPPER SHANK,Ground Engaging Tools,Medium,1186.26,EA,S003,P100,N,2017-06-21,Y
PT03708,0103-4852,FAN BLADE,Cooling,Medium,286.68,EA,S035,P093,N,2017-04-24,Y
PT02095,5W-5157,CARRIER ROLLER,Undercarriage,High,356.05,EA,S003,P094,N,2021-12-04,Y
PT01677,3L-9455,CAB AIR FILTER,Filters,Low,30.14,EA,S003,P045,N,2024-02-22,Y
PT03961,464-9179,O-RING SEAL,,Low,2.0,EA,S003,P080,N,2018-05-18,Y
PT02479,5C-5763,CONTROL VALVE,Hydraulics,High,2526.59,EA,S001,P009,N,2022-12-05,Y
PT03878,5B-9102,WINDOW GLASS,Cab,Low,554.95,EA,S030,P084,N,2015-06-24,Y
PT00023,411-0001,TRACK SHOE,Undercarriage,High,276.42,EA,S002,P035,N,2021-06-15,Y
PT00246,352-9871,IDLER GROUP,Undercarriage,High,1272.42,EA,S010,P093,N,2021-06-20,Y
PT04291,156-3929,TIRE 29.5R25,Tires,High,13134.63,EA,S003,P034,N,2018-09-14,Y
PT00686,2J 9346,HYDRAULIC PUMP,Hydraulics,High,7367.82,EA,S001,P125,Y,2016-04-07,Y
PT04168,7T-9190,WASHER HARD,Hardware,Low,0.72,EA,S002,P118,N,2024-10-13,Y
PT02787,423-1399,TRANSMISSION CLUTCH DISC,Power Train,Medium,208.36,PC,,P036,N,2016-11-01,Y
PT02941,393-2635,BRAKE DISC,Power Train,Medium,300.91,EA,S001,P073,N,2024-11-13,Y
PT00252,579-9873,IDLER GROUP,Undercarriage,High,1203.51,EA,S010,P090,N,2023-07-01,Y
PT02914,127-7671,BRAKE DISC,Power Train,Medium,562.0,EA,S024,P011,N,2022-11-27,Y
PT02445,118-9568,SIDE CUTTER,Ground Engaging Tools,Medium,296.25,EA,S001,P090,N,2019-04-06,Y
PT03860,9U-7110,WINDOW GLASS,Cab,,582.52,EA,S001,P066,N,2021-06-07,Y
PT00009,131-8822,AIR FILTER ELEMENT,Filters,Medium,98.0,EA,S001,P111,N,2022-10-25,Y
PT02404,3T-2533,BUCKET TOOTH RETAINER,Ground Engaging Tools,Low,4.47,each,S001,P028,N,2024-11-10,Y
PT00706,6Y-4565,HYDRAULIC PUMP,Hydraulics,High,4606.07,EA,S007,P118,N,2024-05-29,Y
PT01629, 103-5984,BATTERY,Electrical,Medium,217.69,PC,S029,P127,N,2019-01-06,Y
PT00317,6E-4987,TRACK LINK ASSEMBLY,Undercarriage,High,4842.73,EA,S002,P004,N,2023-01-26,Y
PT01113,142-1687,TURBOCHARGER,Engine,High,1819.72,EA,S003,P112,N,2023-11-10,Y
PT04355,389-0348,TIRE 29.5R25,Tires,High,9434.07,EA,S003,P043,N,2020-08-16,Y
PT02325,2R-4808,BUCKET TOOTH RETAINER,Ground Engaging Tools,Low,8.44,EA,S011,P099,N,2020-01-25,Y
PT01365,582-3962,ALTERNATOR,Electrical,Medium,403.98,EA,S003,P080,N,2016-11-25,Y
PT03304,6G-0379,ECM CONTROLLER,Electrical,High,2442.69,EA,S034,P066,N,2015-01-07,Y
PT03193,6K-7568,FUEL TRANSFER PUMP,Engine,High,630.7,EA,S001,P057,Y,2016-05-03,Y
PT03052,416-7171,PISTON KIT,Engine,High,632.71,EA,S003,P086,N,2017-04-06,Y
PT02494,220-0355,CONTROL VALVE,Hydraulics,High,4672.67,EA,S001,P097,N,2023-11-09,Y
PT01089,2F-9076,TURBOCHARGER,Engine,High,5147.64,EA,S001,P126,N,2020-12-04,Y
PT03292,3X-5739,FUEL TRANSFER PUMP,Engine,High,370.93,EA,S001,P034,Y,2023-05-12,Y
PT82273,1C-3021,RIPPER TIP (SUPERSEDED),Ground Engaging Tools,Medium,97.6,EA,S011,P094,N,2024-02-26,Y
PT02500,321-7707,CONTROL VALVE,,High,2824.73,EA,S022,P085,N,2019-05-01,Y
PT02767,8I-3161,TORQUE CONVERTER,Power Train,High,8352.27,EA,S025,P109,N,2023-09-09,Y
PT00779,568-8028,SEAL KIT,Hydraulics,Medium,126.63,EA,S022,P105,Y,2021-04-30,Y
PT01714,158-7122,CAB AIR FILTER,Filters,Low,63.88,EA,S002,P055,N,2025-04-16,Y
PT01842,8E-4211,RADIATOR,Cooling,High,4080.43,EA,S035,P095,N,2021-05-23,Y
PT04104,123-7269,HEX BOLT,Hardware,Low,$5.78,EA,S002,P100,N,2022-11-09,Y
PT02730,9E-1851,TORQUE CONVERTER,Power Train,High,9742.23,EA,S003,P115,N,2019-08-12,Y
PT00680,1C-6503,HYDRAULIC PUMP,Hydraulics,High,0,EA,S003,P001,N,2021-02-24,Y
PT01579,6C-3792,SENSOR SPEED,Electrical,Medium,110.3,EA,S001,P080,Y,2019-02-22,Y
PT00688,7W-6346,HYDRAULIC PUMP,Hydraulics,,11041.0,EA,S002,P107,Y,2021-04-08,Y
PT92414,4K8536,SIDE CUTTER,,Medium,330.47,EA,CAT,P069,N,2023-12-29,Y
PT01204,181-6328,GASKET KIT,Engine,Medium,131.02,EA,S001,P080,Y,2019-10-03,Y
PT04294,480-6937,TIRE 29.5R25,Tires,High,5947.4,EA,S001,P003,N,2019-12-23,Y
PT92511,3328646,CONTROL VALVE,Hydraulics,High,3553.12,EA,S002,P032,N,2017-03-06,Y
PT04225,376-0185,WASHER HARD,Hardware,Low,0.79,EA,S003,P126,N,2016-01-20,Y
PT01912,153-7893,TRACK PIN,Undercarriage,Medium,95.24,EA,S002,P104,N,2023-05-17,Y
PT83295,388-5675,FUEL TRANSFER PUMP (SUPERSEDED),Engine,High,661.8,EA,S003,P004,Y,2018-01-13,Y
PT00491,02W-4303,END BIT,Ground Engaging Tools,Medium,132.37,EA,S003,P069,N,2024-08-10,Y
PT03553,202-2544,WORK LIGHT LED,Electrical,Low,261.47,EA,S003,P082,Y,2022-06-27,Y
PT02097,1A-3782,CARRIER ROLLER,Undercarriage,High,680.57,EA,S002,P064,N,2020-09-29,Y
PT03148,408-5022,CRANKSHAFT BEARING,Engine,Medium,129.26,EA,S001,P065,Y,2015-12-09,Y
PT02634,230-7117,FINAL DRIVE,Power Train,High,14879.29,EA,S024,P040,N,2015-02-01,Y
PT03767,349-6315,COOLANT HOSE,Cooling,Low,74.87,EA,S002,P028,N,2023-10-29,Y
PT03652,4C-9550,FAN BLADE,Cooling,Medium,225.68,EA,S035,P131,N,2020-03-20,Y
PT01470,422-3411,STARTER MOTOR,Electrical,High,515.24,EA,S002,P054,Y,2019-08-24,Y
PT00819,517-3969,SEAL KIT,Hydraulics,Medium,81.07,EA,S007,P068,N,2020-09-12,Y
PT03894,450-5680,WINDOW GLASS,,Low,537.25,EA,S001,P117,N,2016-01-20,Y
PT00674,499-7518,HYDRAULIC PUMP,Hydraulics,High,9173.01,EA,S003,P097,Y,2022-10-13,Y
PT04177,286-0608,WASHER HARD,Hardware,Low,1.27,EA,S001,P057,N,2022-07-25,Y
PT02743,8L-3803,TORQUE CONVERTER,Power Train,High,7236.55,EA,S025,P064,N,2017-06-10,Y
PT03914,6I-4575,MIRROR,,Low,120.64,EA,S003,P088,N,2022-01-22,Y
PT01775,6j-3805,Transmission  Filter,Filters,Medium,55.52,EA,S006,P049,N,2022-06-01,Y
PT03905,5W-1645,WINDOW GLASS,Cab,Low,452.56,EA,S030,P042,N,2016-01-29,Y
PT00167,354-4918,TRACK ROLLER,Undercarriage,High,339.0,EA,S010,P038,N,2018-02-12,Y
PT00782,170-5489,SEAL KIT,Hydraulics,Medium,95.32,EA,S031,P126,Y,2015-03-03,Y
PT01030,3G-3642,WATER PUMP,Engine,High,543.37,EA,S001,P088,N,2021-07-11,Y
PT00037,245-0185,TRACK SHOE,Undercarriage,High,234.97,EA,S010,P084,N,2019-09-16,Y
PT00218,335-7719,IDLER GROUP,Undercarriage,High,1791.4,EA,S002,P097,N,2016-09-05,Y
PT81943,6S-6576,TRACK PIN (SUPERSEDED),Undercarriage,Medium,68.38,EA,S003,P009,N,2018-07-01,Y
PT83848,185-8202,WINDOW GLASS (SUPERSEDED),Cab,Low,627.69,EA,S003,P030,N,2015-12-14,Y
PT00283,2N-3570,SPROCKET SEGMENT,Undercarriage,High,448.54,EA,S002,P132,N,2020-06-22,Y
PT00387,227-2524,CUTTING EDGE,Ground Engaging Tools,Medium,293.74,Ea.,S003,P086,N,2022-12-01,Y
PT00709,7N-1450,HYDRAULIC PUMP,Hydraulics,High,6058.32,EA,S031,P009,Y,2024-07-15,Y
PT03855,6X-5986,WINDOW GLASS,Cab,Low,746.82,EA,S001,P089,N,2021-10-27,Y
PT02092,4M-8299,CARRIER ROLLER,Undercarriage,High,571.4,EA,S001,P049,N,2016-04-19,Y
PT91252,2L9474,V-BELT,Engine,Low,44.03,EA,S001,P062,Y,2024-07-10,Y
PT01392,9T-8299,ALTERNATOR,Electrical,Medium,370.85,EA,S015,P040,N,2016-03-21,Y
PT03471,297-7209,RELAY,Electrical,Low,20.63,EA,S002,P021,Y,2020-09-18,Y
PT03508,2Y-5326,RELAY,Electrical,Low,22.83,EA,S034,P030,N,2019-07-16,Y
PT02699,4A-1133,TRAVEL MOTOR,Power Train,High,17416.93,ea,S002,P102,N,2019-06-05,Y
PT03912,358-0218,WINDOW GLASS,Cab,Low,598.67,EA,S030,P121,N,2021-06-13,Y
PT01564,374-8916,SENSOR SPEED,Electrical,Medium,$224.51,EA,S003,P011,Y,2021-01-25,Y
PT01797,4E-2096,TRANSMISSION FILTER,Filters,Medium,51.9,EA,S006,P085,N,2019-12-31,Y
PT00265,281-7308,SPROCKET SEGMENT,Undercarriage,High,160.14,EA,S003,P027,N,2016-11-29,Y
PT00333, 2I-5917,TRACK LINK ASSEMBLY,Undercarriage,High,4842.2,EA,S010,P023,N,2016-07-14,Y
PT01621,5N-2535,BATTERY,Electrical,Medium,194.81,EA,S001,P108,N,2023-12-12,Y
PT03505,560-8226,RELAY,Electrical,,22.14,EA,S003,P008,N,2019-11-16,Y
PT01557,320-0711,Sensor  Speed,Electrical,Medium,203.22,EA,S002,P034,N,2015-03-18,Y
PT04162,564-8991,WASHER HARD,Hardware,Low,0.62,EA,S016,P041,N,2016-10-16,Y
PT01103,551-5838,TURBOCHARGER,Engine,High,3001.3,EA,S003,P056,N,2020-06-01,Y
PT00169,8C-8411,TRACK ROLLER,Undercarriage,High,642.27,EA,S003,P063,N,2022-10-01,Y
PT02559,361-1274,SWING MOTOR,Hydraulics,High,12392.28,EA,S002,P107,N,2022-10-17,Y
PT00141,221-6200,TRACK ROLLER,Undercarriage,High,653.98,EA,S009,P079,N,2024-04-01,Y
PT02687,491-3901,TRAVEL MOTOR,Power Train,High,5956.6,EA,S001,P061,N,2025-01-01,Y
PT03592,4V-3997,WORK LIGHT LED,Electrical,Low,124.39,EA,S029,P002,Y,2015-09-12,Y
PT02840,433-6987,AXLE SEAL,Power Train,Medium,103.63,EA,S003,P131,N,2019-10-23,Y
PT02459,5G-3187,SIDE CUTTER,Ground Engaging Tools,Medium,376.2,EA,S001,P123,N,2018-08-30,Y
PT03842,8H-1533,WINDOW GLASS,Cab,Low,688.03,EA,S003,P097,N,2022-11-27,Y
PT00360,169-4552,CUTTING EDGE,Ground Engaging Tools,Medium,199.9,EA,S011,P076,N,2020-03-16,Y
PT00425,378-1493,END BIT,Ground Engaging Tools,Medium,101.43,EA,S026,P010,N,2021-07-26,Y
PT03121,550-5253,PISTON KIT,Engine,,1335.27,EA,S001,P079,N,2017-11-02,Y
PT04026,360-9370,O-RING SEAL,Hardware,Low,1.67,EA,S002,P001,N,2016-09-23,Y
PT03153,472-9932,CRANKSHAFT BEARING,Engine,Medium,-158.05,EA,S002,P129,N,2015-03-20,Y
PT03423,278-9937,MONITOR DISPLAY,Electrical,Medium,1767.8,each,S099,P115,N,2015-11-13,Y
PT02630,280-5526,FINAL DRIVE,Power Train,High,9867.61,EA,S001,P047,N,20220717,Y
PT00179,417-7287,TRACK ROLLER,Undercarriage,High,329.7,EA,S010,P026,N,2023-05-05,Y
PT01320,453-5655,V-BELT,Engine,Low,20.9,EA,S001,P101,N,2017-03-21,Y
PT03054,191-8219,PISTON KIT,Engine,High,869.78,Ea.,S002,P089,N,2015-08-27,Y
PT01525,6M-3395,WIRING HARNESS,Electrical,Medium,808.33,EA,S001,P107,N,2017-02-04,Y
PT01354,402-9788,ALTERNATOR,Electrical,Medium,499.22,EA,S003,P009,Y,2023-05-04,Y
PT03238,5R-6600,FUEL TRANSFER PUMP,Engine,High,517.27,EA,S002,P025,N,2016-07-24,Y
PT03644,6E6869,FAN BLADE,Cooling,Medium,360.26,EA,S035,P096,N,2024-04-24,Y
PT02820,8C-3976,TRANSMISSION CLUTCH DISC,Power Train,Medium,,EA,S002,P114,N,2022-07-10,Y
PT01258,498-1398,V-BELT,Engine,Low,49.29,EA,S003,P125,Y,2015-03-17,Y
PT92107,1H4507,CARRIER ROLLER,Undercarriage,High,600.21,EA,S001,P068,N,2021-01-13,Y
PT00257,466-9764,IDLER GROUP,Undercarriage,High,1223.56,EA,S001,P111,N,2019-10-19,Y
PT92352,4X7628,BUCKET TOOTH RETAINER,Ground Engaging Tools,Low,9.91,EA,S011,P022,N,2020-05-02,Y
PT03332,5K-6666,ECM CONTROLLER,Electrical,High,3119.52,EA,S002,P056,N,2020-10-04,Y
PT02971,8K-0746,CYLINDER HEAD,Engine,High,6424.98,EA,S001,P105,N,2024-11-18,Y
PT03990,503-6765,O-RING SEAL,Hardware,Low,1.4,Ea.,S003,P046,N,20180622,Y
PT03258,3I-4105,FUEL TRANSFER PUMP,Engine,High,596.2,EA,S003,P132,Y,2017-05-03,Y
PT00371,102-2838,CUTTING EDGE,Ground Engaging Tools,Medium,284.1,EA,S001,P109,N,2021-02-14,Y
PT00740,135-2278,HYDRAULIC PUMP,,,8896.29,EA,S002,P006,Y,2016-01-21,Y
PT02961,5I-2321,CYLINDER HEAD,Engine,High,4273.25,EA,S003,P086,N,2015-09-02,Y
PT02580,322-3069,Swing  Motor,Hydraulics,High,13298.96,EA,S002,P046,N,20170530,Y
PT03715,5e-3464,FAN BLADE,Cooling,Medium,397.55,EA,S002,P043,N,2020-12-18,Y
PT01666,4P-9554,CAB AIR FILTER,Filters,Low,38.31,EA,S003,P048,N,2024-08-13,Y
PT00253,2T-8959,IDLER GROUP,Undercarriage,High,1367.47,EA,S003,P002,N,2015-01-23,Y
PT03026,113-5834,PISTON KIT,Engine,High,637.9,EA,S002,P054,Y,2016-07-30,Y
PT03959,215-9407,O-RING SEAL,Hardware,Low,1.98,EA,S003,P078,N,2021-01-03,Y
PT01458,7C-5107,STARTER MOTOR,Electrical,High,749.84,EA,S029,P042,N,2023-08-26,Y
PT02514,6P-3490,CONTROL VALVE,Hydraulics,High,4701.61,EA,S002,P109,N,20231024,Y
PT01769,464-9313,TRANSMISSION FILTER,Filters,Medium,35.4,EA,S021,P130,N,2025-05-17,Y
PT91431,5986166,STARTER MOTOR,Electrical,High,806.74,EA,S034,P069,Y,2020-05-29,Y
PT02534,1A-4787,CONTROL VALVE,Hydraulics,High,3165.24,EA,S007,P040,N,2024-07-12,Y
PT02393,410-4180,BUCKET TOOTH RETAINER,Ground Engaging Tools,Low,5.16,EA,S002,P127,N,12-Dec-21,Y
PT00576,7K9340,ADAPTER,Ground Engaging Tools,Medium,65.16,EA,S002,P043,N,2021-02-02,Y
PT00026,1Y-7707,TRACK SHOE,Undercarriage,High,197.32,EA,S001,P007,N,2024-02-18,Y
PT02128,176-8877,RECOIL SPRING,Undercarriage,High,1263.59,EA,S002,P011,N,2018-01-18,Y
PT02264,273-0725,RIPPER TIP,Ground Engaging Tools,Medium,$106.92,EA,S003,P105,N,2018-08-05,Y
PT01591,154-3747,BATTERY,Electrical,Medium,225.08,EA,S002,P133,N,2015-04-04,Y
PT02747,4J-6035,TORQUE CONVERTER,Power Train,High,6122.65,EA,S002,P121,N,2021-10-16,Y
PT01247,139-7538,V-BELT,Engine,Low,28.49,EA,S001,P079,N,2022-11-21,Y
PT04408,256-6000,TIRE 12-16.5,Tires,Medium,312.25,EA,S099,P018,N,2016-08-01,Y
PT02096,390-5802,CARRIER ROLLER,Undercarriage,High,535.6,EA,S003,P119,N,11/21/2024,Y
PT00259,175-9658,IDLER GROUP,Undercarriage,High,,EA,S001,P060,N,2018-05-11,Y
PT00372,7G-4384,CUTTING EDGE,Ground Engaging Tools,Medium,250.68,EA,S003,P116,N,09/10/21,Y
PT03923,6W7705,MIRROR,Cab,Low,120.15,PC,S001,P034,N,2017-01-27,Y
PT91729,6L2618,TRANSMISSION FILTER,Filters,Medium,83.39,EA,S003,P099,N,04/10/18,Y
PT03975,6S-7925,O-RING SEAL,Hardware,Low,3.36,EA,S001,P016,N,2021-12-15,Y
PT00789,2D-2330,SEAL KIT,Hydraulics,Medium,66.51,EA,S003,P072,Y,2019-11-23,Y
PT03436,1E-0986,MONITOR DISPLAY,,Medium,2059.09,EA,S001,P065,N,2019-08-06,Y
PT03222,193-9328,FUEL TRANSFER PUMP,Engine,,725.22,EA,S002,P039,Y,2024-03-09,Y
PT01943,6S-6575,TRACK PIN,Undercarriage,Medium,68.38,EA,S003,P009,N,2018-07-01,Y
PT90027,4879966,Track  Shoe,Undercarriage,High,123.4,EA,S001,P009,N,2021-12-20,Y
PT00470,7F-4270,END BIT,Ground Engaging Tools,Medium,90.81,EA,S001,P131,N,2017-05-14,Y
PT04344,6W-4559,TIRE 29.5R25,Tires,High,12981.47,EA,S028,P033,N,2020-01-20,Y
PT00102,6N-0884,TRACK ROLLER,Undercarriage,High,426.82,EA,S010,P112,N,2023-03-25,Y
PT01852,2Y-6187,RADIATOR,Cooling,High,2180.61,EA,S002,P133,N,2019-06-30,Y
PT00033,100-5641,TRACK SHOE,Undercarriage,High,182.8,EA,S003,P021,N,2024-03-30,Y
PT02316,274-6526,Ripper  Tip,Ground Engaging Tools,Medium,$67.12,EA,S002,P054,N,2017-11-20,Y
PT04171,229-5333,WASHER HARD,Hardware,Low,0.91,EA,S002,P067,N,2022-10-04,Y
PT04072,482-9758,HEX BOLT,Hardware,Low,5.68,EA,S001,P111,N,2020-11-08,Y
PT02781,251-3753,TRANSMISSION CLUTCH DISC,Power Train,Medium,130.4,EA,S002,P084,N,2020-06-05,Y
PT01957,583-8873,TRACK PIN,Undercarriage,Medium,93.79,EA,S001,P020,N,2024-02-18,Y
PT02488,588-9430,CONTROL VALVE,Hydraulics,,3949.73,EA,S002,P025,Y,2025-03-18,Y
PT00498,8I-3924,END BIT,Ground Engaging Tools,Medium,222.1,EA,S026,P117,N,2015-08-01,Y
PT00012,1U-3302,BUCKET TIP J300,Ground Engaging Tools,Medium,34.0,EA,S011,P049,N,11/13/2017,Y
PT92465,8C5715,Side  Cutter,Ground Engaging Tools,Medium,215.1,EA,S001,P086,N,2020-12-10,Y
PT01720,2A-6382,CAB AIR FILTER,Filters,Low,30.22,EA,S003,P013,N,2021-10-02,Y
PT02674,3H-5979,TRAVEL MOTOR,Power Train,High,15281.39,EA,S003,P098,N,2019-03-10,Y
PT02734,6M-9902,TORQUE CONVERTER,Power Train,High,10614.3,EA,S001,P089,N,2023-04-24,Y
PT00651,7U-9177,HYDRAULIC HOSE ASSEMBLY,Hydraulics,High,188.8,EA,S001,P093,N,2020-03-11,Y
PT93088,5C4028,PISTON KIT,Engine,High,1237.22,EA,S002,P026,Y,2019-09-28,Y
PT03771,6G-2962,COOLANT HOSE,Cooling,Low,59.4,EA,S003,P013,N,2021-01-26,Y
PT00974,5E-4594,WATER PUMP,Engine,High,719.91,EA,S099,P042,N,2025-04-14,Y
PT02167,3S-1686,RECOIL SPRING,Undercarriage,High,1704.15,EA,S002,P070,N,2022-05-24,Y
PT02794,581-9785,TRANSMISSION CLUTCH DISC,Power Train,Medium,218.42,EA,S001,P039,N,2024-01-13,Y
PT01544,579-3703,SENSOR SPEED,Electrical,Medium,249.63,EA,S002,P064,Y,2022-11-01,Y
PT02108,9I 3093,CARRIER ROLLER,Undercarriage,,625.45,EA,S001,P119,N,2022-11-23,Y
PT02301,3B-7031,RIPPER TIP,Ground Engaging Tools,Medium,92.74,EA,S001,P050,N,2022-07-28,Y
PT02050,0129-8125,CARRIER ROLLER,Undercarriage,High,434.92,EA,S010,P028,N,2020-06-08,Y
PT01975, 1J-1708,TRACK BUSHING,Undercarriage,Medium,39.86,EA,S002,P086,N,2017-09-04,Y
PT01235,575-8217,V-BELT,Engine,Low,20.08,EA,S003,P040,Y,2023-06-23,Y
PT00454,134-6660,End  Bit,Ground Engaging Tools,Medium,176.04,EA,S003,P091,N,2017-02-26,Y
PT03539,3X-3756,RELAY,Electrical,Low,33.98,EA,S002,P085,Y,2018-11-03,Y
PT92755,4285230,Torque  Converter,,High,6950.94,EA,S024,P071,N,2021-07-31,Y
PT02800,2W-4638,TRANSMISSION CLUTCH DISC,Power Train,Medium,110.89,EA,S024,P052,N,2017-10-03,Y
PT02495,210-5266,CONTROL VALVE,Hydraulics,High,4773.82,EA,S007,P002,N,2025-04-09,Y
PT04145,367 1947,WASHER HARD,Hardware,,1.11,EA,S016,P069,N,2024-06-29,Y
PT02633,4F-7649,FINAL DRIVE,Power Train,High,9333.72,EA,S025,P013,N,2015-01-30,Y
PT93874,5334287,WINDOW GLASS,Cab,Low,707.09,EA,S001,P104,N,2025-04-30,Y
PT03003,3P-1744,CYLINDER HEAD,Engine,High,0,EA,S001,P072,N,2022-09-29,Y
PT03989,558-2987,O-RING SEAL,Hardware,Low,3.28,EA,S016,P042,N,2022-07-27,Y
PT04310,1X-6715,TIRE 29.5R25,Tires,High,10286.07,EA,S028,P077,N,2024-11-05,Y
PT04403,378-4941,TIRE 12-16.5,Tires,Medium,295.66,EA,S003,P026,N,2017-11-30,Y
PT01105,257-4863,TURBOCHARGER,Engine,High,1775.71,EA,S002,P081,Y,2023-08-24,Y
PT01736,3K-5232,TRANSMISSION FILTER,Filters,Medium,70.06,EA,S021,P111,N,2023-05-10,Y
PT93631,4609153,FAN BLADE,Cooling,Medium,328.43,EA,S002,P086,N,2023-09-19,Y
PT00211,4U-4115,Idler  Group,Undercarriage,High,2683.17,EA,S099,P063,N,2025-05-07,Y
PT01740,221-0325,TRANSMISSION FILTER,Filters,Medium,52.53,EA,S001,P104,N,2021-05-24,Y
PT02183,3E-8729,RIPPER SHANK,Ground Engaging Tools,,1559.17,each,S026,P101,N,2020-11-04,Y
PT00486,6R-9118,END BIT,Ground Engaging Tools,Medium,248.73,EA,S011,P068,N,2018-02-01,Y
PT02288,388-4344,RIPPER TIP,Ground Engaging Tools,Medium,38.98,EA,S003,P109,N,2017-03-31,Y
PT03321,416-9773,ECM CONTROLLER,Electrical,High,1683.37,EA,S001,P132,Y,2019-05-14,Y
PT00040,4V-8944,TRACK SHOE,Undercarriage,High,$140.32,EA,S002,P081,N,2021-09-29,Y
PT00049,8J-4319,TRACK SHOE,Undercarriage,High,291.6,EA,S010,P066,N,2024-07-10,Y
PT00578,1M-5785,HYDRAULIC HOSE ASSEMBLY,Hydraulics,High,95.57,EA,S003,P052,Y,2021-06-15,Y
PT02401,103-7520,BUCKET TOOTH RETAINER,Ground Engaging Tools,Low,3.73,EA,S011,P022,N,2016-01-04,Y
PT91930,5581017,TRACK PIN,Undercarriage,Medium,114.35,EA,S009,P009,N,2022-04-28,Y
PT90906,7K6840,FUEL INJECTOR,Engine,High,657.37,EA,S002,P058,N,2020-11-26,Y
PT04086,8H-6222,HEX BOLT,Hardware,Low,3.95,EA,S001,P068,N,2024-08-06,Y
PT04027,7A 2565,O-RING SEAL,,Low,1.35,EA,S003,P073,N,2023-12-15,Y
PT04263,9T-6583,TIRE 29.5R25,Tires,High,14676.49,EA,S001,P091,N,2024-12-07,Y
PT02070,6I-5833,Carrier  Roller,Undercarriage,High,372.26,EA,S009,P117,N,2023-11-08,Y
PT02105,2N-5909,CARRIER ROLLER,,High,243.11,EA,S010,P013,N,2019-10-07,Y
PT92832,3L4530,AXLE SEAL,Power Train,Medium,69.65,EA,S001,P037,N,2021-07-04,Y
PT01513,5P-2528,WIRING HARNESS,Electrical,Medium,611.43,EA,S001,P005,Y,2024-04-07,Y
PT02922,1I-0354,BRAKE DISC,Power Train,Medium,487.31,EA,S003,P035,N,2017-08-18,Y
PT01241,8W-1573,V-BELT,Engine,Low,25.35,EA,S001,P090,N,2022-10-25,Y
PT03749,2R-2045,COOLANT HOSE,Cooling,Low,53.16,EA,S002,P035,N,2023-03-02,Y
PT04036,7G-0094,O-RING SEAL,Hardware,Low,3.08,EA,S003,P055,N,2023-05-17,Y
PT02474,372-3537,CONTROL VALVE,Hydraulics,High,3521.56,EA,S001,P006,Y,2018-06-30,Y
PT00973,446-0266,WATER PUMP,Engine,High,833.52,EA,S001,P064,N,2025-04-17,Y
PT04234,119 2312,WASHER HARD,Hardware,Low,1.09,EA,S002,P019,N,2021-07-31,Y
PT00090,9G-4643,TRACK ROLLER,Undercarriage,High,698.7,EA,S009,P090,N,2016-04-01,Y
PT01640,1K-0390,BATTERY,Electrical,Medium,282.53,EA,S034,P002,Y,2019-10-04,Y
PT03498,238-6936,RELAY,Electrical,Low,14.33,EA,S034,P055,N,2024-01-21,Y
PT02841,477-0650,AXLE SEAL,Power Train,Medium,78.97,EA,S003,P042,N,2023-10-17,Y
PT04158,4H-5725,WASHER HARD,Hardware,Low,0.68,EA,S099,P027,N,2021-11-11,Y
PT00689,4E-0375,HYDRAULIC PUMP,Hydraulics,High,"$11,233.03",EA,S001,P019,N,2015-11-07,Y
PT02432,166-3145,SIDE CUTTER,Ground Engaging Tools,Medium,176.52,EA,S001,P113,N,2016-10-14,Y
PT03101,162-8577,PISTON KIT,,High,607.69,EA,S003,P060,Y,2021-11-11,Y
PT02063,5W 0795,CARRIER ROLLER,Undercarriage,High,483.1,EA,S002,P021,N,2019-11-01,Y
PT03011,1L-0107,CYLINDER HEAD,Engine,High,6728.55,EA,S002,P044,N,2022-04-25,Y
PT83148,408-5023,CRANKSHAFT BEARING (SUPERSEDED),Engine,Medium,129.26,EA,S001,P065,Y,2015-12-09,Y
PT03357,499-0968,ECM CONTROLLER,Electrical,High,1924.08,EA,S003,P012,N,2021-11-05,Y
PT02463,5K-8490,SIDE CUTTER,Ground Engaging Tools,Medium,238.0,EA,S002,P124,N,05/22/2025,Y
PT01806,1N5323,RADIATOR,Cooling,,1525.43,EA,S001,P082,N,2016-07-29,Y
PT01034,169-6359,WATER PUMP,Engine,High,464.88,EA,S001,P085,N,2023-08-16,Y
PT03944,328-5555,MIRROR,Cab,Low,49.31,EA,S001,P003,N,2016-11-13,Y
PT03942,235-2099,MIRROR,Cab,Low,77.41,EA,S001,P035,N,2020-02-25,Y
PT02206,2Y-6099,RIPPER SHANK,Ground Engaging Tools,Medium,564.69,EA,S002,P074,N,2019-09-08,Y
PT01093,212-5096,Turbocharger,Engine,High,3593.08,Ea.,S002,P012,N,2022-05-08,Y
PT03693,340-2583,FAN BLADE,Cooling,Medium,388.2,EA,S035,P033,N,2018-07-25,Y
PT00751,1M-9842,HYDRAULIC PUMP,Hydraulics,High,6892.18,EA,S002,P095,Y,2021-04-12,Y
PT03829,6A-6724,SEAT ASSEMBLY,Cab,Low,1812.82,EA,S036,P115,N,2016-03-27,Y
PT02492,365-4298,CONTROL VALVE,Hydraulics,High,5503.17,EA,S001,P011,Y,2024-06-22,Y
PT01009,4R-5622,WATER PUMP,Engine,High,505.98,EA,S001,P128,N,2020-09-24,Y
PT03167,2X-4483,CRANKSHAFT BEARING,Engine,Medium,158.91,EA,S002,P118,Y,2019-02-15,Y
PT00696,1K-1409,HYDRAULIC PUMP,Hydraulics,High,8888.1,EA,S003,P059,Y,2016-10-15,Y
PT00006,326-1644,FUEL WATER SEPARATOR,Filters,High,64.0,EA,S003,P127,N,2015-09-07,Y
PT00287,3X-7195,SPROCKET SEGMENT,Undercarriage,High,228.86,EA,S010,P119,N,2024-03-10,Y
PT04345,528-8164,TIRE 29.5R25,Tires,High,8441.07,EA,S003,P039,N,2015-04-19,Y
PT02650,5U-6658,FINAL DRIVE,Power Train,High,14996.18,EA,S002,P075,N,2021-05-21,Y
PT02581,385-3517,SWING MOTOR,Hydraulics,High,6416.26,EA,S023,P062,N,2023-03-14,Y
PT00795,466-5735,SEAL KIT,Hydraulics,Medium,76.37,EA,S001,P068,N,2020-06-26,Y
PT00062,1T-2254,TRACK SHOE,Undercarriage,High,306.4,EA,S009,P028,N,2018-10-17,Y
PT00385,6G-9194,CUTTING EDGE,Ground Engaging Tools,Medium,401.97,EA,S003,P128,N,2023-02-16,Y
PT00614,536-5497,HYDRAULIC HOSE ASSEMBLY,Hydraulics,High,164.18,EA,S001,P075,Y,2015-11-27,Y
PT92978,5130866,CYLINDER HEAD,Engine,High,2568.43,EA,S002,P050,N,09/12/2016,Y
PT02351,213-4345,BUCKET TOOTH RETAINER,Ground Engaging Tools,Low,8.6,EA,S001,P059,N,2025-01-14,Y
PT02987,201-9880,CYLINDER HEAD,Engine,High,4376.1,EA,S002,P065,Y,2019-10-11,Y
PT02289, 523-3493,RIPPER TIP,Ground Engaging Tools,Medium,-70.42,EA,,P132,N,2022-10-17,Y
PT02649,9I-5727,FINAL DRIVE,Power Train,High,16688.83,EA,S024,P022,N,2024-06-26,Y
PT03179,327-5848,CRANKSHAFT BEARING,Engine,Medium,111.24,EA,S003,P008,N,2022-03-14,Y
PT01132,3F-4295,TURBOCHARGER,Engine,High,1784.52,EA,S002,P060,N,2016-06-11,Y
PT01029,4H-1719,WATER PUMP,,High,647.22,EA,S001,P121,N,2017-09-22,Y
PT01549,272-2542,SENSOR SPEED,Electrical,Medium,159.99,EA,S015,P129,Y,2017-09-07,Y
PT00631,349-7385,HYDRAULIC HOSE ASSEMBLY,Hydraulics,High,151.04,EA,S002,P015,N,2021-06-22,Y
PT00150,06W-6611,TRACK ROLLER,Undercarriage,High,697.05,EA,S003,P040,N,2021-03-16,Y
PT02815,131-8476,TRANSMISSION CLUTCH DISC,Power Train,Medium,136.86,EA,S003,P090,N,2015-08-24,Y
PT01431,598-6166,STARTER MOTOR,Electrical,High,806.74,EA,S034,P069,Y,2020-05-29,Y
PT01493,9X-5974,WIRING HARNESS,Electrical,Medium,$751.56,EA,S001,P069,N,2015-04-16,Y
PT03643,515-8490,Fan  Blade,Cooling,Medium,321.94,EA,S002,P097,N,08-Sep-17,Y
PT00518,164-5043,ADAPTER,Ground Engaging Tools,Medium,69.61,EA,S002,P115,N,2024-07-22,Y
PT01150,5J-1202,GASKET KIT,Engine,Medium,209.11,EA,S001,P090,N,2023-08-11,Y
PT02484,5Y-6456,CONTROL VALVE,Hydraulics,High,6873.4,EA,S023,P106,N,2015-12-12,Y
PT02029,203-3511,TRACK BUSHING,Undercarriage,Medium,72.65,EA,S002,P040,N,2019-10-27,Y
PT00602,3Y-0919,HYDRAULIC HOSE ASSEMBLY,Hydraulics,High,205.41,EA,S003,P056,N,2019-03-11,Y
PT01514,280-6880,WIRING HARNESS,Electrical,Medium,422.67,EA,S001,P084,N,2022-08-14,Y
PT92984,3981649,CYLINDER HEAD,Engine,High,2993.86,EA,S002,P067,Y,2015-11-16,Y
PT04383,9R-8099,TIRE 12-16.5,Tires,Medium,$425.39,EA,S001,P030,N,2024-08-10,Y
PT02085,5Y-3509,CARRIER ROLLER,Undercarriage,High,548.59,EA,S010,P033,N,2024-06-24,Y
PT03822,8J-3676,SEAT ASSEMBLY,Cab,Low,1584.84,EA,S001,P049,N,2025-01-14,Y
PT00869,415-6478,HYDRAULIC CYLINDER,,High,3444.0,EA,S002,P010,Y,2018-01-05,Y
PT01501,245-6841,WIRING HARNESS,Electrical,Medium,665.68,EA,S002,P045,N,2020-12-21,Y
PT02946,337-6016,CYLINDER HEAD,Engine,High,5123.09,EA,S001,P010,Y,2024-05-15,Y
PT01688,8A-3578,CAB AIR FILTER,Filters,Low,61.01,EA,S003,P132,N,2022-09-12,Y
PT00404,206-1930,CUTTING EDGE,Ground Engaging Tools,Medium,235.04,EA,S026,P131,N,2022-06-05,Y
PT03199,236-4753,FUEL TRANSFER PUMP,Engine,,405.53,EA,S003,P053,Y,2020-01-28,Y
PT00868,232-5953,HYDRAULIC CYLINDER,Hydraulics,High,3754.89,EA,S002,P043,Y,2021-12-12,Y
PT01197,7Y-4897,GASKET KIT,Engine,Medium,215.82,EA,S001,P064,Y,2020-02-12,Y
PT01389,7F-9441,ALTERNATOR,Electrical,Medium,964.36,EA,S003,P121,N,2016-02-17,Y
PT01020,2A-1301,WATER PUMP,Engine,High,842.5,EA,S002,P028,Y,2023-10-10,Y
PT03117,290-7763,PISTON KIT,Engine,High,1141.52,Ea.,S003,P111,N,2020-12-23,Y
PT02504,0351-7564,CONTROL VALVE,,,3797.91,EA,S003,P071,N,2016-10-03,Y
PT02535,585-8711,CONTROL VALVE,Hydraulics,High,3225.76,EA,S002,P107,Y,2024-07-18,Y
PT03488,1A-4224,RELAY,Electrical,Low,15.12,ea,S015,P006,N,2016-05-04,Y
PT02528,3H-5869,CONTROL VALVE,Hydraulics,High,6802.42,EA,S001,P134,N,2020-03-16,Y
PT00957,8N-5751,WATER PUMP,Engine,High,749.77,EA,S002,P123,N,2018-06-01,Y
PT02378,435-0564,BUCKET TOOTH RETAINER,Ground Engaging Tools,Low,7.06,EA,S011,P074,N,2016-07-06,Y
PT02444,8X-3787,SIDE CUTTER,Ground Engaging Tools,Medium,223.55,EA,S001,P018,N,2016-03-20,Y
PT03382,357-1503,ECM CONTROLLER,Electrical,High,1997.78,EA,S001,P060,Y,2022-05-30,Y
PT02980,7J-8951,CYLINDER HEAD,Engine,High,4372.95,EA,S002,P105,Y,2020-06-09,Y
PT01014,4T-5303,WATER PUMP,Engine,High,855.69,EA,S001,P129,N,2018-07-23,Y
PT02281,0438-8068,RIPPER TIP,Ground Engaging Tools,Medium,41.53,EA,S011,P046,N,2020-07-30,Y
PT00672,1A-6007,HYDRAULIC PUMP,Hydraulics,High,5323.09,EA,S001,P099,N,2020-12-07,Y
PT04203,5W-8611,WASHER HARD,Hardware,Low,1.71,EA,S016,P031,N,2021-02-13,Y
PT00722,2M-7959,HYDRAULIC PUMP,Hydraulics,High,7565.47,EA,S001,P052,Y,2022-01-31,Y
PT03736,4T-3774,COOLANT HOSE,Cooling,Low,54.31,EA,S035,P060,N,20180211,Y
PT00575,437-9072,ADAPTER,Ground Engaging Tools,Medium,79.99,EA,S001,P083,N,2017-04-14,Y
PT01738,9F-6584,TRANSMISSION FILTER,Filters,Medium,37.61,EA,S003,P127,N,2015-06-26,Y
PT02317,9L-9363,RIPPER TIP,Ground Engaging Tools,,83.08,EA,S011,P088,N,2023-04-15,Y
PT82771,4L-7345,TORQUE CONVERTER (SUPERSEDED),Power Train,High,14475.93,EA,S003,P011,N,2019-09-17,Y
PT01841,1W-6989,RADIATOR,Cooling,High,3992.02,EA,S002,P003,N,2023-03-19,Y
PT03683,9U-7154,FAN BLADE,Cooling,Medium,360.12,EA,S001,P097,N,2017-05-04,Y
PT02123,594-1694,CARRIER ROLLER,Undercarriage,High,285.21,EA,S002,P083,N,2015-11-12,Y
PT02297,429-1039,RIPPER TIP,Ground Engaging Tools,Medium,75.03,EA,S026,P004,N,2022-07-03,Y
PT02509,7W-5953,CONTROL VALVE,Hydraulics,High,3120.29,PC,S001,P108,Y,2019-03-16,Y
PT02244,6E-8211,Ripper  Tip,Ground Engaging Tools,Medium,103.92,EA,S001,P085,N,2020-08-10,Y
PT02860,540-7026,AXLE SEAL,Power Train,Medium,74.4,EA,S001,P030,N,2019-11-17,Y
PT03832,2R-6671,SEAT ASSEMBLY,Cab,Low,1269.65,EA,S002,P042,N,2024-04-21,Y
PT01390,441-9460,ALTERNATOR,Electrical,Medium,653.16,EA,S001,P098,N,2018-10-24,Y
PT00873,7H-9578,HYDRAULIC CYLINDER,Hydraulics,High,3485.85,EA,S001,P102,N,2023-02-10,Y
PT00589,1562342,HYDRAULIC HOSE ASSEMBLY,Hydraulics,High,189.85,EA,S003,P131,N,2016-09-19,Y
PT03957,8S-1118,MIRROR,Cab,Low,91.78,EA,S003,P070,N,2022-02-11,Y
PT02970,365-0495,CYLINDER HEAD,Engine,High,3912.78,EA,S003,P029,N,2019-04-07,Y
PT01815,539-3140,RADIATOR,Cooling,High,3100.49,EA,S002,P133,N,2023-06-14,Y
PT00358,540-6583,CUTTING EDGE,Ground Engaging Tools,Medium,343.88,EA,S011,P052,N,2017-02-16,Y
PT00430,1C-9866,END BIT,Ground Engaging Tools,,90.65,EA,S002,P064,N,2015-06-08,Y
PT03836, 258-6897,SEAT ASSEMBLY,Cab,Low,1019.98,EA,S036,P112,N,2019-04-27,Y
PT02080,3B-6558,CARRIER ROLLER,Undercarriage,High,331.96,EA,S001,P037,N,2022-02-27,Y
PT03163,367-2550,CRANKSHAFT BEARING,Engine,Medium,89.83,EA,S001,P113,Y,2022-07-10,Y
PT03264,5R-6894,FUEL TRANSFER PUMP,Engine,High,586.23,EA,S002,P072,N,2018-10-23,Y
PT03004,174-4585,CYLINDER HEAD,Engine,High,6562.46,EA,S003,P092,Y,2023-09-09,Y
PT03221,4Y-3586,FUEL TRANSFER PUMP,Engine,High,511.76,EA,S001,P054,N,2021-07-16,Y
PT03781,565-6577,COOLANT HOSE,Cooling,Low,56.24,EA,S035,P069,N,2023-07-11,Y
PT04056,8I-9405,O-RING SEAL,Hardware,Low,2.18,EA,S003,P009,N,18-Jan-22,Y
PT01249,8U-4418,V-BELT,Engine,Low,0,EA,S003,P125,N,20180108,Y
PT02993,290-0962,CYLINDER HEAD,Engine,High,5377.72,EA,S002,P025,Y,2022-07-20,Y
PT01468,523-8371,STARTER MOTOR,Electrical,High,560.3,EA,S001,P016,N,2022-11-01,Y
PT00600,9E-1533,HYDRAULIC HOSE ASSEMBLY,Hydraulics,High,114.14,EA,S002,P031,N,2020-01-15,Y
PT01503,9T-1608,WIRING HARNESS,Electrical,Medium,560.49,Ea.,S015,P022,Y,2015-10-15,Y
PT00563,225-2219,ADAPTER,Ground Engaging Tools,Medium,74.23,EA,S002,P095,N,20190914,Y
PT04257,3C-3785,TIRE 29.5R25,Tires,High,7617.92,EA,S002,P044,N,2016-11-29,Y
PT03087,1Y-3367,PISTON KIT,Engine,High,496.85,each,S001,P021,N,2022-03-01,Y
PT00021,335-0660,TRACK SHOE,Undercarriage,High,0,EA,S010,P123,N,2017-09-25,Y
PT02765,5I-1739,TORQUE CONVERTER,Power Train,High,5514.76,EA,S099,P123,N,2015-01-05,Y
PT00443,5K-2239,END BIT,Ground Engaging Tools,Medium,236.65,EA,S001,P127,N,17-Jan-16,Y
PT01834,6R-8871,RADIATOR,Cooling,High,2982.09,EA,S035,P116,N,2016-11-18,Y
PT00115,2T-4347,Track  Roller,Undercarriage,High,375.16,EA,S010,P070,N,2017-01-22,Y
PT02797,291-7756,TRANSMISSION CLUTCH DISC,Power Train,Medium,176.2,EA,S025,P070,N,2016-04-08,Y
PT00408,6m-3360,CUTTING EDGE,Ground Engaging Tools,Medium,527.18,EA,S011,P015,N,2020-03-12,Y
PT02237,5C-7935,RIPPER SHANK,Ground Engaging Tools,Medium,1611.06,ea,S001,P127,N,2019-03-29,Y
PT00249,362-7262,IDLER GROUP,,High,2077.14,EA,S003,P013,N,2018-07-05,Y
PT03270,210-1199,FUEL TRANSFER PUMP,Engine,,771.22,EA,S099,P023,N,2021-08-21,Y
PT03414,6N-0416,MONITOR DISPLAY,Electrical,Medium,2144.33,EA,S003,P113,N,2019-06-04,Y
PT02017,4F-1500,TRACK BUSHING,Undercarriage,,84.86,EA,S010,P085,N,2025-05-22,Y
PT02624,298-1053,SWING MOTOR,Hydraulics,High,6418.22,EA,S002,P006,N,2019-04-13,Y
PT00773,7V-5524,SEAL KIT,Hydraulics,Medium,122.99,EA,S002,P015,N,2015-11-15,Y
PT01812,596-6682,RADIATOR,Cooling,High,2051.27,EA,S001,P099,N,2018-07-11,Y
PT00351,4A-6623,CUTTING EDGE,Ground Engaging Tools,Medium,198.37,EA,S003,P112,N,2019-04-04,Y
PT02084,5C-6059,CARRIER ROLLER,Undercarriage,High,428.37,EA,S009,P070,N,2015-07-20,Y
PT02810,3P-3057,TRANSMISSION CLUTCH DISC,Power Train,Medium,241.84,EA,S002,P060,N,2023-03-21,Y
PT03516,2U-2107,RELAY,Electrical,Low,15.35,EA,S034,P008,Y,2019-04-18,Y
PT03873,7K-4067,WINDOW GLASS,Cab,Low,0,EA,S002,P124,N,2021-08-10,Y
PT00144,8Y-4874,TRACK ROLLER,Undercarriage,High,618.87,EA,S010,P045,N,2023-07-02,Y
PT03124,8E-7668,PISTON KIT,Engine,,805.51,EA,S003,P052,Y,2018-10-24,Y
PT92900,8W2633,BRAKE DISC,Power Train,Medium,208.02,EA,S002,P121,N,2015-06-01,Y
PT00109,9M-7122,TRACK ROLLER,Undercarriage,High,738.07,EA,,P083,N,2020-02-21,Y
PT04111,399-9029,HEX BOLT,Hardware,Low,6.43,EA,S016,P021,N,2018-11-19,Y
PT03080,194-1185,PISTON KIT,Engine,High,612.42,PC,S002,P033,N,2019-08-04,Y
PT00429,7N-1950,END BIT,Ground Engaging Tools,Medium,0,EA,S003,P083,N,2018-06-19,Y
PT00952,1071542,WATER PUMP,Engine,High,868.33,EA,S003,P096,N,2020-05-21,Y
PT01914,193-8176,TRACK PIN,Undercarriage,Medium,65.2,EA,S009,P025,N,2024-05-19,Y
PT01647,3W-3165,BATTERY,Electrical,Medium,259.78,EA,S001,P127,Y,2018-04-10,Y
PT01541,506-4621,SENSOR SPEED,Electrical,,125.79,EA,S015,P016,Y,2020-07-23,Y
PT02546,7I-2154,CONTROL VALVE,Hydraulics,High,5477.88,EA,S023,P023,Y,2015-11-20,Y
PT03568,1E-9219,WORK LIGHT LED,Electrical,Low,173.86,EA,S003,P005,N,2018-07-06,Y
PT01086,9L-2749,TURBOCHARGER,Engine,High,4154.31,EA,S002,P065,N,2020-04-26,Y
PT03517,463-7039,RELAY,Electrical,Low,37.05,EA,S029,P030,N,2015-03-05,Y
PT01805,2W-2416,RADIATOR,Cooling,High,2815.51,EA,S002,P043,N,2021-12-25,Y
PT04093,6V-7738,HEX BOLT,Hardware,Low,0,EA,S002,P028,N,2022-01-21,Y
PT00300,389-9040,SPROCKET SEGMENT,Undercarriage,High,178.4,EA,S002,P063,N,2015-08-25,Y
PT03065,302-7155,PISTON KIT,Engine,High,896.44,EA,CAT,P010,N,2017-02-26,Y
PT00936,6H-1537,Fuel  Injector,Engine,High,625.11,each,S003,P101,N,2015-02-03,Y
PT03325,5T-5761,ECM CONTROLLER,Electrical,High,4490.18,EA,S015,P105,N,2022-04-16,Y
PT00501,5Y-0341,END BIT,Ground Engaging Tools,Medium,175.51,EA,S001,P099,N,2022-07-02,Y
PT03206,408-3576,FUEL TRANSFER PUMP,Engine,High,371.71,EA,S003,P019,Y,2024-10-18,Y
PT02296,3D-1931,RIPPER TIP,Ground Engaging Tools,Medium,75.91,EA,S026,P061,N,2016-11-12,Y
PT00828,8R-1944,SEAL KIT,Hydraulics,Medium,106.04,EA,S023,P126,N,2021-07-06,Y
PT03820,512-8119,SEAT ASSEMBLY,Cab,,1266.66,EA,S001,P002,N,2019-09-02,Y
PT02958,202-9183,CYLINDER HEAD,Engine,High,3582.61,EA,S003,P028,N,2019-05-25,Y
PT02127,5F-4017,RECOIL SPRING,Undercarriage,High,1464.08,EA,S001,P072,N,2024-01-10,Y
PT03280,4F-4817,FUEL TRANSFER PUMP,Engine,High,728.97,EA,S003,P084,Y,2024-11-01,Y
PT00618,233-6055,HYDRAULIC HOSE ASSEMBLY,Hydraulics,High,181.96,EA,S003,P008,Y,2020-10-26,Y
PT03948,217-9542,MIRROR,Cab,Low,119.44,ea,S002,P081,N,2018-07-01,Y
PT00588,7K 6276,HYDRAULIC HOSE ASSEMBLY,,High,148.87,EA,S003,P080,N,2020-01-27,Y
PT04360,3J-1260,TIRE 29.5R25,Tires,High,10556.64,EA,S001,P039,N,2024-06-20,Y
PT01632,301-9624,BATTERY,Electrical,Medium,266.44,EA,S002,P043,N,2015-09-13,Y
PT01017,4S-4710,WATER PUMP,Engine,High,669.53,EA,S003,P081,N,2019-09-07,Y
PT01416,6E-3903,ALTERNATOR,Electrical,Medium,532.05,EA,S001,P134,N,2015-12-05,Y
PT03261,124-9198,FUEL TRANSFER PUMP,Engine,High,796.51,EA,S001,P030,N,2015-11-06,Y
PT01704,302-5345,CAB AIR FILTER,Filters,Low,,EA,S003,P130,N,02/25/2017,Y
PT01345,6U-4897,ALTERNATOR,Electrical,Medium,953.61,EA,S029,P133,Y,2024-09-20,Y
PT00895,132-0715,HYDRAULIC CYLINDER,Hydraulics,High,5744.0,EA,S003,P022,Y,31-Jul-17,Y
PT03936,5A-9032,MIRROR,Cab,Low,-65.74,EA,S002,P101,N,2015-05-27,Y
PT00206,2G-5940,IDLER GROUP,Undercarriage,High,2027.47,EA,S010,P104,N,2015-08-06,Y
PT00407,3U-2694,CUTTING EDGE,Ground Engaging Tools,Medium,330.56,EA,S026,P103,N,2020-02-05,Y
PT03967,8U-1407,O-RING SEAL,Hardware,Low,2.9,EA,S001,P113,N,2019-07-10,Y
PT02326,365-5245,BUCKET TOOTH RETAINER,,Low,7.79,EA,S011,P107,N,2016-11-03,Y
PT00476,175 2965,END BIT,Ground Engaging Tools,Medium,113.4,EA,S001,P017,N,2019-04-03,Y
PT01760,8I-6396,TRANSMISSION FILTER,Filters,Medium,97.61,EA,S006,P117,N,2017-10-29,Y
PT01016,504-1168,WATER PUMP,Engine,High,704.61,EA,S001,P067,Y,2018-11-17,Y
PT90231,9C7679,IDLER GROUP,Undercarriage,High,2373.21,EA,S001,P068,N,2018-01-14,Y
PT04067,7M-0263,O-RING SEAL,Hardware,Low,2.57,EA,S002,P053,N,2022-09-02,Y
PT03224,3E-5342,FUEL TRANSFER PUMP,Engine,High,319.99,EA,S001,P129,N,2018-07-07,Y
PT03950,3A-4675,MIRROR,Cab,Low,86.59,EA,S002,P109,N,2017-08-24,Y
PT04241,265-7865,WASHER HARD,Hardware,Low,1.61,PC,S002,P124,N,2016-10-18,Y
PT00652,262-1140,HYDRAULIC HOSE ASSEMBLY,Hydraulics,High,163.87,EA,S002,P005,N,2019-02-13,Y
PT03931,1G-3051,MIRROR,Cab,Low,130.48,EA,S001,P055,N,2023-02-19,Y
PT02769,2S-8940,TORQUE CONVERTER,Power Train,High,13552.55,EA,S025,P051,N,2015-01-01,Y
PT03727,9C-5841,COOLANT HOSE,Cooling,Low,,EA,S035,P035,N,2020-11-05,Y
PT03617,385-8884,FAN BLADE,Cooling,Medium,377.43,EA,S035,P082,N,2015-05-20,Y
PT03099,8Y-8024,PISTON KIT,Engine,High,1216.79,EA,S001,P098,Y,2017-01-16,Y
PT00829,108-6684,SEAL KIT,Hydraulics,Medium,58.24,EA,S031,P051,N,2019-07-26,Y
PT03136,290-2186,CRANKSHAFT BEARING,Engine,Medium,136.4,each,S003,P070,Y,2021-06-10,Y
PT02311,8D-4205,RIPPER TIP,Ground Engaging Tools,Medium,38.75,EA,S003,P048,N,2020-09-24,Y
PT01084,561-6855,TURBOCHARGER,Engine,High,4428.11,EA,S001,P061,Y,2020-07-03,Y
PT03074,276-1118,PISTON KIT,,High,1218.49,EA,S001,P055,N,2016-10-26,Y
PT01419,2K-8774,STARTER MOTOR,Electrical,High,1370.93,EA,S034,P075,N,2024-03-05,Y
PT91896,4169462,THERMOSTAT,Cooling,Medium,60.93,EA,S002,P011,N,2020-02-18,Y
PT02608,3R-9818,SWING MOTOR,Hydraulics,High,12042.33,EA,S022,P026,N,2019-05-30,Y
PT90766,9H5786,SEAL KIT,Hydraulics,Medium,103.94,EA,S022,P030,N,2021-11-18,Y
PT02132,240-7476,RECOIL SPRING,Undercarriage,High,2611.05,EA,S001,P008,N,2015-01-18,Y
PT00162,2X-1709,TRACK ROLLER,Undercarriage,High,418.09,EA,S003,P084,N,2015-08-08,Y
PT02191,9S 3449,RIPPER SHANK,Ground Engaging Tools,Medium,1116.05,EA,S003,P035,N,2016-11-27,Y
PT00186,352-5768,TRACK ROLLER,Undercarriage,High,302.34,EA,S010,P113,N,2020-12-07,Y
PT02278,1L-5505,RIPPER TIP,Ground Engaging Tools,Medium,44.7,EA,S001,P035,N,2019-08-31,Y
PT00629,4B-0196,HYDRAULIC HOSE ASSEMBLY,Hydraulics,High,86.85,EA,S002,P060,Y,2021-12-25,Y
PT93386,1N6893,ECM CONTROLLER,Electrical,High,3857.51,EA,S003,P083,Y,2021-09-28,Y
PT03307, 265-5238,ECM CONTROLLER,Electrical,High,1568.2,EA,S003,P045,Y,2024-12-07,Y
PT01565,1364002,SENSOR SPEED,Electrical,Medium,229.88,EA,S029,P106,Y,2022-03-02,Y
PT81541,506-4622,SENSOR SPEED (SUPERSEDED),Electrical,,125.79,EA,S015,P016,Y,2020-07-23,Y
PT02640,421-1659,FINAL DRIVE,Power Train,High,12796.52,EA,S001,P106,N,2018-09-23,Y
PT82934,246-4813,BRAKE DISC (SUPERSEDED),Power Train,Medium,278.07,EA,S003,P090,N,2025-04-29,Y
PT02788,187-2710,TRANSMISSION CLUTCH DISC,Power Train,Medium,132.9,EA,S002,P062,N,2022-10-06,Y
PT01196,169-0787,GASKET KIT,Engine,Medium,216.79,EA,S002,P118,N,2016-04-16,Y
PT01065,290-2181,TURBOCHARGER,Engine,High,3023.63,EA,S002,P004,N,2017-08-22,Y
PT00309,7M-7412,TRACK LINK ASSEMBLY,Undercarriage,High,5988.4,EA,S010,P047,N,2020-06-08,Y
PT02517,4D-7400,CONTROL VALVE,Hydraulics,High,5312.57,EA,S001,P077,N,2017-08-01,Y
PT01888,393-9960,THERMOSTAT,Cooling,Medium,54.56,EA,,P042,N,2018-08-30,Y
PT03170,107-9834,CRANKSHAFT BEARING,Engine,Medium,81.21,EA,S001,P007,Y,2025-05-16,Y
PT00919,453-3186,FUEL INJECTOR,Engine,High,707.78,EA,S002,P115,N,2017-03-22,Y
PT01759,9U3723,TRANSMISSION FILTER,Filters,Medium,,EA,S002,P133,N,2018-12-24,Y
PT03552,424-3242,WORK LIGHT LED,Electrical,Low,251.92,EA,S034,P072,Y,2019-05-09,Y
PT01706,1L-1323,CAB AIR FILTER,Filters,Low,26.83,EA,S001,P095,N,2021-12-21,Y
PT00280,342-9412,SPROCKET SEGMENT,Undercarriage,High,408.78,EA,S002,P102,N,2025-05-11,Y
PT02915,281-3231,BRAKE DISC,Power Train,Medium,368.12,EA,S024,P022,N,2022-10-13,Y
PT03501,450-1438,RELAY,Electrical,,23.37,EA,S003,P048,N,2020-04-23,Y
PT02561,5P-7405,SWING MOTOR,Hydraulics,High,10283.58,EA,S023,P059,N,2020-08-22,Y
PT04338,575-1707,TIRE 29.5R25,Tires,High,16317.37,EA,S003,P094,N,2018-06-16,Y
PT92907,2638355,BRAKE DISC,,Medium,319.28,EA,S002,P111,N,2024-05-18,Y
PT02605,249-7876,SWING MOTOR,Hydraulics,High,7096.22,EA,S002,P021,N,2024-03-19,Y
PT03920,312-8828,MIRROR,Cab,Low,66.24,EA,S002,P069,N,2016-05-15,Y
PT02501,533-8876,CONTROL VALVE,Hydraulics,High,5948.21,EA,S031,P038,Y,2025-01-27,Y
PT00647,9I-6968,HYDRAULIC HOSE ASSEMBLY,Hydraulics,High,133.6,EA,S002,P133,Y,2025-01-02,Y
PT02623,348-9142,SWING MOTOR,Hydraulics,High,11614.67,each,S001,P117,N,2017-02-04,Y
PT01867,523-4673,THERMOSTAT,Cooling,Medium,32.15,EA,S035,P105,N,2015-10-05,Y
PT03641,6H-7415,FAN BLADE,Cooling,Medium,267.2,EA,S002,P032,N,2016-04-02,Y
PT03603,1B-7385,WORK LIGHT LED,Electrical,Low,153.28,EA,S003,P114,Y,2024-11-29,Y
PT03602,8A-0669,WORK LIGHT LED,Electrical,Low,113.52,EA,S002,P051,Y,2019-06-15,Y
PT01657,422-3659,CAB AIR FILTER,Filters,Low,66.95,EA,S021,P027,N,2019-05-27,Y
PT02791,474-5501,TRANSMISSION CLUTCH DISC,Power Train,Medium,129.33,EA,S002,P060,N,2016-02-06,Y
PT00254,9S-6340,IDLER GROUP,Undercarriage,High,3071.92,EA,S002,P065,N,2017-01-03,Y
PT03203,7Y-8195,FUEL TRANSFER PUMP,Engine,High,399.05,EA,S001,P005,N,2016-05-28,Y
PT02200,442-2577,RIPPER SHANK,Ground Engaging Tools,Medium,1009.88,EA,S001,P040,N,2019-11-02,Y
PT00065,8M-6687,TRACK SHOE,Undercarriage,High,136.57,EA,S010,P100,N,2024-11-05,Y
PT03929,497-5976,MIRROR,Cab,Low,105.03,EA,S030,P082,N,2016-06-30,Y
PT01542,443-0973,SENSOR SPEED,Electrical,Medium,88.62,EA,S099,P114,N,2024-11-23,Y
PT00681,7A-0503,HYDRAULIC PUMP,Hydraulics,High,8191.98,EA,S003,P099,N,2020-11-21,Y
PT00671,7S-3842,HYDRAULIC PUMP,Hydraulics,High,5669.33,EA,S003,P052,N,12/13/17,Y
PT00621,156-7785,HYDRAULIC HOSE ASSEMBLY,Hydraulics,High,121.68,EA,S002,P124,Y,2015-01-28,Y
PT03764,1G-1616,COOLANT HOSE,Cooling,Low,50.08,EA,S002,P013,N,2021-03-06,Y
PT01152, 4J-7217,GASKET KIT,Engine,Medium,120.6,EA,S003,P057,Y,2015-08-26,Y
PT03374,209-8655,ECM CONTROLLER,Electrical,High,4312.32,EA,S034,P052,N,2015-09-12,Y
PT01532,452 9129,SENSOR SPEED,Electrical,Medium,164.81,EA,S003,P130,Y,2025-01-27,Y
PT00862,457-1633,HYDRAULIC CYLINDER,Hydraulics,High,5224.62,EA,S002,P104,N,2017-09-25,Y
PT02879,1T-1429,AXLE SEAL,Power Train,Medium,96.67,EA,S024,P036,N,2020-10-26,Y
PT82693,08B-1824,TRAVEL MOTOR (SUPERSEDED),Power Train,High,15510.44,EA,S024,P004,N,2017-06-11,Y
PT04256,8V-8575,TIRE 29.5R25,Tires,High,13865.45,EA,S099,P009,N,2016-12-09,Y
PT01672,112-9912,CAB AIR FILTER,Filters,Low,60.86,EA,S001,P025,N,2023-11-24,Y
PT00465,179-6385,END BIT,Ground Engaging Tools,Medium,151.91,EA,S001,P080,N,14-Nov-18,Y
PT03627,9C-9026,FAN BLADE,Cooling,Medium,257.62,EA,S035,P001,N,2022-02-27,Y
PT03921,8K-3779,MIRROR,Cab,Low,126.52,EA,S002,P088,N,2019-04-09,Y
PT03691,7G-1278,FAN BLADE,Cooling,Medium,279.75,EA,S035,P025,N,2019-04-19,Y
PT03468,2J-8520,RELAY,Electrical,Low,21.51,EA,S034,P012,N,2016-01-13,Y
PT03789,310-4050,Coolant  Hose,Cooling,Low,43.64,EA,S035,P022,N,2023-04-27,Y
PT03044,519-9024,PISTON KIT,Engine,High,960.13,EA,S002,P053,Y,2020-03-09,Y
PT03169,585-5677,CRANKSHAFT BEARING,Engine,Medium,62.62,EA,S001,P030,Y,2017-09-10,Y
PT03356,1D-6734,Ecm  Controller,Electrical,High,2883.28,EA,S029,P116,N,2015-06-02,Y
PT03866,8S-4103,WINDOW GLASS,Cab,Low,548.33,EA,,P090,N,2017-10-05,Y
PT02465,8C-5715,Side  Cutter,Ground Engaging Tools,Medium,215.1,EA,S001,P086,N,2020-12-10,Y
PT02489,1C-0346,CONTROL VALVE,Hydraulics,High,3422.36,EA,S001,P117,Y,2020-08-08,Y
PT03257,478-8518,FUEL TRANSFER PUMP,Engine,High,645.51,EA,S002,P037,Y,2024-06-14,Y
PT00229,306-2978,IDLER GROUP,Undercarriage,High,3063.01,EA,S001,P044,N,2019-07-03,Y
PT03882,1A-8539,WINDOW GLASS,Cab,Low,681.25,EA,S030,P092,N,2017-01-08,Y
PT02453,8X-8177,SIDE CUTTER,,Medium,177.81,EA,S002,P091,N,2020-08-20,Y
PT02358,121-9287,BUCKET TOOTH RETAINER,Ground Engaging Tools,Low,6.36,EA,S026,P065,N,2024-05-16,Y
PT04218,8w-8214,WASHER HARD,Hardware,Low,0.85,EA,S002,P113,N,2016-06-24,Y
PT02074,4t-8012,CARRIER ROLLER,Undercarriage,High,317.13,EA,S002,P023,N,2021-03-21,Y
PT00878,123-2717,HYDRAULIC CYLINDER,Hydraulics,High,5016.11,EA,S001,P132,N,2018-07-29,Y
PT00949,5D-8605,Water  Pump,Engine,High,860.84,EA,S002,P002,Y,2021-02-14,Y
PT00826,253-4075,SEAL KIT,Hydraulics,Medium,84.23,EA,S001,P079,Y,2022-04-16,Y
PT01035,375-5130,WATER PUMP,Engine,High,,EA,S003,P095,N,2023-02-16,Y
PT80811,481-8095,SEAL KIT (SUPERSEDED),Hydraulics,Medium,129.69,EA,S001,P089,Y,2018-02-23,Y
PT02702,401-3471,Travel  Motor,Power Train,High,17581.5,EA,S003,P128,N,2023-01-12,Y
PT00146,07R-6010,TRACK ROLLER,Undercarriage,High,507.2,EA,S001,P098,N,2022-07-18,Y
PT01530,494-7695,WIRING HARNESS,Electrical,Medium,649.89,EA,S003,P047,N,2023-06-06,Y
PT04008,397-0626,O-RING SEAL,Hardware,Low,2.6,EA,S099,P115,N,2018-03-31,Y
PT02374,420-7743,BUCKET TOOTH RETAINER,Ground Engaging Tools,Low,5.86,EA,S026,P130,N,2021-04-28,Y
PT00320,302-5906,TRACK LINK ASSEMBLY,Undercarriage,High,0,EA,S009,P075,N,2016-02-22,Y
PT01023,571-8252,WATER PUMP,Engine,High,848.42,EA,S001,P060,Y,2020-12-31,Y
PT01211,05J-1572,GASKET KIT,Engine,Medium,248.35,EA,S002,P134,Y,20210412,Y
PT03230,504-7973,FUEL TRANSFER PUMP,Engine,High,$353.84,EA,S003,P012,N,2020-08-29,Y
PT02916,3B-5674,BRAKE DISC,Power Train,Medium,329.87,EA,S003,P100,N,2024-01-23,Y
PT00607,170-2482,HYDRAULIC HOSE ASSEMBLY,Hydraulics,High,75.9,EA,S001,P078,N,2018-06-04,Y
PT00791,283-3025,SEAL KIT,Hydraulics,Medium,124.64,EA,S002,P054,N,2018-06-04,Y
PT02878,356-2507,AXLE SEAL,Power Train,Medium,82.06,EA,S001,P106,N,2025-02-17,Y
PT03679,3S-2468,FAN BLADE,Cooling,Medium,290.5,EA,S002,P111,N,2018-01-30,Y
PT01442,1V-1384,STARTER MOTOR,Electrical,High,1139.89,EA,S002,P068,N,2016-02-28,Y
PT04356,6B-9813,TIRE 29.5R25,Tires,High,9691.15,EA,S003,P045,N,2023-05-11,Y
PT01405,476-8894,ALTERNATOR,Electrical,Medium,1048.23,EA,S034,P117,N,2019-01-26,Y
PT01296,175-0684,V-BELT,Engine,Low,26.27,EA,S002,P064,Y,2020-02-28,Y
PT04361,277-4413,TIRE 12-16.5,Tires,Medium,205.53,EA,S001,P001,N,2015-06-10,Y
PT91305,1665509,V-Belt,Engine,Low,44.16,EA,S003,P106,N,2019-04-23,Y
PT02575,7L-3233,SWING MOTOR,Hydraulics,,11904.06,EA,S001,P032,Y,2016-04-06,Y
PT04247,300-9128,TIRE 29.5R25,Tires,High,16301.87,EA,S003,P097,N,2016-05-09,Y
PT02741,491-9094,TORQUE CONVERTER,Power Train,High,9627.36,EA,S025,P009,N,2017-05-30,Y
PT02150,377-7051,RECOIL SPRING,Undercarriage,High,1549.05,EA,S001,P094,N,2022-03-01,Y
PT01529,6N-5427,WIRING HARNESS,Electrical,Medium,679.55,EA,,P107,Y,2015-07-17,Y
PT00784,1J-5627,Seal  Kit,Hydraulics,Medium,47.08,EA,S003,P075,Y,2023-04-10,Y
PT01795,455-5423,TRANSMISSION FILTER,Filters,,91.1,EA,S003,P070,N,2016-10-24,Y
PT00849,3H-6946,SEAL KIT,Hydraulics,Medium,93.75,EA,S001,P060,N,2024-03-02,Y
PT02294,1M-9697,RIPPER TIP,Ground Engaging Tools,Medium,107.76,EA,S001,P122,N,2021-11-03,Y
PT01553,534-1672,SENSOR SPEED,Electrical,Medium,114.99,EA,S015,P128,N,2017-12-03,Y
PT04039,8S-8156,O-RING SEAL,,Low,1.45,EA,S001,P114,N,15-Mar-15,Y
PT00350,4C-6099,TRACK LINK ASSEMBLY,Undercarriage,High,8998.49,EA,S009,P080,N,2017-10-01,Y
PT00781, 1H-9211,SEAL KIT,Hydraulics,Medium,128.28,EA,S001,P011,N,2018-10-19,Y
PT04098,8G-7619,HEX BOLT,Hardware,Low,-6.49,EA,S016,P007,N,2020-09-14,Y
PT04131,9D-6936,HEX BOLT,Hardware,Low,4.53,EA,S003,P078,N,2019-10-07,Y
PT02876,4Y-6840,AXLE SEAL,Power Train,Medium,81.38,EA,S003,P112,N,2021-09-14,Y
PT03696,522-4652,FAN BLADE,Cooling,Medium,400.26,EA,S001,P044,N,2022-12-11,Y
PT00883,498-1585,HYDRAULIC CYLINDER,Hydraulics,High,,EA,S031,P094,N,2017-01-13,Y
PT02714,242-9367,TORQUE CONVERTER,Power Train,High,4954.32,EA,S003,P133,N,2019-06-18,Y
PT01804,7D-2623,RADIATOR,Cooling,High,1750.39,EA,S001,P080,N,2021-08-25,Y
PT01747,406-9949,TRANSMISSION FILTER,Filters,Medium,103.19,EA,S002,P128,N,2019-12-10,Y
PT92119,1943837,CARRIER ROLLER,Undercarriage,High,370.75,EA,S001,P052,N,2019-02-17,Y
PT01409,5K-7297,ALTERNATOR,Electrical,Medium,1081.77,EA,S001,P086,N,2024-05-31,Y
PT00400,8E-6218,CUTTING EDGE,Ground Engaging Tools,Medium,207.92,EA,S026,P134,N,2018-01-28,Y
PT01257,165-2176,V-BELT,Engine,Low,$34.74,EA,S003,P007,Y,2025-03-17,Y
PT00558,144-5261,ADAPTER,Ground Engaging Tools,Medium,111.35,EA,S002,P097,N,2023-12-06,Y
PT02655,347-7850,FINAL DRIVE,Power Train,High,21429.37,EA,S001,P133,N,2024-11-05,Y
PT00094,106-3845,TRACK ROLLER,Undercarriage,High,740.63,EA,S002,P015,N,2022-10-05,Y
PT02975,8R-8006,CYLINDER HEAD,Engine,High,4597.74,EA,S003,P081,N,2022-08-20,Y
PT01695,9P-3656,CAB AIR FLTR,Filters,Low,73.66,EA,S001,P071,N,2016-07-29,Y
PT03897,6V-1226,WINDOW GLASS,Cab,Low,679.01,EA,S030,P083,N,2024-07-14,Y
PT02424,2G-6719,SIDE CUTTER,Ground Engaging Tools,,174.74,EA,S001,P090,N,2016-10-17,Y
PT83065,302-7156,PISTON KIT (SUPERSEDED),Engine,High,896.44,EA,CAT,P010,N,2017-02-26,Y
PT02022,3L-7834,TRACK BUSHING,Undercarriage,Medium,70.73,EA,S003,P020,N,2021-09-11,Y
PT03131,543-1437,PISTON KIT,Engine,High,708.5,EA,S001,P049,Y,2021-05-12,Y
PT04179,4C-5518,WASHER HARD,Hardware,Low,1.53,EA,S016,P031,N,2025-01-27,Y
PT01646,4A-0768,BATTERY,Electrical,Medium,295.49,EA,S034,P126,Y,2020-04-24,Y
PT02224,478-1491,RIPPER SHANK,Ground Engaging Tools,Medium,556.96,EA,S002,P106,N,2020-08-22,Y
PT00767,3N-8102,SEAL KIT,Hydraulics,Medium,64.43,EA,S031,P027,Y,2025-04-14,Y
PT00506,315-7531,ADAPTER,Ground Engaging Tools,Medium,84.43,EA,S001,P124,N,2020-10-03,Y
PT00473,2R-2221,END BIT,Ground Engaging Tools,Medium,174.1,EA,S003,P020,N,03/31/15,Y
PT02356,418-9270,BUCKET TOOTH RETAINER,Ground Engaging Tools,Low,9.83,EA,S011,P055,N,2020-06-20,Y
PT03585,183-0285,WORK LIGHT LED,Electrical,Low,151.06,EA,CAT,P130,N,2018-03-27,Y
PT01969,425-2073,TRACK BUSHING,Undercarriage,Medium,44.23,EA,S009,P061,N,2022-06-08,Y
PT02398,8a-4748,BUCKET TOOTH RETAINER,Ground Engaging Tools,Low,,EA,S026,P075,N,2022-04-22,Y
PT00930,3K-9136,FUEL INJECTOR,Engine,High,0,Ea.,S001,P042,N,2022-01-02,Y
PT03314,558-0127,ECM CONTROLLER,Electrical,High,1822.74,EA,S029,P027,N,2016-01-01,Y
PT01721,397-7607,CAB AIR FILTER,Filters,Low,25.42,EA,S001,P098,N,2018-04-14,Y
PT02115,6N-2136,CARRIER ROLLER,Undercarriage,,444.44,EA,S001,P080,N,2025-03-15,Y
PT00892,531-1290,HYDRAULIC CYLINDER,Hydraulics,High,5163.27,EA,S007,P088,Y,2015-11-21,Y
PT01798,138-4784,Transmission  Filter,Filters,Medium,64.3,each,,P007,N,2022-11-07,Y
PT03835,7W-3803,SEAT ASSEMBLY,Cab,Low,1418.41,EA,S036,P051,N,2021-08-29,Y
PT01497,9L-6881,WIRING HARNESS,Electrical,Medium,591.65,EA,S001,P133,N,2024-08-13,Y
PT01275,3K-5015,V-BELT,Engine,Low,30.05,EA,S002,P054,N,2022-05-17,Y
PT02451,4F-8010,SIDE CUTTER,Ground Engaging Tools,Medium,243.66,EA,S003,P007,N,2020-12-15,Y
PT91877,5617711,Thermostat,Cooling,Medium,49.79,EA,S003,P091,N,2018-11-08,Y
PT01913,8F-1320,TRACK PIN,Undercarriage,Medium,59.46,EA,S009,P106,N,2016-08-11,Y
PT94211,2U4798,WASHER HARD,Hardware,Low,1.51,EA,S001,P125,N,10/02/22,Y
PT04174,325-6593,WASHER HARD,Hardware,Low,1.31,EA,S002,P126,N,2020-10-28,Y
PT00911,589-6005,FUEL INJECTOR,Engine,High,1023.59,PC,S003,P054,N,2021-09-26,Y
PT02681,235-6754,TRAVEL MOTOR,Power Train,High,14698.54,EA,S003,P064,N,2017-12-15,Y
PT01351,5X-0405,ALTERNATOR,Electrical,Medium,921.01,EA,S001,P120,Y,2017-04-30,Y
PT02192,424-1351,RIPPER SHANK,Ground Engaging Tools,Medium,678.11,EA,S026,P117,N,2018-09-06,Y
PT03195,7X-3063,FUEL TRANSFER PUMP,Engine,High,800.83,EA,S002,P076,Y,2019-11-10,Y
PT01202,4T-4028,GASKET KIT,Engine,Medium,261.29,EA,S003,P031,Y,2015-03-05,Y
PT04065,7F-9751,O-RING SEAL,Hardware,Low,1.38,EA,S002,P072,N,2025-04-16,Y
PT02606,7J-4502,SWING MOTOR,Hydraulics,High,12295.84,EA,S001,P026,N,2015-12-10,Y
PT02014,3R-6319,TRACK BUSHING,Undercarriage,Medium,83.49,EA,S009,P055,N,2025-03-26,Y
PT00599,1P-0396,HYDRAULIC HOSE ASSEMBLY,Hydraulics,High,101.32,EA,S022,P047,N,2023-06-09,Y
PT03623,200-6675,FAN BLADE,Cooling,Medium,230.51,EA,S002,P087,N,2020-01-13,Y
PT90289,6T6034,SPROCKET SEGMENT,Undercarriage,High,443.59,EA,S001,P074,N,2025-01-01,Y
PT03589,307-5340,WORK LIGHT LED,Electrical,Low,213.92,EA,S029,P012,Y,2025-04-11,Y
PT01894,6S-6566,THERMOSTAT,Cooling,Medium,38.64,EA,S035,P033,N,2015-07-30,Y
PT02567,5T-5087,SWING MOTOR,Hydraulics,High,9751.02,EA,S003,P017,N,2018-05-15,Y
PT03168,552-4638,CRANKSHAFT BEARING,Engine,Medium,,EA,S001,P120,Y,07/20/2016,Y
PT03518,478 5110,RELAY,Electrical,Low,27.93,EA,S002,P121,N,2017-01-12,Y
PT03146,3K-6341,CRANKSHAFT BEARING,Engine,,160.05,EA,S003,P046,Y,2017-05-17,Y
PT03714,138-7054,FAN BLADE,Cooling,Medium,264.93,EA,S035,P115,N,2022-06-17,Y
PT83194,247-2962,FUEL TRANSFER PUMP (SUPERSEDED),Engine,High,315.51,EA,S003,P128,Y,2022-08-31,Y
PT01874,290-0787,THERMOSTAT,Cooling,,37.36,EA,S003,P027,N,2018-07-25,Y
PT01876,01C-0195,THERMOSTAT,Cooling,Medium,85.81,EA,S002,P071,N,2022-01-15,Y
PT04113,146-9671,HEX BOLT,Hardware,Low,6.18,each,S001,P111,N,2015-03-28,Y
PT02348,5I-3706,BUCKET TOOTH RETAINER,,Low,8.82,EA,S002,P082,N,2016-10-17,Y
PT03236,430-9693,FUEL TRANSFER PUMP,Engine,High,707.39,EA,S003,P036,N,2024-10-16,Y
PT04194,1F-7132,WASHER HARD,Hardware,Low,1.43,EA,S003,P102,N,2017-05-12,Y
PT02143,8J 9167,RECOIL SPRING,Undercarriage,High,2114.44,EA,S001,P079,N,2024-12-01,Y
PT03416,7Y-0247,MONITOR DISPLAY,Electrical,Medium,2113.17,EA,S015,P115,N,2017-12-22,Y
PT00691,7N-5977,HYDRAULIC PUMP,Hydraulics,High,5273.42,EA,S002,P062,Y,2021-08-18,Y
PT04332,570-6923,TIRE 29.5R25,Tires,High,10156.38,EA,S002,P123,N,2025-05-11,Y
PT02246,2T-3135,RIPPER TIP,Ground Engaging Tools,Medium,67.86,EA,S001,P090,N,2025-05-05,Y
PT02408,4V-3374,SIDE CUTTER,Ground Engaging Tools,Medium,175.79,EA,S001,P025,N,2019-05-13,Y
PT04400,9F-2302,TIRE 12-16.5,Tires,Medium,336.3,EA,S001,P100,N,2019-02-03,Y
PT03557,332-9100,WORK LIGHT LED,Electrical,Low,121.3,EA,S002,P117,Y,2020-04-08,Y
PT93164,7E5292,CRANKSHAFT BEARING,Engine,Medium,84.43,EA,S002,P053,Y,2021-09-17,Y
PT02276,2V-4836,RIPPER TIP,Ground Engaging Tools,Medium,79.75,EA,S003,P041,N,2020-06-07,Y
PT01252,2L-9474,V-BELT,Engine,Low,44.03,EA,S001,P062,Y,2024-07-10,Y
PT01843,3L-7553,RADIATOR,Cooling,High,2066.45,EA,S001,P036,N,2017-05-11,Y
PT04165,7D-7168,WASHER HARD,Hardware,Low,0.66,EA,S001,P014,N,2015-11-20,Y
PT02739,315-9589,TORQUE CONVERTER,Power Train,High,10579.93,EA,S003,P011,N,2018-07-01,Y
PT02166,446-4524,RECOIL SPRING,Undercarriage,High,1061.66,EA,S002,P062,N,2023-10-10,Y
PT03091,8P-0452,PISTON KIT,Engine,High,1157.24,EA,S002,P107,N,2015-06-16,Y
PT01428,8R-2815,STARTER MOTOR,Electrical,High,1293.43,EA,S003,P060,Y,2020-11-09,Y
PT03426,6B-7327,MONITOR DISPLAY,Electrical,Medium,1907.47,EA,S001,P105,N,2020-09-01,Y
PT02194,151-9706,RIPPER SHANK,Ground Engaging Tools,Medium,1105.67,EA,S003,P062,N,2021-06-09,Y
PT02330,197-5053,BUCKET TOOTH RETAINER,Ground Engaging Tools,Low,7.9,EA,S003,P087,N,2022-06-28,Y
PT03843,494-0908,WINDOW GLASS,Cab,Low,663.03,EA,,P046,N,2015-08-30,Y
PT01126,273-8082,TURBOCHARGER,Engine,High,4297.86,EA,S001,P016,Y,07/28/2018,Y
PT02967,277-9095,CYLINDER HEAD,Engine,High,4073.65,EA,S002,P079,N,2024-04-24,Y
PT01512,100-9076,WIRING HARNESS,Electrical,Medium,330.62,EA,S002,P099,Y,2022-12-20,Y
PT02563,0550-1924,SWING MOTOR,Hydraulics,High,5710.86,EA,S001,P111,N,2018-04-10,Y
PT03461,252-5420,RELAY,,Low,29.5,EA,S001,P077,N,2017-03-23,Y
PT03547,300-4976,RELAY,Electrical,Low,25.88,EA,S001,P023,N,2022-11-04,Y
PT02257,7B-3852,RIPPER TIP,Ground Engaging Tools,Medium,72.32,EA,S002,P016,N,2015-04-25,Y
PT04321,6J-2127,TIRE 29.5R25,Tires,High,14605.07,EA,S028,P013,N,2020-11-30,Y
PT01566,139-4918,SENSOR SPEED,Electrical,Medium,145.65,EA,S002,P058,N,2024-07-02,Y
PT03149,585-2754,CRANKSHAFT BEARING,Engine,Medium,124.48,EA,S002,P073,N,2018-02-06,Y
PT02149,0309-6649,RECOIL SPRING,Undercarriage,High,1641.48,EA,S002,P068,N,2024-01-09,Y
PT00606,9N-3284,HYDRAULIC HOSE ASSEMBLY,Hydraulics,High,72.63,EA,S002,P006,Y,2025-02-14,Y
PT03612,3L-1110,WORK LIGHT LED,Electrical,Low,130.37,EA,S002,P097,Y,2025-04-27,Y
PT01039,0281-3117,WATER PUMP,Engine,High,590.38,EA,S001,P063,N,2023-09-01,Y
PT03982,488-3850,O-RING SEAL,Hardware,Low,$1.99,EA,S001,P083,N,2015-02-23,Y
PT02475,7U-3088,CONTROL VALVE,Hydraulics,High,3460.11,EA,S002,P028,N,2020-05-29,Y
PT01155,213-2065,GASKET KIT,Engine,Medium,222.24,EA,S001,P024,Y,2022-03-16,Y
PT03244,6A-8673,FUEL TRANSFER PUMP,Engine,High,446.57,EA,S001,P062,N,2021-12-14,Y
PT02568,8I-1728,SWING MOTOR,Hydraulics,High,8539.76,EA,S001,P081,N,2024-10-12,Y
PT02450,8D-5964,SIDE CUTTER,Ground Engaging Tools,Medium,217.2,EA,S002,P016,N,2022-11-22,Y
PT00055,149-5493,TRACK SHOE,Undercarriage,High,224.02,EA,S010,P035,N,2018-07-19,Y
PT00340,1Y-8656,TRACK LINK ASSEMBLY,Undercarriage,High,8139.4,EA,S003,P031,N,2019-02-16,Y
PT02202,431-9871,RIPPER SHANK,Ground Engaging Tools,Medium,1002.97,ea,S002,P055,N,2017-05-01,Y
PT01267,3M-0412,V-BELT,Engine,Low,34.06,EA,S003,P072,Y,2020-10-14,Y
PT01776,281-9306,TRANSMISSION FILTER,Filters,Medium,42.4,Ea.,S021,P038,N,2021-08-08,Y
PT02963,496 5189,CYLINDER HEAD,Engine,High,4845.27,EA,S001,P093,Y,2017-03-28,Y
PT01376,9A-4193,ALTERNATOR,,Medium,488.04,EA,S034,P113,Y,2023-11-11,Y
PT02217,266-5774,RIPPER SHANK,Ground Engaging Tools,Medium,1151.26,EA,S002,P128,N,2019-11-25,Y
PT03619,3S-9457,FAN BLADE,Cooling,Medium,448.63,EA,S001,P122,N,2017-08-20,Y
PT00769,439-7548,SEAL KIT,Hydraulics,Medium,87.55,EA,S002,P112,N,2016-07-13,Y
PT02863,314-7976,AXLE SEAL,Power Train,Medium,137.01,EA,S001,P007,N,2019-07-07,Y
PT02883,1G-2103,AXLE SEAL,Power Train,Medium,149.19,EA,S003,P059,N,2024-05-04,Y
PT00063,2P-1040,TRACK SHOE,Undercarriage,High,170.48,EA,S002,P019,N,2023-09-14,Y
PT03697,5U-1322,FAN BLADE,Cooling,Medium,353.09,EA,S035,P036,N,2020-09-23,Y
PT01487,592-4160,WIRING HARNESS,Electrical,Medium,773.06,EA,S001,P038,Y,2016-08-17,Y
PT01754,487-1786,TRANSMISSION FILTER,Filters,Medium,95.92,EA,S003,P084,N,2020-06-05,Y
PT02186,4D-0579,RIPPER SHANK,Ground Engaging Tools,Medium,791.72,EA,S001,P007,N,2015-10-28,Y
PT03953,459-4004,MIRROR,Cab,Low,106.42,EA,S003,P017,N,2015-11-09,Y
PT01302,118-5290,V-BELT,Engine,Low,40.92,EA,S002,P048,N,2024-07-09,Y
PT00998,7U-0843,WATER PUMP,,High,365.04,EA,S002,P073,N,2015-09-18,Y
PT00405,246-6524,CUTTING EDGE,Ground Engaging Tools,Medium,477.56,EA,S002,P088,N,2022-01-29,Y
PT01262,4N-6638,V-BELT,Engine,Low,45.4,EA,S003,P084,N,2016-10-04,Y
PT04125,391-9121,HEX BOLT,Hardware,Low,6.1,EA,S016,P019,N,2025-01-28,Y
PT01942,263-4895,TRACK PIN,Undercarriage,Medium,66.04,EA,S010,P098,N,2015-11-14,Y
PT01998,435-7370,TRACK BUSHING,Undercarriage,Medium,65.41,EA,S003,P067,N,2016-07-11,Y
PT84188,359-7948,WASHER HARD (SUPERSEDED),Hardware,Low,1.59,EA,S003,P028,N,2023-08-25,Y
PT01808,9W-3880,RADIATOR,Cooling,High,3329.9,EA,S001,P068,N,2023-09-18,Y
PT01477,462-1470,WIRING HARNESS,Electrical,Medium,467.44,EA,S002,P019,Y,2015-03-28,Y
PT01996,211-3386,TRACK BUSHING,Undercarriage,Medium,63.16,EA,S002,P038,N,2018-01-05,Y
PT00843,9R-9092,SEAL KIT,Hydraulics,Medium,100.16,EA,S007,P040,N,2023-11-22,Y
PT00750,1R-4509,HYDRAULIC PUMP,Hydraulics,High,5474.67,EA,S002,P076,Y,2015-09-21,Y
PT93421,5294681,MONITOR DISPLAY,Electrical,,2207.21,EA,S034,P018,Y,2021-04-11,Y
PT02719,3Y-6319,TORQUE CONVERTER,Power Train,High,9904.16,EA,S024,P025,N,2018-01-21,Y
PT02924,154-7267,BRAKE DISC,Power Train,Medium,332.95,EA,S024,P002,N,2021-11-12,Y
PT04021,1R-1460,O-RING SEAL,Hardware,Low,3.57,EA,S016,P067,N,2025-03-15,Y
PT01115,130-8625,TURBOCHARGER,Engine,High,3954.84,EA,S003,P036,Y,20160302,Y
PT04267,9H-7832,TIRE 29.5R25,Tires,High,15301.89,EA,S003,P102,N,2022-05-21,Y
PT04308,444-3340,TIRE 29.5R25,Tires,High,10757.83,EA,S002,P009,N,2022-12-14,Y
PT04246,373-3513,TIRE 29.5R25,Tires,High,10473.72,EA,S099,P067,N,2016-05-29,Y
PT01203,8K-5243,GASKET KIT,Engine,Medium,201.41,EA,S003,P049,N,2024-01-19,Y
PT03104,471-9901,PISTON KIT,Engine,High,938.91,EA,S003,P112,N,2021-05-19,Y
PT01634,305-3418,BATTERY,Electrical,Medium,-332.54,EA,S003,P116,Y,2024-10-28,Y
PT04388,222-5253,TIRE 12-16.5,Tires,,231.81,EA,S027,P098,N,2018-02-21,Y
PT00418,399-0555,END BIT,Ground Engaging Tools,Medium,211.92,EA,S026,P096,N,2020-07-29,Y
PT01748,0448-3086,TRANSMISSION FILTER,Filters,Medium,89.45,EA,S003,P093,N,2016-09-27,Y
PT00038,1Y-5103,TRACK SHOE,Undercarriage,High,176.89,EA,S002,P003,N,2021-04-29,Y
PT03030,535-3731,PISTON KIT,Engine,High,566.7,EA,S002,P049,N,2024-06-16,Y
PT03277,8W-5246,FUEL TRANSFER PUMP,Engine,High,485.38,EA,S002,P020,Y,2020-05-03,Y
PT04226,375-0955,WASHER HARD,Hardware,Low,1.64,EA,S002,P103,N,2023-11-05,Y
PT01471,7J-1662,STARTER MOTOR,Electrical,High,1259.05,EA,S029,P022,Y,2015-08-30,Y
PT03352,139 9061,ECM CONTROLLER,Electrical,,3847.09,ea,S015,P064,N,2024-02-14,Y
PT04012,447-1265,O-RING SEAL,Hardware,Low,2.13,EA,S003,P090,N,2021-08-18,Y
PT03814,521-5270,SEAT ASSEMBLY,Cab,Low,1969.16,EA,S002,P017,N,2020-01-18,Y
PT01562,9J-4960,SENSOR SPEED,Electrical,Medium,134.89,EA,S002,P056,N,2022-07-01,Y
PT03041,207-1235,PISTON KIT,,High,1228.84,EA,S002,P045,N,2015-06-22,Y
PT84363,1s-8729,Tire  12-16.5 (SUPERSEDED),Tires,Medium,574.81,EA,S001,P120,N,2021-04-15,Y
PT01071,7F-2548,TURBOCHARGER,Engine,High,1973.46,EA,S002,P022,N,2023-09-17,Y
PT01945,3W-9027,TRACK PIN,Undercarriage,Medium,92.09,EA,S010,P094,N,2017-12-15,Y
PT02416,5N-5758,SIDE CUTTER,Ground Engaging Tools,Medium,150.72,EA,S001,P046,N,2016-03-14,Y
PT00538,6A-3030,ADAPTER,Ground Engaging Tools,,74.24,EA,S002,P048,N,2017-01-03,Y
PT01433,4S-0704,STARTER MOTOR,Electrical,High,1249.48,EA,CAT,P034,Y,2023-04-24,Y
PT02889,0287-5471,AXLE SEAL,Power Train,Medium,148.92,EA,S001,P129,N,2019-01-11,Y
PT02595,124-0540,SWING MOTOR,Hydraulics,High,10133.13,EA,S002,P045,Y,2016-10-13,Y
PT00814,7P-3728,Seal  Kit,Hydraulics,Medium,105.9,EA,S003,P084,N,2019-07-15,Y
PT84164,261-1712,WASHER HARD (SUPERSEDED),Hardware,Low,0.96,EA,S002,P063,N,2025-01-26,Y
PT04273,422-1274,TIRE 29.5R25,Tires,High,14747.04,EA,S027,P098,N,2020-07-19,Y
PT01005,388-2960,WATER PUMP,Engine,High,439.55,EA,S001,P086,N,2018-10-23,Y
PT03826,175-7869,Seat  Assembly,Cab,Low,1684.86,EA,S036,P001,N,2018-10-11,Y
PT03046,134-7616,PISTON KIT,Engine,High,782.7,EA,S002,P077,Y,2025-02-22,Y
PT01567,137-1800,SENSOR SPEED,Electrical,Medium,237.45,EA,S034,P113,N,2019-03-28,Y
PT03952,5P-7779,MIRROR,Cab,Low,-50.04,EA,S002,P117,N,2017-12-07,Y
PT03316,4E-8986,ECM CONTROLLER,Electrical,High,2144.68,EA,S002,P019,N,2019-05-05,Y
PT02545,447-3076,CONTROL VALVE,Hydraulics,High,6374.03,EA,S003,P117,N,2015-02-02,Y
PT00611,395-6242,HYDRAULIC HOSE ASSEMBLY,Hydraulics,High,75.3,EA,S003,P019,N,2022-09-09,Y
PT04409,538-7999,TIRE 12-16.5,Tires,Medium,530.82,EA,S001,P002,N,2015-05-19,Y
PT01908,9R-8979,TRACK PIN,Undercarriage,Medium,106.43,EA,S010,P033,N,2017-06-09,Y
PT00537,9B-4949,ADAPTER,Ground Engaging Tools,Medium,117.61,EA,S002,P074,N,2022-07-29,Y
PT03813,8Y-3193,SEAT ASSEMBLY,Cab,Low,1732.43,ea,S002,P129,N,2022-05-02,Y
PT02068, 8F-2328,CARRIER ROLLER,Undercarriage,High,467.22,EA,S009,P107,N,2021-10-16,Y
PT00019,3B-2402,TRACK SHOE,Undercarriage,High,258.12,EA,S009,P101,N,2017-01-17,Y
PT01307,542-6123,V-BELT,,Low,35.57,EA,S002,P069,N,2020-08-13,Y
PT02059,7X-9905,CARRIER ROLLER,Undercarriage,High,339.98,EA,S001,P028,N,2025-04-27,Y
PT80465,179-6386,END BIT (SUPERSEDED),Ground Engaging Tools,Medium,151.91,EA,S001,P080,N,14-Nov-18,Y
PT04320,391-1045,TIRE 29.5R25,Tires,High,13289.02,EA,S002,P027,N,2023-08-06,Y
PT94024,8A 0813,O-RING SEAL,Hardware,Low,2.78,EA,S001,P026,N,2019-06-13,Y
PT04348,148-6988,TIRE 29.5R25,Tires,High,11422.38,EA,S002,P105,N,2015-06-10,Y
PT00267,4D-5290,SPROCKET SEGMENT,Undercarriage,High,258.73,EA,S002,P074,N,2022-09-19,Y
PT00456,5C-0033,END BIT,Ground Engaging Tools,Medium,107.34,EA,S003,P127,N,2025-05-08,Y
PT01724,584-6764,TRANSMISSION FILTER,Filters,Medium,92.58,EA,S099,P053,N,2023-10-26,Y
PT01664,560-8743,Cab  Air Filter,Filters,Low,32.72,EA,S021,P033,N,2018-03-17,Y
PT00036,7B-8059,TRACK SHOE,Undercarriage,High,285.39,EA,S003,P093,N,2025-02-20,Y
PT03509,313-1326,RELAY,Electrical,Low,35.89,EA,S002,P057,N,2022-12-23,Y
PT01343,110-5585,ALTERNATOR,Electrical,Medium,984.63,EA,S002,P109,N,2019-03-14,Y
PT03424,291-3938,MONITOR DISPLAY,Electrical,Medium,1304.73,EA,S001,P050,Y,2021-01-08,Y
PT02290,8R-5950,RIPPER TIP,Ground Engaging Tools,Medium,73.59,EA,S003,P022,N,2017-09-21,Y
PT82259,258-6875,RIPPER TIP (SUPERSEDED),Ground Engaging Tools,Medium,-80.78,EA,S001,P068,N,2025-03-20,Y
PT00991,1B-9697,WATER PUMP,Engine,High,810.06,EA,S002,P045,N,2024-06-07,Y
PT02270,9K-5171,RIPPER TIP,Ground Engaging Tools,Medium,89.94,EA,S001,P114,N,2024-04-16,Y
PT01861,109-1388,THERMOSTAT,Cooling,Medium,62.02,EA,S001,P016,N,2016-10-01,Y
PT01217,285-5343,GASKET KIT,Engine,Medium,154.17,EA,S003,P116,Y,2020-06-19,Y
PT00129,8X-1156,TRACK ROLLER,Undercarriage,High,556.74,EA,S002,P027,N,2019-11-06,Y
PT01250,321-9787,V-BELT,Engine,,22.78,EA,S003,P083,Y,2015-12-29,Y
PT01599,215-6490,BATTERY,Electrical,Medium,135.44,each,S015,P092,N,20150901,Y
PT02069,9Y-2316,CARRIER ROLLER,Undercarriage,High,540.77,EA,S002,P062,N,2024-01-09,Y
PT93188,6s2964,FUEL TRANSFER PUMP,Engine,High,751.48,EA,S002,P056,N,2020-09-26,Y
PT01315,9A-2319,V-BELT,Engine,Low,45.86,EA,S001,P074,N,20220924,Y
PT01595,6H-1070,BATTERY,Electrical,Medium,303.11,EA,S002,P070,N,2020-09-11,Y
PT00085,422-9675,TRACK ROLLER,Undercarriage,High,731.72,EA,S003,P129,N,2020-07-17,Y
PT03514,196-3069,RELAY,Electrical,Low,16.68,EA,S001,P043,Y,2021-07-30,Y
PT02136,01R-9451,RECOIL SPRING,Undercarriage,High,1117.48,EA,S003,P089,N,20190225,Y
PT03077,597-3613,PISTON KIT,Engine,High,1093.46,EA,S001,P025,N,2019-09-07,Y
PT01773,8M-9527,TRANSMISSION FILTER,Filters,Medium,97.83,EA,S006,P040,N,2022-06-09,Y
PT03974,1X-8376,O-RING SEAL,Hardware,Low,1.22,EA,S002,P113,N,2022-02-28,Y
PT01367,2940369,ALTERNATOR,Electrical,Medium,942.45,EA,S003,P121,Y,2016-11-21,Y
PT01176,06K-1178,GASKET KIT,Engine,Medium,243.36,EA,S001,P108,N,2021-04-13,Y
PT03081,113-9053,PISTON KIT,Engine,High,1198.48,EA,S001,P035,N,2023-05-16,Y
PT00152,404-7957,TRACK ROLLER,Undercarriage,High,,Ea.,S002,P090,N,2016-01-28,Y
PT01663,04X-2943,CAB AIR FILTER,Filters,Low,74.47,EA,S001,P114,N,2017-09-06,Y
PT01048,117-6701,WATER PUMP,Engine,High,544.5,EA,S003,P111,N,2022-01-29,Y
PT02259,258-6874,RIPPER TIP,Ground Engaging Tools,Medium,-80.78,EA,S001,P068,N,2025-03-20,Y
PT04390,268-3075,TIRE 12-16.5,Tires,Medium,335.21,EA,S003,P048,N,2025-04-21,Y
PT02431,9J-2935,SIDE CUTTER,Ground Engaging Tools,Medium,234.95,EA,S002,P073,N,2016-10-11,Y
PT01642,590-1820,BATTERY,Electrical,Medium,294.14,EA,S002,P045,N,2018-06-12,Y
PT04183,534-4340,WASHER HARD,Hardware,Low,0.91,EA,S003,P003,N,2017-02-18,Y
PT01004,149-6297,WATER PUMP,Engine,High,618.63,EA,S003,P030,N,2022-08-15,Y
PT02437,416-2560,SIDE CUTTER,Ground Engaging Tools,Medium,317.05,EA,S026,P086,N,2016-11-11,Y
PT00505,1M-1092,ADAPTER,Ground Engaging Tools,Medium,139.98,EA,S002,P014,N,2017-11-11,Y
PT00880,5J-6405,HYDRAULIC CYLINDER,Hydraulics,,5653.85,EA,S003,P119,N,2015-01-13,Y
PT02522,6U-3532,CONTROL VALVE,Hydraulics,High,2640.73,EA,S031,P032,N,2018-05-04,Y
PT02920,3W-2218,BRAKE DISC,Power Train,Medium,,EA,S001,P044,N,2015-11-27,Y
PT01844,5R-8107,RADIATOR,Cooling,High,3016.67,EA,S001,P078,N,2017-08-09,Y
PT03241,387-3636,FUEL TRANSFER PUMP,Engine,High,502.97,EA,S001,P063,Y,2021-03-16,Y
PT04297,122-6016,TIRE 29.5R25,Tires,High,11067.33,EA,S002,P077,N,2015-02-23,Y
PT01412,8A-1567,ALTERNATOR,Electrical,Medium,633.17,EA,S003,P121,N,2024-09-12,Y
PT01811,265-5572,RADIATOR,Cooling,High,3112.22,EA,S003,P020,N,2022-03-20,Y
PT02508,396-1083,CONTROL VALVE,Hydraulics,High,6342.81,EA,S022,P076,Y,2017-10-28,Y
PT00217,216-1578,IDLER GROUP,Undercarriage,High,2424.83,EA,S001,P084,N,2017-11-17,Y
PT02173,06F-6082,RECOIL SPRING,Undercarriage,High,2614.4,EA,CAT,P089,N,2021-12-26,Y
PT04223,434 5224,WASHER HARD,Hardware,Low,1.55,EA,S001,P098,N,2023-11-20,Y
PT03754,7M-0080,Coolant  Hose,Cooling,Low,50.89,EA,S001,P071,N,20230809,Y
PT02023,1Y-0440,TRACK BUSHING,Undercarriage,Medium,51.63,EA,S002,P114,N,20190721,Y
PT02646,1M-0664,FINAL DRIVE,Power Train,High,24709.61,EA,S024,P044,N,2020-09-21,Y
PT00570,485-8812,ADAPTER,,Medium,121.36,EA,CAT,P110,N,2023-07-14,Y
PT02885,470-3357,AXLE SEAL,Power Train,Medium,$82.29,EA,S025,P133,N,2021-07-15,Y
PT01025,8B-3542,WATER PUMP,Engine,,553.67,EA,S003,P065,Y,2024-05-08,Y
PT01832,219-7590,Radiator,Cooling,High,2720.08,EA,S001,P017,N,2017-05-17,Y
PT00028,117-9131,TRACK SHOE,Undercarriage,,292.32,EA,S003,P006,N,2024-07-01,Y
PT01135,9U-8274,TURBOCHARGER,,High,2890.08,EA,S001,P019,Y,2023-07-30,Y
PT03369,5M-3893,ECM CONTROLLER,Electrical,High,3137.68,EA,S015,P114,N,2020-04-18,Y
PT02821,171-5130,TRANSMISSION CLUTCH DISC,Power Train,Medium,125.48,EA,S003,P124,N,2015-11-05,Y
PT00222,3V-5242,IDLER GROUP,,High,2933.69,EA,S003,P129,N,2019-08-27,Y
PT03915,8S-8690,MIRROR,Cab,Low,76.76,EA,S002,P112,N,2023-04-07,Y
PT00050,9B-7077,TRACK SHOE,Undercarriage,High,213.27,EA,S003,P119,N,2019-04-27,Y
PT04019,9m-7219,O-RING SEAL,Hardware,Low,2.31,EA,S002,P006,N,2017-05-12,Y
PT00212,9B-2299,IDLER GROUP,Undercarriage,High,2639.92,EA,S009,P084,N,2021-11-08,Y
PT02527,7M-3208,CONTROL VALVE,Hydraulics,High,3623.48,EA,S031,P129,N,2017-05-17,Y
PT02801,5S-1849,TRANSMISSION CLUTCH DISC,Power Train,Medium,132.75,EA,S003,P051,N,2020-11-28,Y
PT01057,9U-9692,WATER PUMP,Engine,High,771.01,EA,S003,P009,N,2015-05-22,Y
PT02986,284-4149,CYLINDER HEAD,Engine,High,6129.99,EA,S001,P132,N,2017-08-28,Y
PT91145,4014539,GASKET KIT,Engine,Medium,223.76,EA,S002,P009,Y,2016-10-21,Y
PT80592,1V-7223,HYDRAULIC HOSE ASSEMBLY (SUPERSEDED),,High,156.14,EA,S002,P065,N,2017-02-06,Y
PT00635,364-6377,HYDRAULIC HOSE ASSEMBLY,Hydraulics,High,$133.10,EA,S007,P081,N,2018-10-20,Y
PT00489,247-5397,END BIT,Ground Engaging Tools,Medium,124.75,EA,S001,P085,N,2021-11-04,Y
PT02430,516-9099,SIDE CUTTER,Ground Engaging Tools,Medium,131.92,EA,S001,P053,N,2019-04-26,Y
PT01201,143-5855,GASKET KIT,Engine,Medium,282.21,EA,S001,P066,Y,2018-03-21,Y
PT00811,481-8094,SEAL KIT,Hydraulics,Medium,129.69,EA,S001,P089,Y,2018-02-23,Y
PT04300,6F-6451,TIRE 29.5R25,Tires,High,16929.33,EA,S001,P128,N,2019-05-18,Y
PT00623,9U-0585,HYDRAULIC HOSE ASSEMBLY,Hydraulics,High,113.16,EA,S003,P106,Y,2018-11-24,Y
PT03286,5B-0763,FUEL TRANSFER PUMP,Engine,High,606.55,EA,S001,P016,N,2016-02-16,Y
PT01802,137-3187,RADIATOR,Cooling,High,2644.12,EA,S002,P118,N,2025-02-24,Y
PT01985,105-6934,TRACK BUSHING,Undercarriage,Medium,91.82,EA,S010,P067,N,2016-10-08,Y
PT01321,2J-0771,V-BELT,Engine,,47.29,EA,S003,P113,N,2019-01-30,Y
PT00923,444-2676,FUEL INJECTOR,Engine,High,845.86,EA,S002,P093,N,2022-05-12,Y
PT02680,4B 2423,TRAVEL MOTOR,Power Train,High,9071.78,EA,S003,P133,N,2024-05-16,Y
PT02415,549-9214,SIDE CUTTER,Ground Engaging Tools,Medium,149.08,EA,S003,P020,N,2024-09-16,Y
PT01999,8C5222,TRACK BUSHING,Undercarriage,Medium,94.12,EA,S001,P035,N,2022-09-25,Y
PT04282,249-0859,TIRE 29.5R25,Tires,High,16007.19,EA,S001,P116,N,2022-12-09,Y
PT00840,2L-3219,SEAL KIT,Hydraulics,Medium,50.08,EA,S001,P023,N,2021-01-08,Y
PT02679,5G-2380,TRAVEL MOTOR,Power Train,High,16001.67,EA,S024,P043,N,2018-10-22,Y
PT00263,267-7540,SPROCKET SEGMENT,Undercarriage,High,315.44,EA,S001,P051,N,2019-09-28,Y
PT00305,3T-6636,Sprocket  Segment,,High,246.05,EA,S001,P083,N,30-Apr-25,Y
PT03997,4E 5705,O-RING SEAL,Hardware,Low,3.02,EA,S001,P033,N,2022-05-08,Y
PT01758,448-1152,TRANSMISSION FILTER,Filters,Medium,43.84,EA,S003,P105,N,2021-05-10,Y
PT03992,462-6755,O-RING SEAL,Hardware,Low,2.65,EA,S002,P090,N,2015-12-08,Y
PT00393,4X-9465,CUTTING EDGE,Ground Engaging Tools,Medium,195.72,EA,S011,P031,N,2024-06-05,Y
PT03739,3T-5838,COOLANT HOSE,Cooling,,66.82,EA,S002,P127,N,2016-07-12,Y
PT04064,313-0432,O-RING SEAL,Hardware,Low,2.7,EA,S002,P027,N,2019-11-11,Y
PT01481,1361289,WIRING HARNESS,Electrical,Medium,590.61,EA,S015,P112,Y,2023-02-17,Y
PT03985,3M-5485,O-Ring  Seal,Hardware,Low,2.48,EA,S002,P131,N,2016-05-02,Y
PT02526,1E-9945,CONTROL VALVE,Hydraulics,High,7295.81,EA,S001,P116,Y,2017-03-20,Y
PT02230,441-6413,RIPPER SHANK,Ground Engaging Tools,Medium,-545.5,EA,S001,P130,N,20190301,Y
PT01228,280-5984,V-BELT,Engine,Low,32.53,EA,S002,P012,N,2021-03-20,Y
PT02822,374-6945,AXLE SEAL,Power Train,Medium,95.98,EA,S001,P012,N,2019-01-09,Y
PT00322,296-4035,TRACK LINK ASSEMBLY,Undercarriage,High,6175.21,EA,S001,P071,N,2023-03-30,Y
PT00089,380-9752,TRACK ROLLER,Undercarriage,High,448.2,EA,S009,P083,N,2017-10-13,Y
PT02802,484-1377,TRANSMISSION CLUTCH DISC,Power Train,Medium,120.36,EA,S002,P132,N,2017-05-11,Y
PT04216,517-9888,WASHER HARD,Hardware,Low,1.76,EA,S016,P099,N,2024-09-07,Y
PT00694,117-2314,HYDRAULIC PUMP,Hydraulics,High,4249.66,EA,S007,P017,N,06-Jul-24,Y
PT01353,313-0186,ALTERNATOR,Electrical,Medium,982.97,EA,S029,P015,Y,2016-02-13,Y
PT01899,9L-1160,TRACK PIN,Undercarriage,Medium,114.05,EA,S001,P106,N,2020-01-23,Y
PT02552,356-7429,CONTROL VALVE,,High,4473.91,EA,S031,P036,Y,2023-12-31,Y
PT01923,456-7433,TRACK PIN,Undercarriage,Medium,64.96,EA,S009,P120,N,2017-11-05,Y
PT03229,0533-7731,FUEL TRANSFER PUMP,Engine,High,294.97,EA,S001,P087,N,2020-01-25,Y
PT04305,470-4310,TIRE 29.5R25,Tires,High,7022.51,EA,S028,P134,N,2018-02-24,Y
PT91331,3864241,ALTERNATOR,Electrical,Medium,450.4,EA,S002,P058,N,2021-06-06,Y
PT00615,569-4686,HYDRAULIC HOSE ASSEMBLY,Hydraulics,High,200.25,EA,S003,P110,N,2019-05-12,Y
PT01955,9N-4800,TRACK PIN,Undercarriage,Medium,48.89,EA,S003,P061,N,2016-12-21,Y
PT00451,124-1247,END BIT,Ground Engaging Tools,Medium,203.28,EA,S001,P073,N,2020-08-06,Y
PT00766,9H-5786,SEAL KIT,Hydraulics,Medium,103.94,EA,S022,P030,N,2021-11-18,Y
PT03490,9M-8118,RELAY,Electrical,Low,27.41,EA,S001,P118,N,2021-12-13,Y
PT00976,481-3077,WATER PUMP,Engine,High,480.58,EA,S001,P099,Y,2018-03-29,Y
PT01510,345-2885,WIRING HARNESS,Electrical,Medium,552.96,EA,S001,P049,N,2016-02-02,Y
PT01311,2276520,V-BELT,Engine,Low,$41.28,EA,S002,P104,N,2018-10-26,Y
PT01790,5A-3871,TRANSMISSION FILTER,Filters,Medium,97.73,EA,S002,P044,N,2016-12-18,Y
PT01742,2T-7074,TRANSMISSION FILTER,Filters,Medium,39.49,EA,S003,P116,N,2023-06-27,Y
PT02112,588-5822,CARRIER ROLLER,Undercarriage,High,344.32,EA,S003,P031,N,2017-12-14,Y
PT03766,527-9068,COOLANT HOSE,Cooling,Low,30.62,EA,S035,P124,N,2023-08-29,Y
PT02786,2M-3111,TRANSMISSION CLUTCH DISC,Power Train,Medium,140.67,PC,S025,P118,N,2019-02-27,Y
PT01160,3S-2699,GASKET KIT,Engine,Medium,233.65,EA,S003,P131,Y,2023-01-26,Y
PT03853,526-6099,WINDOW GLASS,Cab,Low,319.23,EA,S036,P112,N,2023-10-13,Y
PT01772,5J-4540,TRANSMISSION FILTER,Filters,Medium,42.48,EA,S002,P111,N,2015-11-17,Y
PT04407,131-4099,TIRE 12-16.5,Tires,Medium,412.75,EA,S028,P006,N,2024-07-04,Y
PT03183,4U-2089,CRANKSHAFT BEARING,Engine,Medium,126.22,EA,S003,P098,N,2015-12-27,Y
PT00168,3K-6515,TRACK ROLLER,Undercarriage,High,612.43,EA,S003,P079,N,2022-07-30,Y
PT01153,283-1523,GASKET KIT,Engine,Medium,279.8,EA,S099,P079,N,2020-07-05,Y
PT00460,9U-9795,END BIT,Ground Engaging Tools,,$121.11,EA,S011,P103,N,2025-05-11,Y
PT00517,102-0522,ADAPTER,Ground Engaging Tools,Medium,$88.23,EA,S003,P081,N,2016-11-10,Y
PT03138,198-6751,CRANKSHAFT BEARING,Engine,Medium,126.38,EA,S002,P027,Y,2019-01-07,Y
PT02188,5E-3401,RIPPER SHANK,Ground Engaging Tools,Medium,811.06,EA,S002,P080,N,2020-07-05,Y
PT01298,356-6388,V-BELT,Engine,Low,44.15,EA,S002,P035,Y,2016-09-22,Y
PT02384,8D-2006,BUCKET TOOTH RETAINER,Ground Engaging Tools,Low,8.52,EA,S011,P048,N,2018-04-07,Y
PT01807,2e-2766,RADIATOR,Cooling,High,3943.59,EA,S035,P051,N,2016-06-09,Y
PT04364,1M-8229,TIRE 12-16.5,Tires,Medium,498.84,EA,S028,P066,N,2018-06-17,Y
PT01643,2K-6948,BATTERY,Electrical,Medium,144.6,EA,S002,P027,Y,2019-12-30,Y
PT02247,5P-7250,RIPPER TIP,Ground Engaging Tools,Medium,42.52,EA,S003,P087,N,2016-08-09,Y
PT04328,5E 1200,TIRE 29.5R25,Tires,High,14781.18,EA,S003,P115,N,2018-03-16,Y
PT01886,4H-7513,THERMOSTAT,Cooling,Medium,82.8,EA,S003,P092,N,2019-04-14,Y
PT00747, 125-3816,HYDRAULIC PUMP,Hydraulics,High,9323.29,EA,S002,P059,Y,2019-03-23,Y
PT82644,3R-9684,FINAL DRIVE (SUPERSEDED),Power Train,High,20738.0,EA,S002,P033,N,2016-05-31,Y
PT00438,548-2215,END BIT,Ground Engaging Tools,Medium,215.49,EA,S001,P015,N,2020-08-06,Y
PT03134,9I-0351,CRANKSHAFT BEARING,Engine,Medium,102.66,EA,S002,P012,N,2022-03-17,Y
PT01727,412-6683,TRANSMISSION FILTER,Filters,Medium,77.62,EA,S001,P022,N,2018-10-25,Y
PT03930,550-4618,MIRROR,Cab,Low,107.69,EA,S003,P042,N,2019-12-16,Y
PT03040,6U-6775,PISTON KIT,Engine,High,1190.99,EA,S003,P041,N,2025-05-13,Y
PT01866,432-1695,THERMOSTAT,Cooling,Medium,70.53,EA,S002,P118,N,2016-04-23,Y
PT03220,6N-0206,FUEL TRANSFER PUMP,Engine,High,292.56,ea,S002,P032,N,2023-04-16,Y
PT00584,5S-7230,HYDRAULIC HOSE ASSEMBLY,Hydraulics,High,145.63,EA,S001,P073,N,2015-05-13,Y
PT04017,4V-6809,O-RING SEAL,Hardware,Low,2.08,EA,S016,P057,N,2020-03-19,Y
PT92444,8X3787,SIDE CUTTER,Ground Engaging Tools,Medium,223.55,EA,S001,P018,N,2016-03-20,Y
PT02869,483-5196,AXLE SEAL,Power Train,,147.7,EA,S024,P025,N,2018-05-28,Y
PT03624,4W-7335,FAN BLADE,Cooling,Medium,376.16,EA,CAT,P095,N,2017-12-07,Y
PT04275,512-6140,TIRE 29.5R25,Tires,High,13375.96,EA,S003,P040,N,2015-01-12,Y
PT02269,7Y-6571,RIPPER TIP,Ground Engaging Tools,Medium,36.09,EA,S026,P115,N,2023-07-07,Y
PT00648,544-3408,HYDRAULIC HOSE ASSEMBLY,Hydraulics,High,72.62,EA,S031,P041,N,2017-02-05,Y
PT00557,2E-0434,ADAPTER,Ground Engaging Tools,Medium,146.35,EA,S001,P105,N,2024-01-15,Y
PT91433,4S0704,STARTER MOTOR,Electrical,High,1249.48,EA,CAT,P034,Y,2023-04-24,Y
PT04045,381-5790,O-RING SEAL,Hardware,Low,2.94,EA,S002,P132,N,2024-06-22,Y
PT04049,6S-0172,O-RING SEAL,Hardware,Low,1.46,EA,S003,P115,N,2020-11-11,Y
PT03282,290-1191,FUEL TRANSFER PUMP,Engine,High,438.81,EA,S002,P060,Y,2020-10-18,Y
PT00437,459-1415,END BIT,Ground Engaging Tools,Medium,216.84,EA,S003,P130,N,2025-01-05,Y
PT01100,2F-1037,TURBOCHARGER,Engine,High,3532.24,EA,S003,P082,N,20230601,Y
PT00551,292-4745,ADAPTER,Ground Engaging Tools,Medium,107.28,EA,S003,P114,N,2015-08-29,Y
PT01984,6T-7622,TRACK BUSHING,Undercarriage,Medium,93.59,EA,S010,P129,N,2021-12-23,Y
PT00419,215-3794,END BIT,Ground Engaging Tools,Medium,129.73,EA,S011,P080,N,2017-04-02,Y
PT00934,392-9801,FUEL INJECTOR,Engine,High,584.54,EA,S001,P100,Y,2018-01-09,Y
PT03348,465-9935,ECM CONTROLLER,Electrical,High,4055.72,EA,S002,P053,Y,2016-08-17,Y
PT00898,345-2032,HYDRAULIC CYLINDER,Hydraulics,High,4155.86,EA,S001,P069,N,2017-01-09,Y
PT03743,1K-0937,COOLANT HOSE,Cooling,Low,67.71,EA,S001,P048,N,2015-04-18,Y
PT01237,5W-1926,V-BELT,,Low,42.9,EA,S003,P017,N,2019-10-04,Y
PT02411,305 6568,SIDE CUTTER,,Medium,292.35,EA,S002,P090,N,2020-04-15,Y
PT02959,496-6953,CYLINDER HEAD,Engine,High,2901.22,EA,S001,P080,Y,2016-10-18,Y
PT04163,9T-6834,WASHER HARD,Hardware,Low,1.19,EA,S016,P117,N,2018-09-04,Y
PT02338,480-6394,BUCKET TOOTH RETAINER,Ground Engaging Tools,Low,9.58,EA,S002,P092,N,2018-01-17,Y
PT02307,125-3557,RIPPER TIP,Ground Engaging Tools,Medium,93.07,EA,S003,P026,N,2019-08-29,Y
PT03528,2U-8231,RELAY,Electrical,Low,35.96,EA,S015,P110,N,2017-11-19,Y
PT02635, 5F-0693,FINAL DRIVE,Power Train,High,9769.26,EA,S002,P028,N,2019-05-07,Y
PT03249,523-6764,FUEL TRANSFER PUMP,Engine,High,767.78,EA,S003,P076,Y,2021-08-26,Y
PT93858,5J1517,WINDOW GLASS,Cab,Low,315.86,EA,S003,P078,N,2023-12-11,Y
PT01245,465-6593,V-BELT,Engine,Low,18.05,EA,S003,P079,N,2016-09-25,Y
PT04302,9V-1889,TIRE 29.5R25,Tires,High,10271.9,EA,S028,P078,N,2017-10-24,Y
PT00718,329-8254,HYDRAULIC PUMP,Hydraulics,High,6448.16,EA,S002,P031,N,2015-05-26,Y
PT02814,9W-0416,TRANSMISSION CLUTCH DISC,Power Train,Medium,233.93,EA,S024,P075,N,2016-12-23,Y
PT01953,8C-2745,TRACK PIN,Undercarriage,Medium,55.35,EA,S010,P023,N,2015-12-15,Y
PT03207,4B-0233,FUEL TRANSFER PUMP,Engine,High,293.54,EA,S002,P067,N,2018-03-12,Y
PT01391,318-0136,ALTERNATOR,Electrical,Medium,537.62,EA,S003,P024,N,2023-01-22,Y
PT01819,3E-1016,RADIATOR,Cooling,High,3064.99,EA,S002,P017,N,2017-06-18,Y
PT02088,2C-8460,CARRIER ROLLER,Undercarriage,High,505.05,EA,S010,P034,N,2018-12-28,Y
PT02872,4D-0264,AXLE SEAL,Power Train,Medium,152.62,EA,S025,P103,N,2021-04-29,Y
PT00783,281-0629,SEAL KIT,Hydraulics,Medium,105.89,EA,S003,P058,N,2017-07-18,Y
PT00968,589-2859,WATER PUMP,Engine,High,462.92,EA,S002,P058,Y,2018-01-06,Y
PT02888,249-1810,AXLE SEAL,Power Train,Medium,71.33,EA,S003,P074,N,2015-08-20,Y
PT02722,203-5209,Torque  Converter,Power Train,High,14383.67,EA,S003,P073,N,2021-09-24,Y
PT02176,295-3720,RIPPER SHANK,Ground Engaging Tools,Medium,901.81,EA,S002,P036,N,2020-11-04,Y
PT03036,1V-0963,PISTON KIT,Engine,High,909.86,EA,S003,P063,Y,2024-07-23,Y
PT00096,316-0499,TRACK ROLLER,Undercarriage,High,477.61,EA,S010,P042,N,2019-04-08,Y
PT03127,9P-3803,PISTON KIT,Engine,High,1072.05,EA,S001,P119,Y,2019-08-25,Y
PT01859, 3T-5914,THERMOSTAT,Cooling,Medium,42.52,EA,S002,P118,N,2022-01-12,Y
PT03662,3P-1452,FAN BLADE,Cooling,Medium,273.79,EA,S001,P072,N,2019-07-28,Y
PT01761,04U-9900,TRANSMISSION FILTER,Filters,Medium,87.36,EA,S003,P020,N,2024-01-06,Y
PT02442,2K-7884,SIDE CUTTER,Ground Engaging Tools,Medium,182.49,EA,S026,P011,N,2022-10-16,Y
PT00643,4L-3922,HYDRAULIC HOSE ASSEMBLY,Hydraulics,High,214.18,EA,S003,P124,N,2024-12-07,Y
PT01251,6X-1603,V-BELT,Engine,Low,30.17,EA,S001,P037,N,2023-05-16,Y
PT01332,7P-7615,ALTERNATOR,Electrical,Medium,,EA,S002,P065,N,2017-04-21,Y
PT00482,159-4034,END BIT,Ground Engaging Tools,Medium,142.3,EA,S003,P023,N,2019-01-21,Y
PT82877,02X-0614,AXLE SEAL (SUPERSEDED),Power Train,Medium,,EA,S001,P004,N,2024-05-31,Y
PT01231, 268-6129,V-BELT,Engine,Low,32.51,EA,S003,P131,Y,2022-11-03,Y
PT01362,383-9782,ALTERNATOR,Electrical,Medium,673.03,EA,S034,P059,N,2024-07-31,Y
PT94051,5944259,O-RING SEAL,Hardware,Low,1.81,EA,S099,P027,N,2017-12-02,Y
PT02638,227-5337,FINAL DRIVE,Power Train,High,10141.1,EA,S003,P057,N,2021-04-08,Y
PT04060,348-4754,O-RING SEAL,Hardware,Low,1.7,EA,S001,P079,N,2016-02-24,Y
PT00762,5816105,HYDRAULIC PUMP,Hydraulics,High,5865.98,EA,S007,P116,N,2017-02-03,Y
PT93984,2084107,O-RING SEAL,Hardware,Low,3.37,EA,S002,P087,N,2015-02-14,Y
PT01479, 5W-0857,Wiring  Harness,Electrical,Medium,417.63,EA,S003,P040,Y,2023-09-24,Y
PT03536,1G-2610,RELAY,Electrical,Low,-25.58,EA,S015,P049,N,2016-08-26,Y
PT03411,2591633,MONITOR DISPLAY,Electrical,Medium,842.96,EA,S003,P131,N,2023-03-02,Y
PT91464,2005009,STARTER MOTOR,Electrical,High,1362.78,EA,S015,P028,Y,2024-05-30,Y
PT03769,1G-5863,COOLANT HOSE,Cooling,Low,39.98,EA,S035,P130,N,2020-09-20,Y
PT04038,4H-5846,O-RING SEAL,Hardware,Low,3.48,EA,S001,P111,N,2024-04-18,Y
PT03275,117-1841,FUEL TRANSFER PUMP,Engine,High,368.78,EA,S003,P027,Y,2015-02-27,Y
PT04347,8h-7078,TIRE 29.5R25,Tires,High,14353.24,EA,S027,P109,N,2023-01-24,Y
PT00046,6c-6260,TRACK SHOE,Undercarriage,High,169.02,EA,S010,P111,N,2019-01-11,Y
PT03237,127-8941,FUEL TRANSFER PUMP,,High,522.63,EA,S003,P093,N,2024-05-02,Y
PT03815,581-6000,SEAT ASSEMBLY,Cab,,1331.52,EA,S002,P073,N,2024-10-13,Y
PT80765,4X-4386,SEAL KIT (SUPERSEDED),Hydraulics,Medium,90.6,EA,S002,P010,Y,2021-02-28,Y
PT02019,202-7151,TRACK BUSHING,Undercarriage,Medium,48.41,EA,S003,P131,N,2018-10-25,Y
PT00572,276-9821,ADAPTER,Ground Engaging Tools,Medium,132.09,EA,S001,P108,N,2024-05-24,Y
PT02558,4573446,SWING MOTOR,Hydraulics,High,7918.6,EA,S001,P098,N,2016-11-06,Y
PT02099,354-2454,Carrier  Roller,Undercarriage,High,664.15,EA,S003,P070,N,2017-07-17,Y
PT01694,3W-4140,CAB AIR FILTER,Filters,Low,75.31,EA,S006,P007,N,2019-03-25,Y
PT91136,4524253,TURBOCHARGER,Engine,High,2450.75,EA,S001,P102,N,2020-11-24,Y
PT02044,9U-1511,CARRIER ROLLER,Undercarriage,High,509.98,EA,S001,P017,N,2022-10-24,Y
PT01610,572-1520,BATTERY,Electrical,Medium,193.55,EA,S001,P116,N,2023-05-08,Y
PT01619,157-7825,BATTERY,Electrical,Medium,289.19,EA,S002,P089,Y,2017-03-02,Y
PT02058,567-9784,CARRIER ROLLER,Undercarriage,High,621.37,EA,S001,P095,N,2018-04-16,Y
PT03595,8H-0820,WORK LIGHT LED,Electrical,,271.09,EA,S003,P005,Y,2015-02-02,Y
PT01725,101-9606,TRANSMISSION FILTER,Filters,Medium,43.82,EA,S003,P007,N,2024-12-23,Y
PT00907,9V-8757,FUEL INJECTOR,Engine,High,893.11,EA,S002,P067,Y,2016-07-19,Y
PT00793,193-5635,SEAL KIT,Hydraulics,Medium,54.99,EA,S003,P119,N,2021-04-25,Y
PT02531,512-0985,CONTROL VALVE,Hydraulics,High,6573.73,EA,S001,P128,N,2023-08-14,Y
PT91277,5686099,V-BELT,Engine,Low,40.32,EA,S001,P033,Y,2024-03-09,Y
PT02588,300-9109,SWING MOTOR,Hydraulics,High,8059.49,EA,S001,P017,N,2016-05-14,Y
PT00189,7S 2175,TRACK ROLLER,Undercarriage,High,398.75,EA,S002,P054,N,2025-02-14,Y
PT03113,313-8979,PISTON KIT,Engine,High,1019.39,EA,S001,P116,Y,2017-04-17,Y
PT00737,6T-0403,HYDRAULIC PUMP,Hydraulics,High,6667.44,EA,S001,P125,N,2015-05-13,Y
PT03489,255-2559,RELAY,Electrical,Low,39.03,EA,S015,P085,N,2022-06-08,Y
PT01278,451-5194,V-BELT,Engine,Low,26.21,EA,S003,P096,N,2019-09-24,Y
PT03634,117-5857,FAN BLADE,Cooling,Medium,313.09,EA,S002,P009,N,2019-12-02,Y
PT01925,1D-2509,TRACK PIN,Undercarriage,Medium,104.54,EA,S001,P103,N,2020-06-16,Y
PT02376,284-9898,Bucket  Tooth Retainer,Ground Engaging Tools,Low,4.96,EA,S003,P032,N,2025-03-24,Y
PT91857,6W1050,THERMOSTAT,Cooling,,37.11,EA,S035,P119,N,2022-04-03,Y
PT82167,3S-1687,RECOIL SPRING (SUPERSEDED),Undercarriage,High,1704.15,EA,S002,P070,N,2022-05-24,Y
PT04106,326-3789,HEX BOLT,,Low,5.81,EA,S002,P001,N,05/09/2025,Y
PT01836,199-2469,RADIATOR,Cooling,High,1897.28,EA,S035,P130,N,2015-04-18,Y
PT03960,6U-2212,O-RING SEAL,Hardware,Low,2.89,EA,S002,P102,N,2023-09-23,Y
PT01104,02K-3661,TURBOCHARGER,Engine,High,1875.69,EA,S003,P073,N,2024-07-26,Y
PT01989,143-2109,TRACK BUSHING,Undercarriage,Medium,95.31,EA,S001,P121,N,2016-12-13,Y
PT04137,6A-4811,HEX BOLT,Hardware,Low,2.59,EA,S002,P092,N,2024-04-03,Y
PT02587,3C-9487,SWING MOTOR,Hydraulics,,8725.94,EA,S001,P032,Y,2016-01-25,Y
PT03446,553-6678,MONITOR DISPLAY,Electrical,Medium,898.92,EA,S001,P037,Y,2018-02-12,Y
PT03621,413-7706,FAN BLADE,Cooling,Medium,327.64,EA,S002,P024,N,2025-05-23,Y
PT02009,9W-8202,TRACK BUSHING,Undercarriage,Medium,43.83,EA,S002,P028,N,2017-07-09,Y
PT01018,7T-0848,WATER PUMP,Engine,High,730.81,EA,S003,P090,Y,2015-09-01,Y
PT02258,366-8944,RIPPER TIP,Ground Engaging Tools,Medium,39.24,EA,S002,P126,N,2019-02-12,Y
PT03741,2J-9119,COOLANT HOSE,Cooling,Low,49.22,EA,S002,P109,N,2016-12-29,Y
PT03648,9L-1221,FAN BLADE,Cooling,Medium,255.77,EA,S035,P130,N,2021-10-21,Y
PT02065,7K-8757,CARRIER ROLLER,Undercarriage,High,582.91,EA,S010,P006,N,2020-06-05,Y
PT01232,6E-3895,V-BELT,Engine,Low,45.72,EA,S001,P001,Y,2025-05-28,Y
PT00761,9R-3412,HYDRAULIC PUMP,Hydraulics,High,7033.0,EA,S023,P052,N,2015-11-25,Y
PT00459,369-5880,END BIT,Ground Engaging Tools,Medium,155.55,EA,S003,P043,N,2023-07-22,Y
PT02155,481-7739,RECOIL SPRING,Undercarriage,High,917.33,EA,S001,P117,N,2016-03-30,Y
PT01716,7Y-6494,CAB AIR FILTER,Filters,Low,36.34,EA,S006,P027,N,2023-04-01,Y
PT00731,518-5322,HYDRAULIC PUMP,Hydraulics,High,5459.11,EA,S002,P093,N,29-Jul-22,Y
PT01183,164-8590,GASKET KIT,Engine,Medium,149.91,EA,S001,P114,N,2023-04-29,Y
PT01668,7I-4229,CAB AIR FILTER,Filters,Low,40.38,EA,S001,P114,N,2016-01-13,Y
PT01164,8N-8113,GASKET KIT,Engine,Medium,192.46,EA,S003,P134,Y,2017-03-30,Y
PT02760,6P-5772,TORQUE CONVERTER,Power Train,,14679.42,EA,S002,P111,N,2023-09-26,Y
PT01122,391-3774,TURBOCHARGER,Engine,High,2224.25,EA,S003,P004,N,2022-10-02,Y
PT00379,533-1086,CUTTING EDGE,Ground Engaging Tools,Medium,0,EA,S026,P097,N,2025-04-17,Y
PT01079,358-7878,TURBOCHARGER,Engine,High,3985.09,EA,S003,P057,Y,2018-09-15,Y
PT04142,1S-0348,WASHER HARD,Hardware,Low,0.78,EA,S002,P052,N,2015-05-11,Y
PT03188,6s-2964,FUEL TRANSFER PUMP,Engine,High,751.48,EA,S002,P056,N,2020-09-26,Y
PT03986,124-3388,O-RING SEAL,Hardware,Low,2.8,EA,S003,P023,N,2017-12-21,Y
PT00897,331-2790,HYDRAULIC CYLINDER,Hydraulics,High,2563.39,EA,S002,P068,Y,2015-03-10,Y
PT92776,5815477,TRANSMISSION CLUTCH DISC,Power Train,Medium,236.64,EA,S003,P050,N,2022-11-02,Y
PT00965,7C-1156,WATER PUMP,Engine,High,328.95,EA,S003,P133,N,2015-04-22,Y
PT02275,128-6304,RIPPER TIP,Ground Engaging Tools,Medium,89.83,EA,S002,P093,N,2021-08-05,Y
PT03390,1M-5540,ECM CONTROLLER,Electrical,High,1587.94,EA,S003,P129,N,2024-03-28,Y
PT01644,399-7531,BATTERY,Electrical,Medium,174.52,EA,S001,P123,N,2021-01-08,Y
PT01265,460-0180,V-BELT,Engine,Low,39.12,EA,S002,P021,N,2021-04-22,Y
PT02761,413-4203,TORQUE CONVERTER,Power Train,High,6859.26,EA,S001,P055,N,2019-12-15,Y
PT03379,391-2906,ECM CONTROLLER,Electrical,High,0,EA,S029,P046,Y,2020-12-22,Y
PT03248,3R-4014,FUEL TRANSFER PUMP,Engine,High,611.28,EA,S003,P041,Y,2015-02-01,Y
PT01741,9S-0114,TRANSMISSION FILTER,Filters,Medium,83.99,EA,S001,P073,N,2015-05-10,Y
PT00772,4X-4125,SEAL KIT,Hydraulics,Medium,72.07,EA,S002,P044,Y,2015-07-15,Y
PT02141,8G-8457,RECOIL SPRING,Undercarriage,High,2551.04,EA,S002,P073,N,2016-07-12,Y
PT90182,1670121,TRACK ROLLER,Undercarriage,High,301.87,EA,S009,P003,N,2020-02-28,Y
PT02135,9V-4548,RECOIL SPRING,Undercarriage,High,1031.37,EA,S010,P046,N,2021-12-01,Y
PT93822,8J3676,SEAT ASSEMBLY,Cab,Low,1584.84,EA,S001,P049,N,2025-01-14,Y
PT03520,9W-9937,RELAY,Electrical,Low,39.35,EA,S001,P125,Y,2015-06-30,Y
PT03151,540-5929,CRANKSHAFT BEARING,Engine,Medium,152.36,EA,S003,P103,N,2018-10-14,Y
PT01226,247-4306,GASKET KIT,Engine,Medium,142.16,EA,CAT,P034,N,2016-11-21,Y
PT00248,3M-9010,IDLER GROUP,,High,1619.02,EA,S002,P101,N,2019-08-11,Y
PT04314,114-6339,TIRE 29.5R25,Tires,,6888.63,EA,S028,P059,N,2018-10-13,Y
PT02596,447-3888,SWING MOTOR,Hydraulics,High,11013.45,EA,S002,P055,N,2023-10-25,Y
PT02310,7B-8865,RIPPER TIP,Ground Engaging Tools,,86.51,EA,S002,P005,N,2015-03-02,Y
PT01236,122-2545,V-BELT,Engine,Low,43.26,EA,S001,P003,N,2015-09-09,Y
PT02536,454-6299,CONTROL VALVE,Hydraulics,High,7223.73,EA,S003,P076,Y,2025-04-07,Y
PT00318,240-4813,TRACK LINK ASSEMBLY,Undercarriage,High,3287.87,EA,S001,P031,N,2024-11-02,Y
PT02138,295-1338,RECOIL SPRING,Undercarriage,High,2642.11,EA,S009,P065,N,2021-11-16,Y
PT04143,1J-1403,WASHER HARD,Hardware,Low,1.04,EA,S016,P132,N,2024-08-22,Y
PT00076,1U-1937,TRACK SHOE,Undercarriage,High,321.5,EA,S001,P114,N,2022-02-04,Y
PT02109,8B-0255,CARRIER ROLLER,Undercarriage,High,543.11,EA,S010,P084,N,2022-10-15,Y
PT00900,07W-0875,FUEL INJECTOR,Engine,High,"$1,035.25",EA,S003,P041,N,2018-06-24,Y
PT04181,580-1351,WASHER HARD,Hardware,Low,0.92,EA,S003,P005,N,2024-01-27,Y
PT03493,2X-4935,RELAY,Electrical,Low,23.12,EA,S002,P113,Y,2017-08-02,Y
PT01582,5B-6330,SENSOR SPEED,,Medium,160.14,EA,S034,P077,N,2022-01-08,Y
PT01598,6J-6668,BATTERY,Electrical,Medium,324.27,EA,S029,P057,N,2016-06-28,Y
PT03443,7C-5116,MONITOR DISPLAY,Electrical,Medium,984.11,EA,S001,P082,Y,2021-02-02,Y
PT04373,462-8102,TIRE 12-16.5,Tires,Medium,264.43,EA,S028,P102,N,2023-05-11,Y
PT03801,6U-6611,SEAT ASSEMBLY,Cab,Low,1941.64,EA,S003,P066,N,2021-09-12,Y
PT02723,456-9223,TORQUE CONVERTER,Power Train,High,11668.73,EA,S002,P014,N,2017-10-15,Y
PT01385,6T-6574,Alternator,Electrical,Medium,1071.98,EA,S002,P128,N,2023-05-25,Y
PT00504,178-8516,ADAPTER,Ground Engaging Tools,Medium,126.28,EA,S002,P040,N,2015-01-14,Y
PT03784,552-5140,COOLANT HOSE,Cooling,Low,50.18,EA,S003,P048,N,2024-01-29,Y
PT00154,8U-8874,TRACK ROLLER,Undercarriage,High,608.87,EA,CAT,P016,N,2019-02-14,Y
PT01206,362-4374,GASKET KIT,,Medium,151.41,EA,S002,P026,Y,2023-08-03,Y
PT02256,157-3058,RIPPER TIP,Ground Engaging Tools,Medium,95.06,EA,S003,P116,N,2025-02-02,Y
PT02218,564-7237,RIPPER SHANK,Ground Engaging Tools,Medium,858.55,EA,S002,P083,N,2022-08-04,Y
PT01849,571-2509,RADIATOR,Cooling,High,3011.78,EA,S035,P031,N,2019-02-24,Y
PT04415,576-2232,ELC EXTENDED LIFE COOLANT,Fluids,Medium,19.0,GAL,S003,P099,N,2024-02-12,Y
PT02658,2M-9007,FINAL DRIVE,Power Train,High,18925.53,EA,S002,P044,N,2020-04-04,Y
PT03066,319-4746,PISTON KIT,Engine,High,1356.84,EA,S002,P064,N,2018-10-23,Y
PT01495,8N-1198,WIRING HARNESS,Electrical,Medium,438.84,EA,S003,P116,N,2016-03-29,Y
PT03300,1F-5240,ECM CONTROLLER,Electrical,High,1859.05,EA,S002,P071,N,2020-09-30,Y
PT02419,5T-3694,SIDE CUTTER,Ground Engaging Tools,Medium,324.9,EA,S001,P036,N,2021-09-06,Y
PT02126,5T-4617,RECOIL SPRING,Undercarriage,High,1061.75,EA,S001,P125,N,2016-11-25,Y
PT01281,361-0299,V-BELT,Engine,Low,39.89,EA,S001,P001,Y,2022-10-15,Y
PT00479,5B-0021,END BIT,Ground Engaging Tools,Medium,-129.85,EA,S003,P121,N,2023-09-09,Y
PT04014,1J-8215,O-RING SEAL,Hardware,Low,1.46,EA,S016,P049,N,2015-08-01,Y
PT01371,7K 2303,ALTERNATOR,Electrical,Medium,804.31,EA,S001,P122,Y,2022-02-12,Y
PT00507,239-6082,ADAPTER,Ground Engaging Tools,Medium,107.62,EA,S003,P062,N,2019-12-12,Y
PT00950,4B-6746,WATER PUMP,Engine,High,732.39,EA,S001,P008,Y,2019-08-23,Y
PT02449,8F-4373,SIDE CUTTER,Ground Engaging Tools,Medium,355.62,EA,S003,P067,N,2017-05-25,Y
PT03005,0407-3418,CYLINDER HEAD,Engine,High,4184.57,EA,S001,P125,N,2019-04-21,Y
PT03841,7C-3892,WINDOW GLASS,Cab,,381.71,EA,S001,P002,N,2020-04-04,Y
PT02610,147-9005,SWING MOTOR,Hydraulics,High,8886.27,EA,S001,P044,Y,2019-02-21,Y
PT04253,7F-6517,TIRE 29.5R25,Tires,High,14775.44,EA,S027,P046,N,2015-12-04,Y
PT02756,573-1253,TORQUE CONVERTER,Power Train,High,5596.1,EA,S001,P108,N,2022-11-03,Y
PT00374,484-7435,CUTTING EDGE,Ground Engaging Tools,Medium,422.84,EA,S002,P114,N,2015-02-04,Y
PT04389,2H-3399,TIRE 12-16.5,Tires,Medium,211.48,EA,S003,P105,N,2022-10-16,Y
PT00800,8Y-0512,Seal  Kit,Hydraulics,Medium,128.14,EA,S031,P099,N,2021-02-19,Y
PT00047,0407-3385,TRACK SHOE,Undercarriage,High,295.26,EA,S002,P002,N,2015-07-20,Y
PT04327,3H-1023,TIRE 29.5R25,Tires,High,13044.12,EA,S001,P027,N,2021-06-10,Y
PT01950,9J-7356,TRACK PIN,Undercarriage,Medium,107.91,EA,S001,P061,N,2020-01-22,Y
PT00032,516-1202,TRACK SHOE,Undercarriage,High,228.6,EA,S002,P115,N,05/06/23,Y
PT03687,450-8582,FAN BLADE,Cooling,Medium,413.09,EA,S035,P027,N,2024-09-15,Y
PT02780,528-1365,TRANSMISSION CLUTCH DISC,Power Train,Medium,210.13,EA,S003,P126,N,2020-12-16,Y
PT00922,1J-9864,FUEL INJECTOR,Engine,High,1025.12,EA,S002,P125,N,2019-04-05,Y
PT03898,541-9481,WINDOW GLASS,Cab,Low,326.91,EA,S003,P118,N,2018-10-22,Y
PT01198,406-2509,GASKET KIT,Engine,Medium,232.43,EA,S002,P012,N,2023-09-02,Y
PT00398,500-8442,CUTTING EDGE,Ground Engaging Tools,Medium,429.95,EA,S003,P123,N,2019-08-01,Y
PT82345,413-3768,BUCKET TOOTH RETAINER (SUPERSEDED),Ground Engaging Tools,Low,5.67,EA,S002,P026,N,2024-10-15,Y
PT01623,482-9177,BATTERY,Electrical,Medium,333.32,EA,S002,P123,Y,2017-01-02,Y
PT03112,2P-6223,PISTON KIT,,High,833.59,EA,S002,P134,N,2025-02-28,Y
PT03084,497-6362,PISTON KIT,Engine,High,824.3,EA,S001,P069,Y,2024-05-12,Y
PT02196,437-6318,RIPPER SHANK,Ground Engaging Tools,Medium,1123.58,EA,S001,P014,N,2017-07-29,Y
PT01406,4A-9385,ALTERNATOR,Electrical,Medium,1074.28,EA,S015,P071,Y,2017-02-14,Y
PT00953,504-5079,WATER PUMP,Engine,High,493.08,EA,S002,P001,N,2020-04-07,Y
PT01611,583-5843,BATTERY,Electrical,Medium,210.22,EA,S001,P016,N,2015-10-07,Y
PT04311,563-5201,TIRE 29.5R25,Tires,High,13163.06,EA,S003,P104,N,2017-02-14,Y
PT03947,117-3723,MIRROR,Cab,Low,108.99,EA,CAT,P112,N,2019-01-01,Y
PT00786,552-1060,SEAL KIT,Hydraulics,,57.53,EA,S007,P032,N,2018-09-07,Y
PT00833,1S-8014,SEAL KIT,Hydraulics,Medium,65.57,EA,S001,P048,Y,2020-08-25,Y
PT03323,445-7685,ECM CONTROLLER,Electrical,High,3550.67,EA,S029,P015,Y,2019-12-07,Y
PT83849,8T-0198,WINDOW GLASS (SUPERSEDED),Cab,Low,436.31,EA,S003,P030,N,2016-11-08,Y
PT02076,455-3856,CARRIER ROLLER,Undercarriage,High,415.5,EA,S001,P097,N,2024-12-19,Y
PT02363,367-8735,BUCKET TOOTH RETAINER,Ground Engaging Tools,Low,4.63,EA,S026,P038,N,2015-06-28,Y
PT00463,07G-5990,END BIT,Ground Engaging Tools,Medium,145.16,EA,S002,P072,N,2018-04-22,Y
PT04152,1W-6298,WASHER HARD,Hardware,Low,0.97,EA,S003,P082,N,2020-03-31,Y
PT01965,198-2114,TRACK BUSHING,Undercarriage,Medium,89.68,EA,S010,P096,N,2022-08-15,Y
PT03299,8T-6740,ECM CONTROLLER,Electrical,,3858.99,EA,S001,P116,Y,2021-04-16,Y
PT00225,4F-7034,IDLER GROUP,Undercarriage,,1210.97,EA,S002,P028,N,2023-11-24,Y
PT01500,1U-0621,WIRING HARNESS,Electrical,Medium,329.02,EA,S002,P085,N,2016-08-31,Y
PT02611,5I-9984,SWING MOTOR,Hydraulics,High,9726.28,EA,S003,P084,N,2016-08-15,Y
PT02441,5P-9922,SIDE CUTTER,Ground Engaging Tools,Medium,130.67,EA,S026,P059,N,2020-05-29,Y
PT04367,3F3435,TIRE 12-16.5,Tires,Medium,284.7,EA,S002,P089,N,2015-01-15,Y
PT04180,317-0603,WASHER HARD,Hardware,Low,1.67,EA,S001,P082,N,2022-12-05,Y
PT00266,220-1663,SPROCKET SEGMENT,Undercarriage,High,394.97,EA,S001,P089,N,2021-08-25,Y
PT04268,426-5988,TIRE 29.5R25,Tires,High,13090.89,PC,S003,P120,N,2020-10-02,Y
PT04178,9V-7394,WASHER HARD,,Low,0.74,EA,S001,P003,N,2021-04-13,Y
PT01924,4I-6174,TRACK PIN,Undercarriage,Medium,108.87,EA,S003,P086,N,2025-03-26,Y
PT02942,537-8640,BRAKE DISC,Power Train,Medium,238.55,EA,S003,P030,N,2018-11-24,Y
PT01997,4K-6614,TRACK BUSHING,Undercarriage,Medium,63.25,EA,S002,P033,N,2017-01-30,Y
PT03576,6U-3084,WORK LIGHT LED,Electrical,Low,190.86,EA,S003,P044,Y,2019-09-01,Y
PT02412,554-4475,SIDE CUTTER,Ground Engaging Tools,Medium,262.86,EA,S001,P122,N,2022-03-18,Y
PT03614,5F-9460,Fan  Blade,Cooling,Medium,244.2,EA,S002,P114,N,2022-06-11,Y
PT04070,286-3358,HEX BOLT,Hardware,Low,5.35,PC,S003,P095,N,2021-08-04,Y
PT04091,580-0906,HEX BOLT,Hardware,,6.12,EA,S016,P042,N,2018-09-13,Y
PT02729,7W-7747,TORQUE CONVERTER,Power Train,High,6781.11,EA,S002,P018,N,2016-08-10,Y
PT02383,576-3354,BUCKET TOOTH RETAINER,Ground Engaging Tools,Low,5.14,EA,S001,P004,N,2018-01-12,Y
PT02187,341-0871,RIPPER SHANK,Ground Engaging Tools,Medium,547.46,EA,S011,P094,N,2022-08-11,Y
PT03143,317-7078,Crankshaft  Bearing,Engine,Medium,167.96,EA,S002,P066,Y,2017-01-18,Y
PT00477,106-8782,END BIT,Ground Engaging Tools,Medium,130.66,EA,S001,P032,N,2016-06-11,Y
PT04209,328-7037,WASHER HARD,Hardware,Low,1.13,EA,S002,P045,N,2024-07-31,Y
PT02052,293-3423,CARRIER ROLLER,Undercarriage,High,281.66,EA,S001,P102,N,2025-05-08,Y
PT04349,528-5944,TIRE 29.5R25,Tires,High,15238.19,EA,S003,P103,N,2022-02-12,Y
PT02644,3R-9683,FINAL DRIVE,Power Train,High,20738.0,EA,S002,P033,N,2016-05-31,Y
PT03202,176-2705,FUEL TRANSFER PUMP,Engine,High,766.72,EA,S003,P069,N,2017-11-01,Y
PT01690,07D-1694,CAB AIR FILTER,Filters,Low,33.28,EA,S002,P077,N,2022-07-03,Y
PT00733,4K-9266,HYDRAULIC PUMP,Hydraulics,High,8449.36,EA,S001,P026,N,2023-07-22,Y
PT03579,387-5360,WORK LIGHT LED,Electrical,Low,253.01,EA,S003,P016,N,2022-12-09,Y
PT03979,4B-5657,O-RING SEAL,Hardware,Low,1.48,EA,S002,P055,N,2021-04-25,Y
PT04069,484-4883,O-RING SEAL,Hardware,Low,2.36,EA,S003,P030,N,2016-01-22,Y
PT01796,330-2553,TRANSMISSION FILTER,Filters,Medium,53.07,EA,S001,P112,N,2021-02-03,Y
PT02602,227-4472,SWING MOTOR,Hydraulics,High,12591.78,EA,S003,P091,Y,2019-04-22,Y
PT00520,273-5166,ADAPTER,Ground Engaging Tools,Medium,$109.27,EA,S002,P058,N,2017-03-01,Y
PT00545,8C-8423,ADAPTER,Ground Engaging Tools,Medium,141.36,EA,S099,P097,N,26-May-22,Y
PT00240,443-9047,IDLER GROUP,Undercarriage,High,1779.69,EA,S002,P012,N,2018-04-16,Y
PT83374,209-8656,ECM CONTROLLER (SUPERSEDED),Electrical,High,4312.32,EA,S034,P052,N,2015-09-12,Y
PT02365,195-2101,BUCKET TOOTH RETAINER,,Low,8.2,each,S026,P013,N,2022-07-26,Y
PT93966,4929219,O-RING SEAL,Hardware,Low,3.46,EA,S016,P070,N,2017-08-17,Y
PT90330,5J4191,TRACK LINK ASSEMBLY,Undercarriage,High,8580.03,EA,S002,P106,N,2017-03-24,Y
PT01096,165-9940,TURBOCHARGER,Engine,High,5157.46,EA,S003,P110,N,2021-01-18,Y
PT03262,435-3855,FUEL TRANSFER PUMP,Engine,High,739.17,EA,S003,P113,N,2017-10-17,Y
PT04025,4Y-1718,O-RING SEAL,Hardware,Low,1.71,EA,S003,P084,N,2024-11-10,Y
PT03233,4V-2503,FUEL TRANSFER PUMP,Engine,High,359.75,EA,S001,P074,N,2020-05-30,Y
PT03969,2A-0494,O-RING SEAL,Hardware,Low,1.43,EA,S001,P055,N,2023-03-23,Y
PT03058,5M-2395,PISTON KIT,Engine,High,567.26,EA,S001,P068,Y,2018-05-19,Y
PT01973,565-6726,TRACK BUSHING,Undercarriage,Medium,67.4,EA,S003,P104,N,2019-04-16,Y
PT01956,546-7873,TRACK PIN,Undercarriage,Medium,81.52,each,S003,P104,N,2020-06-10,Y
PT01882,447-4225,THERMOSTAT,Cooling,Medium,67.33,EA,S002,P054,N,2015-04-20,Y
PT01780,7L-8294,TRANSMISSION FILTER,Filters,Medium,94.31,EA,S001,P106,N,2024-02-14,Y
PT00941,473-0526,WATER PUMP,Engine,High,662.94,EA,S002,P075,Y,2018-02-16,Y
PT01777,579-4245,TRANSMISSION FILTER,Filters,Medium,52.16,EA,S021,P111,N,2016-03-24,Y
PT02752,8L-0908,Torque  Converter,Power Train,High,8032.06,EA,S001,P123,N,2023-08-07,Y
PT02239,5Y-5992,RIPPER SHANK,Ground Engaging Tools,Medium,1229.58,Ea.,S003,P121,N,2022-01-24,Y
PT02148,7R-9367,RECOIL SPRING,Undercarriage,High,2648.86,EA,S009,P104,N,2022-06-03,Y
PT03243,309-8283,FUEL TRANSFER PUMP,Engine,High,355.74,EA,S003,P092,Y,2022-11-02,Y
PT03305,6G-1271,ECM CONTROLLER,Electrical,High,3458.0,EA,S003,P008,Y,2020-10-19,Y
PT00339,353-7134,TRACK LINK ASSEMBLY,Undercarriage,High,5771.54,EA,S002,P072,N,2019-03-08,Y
PT01547,0362-8135,SENSOR SPEED,Electrical,Medium,200.46,each,S003,P007,Y,2021-01-19,Y
PT01682,3V-5234,Cab  Air Filter,Filters,Low,42.57,EA,S002,P121,N,2015-06-23,Y
PT02403,595-7361,BUCKET TOOTH RETAINER,Ground Engaging Tools,Low,6.32,EA,S002,P028,N,2019-10-12,Y
PT00951,475-3845,WATER PUMP,Engine,High,582.74,ea,S003,P030,N,2015-03-18,Y
PT00668,292-5976,HYDRAULIC PUMP,Hydraulics,High,9871.78,EA,S023,P034,N,2022-09-15,Y
PT01726,283-0099,TRANSMISSION FILTER,Filters,Medium,56.92,EA,S001,P108,N,2024-03-31,Y
PT03606,532-6584,WORK LIGHT LED,Electrical,Low,270.7,EA,S001,P131,N,2017-07-01,Y
PT04136,6W-7240,HEX BOLT,Hardware,Low,4.71,EA,S016,P046,N,2015-11-27,Y
PT03563,339-7237,WORK LIGHT LED,Electrical,Low,215.28,EA,S003,P124,N,2019-09-10,Y
PT03533,477-5780,RELAY,Electrical,Low,26.14,EA,S015,P004,N,2016-03-25,Y
PT01787,4K-0418,TRANSMISSION FILTER,Filters,Medium,79.48,EA,S003,P119,N,2025-02-26,Y
PT00841,126-0169,SEAL KIT,Hydraulics,Medium,117.8,EA,S022,P114,N,2017-06-25,Y
PT00512,470-6528,ADAPTER,Ground Engaging Tools,Medium,127.22,EA,S002,P028,N,2024-09-18,Y
PT00661,358-6388,HYDRAULIC PUMP,Hydraulics,High,5699.1,EA,S003,P086,Y,2017-01-24,Y
PT02106,196-6747,CARRIER ROLLER,Undercarriage,High,594.41,EA,S003,P087,N,2020-08-20,Y
PT02226,292-3628,RIPPER SHANK,Ground Engaging Tools,Medium,1277.53,each,S026,P092,N,2015-07-09,Y
PT02057,1A5658,CARRIER ROLLER,Undercarriage,High,498.78,EA,S003,P132,N,2015-12-16,Y
PT01336,8H-0730,ALTERNATOR,Electrical,,532.64,EA,S003,P081,N,08/17/2015,Y
PT01402,307-9357,ALTERNATOR,Electrical,Medium,693.44,EA,S002,P030,N,2020-06-08,Y
PT01154,210-0922,GASKET KIT,Engine,Medium,253.45,EA,S001,P087,N,2019-09-11,Y
PT01199,6N-7281,GASKET KIT,Engine,Medium,237.87,EA,S001,P051,Y,2018-03-18,Y
PT02335, 578-8146,BUCKET TOOTH RETAINER,Ground Engaging Tools,Low,10.45,ea,S003,P084,N,2015-04-21,Y
PT01789,3G-3233,TRANSMISSION FILTER,Filters,Medium,84.6,EA,S001,P076,N,2017-09-13,Y
PT03692,536-9078,FAN BLADE,Cooling,Medium,247.58,EA,S001,P039,N,05/22/2022,Y
PT00728,403-2603,HYDRAULIC PUMP,Hydraulics,High,5582.06,each,S002,P093,Y,2022-12-31,Y
PT00194,4G-8671,IDLER GROUP,Undercarriage,High,2066.9,EA,S003,P017,N,2022-06-13,Y
PT03685, 535-8845,FAN BLADE,Cooling,Medium,283.23,EA,S002,P026,N,2023-09-29,Y
PT93578,4267531,WORK LIGHT LED,Electrical,Low,114.63,EA,S001,P014,Y,2023-12-20,Y
PT04077,273-7846,HEX BOLT,Hardware,Low,3.6,EA,S003,P134,N,2017-04-11,Y
PT03761,305-0298,COOLANT HOSE,Cooling,Low,34.38,EA,S003,P132,N,02/04/25,Y
PT02279,516-9717,RIPPER TIP,Ground Engaging Tools,Medium,52.03,ea,S003,P029,N,2024-03-15,Y
PT03240,320-6424,FUEL TRANSFER PUMP,Engine,High,473.73,EA,S002,P040,Y,2015-07-07,Y
PT01977,503-9564,TRACK BUSHING,Undercarriage,,60.81,EA,S010,P004,N,2021-11-27,Y
PT03735,3R-4105,COOLANT HOSE,Cooling,Low,59.42,EA,S003,P033,N,2018-01-03,Y
PT02510,318-4379,CONTROL VALVE,Hydraulics,High,2725.78,EA,S007,P119,N,2018-03-23,Y
PT91569,2I1991,SENSOR SPEED,Electrical,Medium,185.52,EA,S029,P113,Y,2023-09-22,Y
PT01415,1D-9213,ALTERNATOR,Electrical,Medium,479.27,EA,S001,P048,N,2020-12-11,Y
PT02731,360-7360,TORQUE CONVERTER,Power Train,High,14207.7,EA,S001,P030,N,2022-02-20,Y
PT02333,180-8153,Bucket  Tooth Retainer,Ground Engaging Tools,Low,8.97,EA,S001,P026,N,2016-03-05,Y
PT00774,112-5006,SEAL KIT,Hydraulics,Medium,73.72,EA,S002,P064,N,2024-04-15,Y
PT94301,3378562,TIRE 29.5R25,Tires,High,12818.69,EA,S027,P056,N,2019-06-27,Y
PT00528,524-2290,ADAPTER,Ground Engaging Tools,Medium,125.98,EA,S026,P109,N,2018-06-14,Y
PT02854,187-2668,AXLE SEAL,Power Train,Medium,142.82,EA,S025,P003,N,2016-07-10,Y
PT04094,9A-9344,HEX BOLT,Hardware,Low,4.3,EA,S003,P075,N,2019-06-21,Y
PT00455,6F-5294,END BIT,Ground Engaging Tools,Medium,113.48,EA,,P128,N,2018-11-07,Y
PT00910,524-1542,FUEL INJECTOR,Engine,High,513.15,EA,CAT,P041,N,2025-01-09,Y
PT02556,1H-5446,SWING MOTOR,,High,4804.07,EA,S002,P102,N,2016-08-21,Y
PT01052,192-3281,WATER PUMP,Engine,High,851.71,EA,S003,P082,N,2019-03-25,Y
PT01291,347-0757,V-BELT,Engine,,41.41,EA,S002,P123,N,2020-02-20,Y
PT02732,330-9948,TORQUE CONVERTER,Power Train,High,7269.38,EA,S001,P086,N,2018-05-13,Y
PT00542,430-0355,ADAPTER,Ground Engaging Tools,Medium,77.95,EA,S001,P114,N,2018-08-24,Y
PT03578,426-7531,WORK LIGHT LED,Electrical,Low,114.63,EA,S001,P014,Y,2023-12-20,Y
PT04121,312-7347,HEX BOLT,Hardware,Low,3.27,EA,S002,P006,N,2017-04-18,Y
PT02385,0216-3981,BUCKET TOOTH RETAINER,Ground Engaging Tools,Low,9.99,EA,S011,P009,N,2024-09-16,Y
PT03166,260-9753,CRANKSHAFT BEARING,Engine,Medium,143.27,EA,S002,P061,N,05/14/20,Y
PT01432,562-6653,STARTER MOTOR,Electrical,High,1172.51,EA,S002,P016,N,2017-01-28,Y
PT02225,513-7663,RIPPER SHANK,Ground Engaging Tools,Medium,1555.22,EA,S002,P043,N,2019-10-06,Y
PT04118,3N-8545,HEX BOLT,Hardware,Low,3.44,EA,S016,P081,N,20170409,Y
PT01064,7T-2412,TURBOCHARGER,Engine,High,4204.43,EA,S003,P066,N,2023-09-26,Y
PT02931,142-1883,BRAKE DISC,Power Train,Medium,501.2,EA,S002,P106,N,2023-07-12,Y
PT02154,467-0019,RECOIL SPRING,,High,2392.4,EA,S003,P060,N,2023-06-03,Y
PT02882,3C-4612,AXLE SEAL,Power Train,Medium,108.92,EA,S001,P007,N,2022-09-14,Y
PT02856,1K-1102,AXLE SEAL,Power Train,Medium,86.8,EA,S002,P121,N,2023-07-27,Y
PT00820,539 2371,SEAL KIT,Hydraulics,Medium,94.77,EA,S001,P034,Y,2019-07-06,Y
PT01592,5C-3044,BATTERY,,Medium,331.59,EA,S015,P132,N,2022-02-23,Y
PT03055,376-2045,PISTON KIT,Engine,High,737.6,EA,S001,P021,N,2015-11-17,Y
PT00394,7T-2410,CUTTING EDGE,Ground Engaging Tools,,296.13,EA,S002,P100,N,2016-07-17,Y
PT02511,332-8646,CONTROL VALVE,Hydraulics,High,3553.12,EA,S002,P032,N,2017-03-06,Y
PT00204,348-9434,IDLER GROUP,Undercarriage,High,3141.02,EA,S002,P004,N,2015-01-01,Y
PT03881,9d-7987,Window  Glass,Cab,Low,632.05,EA,S002,P107,N,2016-12-02,Y
PT02267,1B-4959,RIPPER TIP,Ground Engaging Tools,Medium,44.83,EA,S002,P031,N,2018-10-02,Y
PT03844,7P-7134,WINDOW GLASS,Cab,Low,$456.60,EA,S036,P011,N,2022-01-17,Y
PT90707,3V0828,HYDRAULIC PUMP,Hydraulics,High,0,EA,S023,P017,Y,2024-09-23,Y
PT80842,167-6182,SEAL KIT (SUPERSEDED),Hydraulics,Medium,111.82,EA,S003,P085,N,2021-05-12,Y
PT03406,6V-9824,Monitor  Display,Electrical,Medium,1206.29,EA,S034,P050,N,2016-07-30,Y
PT03540,2D-9122,RELAY,Electrical,Low,26.79,EA,S029,P127,N,2020-03-06,Y
PT03758,9W-2520,COOLANT HOSE,Cooling,Low,,EA,S001,P004,N,2023-12-02,Y
PT02912,6I-0509,BRAKE DISC,Power Train,Medium,554.17,EA,S003,P064,N,2021-07-18,Y
PT02691,330-7355,TRAVEL MOTOR,Power Train,High,6268.14,EA,S003,P065,N,2017-04-11,Y
PT01077,267-9923,TURBOCHARGER,Engine,High,2653.35,EA,S003,P050,Y,2015-01-22,Y
PT03088,5C-4028,PISTON KIT,Engine,High,1237.22,EA,S002,P026,Y,2019-09-28,Y
PT01234,6R-9794,V-BELT,Engine,Low,26.93,EA,S002,P123,N,2023-10-25,Y
PT80607,170-2483,HYDRAULIC HOSE ASSEMBLY (SUPERSEDED),Hydraulics,High,75.9,EA,S001,P078,N,2018-06-04,Y
PT94028,3798777,O-RING SEAL,,Low,1.89,EA,S002,P134,N,2024-02-26,Y
PT03740,215-0430,COOLANT HOSE,Cooling,Low,55.23,EA,S001,P083,N,2022-07-02,Y
PT01728,7D-3197,TRANSMISSION FILTER,Filters,Medium,,EA,S003,P056,N,2023-04-27,Y
PT03154,516-0064,Crankshaft  Bearing,Engine,Medium,71.95,EA,S003,P026,N,2021-02-26,Y
PT00726,6A-1438,HYDRAULIC PUMP,Hydraulics,High,10026.27,EA,S003,P082,N,2015-03-21,Y
PT81214,4S-5511,GASKET KIT (SUPERSEDED),Engine,Medium,223.29,EA,S002,P126,N,2025-04-03,Y
PT02673,296-7432,TRAVEL MOTOR,Power Train,High,16105.33,EA,S002,P017,N,2017-05-01,Y
PT00011,1U-3352,BUCKET TIP J350,Ground Engaging Tools,Medium,-46.0,EA,S001,P063,N,2020-06-30,Y
PT03178,231-7222,CRANKSHAFT BEARING,Engine,Medium,102.35,EA,S002,P055,Y,2024-11-15,Y
PT04251,105-9875,TIRE 29.5R25,Tires,High,15887.73,EA,S028,P133,N,2024-08-21,Y
PT03748,340-9378,Coolant  Hose,Cooling,Low,64.31,EA,S003,P061,N,2015-01-24,Y
PT01130,1Y-2415,TURBOCHARGER,Engine,High,4919.08,EA,S003,P025,N,2024-07-17,Y
PT00977,512-4913,WATER PUMP,Engine,High,732.92,EA,S003,P091,Y,2019-10-13,Y
PT01717,560-6984,CAB AIR FILTER,Filters,Low,56.06,EA,S001,P089,N,2017-12-25,Y
PT01968,4B-2061,TRACK BUSHING,Undercarriage,Medium,84.21,EA,S001,P112,N,2019-11-09,Y
PT00138,204-1235,TRACK ROLLER,Undercarriage,High,460.74,EA,S003,P016,N,2020-05-21,Y
PT01314,1T-8356,V-BELT,Engine,Low,32.1,EA,S003,P131,Y,2020-02-08,Y
PT92354,1E1583,BUCKET TOOTH RETAINER,Ground Engaging Tools,Low,10.28,EA,S011,P058,N,2023-09-18,Y
PT00395,427-3872,CUTTING EDGE,Ground Engaging Tools,Medium,415.12,EA,S026,P065,N,2017-10-05,Y
PT02682,6D9396,TRAVEL MOTOR,Power Train,High,6168.71,EA,S001,P007,N,2019-10-03,Y
PT00242,421-7293,IDLER GROUP,Undercarriage,High,2099.24,EA,S003,P030,N,2018-04-22,Y
PT04315,1D-1696,TIRE 29.5R25,Tires,High,13361.98,EA,S001,P125,N,2019-03-15,Y
PT04214,2G-6833,WASHER HARD,Hardware,Low,1.19,EA,S003,P038,N,2017-09-15,Y
PT04288,514-3813,TIRE 29.5R25,Tires,High,,EA,S002,P044,N,2019-03-08,Y
PT02973,8G-5909,CYLINDER HEAD,Engine,High,3553.28,EA,S003,P134,N,2024-02-16,Y
PT82275,128-6305,RIPPER TIP (SUPERSEDED),Ground Engaging Tools,Medium,89.83,EA,S002,P093,N,2021-08-05,Y
PT00896,480-2378,HYDRAULIC CYLINDER,Hydraulics,High,-4402.36,EA,S002,P116,Y,2018-09-23,Y
PT01304,1U-7971,V-BELT,Engine,Low,38.48,EA,S002,P092,Y,2018-09-21,Y
PT04156,545-2699,WASHER HARD,Hardware,Low,0.97,EA,S016,P015,N,2018-08-30,Y
PT01974,4U-7370,TRACK BUSHING,Undercarriage,Medium,91.9,EA,S001,P006,N,2020-05-25,Y
PT03993,442-4472,O-RING SEAL,Hardware,Low,2.34,EA,S002,P116,N,2018-11-05,Y
PT04018,572-2673,O-RING SEAL,Hardware,Low,3.04,EA,S016,P085,N,2025-04-08,Y
PT01381,8T-6502,ALTERNATOR,Electrical,,386.07,EA,S029,P065,N,2025-03-12,Y
PT82110,349-9346,CARRIER ROLLER (SUPERSEDED),Undercarriage,High,378.81,EA,S001,P115,N,2021-07-05,Y
PT01934,572-4907,TRACK PIN,Undercarriage,Medium,57.82,EA,S009,P102,N,04/28/22,Y
PT03632,117-3730,FAN BLADE,Cooling,Medium,174.43,EA,S002,P102,N,2021-12-08,Y
PT00719,385-9576,HYDRAULIC PUMP,Hydraulics,,12137.47,EA,S002,P020,N,2018-10-16,Y
PT02626,06R-8215,SWING MOTOR,Hydraulics,High,6790.82,EA,S003,P093,N,2019-10-14,Y
PT00388,7R-9705,CUTTING EDGE,Ground Engaging Tools,Medium,242.07,EA,S001,P113,N,2016-03-13,Y
PT81899,9L-1161,TRACK PIN (SUPERSEDED),Undercarriage,Medium,114.05,EA,S001,P106,N,2020-01-23,Y
PT01687,132-7855,CAB AIR FILTER,Filters,Low,59.24,EA,S001,P102,N,2024-10-23,Y
PT00234,1N-2502,IDLER GROUP,Undercarriage,,1677.09,EA,S002,P038,N,2023-05-25,Y
PT03204,360-0769,Fuel  Transfer Pump,Engine,High,727.48,EA,S002,P102,Y,2019-08-21,Y
PT03302,219-0257,ECM CONTROLLER,Electrical,High,2092.37,EA,S003,P059,Y,2022-07-05,Y
PT02409,253-5900,SIDE CUTTER,Ground Engaging Tools,Medium,288.25,EA,S026,P095,N,2016-01-13,Y
PT03530,277-3706,RELAY,Electrical,Low,34.64,EA,CAT,P097,N,2023-09-03,Y
PT03427,449-5939,MONITOR DISPLAY,Electrical,Medium,1986.57,EA,S003,P098,N,2023-01-05,Y
PT00219,285-9988,IDLER GROUP,,High,1972.88,EA,S002,P003,N,2024-05-22,Y
PT02439,471-8594,SIDE CUTTER,Ground Engaging Tools,Medium,365.59,EA,S026,P067,N,2016-08-26,Y
PT91892,3601291,THERMOSTAT,Cooling,Medium,44.64,EA,S035,P056,N,2019-11-29,Y
PT03702,262-5013,FAN BLADE,Cooling,Medium,178.58,EA,S099,P127,N,2021-05-25,Y
PT02361,597-4624,BUCKET TOOTH RETAINER,Ground Engaging Tools,Low,9.19,EA,S001,P071,N,06/29/2023,Y
PT02209,1E-5433,RIPPER SHANK,Ground Engaging Tools,Medium,552.62,EA,S026,P102,N,2018-12-06,Y
PT02018,5J-0157,TRACK BUSHING,,Medium,81.63,EA,S001,P106,N,2017-06-09,Y
PT90496,4P9147,END BIT,Ground Engaging Tools,Medium,182.31,EA,S011,P082,N,2017-11-14,Y
PT04185,9W-2350,WASHER HARD,Hardware,Low,1.32,EA,S001,P113,N,2023-04-02,Y
PT00516,4E-4104,ADAPTER,Ground Engaging Tools,Medium,76.85,EA,S002,P027,N,2018-07-17,Y
PT03977,5Y-9652,O-RING SEAL,Hardware,Low,,EA,S003,P055,N,2017-11-11,Y
PT00176,5M-0401,TRACK ROLLER,Undercarriage,High,631.53,EA,S001,P076,N,2015-03-15,Y
PT03690,5M-7648,FAN BLADE,Cooling,Medium,447.07,EA,,P041,N,2022-04-04,Y
PT04199, 6L-1186,WASHER HARD,Hardware,Low,1.61,EA,S001,P066,N,2021-02-11,Y
PT00987,563-9913,WATER PUMP,Engine,High,857.14,EA,S001,P085,N,2024-06-08,Y
PT01961,596-1310,TRACK PIN,Undercarriage,Medium,113.61,EA,S001,P038,N,2016-06-19,Y
PT04233,4Y-6226,WASHER HARD,Hardware,Low,-1.02,EA,S016,P105,N,2017-04-12,Y
PT00449,500-9463,END BIT,,Medium,251.79,EA,S002,P036,N,2025-04-16,Y
PT03926,1N-2129,MIRROR,Cab,Low,95.76,EA,S002,P059,N,2017-06-08,Y
PT00348,332-0866,TRACK LINK ASSEMBLY,Undercarriage,High,5656.85,EA,S001,P038,N,2018-08-21,Y
PT02156,01P-0764,RECOIL SPRING,Undercarriage,High,2359.34,EA,S001,P026,N,2022-01-06,Y
PT03349,296-4688,ECM CONTROLLER,Electrical,High,3225.19,EA,S034,P127,N,2017-06-07,Y
PT03242,1X-9258,FUEL TRANSFER PUMP,Engine,,612.24,EA,S001,P057,Y,2021-01-24,Y
PT02443,1M-7441,SIDE CUTTER,Ground Engaging Tools,Medium,280.5,EA,S002,P131,N,2021-12-24,Y
PT00544,274-6169,ADAPTER,Ground Engaging Tools,Medium,138.57,EA,S002,P065,N,2022-05-03,Y
PT03327,436-1467,ECM CONTROLLER,Electrical,High,2070.21,EA,S015,P070,N,2025-05-02,Y
PT02870,487-8159,AXLE SEAL,Power Train,Medium,141.9,EA,S003,P080,N,2018-02-19,Y
PT03289,204-2748,Fuel  Transfer Pump,Engine,High,331.16,each,S003,P088,N,2024-05-29,Y
PT01120, 7E-0499,TURBOCHARGER,Engine,High,3581.19,EA,S001,P008,N,03-Mar-25,Y
PT00367,4F-3985,CUTTING EDGE,Ground Engaging Tools,Medium,0,EA,S002,P130,N,2022-08-21,Y
PT04202,377-8246,WASHER HARD,Hardware,Low,1.37,EA,S002,P070,N,2024-04-03,Y
PT01892,360-1291,THERMOSTAT,Cooling,Medium,44.64,EA,S035,P056,N,2019-11-29,Y
PT00123,324-7756,TRACK ROLLER,Undercarriage,High,714.9,EA,S001,P105,N,2025-05-17,Y
PT04333,532-8114,TIRE 29.5R25,,High,8967.52,EA,S001,P102,N,2015-06-12,Y
PT00294,506-6296,SPROCKET SEGMENT,Undercarriage,High,420.13,EA,S002,P111,N,2015-09-11,Y
PT03787,8C-6952,COOLANT HOSE,,Low,78.46,EA,S003,P078,N,2019-12-05,Y
PT02152,6P-1035,RECOIL SPRING,Undercarriage,High,1637.76,EA,S002,P124,N,2023-04-17,Y
PT00807,9W-7242,SEAL KIT,Hydraulics,Medium,80.3,EA,S003,P124,N,2024-01-10,Y
PT02884,429-5101,AXLE SEAL,Power Train,Medium,118.76,EA,S001,P071,N,2018-07-10,Y
PT93260,6N1420,FUEL TRANSFER PUMP,Engine,High,393.96,EA,S003,P056,N,2018-04-01,Y
PT02594,204-2837,SWING MOTOR,Hydraulics,High,4958.64,EA,S003,P022,N,2025-04-01,Y
PT04296,327-4711,TIRE 29.5R25,Tires,High,6625.15,EA,S002,P110,N,2017-01-11,Y
PT01527,8G-9643,WIRING HARNESS,Electrical,Medium,773.28,EA,S002,P111,N,2018-06-30,Y
PT03688, 3G-0332,FAN BLADE,Cooling,Medium,335.91,EA,S035,P061,N,2020-10-16,Y
PT00943,4K-1522,WATER PUMP,Engine,High,573.17,EA,S002,P077,Y,2023-02-23,Y
PT00937,126 9881,FUEL INJECTOR,Engine,High,570.13,EA,,P123,N,2017-08-08,Y
PT02934,246-4812,BRAKE DISC,Power Train,Medium,278.07,EA,S003,P090,N,2025-04-29,Y
PT93870,8N2613,WINDOW GLASS,,Low,308.45,EA,S002,P103,N,2020-06-13,Y
PT01518,2W-4182,WIRING HARNESS,Electrical,Medium,457.21,EA,S003,P047,N,2022-07-13,Y
PT04016,4Y-7805,O-RING SEAL,Hardware,Low,3.0,EA,S001,P111,N,2023-03-05,Y
PT04405,242-7170,TIRE 12-16.5,Tires,Medium,532.95,EA,S027,P130,N,2021-02-11,Y
PT02041,387-3389,CARRIER ROLLER,Undercarriage,High,270.91,EA,S010,P054,N,2023-04-03,Y
PT03039,5L-2948,PISTON KIT,Engine,High,697.61,Ea.,S002,P108,Y,2015-07-22,Y
PT03298,7P-8282,FUEL TRANSFER PUMP,Engine,High,329.84,EA,S001,P103,N,2019-04-16,Y
PT02521,5B-9024,CONTROL VALVE,Hydraulics,High,5352.32,EA,S003,P018,N,2022-02-23,Y
PT04124,542-8531,HEX BOLT,,Low,6.9,EA,S016,P058,N,2018-06-03,Y
PT04048,1X-5544,O-RING SEAL,Hardware,Low,2.5,EA,S002,P044,N,2024-11-21,Y
PT00402,346-9074,CUTTING EDGE,Ground Engaging Tools,Medium,522.23,EA,S011,P086,N,2019-12-17,Y
PT00548,499-5638,ADAPTER,Ground Engaging Tools,Medium,139.87,EA,S003,P037,N,2023-08-08,Y
PT03473,517-8307,RELAY,Electrical,Low,25.81,EA,S002,P043,N,2020-06-24,Y
PT02720,2D-9226,TORQUE CONVERTER,Power Train,High,8224.78,EA,S001,P114,N,2019-07-26,Y
PT02908,391-1737,BRAKE DISC,Power Train,Medium,486.62,EA,S025,P008,N,2018-11-30,Y
PT01614,6L-2650,BATTERY,Electrical,,183.66,EA,S001,P040,Y,2022-08-03,Y
PT01890,145 7500,THERMOSTAT,Cooling,Medium,46.15,EA,S035,P111,N,2018-08-06,Y
PT04303,4D-7820,TIRE 29.5R25,Tires,High,16767.17,EA,S027,P021,N,2025-03-28,Y
PT02707,7L-0109,TRAVEL MOTOR,Power Train,High,12660.22,EA,S001,P026,N,2018-04-12,Y
PT04117,479-6420,HEX BOLT,Hardware,Low,4.03,EA,S016,P036,N,2022-01-07,Y
PT00201,9H-0498,IDLER GROUP,Undercarriage,High,3381.51,each,S001,P026,N,05/29/2022,Y
PT00190,136-6794,TRACK ROLLER,Undercarriage,High,444.84,EA,S009,P008,N,2024-11-22,Y
PT03580,0461-8700,WORK LIGHT LED,Electrical,Low,214.43,EA,S002,P095,N,2017-10-03,Y
PT03885,108-3155,WINDOW GLASS,Cab,Low,361.18,EA,S002,P130,N,2015-10-03,Y
PT01230,594-7992,V-BELT,Engine,Low,-27.18,EA,S003,P031,N,2023-08-14,Y
PT02201,205-2383,RIPPER SHANK,Ground Engaging Tools,Medium,1219.58,EA,S011,P015,N,2020-07-15,Y
PT01559,5I-7961,SENSOR SPEED,Electrical,Medium,190.66,EA,S015,P134,N,2024-07-19,Y
PT02832,3L-4530,AXLE SEAL,Power Train,Medium,69.65,EA,S001,P037,N,2021-07-04,Y
PT03611,164-8872,WORK LIGHT LED,Electrical,Low,245.68,EA,S003,P007,N,2020-08-19,Y
PT00010,1R-0777,HYDRAULIC FILTER,Filters,High,,EA,S006,P086,N,2018-10-12,Y
PT04286,6A-9078,TIRE 29.5R25,Tires,High,6539.07,EA,S027,P087,N,2021-12-02,Y
PT04416,9I-8063,TDTO TRANSMISSION OIL,Fluids,,26.0,GAL,S001,P047,N,2016-11-08,Y
PT03486,7X-4803,RELAY,Electrical,Low,39.56,Ea.,S003,P021,Y,2019-02-06,Y
PT03267,3A-1257,FUEL TRANSFER PUMP,Engine,High,478.2,EA,S003,P043,N,2024-12-11,Y
PT01718,8X-5006,CAB AIR FILTER,Filters,Low,25.67,EA,S003,P034,N,2021-06-25,Y
PT03849,8T-0197,WINDOW GLASS,Cab,Low,436.31,EA,S003,P030,N,2016-11-08,Y
PT00276,2B-9548,SPROCKET SEGMENT,Undercarriage,High,355.33,EA,S010,P087,N,2021-12-10,Y
PT00929,2p-4461,FUEL INJECTOR,Engine,High,$437.56,EA,S003,P079,Y,2022-07-07,Y
PT02253,7I-6443,RIPPER TIP,Ground Engaging Tools,Medium,93.76,EA,S001,P025,N,2024-10-05,Y
PT03839,4N-0351,WINDOW GLASS,Cab,Low,448.95,EA,S003,P028,N,2023-11-23,Y
PT02286,4G-2301,RIPPER TIP,Ground Engaging Tools,Medium,41.34,EA,S002,P053,N,2022-11-23,Y
PT01705,6L-5439,CAB AIR FILTER,Filters,Low,29.81,EA,S003,P011,N,2016-03-05,Y
PT02371,294-6207,BUCKET TOOTH RETAINER,Ground Engaging Tools,Low,8.7,EA,S003,P046,N,2019-08-28,Y
PT90915,1M8690,FUEL INJECTOR,Engine,High,1135.13,EA,S003,P008,N,2020-05-01,Y
PT03389,3C-8501,ECM CONTROLLER,Electrical,High,4408.13,EA,S001,P020,N,2023-02-01,Y
PT81042,112-4345,WATER PUMP (SUPERSEDED),Engine,High,856.2,EA,S003,P131,Y,12/28/2019,Y
PT03460,491-7473,RELAY,Electrical,Low,23.17,EA,S003,P008,N,2019-04-04,Y
PT00446,319-3072,END BIT,Ground Engaging Tools,Medium,185.67,EA,S011,P118,N,2019-09-19,Y
PT00427,2A-0779,END BIT,Ground Engaging Tools,Medium,226.53,EA,S003,P022,N,2015-01-27,Y
PT03395,3R-2704,MONITOR DISPLAY,Electrical,Medium,1650.36,EA,S003,P009,Y,2015-04-16,Y
PT01993,317-9006,TRACK BUSHING,Undercarriage,Medium,74.22,EA,S009,P130,N,2024-03-08,Y
PT03656,205-8855,FAN BLADE,Cooling,Medium,336.36,EA,S003,P006,N,2016-09-05,Y
PT01959,1H2450,TRACK PIN,Undercarriage,Medium,39.49,EA,S003,P044,N,2022-08-23,Y
PT00963,425-2199,WATER PUMP,Engine,High,499.25,EA,S001,P031,Y,2017-03-21,Y
PT00685,4L-8060,HYDRAULIC PUMP,Hydraulics,High,11378.56,EA,S003,P130,Y,2023-10-09,Y
PT03089,434-3097,PISTON KIT,Engine,High,585.01,EA,S003,P077,Y,2025-03-01,Y
PT00533,223-9672,ADAPTER,Ground Engaging Tools,Medium,77.07,EA,S001,P108,N,2017-03-02,Y
PT02146,576-1553,RECOIL SPRING,Undercarriage,High,1182.28,EA,S009,P014,N,2021-04-09,Y
PT03686,7J-3445,FAN BLADE,Cooling,Medium,248.99,EA,S001,P117,N,2015-12-18,Y
PT03788,2M-5247,COOLANT HOSE,Cooling,Low,54.34,EA,S003,P128,N,07/31/15,Y
PT90907,9V8757,FUEL INJECTOR,Engine,High,893.11,EA,S002,P067,Y,2016-07-19,Y
PT02799,516-9582,TRANSMISSION CLUTCH DISC,Power Train,Medium,228.95,EA,S002,P123,N,2021-10-06,Y
PT00612,3Y-8851,HYDRAULIC HOSE ASSEMBLY,Hydraulics,High,159.16,EA,S007,P006,N,2024-06-18,Y
PT03274,381-9745,FUEL TRANSFER PUMP,Engine,High,$764.18,EA,S003,P110,Y,2017-09-12,Y
PT03532,196-5706,RELAY,Electrical,Low,24.21,EA,CAT,P043,N,2018-06-03,Y
PT02303,320-9092,RIPPER TIP,Ground Engaging Tools,Medium,83.38,EA,S001,P047,N,2024-11-10,Y
PT92934,2464812,BRAKE DISC,Power Train,Medium,278.07,EA,S003,P090,N,2025-04-29,Y
PT02861,1K-0498,AXLE SEAL,Power Train,Medium,76.68,EA,S001,P040,N,2023-07-17,Y
PT01604,127-7471,BATTERY,Electrical,Medium,327.08,EA,S029,P054,Y,2019-05-13,Y
PT02989,4E-4143,CYLINDER HEAD,Engine,High,4533.68,EA,S003,P098,Y,2025-03-16,Y
PT93544,2Y1687,RELAY,Electrical,Low,15.68,Ea.,S034,P062,N,2022-01-06,Y
PT01368,1M-9273,ALTERNATOR,Electrical,Medium,1086.95,EA,S029,P093,N,2025-01-20,Y
PT81826,432-3173,RADIATOR (SUPERSEDED),Cooling,High,3415.3,EA,S035,P122,N,2015-04-07,Y
PT03934,349-4210,MIRROR,Cab,Low,87.36,EA,,P063,N,2015-11-04,Y
PT03954,274-3954,MIRROR,Cab,Low,56.77,EA,CAT,P131,N,2017-12-22,Y
PT01831,128-9162,RADIATOR,Cooling,High,1802.66,EA,S035,P112,N,2022-04-08,Y
PT00087,246-5396,TRACK ROLLER,Undercarriage,High,365.47,EA,S010,P123,N,2019-09-09,Y
PT00519,226-6526,ADAPTER,Ground Engaging Tools,Medium,125.44,EA,S003,P127,N,2016-02-09,Y
PT02490,122-7912,CONTROL VALVE,Hydraulics,High,6573.14,EA,CAT,P026,Y,2016-09-05,Y
PT03987,462-9671,O-RING SEAL,Hardware,Low,2.25,EA,S002,P129,N,2018-09-28,Y
PT01944,266-4857,TRACK PIN,Undercarriage,Medium,45.23,EA,S002,P019,N,2015-07-26,Y
PT03022,2I-3173,PISTON KIT,Engine,High,1304.82,EA,S001,P110,N,08/20/2018,Y
PT01608,576-1210,Battery,Electrical,Medium,237.47,EA,,P041,N,2017-12-19,Y
PT00723,2S-8114,HYDRAULIC PUMP,Hydraulics,High,7986.32,EA,S002,P087,Y,2021-04-26,Y
PT00735,265-9883,HYDRAULIC PUMP,Hydraulics,High,"$10,901.32",EA,S031,P090,Y,2020-11-09,Y
PT02530,405-9718,CONTROL VALVE,Hydraulics,High,3111.39,EA,S002,P066,N,2020-12-28,Y
PT02607,431-9155,SWING MOTOR,Hydraulics,High,"$6,330.41",EA,S031,P082,Y,2015-04-27,Y
PT02555,3W-4182,SWING MOTOR,Hydraulics,High,7187.53,EA,S031,P058,Y,2015-02-27,Y
PT03006,3r-6348,CYLINDER HEAD,Engine,High,2819.05,EA,S003,P010,N,2020-03-27,Y
PT02101,2W-7291,CARRIER ROLLER,,High,567.15,EA,S003,P128,N,2016-02-02,Y
PT00566,5W-8398,ADAPTER,Ground Engaging Tools,Medium,98.91,EA,S002,P078,N,2015-12-09,Y
PT03064,417-1234,PISTON KIT,Engine,High,1364.44,EA,S002,P039,Y,2018-03-18,Y
PT03675,132-8833,FAN BLADE,Cooling,Medium,347.23,EA,S003,P112,N,2021-11-17,Y
PT02002,391-6076,TRACK BUSHING,Undercarriage,Medium,97.43,EA,S002,P061,N,2016-08-21,Y
PT04379,2V-4710,TIRE 12-16.5,Tires,Medium,247.09,EA,CAT,P076,N,2021-04-09,Y
PT03432,1C-8057,MONITOR DISPLAY,Electrical,Medium,2036.48,EA,S001,P089,Y,2016-06-27,Y
PT02857,311 3410,AXLE SEAL,Power Train,Medium,118.26,EA,S002,P063,N,2024-08-08,Y
PT03725,9Y-2717,FAN BLADE,Cooling,Medium,247.32,EA,S001,P101,N,2020-09-29,Y
PT00550,8P-8756,ADAPTER,Ground Engaging Tools,Medium,144.6,EA,S001,P106,N,2020-12-02,Y
PT00316,1D-7771,TRACK LINK ASSEMBLY,Undercarriage,High,8512.88,EA,S010,P131,N,2020-04-25,Y
PT02157,497-0995,RECOIL SPRING,Undercarriage,High,1849.91,EA,S001,P024,N,2023-12-25,Y
PT01276,6P-4327,V-BELT,Engine,Low,37.94,EA,S003,P083,N,2022-09-09,Y
PT01137,299-5394,TURBOCHARGER,Engine,High,3921.98,EA,S003,P111,Y,2023-04-12,Y
PT04040,4L-9807,O-RING SEAL,Hardware,Low,2.76,EA,S001,P128,N,20250325,Y
PT03902,9W-1581,WINDOW GLASS,Cab,Low,358.39,EA,S036,P065,N,2019-01-30,Y
PT01388,2I-2580,ALTERNATOR,Electrical,Medium,955.67,EA,S015,P027,N,2024-04-08,Y
PT02001,5L-8104,TRACK BUSHING,Undercarriage,Medium,55.48,EA,S009,P027,N,2023-12-23,Y
PT04304,0590-1856,TIRE 29.5R25,Tires,High,6767.23,EA,S002,P098,N,2018-09-25,Y
PT01462,3Y-1002,STARTER MOTOR,Electrical,High,1155.69,EA,S001,P010,N,2022-05-23,Y
PT03904,574-8213,WINDOW GLASS,Cab,Low,539.18,EA,S003,P054,N,2023-01-22,Y
PT81356,9R 0554,ALTERNATOR (SUPERSEDED),Electrical,Medium,823.35,EA,S001,P076,Y,2017-04-30,Y
PT01612,8I-3726,BATTERY,Electrical,,184.56,EA,S029,P008,Y,2022-07-06,Y
PT03937,479-7672,MIRROR,Cab,Low,121.16,EA,S036,P048,N,2022-04-09,Y
PT02470,7K-3719,CONTROL VALVE,Hydraulics,High,5754.08,EA,S007,P006,N,2023-02-12,Y
PT03028,440-9311,PISTON KIT,Engine,High,1392.9,EA,S002,P067,N,2015-08-03,Y
PT01168,2021329,GASKET KIT,Engine,Medium,276.02,EA,S001,P073,N,2018-04-22,Y
PT04366,8U-5443,TIRE 12-16.5,Tires,Medium,423.43,EA,S001,P127,N,2022-10-16,Y
PT02571,400-3620,SWING MOTOR,Hydraulics,High,7692.78,EA,S003,P124,N,2016-10-25,Y
PT03845,435-0069,WINDOW GLASS,Cab,Low,415.46,EA,S001,P126,N,2022-01-14,Y
PT04377,229-3033,TIRE 12-16.5,Tires,Medium,205.32,EA,S001,P113,N,2020-03-03,Y
PT04090,8D-2207,HEX BOLT,Hardware,Low,3.3,EA,S002,P069,N,2023-03-19,Y
PT02585,1J-3291,SWING MOTOR,Hydraulics,High,5284.65,EA,S002,P056,Y,2024-03-01,Y
PT03605,4W-5063,WORK LIGHT LED,Electrical,Low,265.35,EA,S003,P031,N,2022-10-27,Y
PT00024,113-7273,TRACK SHOE,Undercarriage,High,269.96,EA,S001,P086,N,2023-01-13,Y
PT91707,2558810,CAB AIR FILTER,Filters,Low,63.94,EA,S002,P126,N,2019-10-11,Y
PT03504,4E-9200,RELAY,Electrical,Low,33.12,EA,S034,P113,N,2024-07-30,Y
PT82044,9U-1512,CARRIER ROLLER (SUPERSEDED),Undercarriage,High,509.98,EA,S001,P017,N,2022-10-24,Y
PT01990,540-4013,TRACK BUSHING,Undercarriage,Medium,71.01,EA,S003,P022,N,2023-10-08,Y
PT03928,488-9361,MIRROR,Cab,Low,70.76,EA,S099,P041,N,2025-04-17,Y
PT03496,1Y-5072,RELAY,,Low,30.78,EA,S002,P082,N,2023-12-31,Y
PT00844,5W-5672,SEAL KIT,Hydraulics,Medium,124.24,EA,S031,P133,Y,2019-10-10,Y
PT03294,3C-3608,FUEL TRANSFER PUMP,Engine,High,330.32,EA,S003,P102,N,2020-09-20,Y
PT01341,5Y-7189,ALTERNATOR,Electrical,Medium,$896.96,EA,S029,P126,Y,2016-07-27,Y
PT02944,226-1371,CYLINDER HEAD,Engine,High,6149.85,EA,S002,P110,N,2024-12-18,Y
PT01098,6U-7590,TURBOCHARGER,Engine,High,4331.08,EA,S002,P006,N,2024-01-13,Y
PT01399,542-1116,ALTERNATOR,Electrical,Medium,406.67,EA,S001,P042,Y,20170823,Y
PT04169,4W-8938,WASHER HARD,Hardware,Low,0.95,EA,S016,P095,N,2016-04-03,Y
PT02073,484-3853,Carrier  Roller,Undercarriage,High,423.33,EA,S002,P115,N,2016-07-30,Y
PT01437,1V-1078,STARTER MOTOR,Electrical,High,860.14,EA,S003,P090,Y,2021-12-13,Y
PT02853,5T-4578,AXLE SEAL,Power Train,Medium,126.46,EA,S001,P061,N,2015-05-20,Y
PT01019,362-5747,WATER PUMP,Engine,High,449.74,EA,S002,P006,N,2022-03-25,Y
PT02943,4B-1527,BRAKE DISC,Power Train,Medium,388.48,EA,S003,P030,N,2018-04-23,Y
PT01288,149-1823,V-BELT,Engine,Low,23.0,EA,S099,P069,N,2015-07-27,Y
PT03583,2F-0186,WORK LIGHT LED,Electrical,Low,271.8,EA,S003,P062,N,2025-01-08,Y
PT03650,288-0987,FAN BLADE,Cooling,Medium,362.24,EA,S035,P037,N,2024-07-02,Y
PT02158,7Y-7121,RECOIL SPRING,Undercarriage,High,2252.63,EA,S001,P112,N,2022-06-17,Y
PT04170,3T-1571,WASHER HARD,Hardware,Low,1.04,EA,S016,P117,N,2023-01-09,Y
PT00918,196-2813,FUEL INJECTOR,Engine,High,472.26,EA,S001,P098,N,2019-09-13,Y
PT04020,6L-4885,O-RING SEAL,Hardware,Low,2.44,EA,S002,P132,N,2016-12-19,Y
PT02727,6B-0798,TORQUE CONVERTER,Power Train,High,9800.53,EA,S002,P014,N,2018-05-17,Y
PT01404,1R-8758,ALTERNATOR,Electrical,Medium,1031.06,EA,S002,P125,N,2018-03-16,Y
PT02011,422-3030,TRACK BUSHING,Undercarriage,Medium,39.11,EA,S003,P088,N,2024-04-14,Y
PT03373,8F-4148,ECM CONTROLLER,Electrical,,2935.69,EA,S001,P026,Y,2021-06-09,Y
PT00303,5T-3332,SPROCKET SEGMENT,Undercarriage,High,372.53,EA,S002,P068,N,2019-02-17,Y
PT03945,9S5640,MIRROR,,Low,61.8,EA,S001,P047,N,2018-06-13,Y
PT04144,5U-4009,WASHER HARD,Hardware,Low,0.74,EA,S003,P014,N,2020-11-19,Y
PT02583,520-5834,SWING MOTOR,Hydraulics,High,11478.68,EA,S001,P086,N,2017-01-20,Y
PT02700,6U-1375,TRAVEL MOTOR,Power Train,High,14987.55,EA,,P093,N,2016-01-31,Y
PT03125,3F-0081,PISTON KIT,Engine,High,871.53,EA,S002,P113,N,2022-06-08,Y
PT01144,9M-0149,GASKET KIT,Engine,Medium,273.04,EA,S001,P096,Y,2022-01-10,Y
PT01072,134-3543,TURBOCHARGER,Engine,High,4787.33,EA,S002,P107,N,2018-01-29,Y
PT01171,5C-1054,GASKET KIT,Engine,Medium,231.5,EA,S003,P126,N,2017-09-15,Y
PT01188,565-4915,GASKET KIT,Engine,Medium,202.28,EA,,P106,N,2015-09-30,Y
PT00214,1H-1474,IDLER GROUP,Undercarriage,High,1946.61,EA,S001,P124,N,2019-07-22,Y
PT04197,583-7049,WASHER HARD,Hardware,Low,1.46,EA,S002,P051,N,2025-03-07,Y
PT02507,271-8274,CONTROL VALVE,Hydraulics,High,6443.65,EA,S002,P089,N,2018-09-08,Y
PT00925,315-3840,FUEL INJECTOR,Engine,High,906.3,EA,S001,P070,N,2019-04-18,Y
PT02566,131-4669,SWING MOTOR,Hydraulics,High,12532.39,EA,S003,P052,N,2023-03-01,Y
PT01896,416-9462,THERMOSTAT,Cooling,Medium,60.93,EA,S002,P011,N,2020-02-18,Y
PT03059,5X-3168,PISTON KIT,Engine,,1337.61,EA,S002,P131,Y,2023-11-22,Y
PT02867,4L-5033,AXLE SEAL,Power Train,,119.82,EA,S025,P066,N,2018-07-29,Y
PT01044,257-9777,WATER PUMP,Engine,High,589.77,EA,S003,P004,N,2021-05-06,Y
PT02336,467-2416,BUCKET TOOTH RETAINER,Ground Engaging Tools,Low,5.92,EA,S003,P022,N,2024-06-10,Y
PT01826,432-3172,RADIATOR,Cooling,High,3415.3,EA,S035,P122,N,2015-04-07,Y
PT03548,4F-6785,RELAY,Electrical,Low,38.32,EA,S002,P013,N,2020-08-23,Y
PT00593,450-4412,HYDRAULIC HOSE ASSEMBLY,Hydraulics,High,196.77,EA,S001,P004,N,2015-05-27,Y
PT01280,6C-3503,V-BELT,,Low,29.64,EA,S002,P109,N,2023-03-05,Y
PT02639,9L0355,FINAL DRIVE,Power Train,High,22697.72,EA,S001,P123,N,2024-10-25,Y
PT02662,244-4078,FINAL DRIVE,Power Train,High,22617.39,EA,S025,P007,N,2017-02-08,Y
PT03663,7F-8376,FAN BLADE,Cooling,Medium,439.69,EA,S002,P094,N,2018-05-13,Y
PT00999,325-1344,WATER PUMP,Engine,High,362.42,EA,S001,P016,Y,2023-07-08,Y
PT00944,2G-3535,WATER PUMP,Engine,High,912.91,EA,S001,P123,N,2015-09-19,Y
PT00865,6D-2954,HYDRAULIC CYLINDER,Hydraulics,High,2924.1,EA,S002,P127,N,2019-01-23,Y
PT04250,2I-3238,TIRE 29.5R25,Tires,High,12295.63,EA,S003,P053,N,2025-03-24,Y
PT00417,2M-4045,END BIT,Ground Engaging Tools,Medium,179.37,EA,S002,P023,N,2015-09-05,Y
PT02927,9N-6698,BRAKE DISC,Power Train,Medium,377.65,EA,S001,P054,N,2018-06-18,Y
PT00171,8B-5403,TRACK ROLLER,Undercarriage,High,583.26,EA,S003,P062,N,2023-03-25,Y
PT01916,3N-7307,TRACK PIN,Undercarriage,Medium,106.41,EA,S010,P122,N,2021-08-14,Y
PT04200,6I-2171,WASHER HARD,Hardware,Low,1.64,EA,S001,P120,N,2022-04-12,Y
PT03996,436-4013,O-RING SEAL,Hardware,Low,3.08,EA,S016,P073,N,2018-09-28,Y
PT01555,234-1675,SENSOR SPEED,Electrical,Medium,239.07,EA,S003,P103,N,2019-11-14,Y
PT02045,8J-0585,CARRIER ROLLER,Undercarriage,High,374.4,EA,S001,P017,N,2025-01-09,Y
PT00245,8S-1086,IDLER GROUP,Undercarriage,High,1944.25,EA,S010,P020,N,2025-02-10,Y
PT02842,4L-7481,AXLE SEAL,Power Train,Medium,129.87,EA,S002,P081,N,2022-09-27,Y
PT01770,221-8133,TRANSMISSION FILTER,Filters,Medium,75.68,EA,S021,P084,N,2016-11-08,Y
PT00220,5C-8412,IDLER GROUP,Undercarriage,High,3190.53,EA,S009,P080,N,2019-06-30,Y
PT03128,451-4515,PISTON KIT,Engine,High,500.48,EA,S001,P085,N,2021-11-02,Y
PT80577,9E-0676,HYDRAULIC HOSE ASSEMBLY (SUPERSEDED),,High,85.57,EA,S002,P018,N,2024-05-01,Y
PT92055,8A3079,CARRIER ROLLER,Undercarriage,High,574.42,EA,S002,P089,N,2020-03-02,Y
PT02467,1Y-2125,SIDE CUTTER,Ground Engaging Tools,Medium,189.8,EA,S003,P067,N,2019-03-09,Y
PT93220,6N0206,FUEL TRANSFER PUMP,Engine,High,292.56,ea,S002,P032,N,2023-04-16,Y
PT03380,1K-7627,ECM CONTROLLER,Electrical,High,4095.83,EA,S003,P051,N,2024-06-05,Y
PT91230,5947992,V-BELT,Engine,Low,-27.18,EA,S003,P031,N,2023-08-14,Y
PT00775,469-0522,SEAL KIT,Hydraulics,,98.63,EA,S003,P040,Y,2024-11-24,Y
PT02693,08B-1823,TRAVEL MOTOR,Power Train,High,15510.44,EA,S024,P004,N,2017-06-11,Y
PT01848,563-8420,RADIATOR,Cooling,High,2880.35,EA,S001,P085,N,2025-01-24,Y
PT00007,6I-2501,PRIMARY AIR FILTER,Filters,Medium,112.0,EA,S003,P103,N,2017-05-23,Y
PT83940,4G-4629,MIRROR (SUPERSEDED),Cab,Low,57.82,EA,S001,P052,N,2021-02-23,Y
PT02838, 575-8376,AXLE SEAL,Power Train,Medium,109.81,EA,S003,P077,N,2024-06-16,Y
PT01165,7I-5307,GASKET KIT,Engine,Medium,249.93,EA,S002,P053,N,2018-08-10,Y
PT03051,6U-1588,PISTON KIT,Engine,High,752.23,EA,S002,P027,Y,2024-06-27,Y
PT02845,3X-1325,AXLE SEAL,Power Train,,0,EA,S003,P058,N,2018-11-13,Y
PT02631,7W-7847,FINAL DRIVE,Power Train,High,20038.86,EA,S025,P051,N,2021-05-18,Y
PT01651,8X-7638,CAB AIR FILTER,Filters,Low,73.01,each,S002,P134,N,2023-02-09,Y
PT02066,551-8875,CARRIER ROLLER,Undercarriage,High,544.23,EA,S003,P061,N,2019-04-16,Y
PT00444,2V-3491,END BIT,Ground Engaging Tools,Medium,$246.92,EA,S026,P001,N,2022-03-03,Y
PT00319,225-5741,TRACK LINK ASSEMBLY,Undercarriage,High,3511.04,EA,S002,P023,N,2020-10-01,Y
PT02043,2R-1393,CARRIER ROLLER,Undercarriage,High,233.17,EA,S003,P052,N,2022-07-15,Y
PT00410,5A-3526,CUTTING EDGE,Ground Engaging Tools,Medium,333.09,EA,S026,P007,N,2016-02-10,Y
PT02306,276-2675,RIPPER TIP,Ground Engaging Tools,Medium,42.41,EA,S003,P126,N,2020-10-10,Y
PT03628,522-1727,FAN BLADE,Cooling,Medium,180.24,EA,S002,P043,N,2023-12-17,Y
PT02796,9D-7196,TRANSMISSION CLUTCH DISC,Power Train,Medium,192.66,each,S001,P013,N,2016-08-14,Y
PT04326,7E-4501,TIRE 29.5R25,Tires,High,16069.14,EA,S003,P012,N,2021-12-30,Y
PT01074,224-3493,TURBOCHARGER,Engine,,3660.14,EA,S003,P057,Y,2019-12-20,Y
PT00349,1E-7009,TRACK LINK ASSEMBLY,Undercarriage,High,8249.08,EA,S009,P127,N,2015-03-08,Y
PT01448,412-3649,Starter  Motor,Electrical,High,671.51,EA,S002,P010,Y,2019-10-04,Y
PT03272,2J-0079,FUEL TRANSFER PUMP,Engine,High,590.57,EA,S001,P134,N,2023-08-07,Y
PT00852,2H-4006,SEAL KIT,Hydraulics,Medium,70.27,EA,S001,P039,N,2015-01-04,Y
PT81415,1D-9214,ALTERNATOR (SUPERSEDED),Electrical,Medium,479.27,EA,S001,P048,N,2020-12-11,Y
PT93787,8C6952,COOLANT HOSE,,Low,78.46,EA,S003,P078,N,2019-12-05,Y
PT04107,3M-5827,HEX BOLT,Hardware,Low,3.11,EA,S016,P108,N,2022-10-06,Y
PT02323,6G-0735,BUCKET TOOTH RETAINER,Ground Engaging Tools,Low,4.29,EA,S001,P125,N,2021-11-29,Y
PT01995,376-0277,TRACK BUSHING,Undercarriage,Medium,95.48,EA,S009,P060,N,2019-06-02,Y
PT00034,2K-7403,TRACK SHOE,Undercarriage,High,164.28,EA,S002,P076,N,2017-01-29,Y
PT01326,348-0439,V-BELT,Engine,Low,23.26,EA,S003,P118,N,2024-12-26,Y
PT04339,5W-6967,TIRE 29.5R25,Tires,High,14168.26,EA,S027,P083,N,2019-10-11,Y
PT00857,9D-6735,SEAL KIT,Hydraulics,Medium,65.0,EA,S001,P116,N,2019-07-27,Y
PT02235,493-9136,RIPPER SHANK,Ground Engaging Tools,Medium,1497.49,EA,S011,P058,N,2021-04-17,Y
PT02866,8C-8623,AXLE SEAL,Power Train,Medium,134.23,EA,S003,P041,N,2024-09-12,Y
PT03916,9D-9658,MIRROR,Cab,Low,60.48,EA,S003,P097,N,2016-09-08,Y
PT04221,224-4954,WASHER HARD,Hardware,Low,0.65,Ea.,S016,P078,N,2019-06-03,Y
PT90780,6I5658,SEAL KIT,Hydraulics,Medium,105.03,EA,S007,P010,N,2017-01-30,Y
PT01261,538-5077,V-Belt,Engine,Low,22.34,EA,S003,P077,Y,2020-03-31,Y
PT03880,9X-1956,WINDOW GLASS,Cab,Low,659.99,ea,S001,P036,N,2016-08-22,Y
PT00770,1S-9977,SEAL KIT,Hydraulics,Medium,71.17,EA,S002,P073,Y,2023-01-31,Y
PT03673,7F-5710,FAN BLADE,,Medium,231.08,EA,S001,P106,N,2019-02-07,Y
PT00475,2L-2643,END BIT,Ground Engaging Tools,Medium,107.52,EA,S003,P131,N,2016-11-07,Y
PT00270,9I4590,SPROCKET SEGMENT,Undercarriage,High,238.18,EA,S001,P016,N,2020-12-19,Y
PT03768,524-8440,COOLANT HOSE,Cooling,Low,39.42,EA,S002,P084,N,2016-08-30,Y
PT03543,9K-3274,RELAY,Electrical,Low,37.45,EA,S015,P098,Y,2023-03-17,Y
PT00703,4C-9061,HYDRAULIC PUMP,Hydraulics,High,7697.88,EA,S001,P098,Y,2024-09-15,Y
PT01191,7R1709,GASKET KIT,Engine,Medium,274.28,EA,S003,P077,Y,2022-03-16,Y
PT03402,231-6426,MONITOR DISPLAY,Electrical,Medium,801.59,EA,S034,P006,Y,2020-02-26,Y
PT03949,9R-8880,MIRROR,Cab,Low,119.9,EA,S036,P043,N,2021-03-19,Y
PT00421,4X-4483,END BIT,Ground Engaging Tools,Medium,173.62,EA,S001,P106,N,2016-08-19,Y
PT01845,1P-0059,RADIATOR,Cooling,High,3774.13,EA,S035,P020,N,2019-11-02,Y
PT02407,5P-2189,SIDE CUTTER,Ground Engaging Tools,Medium,233.52,EA,S001,P030,N,06/18/22,Y
PT01954,108-3407,TRACK PIN,Undercarriage,Medium,106.66,EA,S001,P104,N,2018-08-04,Y
PT01638,2T-6473,BATTERY,Electrical,Medium,226.18,EA,S002,P070,N,2016-12-24,Y
PT01282,205-9054,V-BELT,Engine,,44.54,EA,S003,P029,Y,2017-05-14,Y
PT81353,313-0187,ALTERNATOR (SUPERSEDED),Electrical,Medium,982.97,EA,S029,P015,Y,2016-02-13,Y
PT02516,3R-3026,CONTROL VALVE,Hydraulics,High,5110.93,EA,S031,P003,N,2017-03-10,Y
PT00797,120-9889,SEAL KIT,Hydraulics,Medium,119.14,EA,S002,P083,N,2016-03-23,Y
PT00902,9W-4129,FUEL INJECTOR,Engine,High,1023.46,EA,S003,P013,N,2023-10-06,Y
PT03649,476-6888,FAN BLADE,Cooling,Medium,310.27,EA,S003,P127,N,2015-08-21,Y
PT04322,8T-2433,TIRE 29.5R25,Tires,High,15410.52,EA,S003,P125,N,2019-01-15,Y
PT01401,478-0293,ALTERNATOR,Electrical,Medium,936.9,EA,S002,P059,N,2021-10-10,Y
PT02165,326-2182,RECOIL SPRING,Undercarriage,High,1668.73,EA,S009,P092,N,2020-01-17,Y
PT00994,7X-6181,WATER PUMP,Engine,High,634.2,EA,S003,P079,Y,2022-04-18,Y
PT04054,424-4844,O-RING SEAL,Hardware,Low,2.13,EA,S002,P042,N,2016-07-02,Y
PT01216,263-9541,GASKET KIT,Engine,Medium,268.39,EA,S001,P002,N,2016-01-29,Y
PT03965,9U-6210,O-RING SEAL,Hardware,Low,3.32,EA,S016,P123,N,2015-09-21,Y
PT03630,7P-8082,FAN BLADE,Cooling,Medium,178.3,EA,S003,P041,N,2021-08-07,Y
PT02926,582-0376,BRAKE DISC,Power Train,Medium,557.78,EA,S002,P042,N,2017-10-20,Y
PT00856,4X-1258,SEAL KIT,Hydraulics,Medium,$124.33,EA,S031,P109,N,2020-05-18,Y
PT04189,408-3102,WASHER HARD,Hardware,Low,1.57,EA,S002,P094,N,2021-05-03,Y
PT01504,243-6401,WIRING HARNESS,Electrical,Medium,624.48,EA,S001,P035,N,2020-04-02,Y
PT02911,4U-2993,BRAKE DISC,Power Train,Medium,364.05,PC,S003,P055,N,2024-04-06,Y
PT93932,2S7064,MIRROR,Cab,Low,120.42,EA,S036,P110,N,2022-01-26,Y
PT02020,1U-4104,TRACK BUSHING,Undercarriage,Medium,38.96,EA,S001,P097,N,2020-02-20,Y
PT00712,425-7030,HYDRAULIC PUMP,Hydraulics,High,8322.49,EA,S001,P104,Y,2020-03-21,Y
PT02147,9A-9021,RECOIL SPRING,Undercarriage,High,2644.04,EA,S009,P054,N,2015-06-18,Y
PT92819,4714125,TRANSMISSION CLUTCH DISC,Power Train,Medium,150.28,EA,,P114,N,2024-01-17,Y
PT01243,278-5232,V-BELT,Engine,Low,36.02,EA,S003,P033,N,2016-07-03,Y
PT01648,597-6151,BATTERY,Electrical,Medium,335.72,EA,S034,P056,N,2021-05-20,Y
PT02083,1S-1694,CARRIER ROLLER,Undercarriage,High,278.57,EA,S001,P112,N,2016-04-04,Y
PT01181,119-1406,GASKET KIT,Engine,Medium,241.65,EA,S003,P120,Y,2019-07-07,Y
PT02122,1B1482,CARRIER ROLLER,Undercarriage,High,430.9,EA,S003,P114,N,2021-05-25,Y
PT83487,492-5267,RELAY (SUPERSEDED),Electrical,Low,17.01,EA,S003,P134,Y,2021-12-01,Y
PT02632,230-9857,FINAL DRIVE,Power Train,High,13293.04,EA,S002,P132,N,06/18/24,Y
PT02657,404-2509,FINAL DRIVE,Power Train,High,24309.93,EA,S001,P099,N,2017-05-28,Y
PT03719,186-3995,FAN BLADE,Cooling,Medium,362.3,EA,S035,P125,N,2015-01-17,Y
PT01348,6J-5752,ALTERNATOR,Electrical,Medium,672.22,EA,S003,P045,Y,2024-02-04,Y
PT03798,6X-9179,SEAT ASSEMBLY,Cab,Low,1687.47,EA,S036,P078,N,2016-08-20,Y
PT01219,9R-8071,GASKET KIT,Engine,Medium,115.55,EA,S001,P050,Y,2023-12-30,Y
PT00151,7C-4632,TRACK ROLLER,Undercarriage,High,541.13,EA,S003,P025,N,2017-12-13,Y
PT01637,4I-2167,BATTERY,Electrical,Medium,245.81,EA,,P120,N,2017-09-10,Y
PT01061,317-1523,TURBOCHARGER,Engine,High,3517.33,EA,S001,P006,N,2024-04-05,Y
PT02637,466-1634,FINAL DRIVE,Power Train,High,23758.98,EA,S024,P123,N,2015-11-29,Y
PT03015,3P-6881,CYLINDER HEAD,Engine,High,4634.92,EA,S002,P001,Y,2022-12-31,Y
PT00683,233-7679,HYDRAULIC PUMP,,High,11503.44,EA,S001,P103,Y,2023-09-30,Y
PT02795,563-7063,TRANSMISSION CLUTCH DISC,Power Train,,201.04,EA,S003,P016,N,2020-05-25,Y
PT04213,3U-4743,WASHER HARD,Hardware,Low,0.92,EA,S001,P125,N,2023-09-25,Y
PT01920,4I 0069,TRACK PIN,Undercarriage,Medium,48.01,EA,S001,P009,N,2020-07-21,Y
PT00140,1P-0056,TRACK ROLLER,Undercarriage,,356.5,EA,S001,P006,N,2020-11-15,Y
PT03345,4G-5561,ECM CONTROLLER,Electrical,High,3745.83,EA,S003,P132,N,2021-01-02,Y
PT00363,591-0759,CUTTING EDGE,Ground Engaging Tools,,502.33,EA,S026,P049,N,2019-07-12,Y
PT03864,144-7906,WINDOW GLASS,Cab,Low,655.37,EA,S002,P080,N,2024-08-07,Y
PT01333,131-0153,ALTERNATOR,,Medium,649.85,EA,S002,P123,Y,2020-10-17,Y
PT04307,256-6823,TIRE 29.5R25,Tires,High,10711.44,EA,S027,P058,N,2024-05-21,Y
PT00654,5N-1744,HYDRAULIC HOSE ASSY,Hydraulics,High,211.43,EA,S007,P105,N,2019-03-09,Y
PT03428,558-3661,MONITOR DISPLAY,Electrical,Medium,1537.91,each,S003,P045,N,2018-09-15,Y
PT03430,582-5422,MONITOR DISPLAY,Electrical,Medium,2243.61,EA,S001,P018,N,2017-12-08,Y
PT00659,8P-1899,HYDRAULIC HOSE ASSEMBLY,Hydraulics,,89.41,EA,S003,P108,Y,2020-06-20,Y
PT01860,451-4424,THERMOSTAT,Cooling,Medium,-33.59,EA,S035,P067,N,2022-02-02,Y
PT03487,492-5266,RELAY,Electrical,Low,17.01,EA,S003,P134,Y,2021-12-01,Y
PT00581,243-5176,HYDRAULIC HOSE ASSEMBLY,Hydraulics,High,207.8,EA,S001,P111,N,2020-02-26,Y
PT01140,456-3893,GASKET KIT,Engine,Medium,110.22,EA,S002,P110,N,2018-10-06,Y
PT02203,4I-2175,RIPPER SHANK,Ground Engaging Tools,Medium,"$1,108.27",EA,S001,P041,N,2018-11-30,Y
PT01008,6N-6693,WATER PUMP,Engine,High,846.69,EA,S003,P109,N,2022-04-02,Y
PT03610,3D-3295,WORK LIGHT LED,Electrical,Low,315.16,EA,S034,P041,N,2020-02-18,Y
PT04042,8I-6756,O-RING SEAL,Hardware,,1.86,EA,S003,P090,N,2015-08-05,Y
PT03177,422-3614,CRANKSHAFT BEARING,Engine,Medium,112.81,EA,S003,P111,Y,2019-02-16,Y
PT00345,509-0242,TRACK LINK ASSEMBLY,Undercarriage,High,6151.92,EA,S001,P051,N,2015-02-02,Y
PT80994,7X-6182,WATER PUMP (SUPERSEDED),Engine,High,634.2,EA,S003,P079,Y,2022-04-18,Y
PT00742,8C-1870,HYDRAULIC PUMP,Hydraulics,High,10946.75,EA,S003,P073,N,2023-03-23,Y
PT04132,302 6972,HEX BOLT,Hardware,Low,,EA,S002,P031,N,2021-09-30,Y
PT00370,4954881,CUTTING EDGE,Ground Engaging Tools,Medium,412.7,EA,S026,P097,N,2018-08-14,Y
PT03333,8P-6817,ECM CONTROLLER,Electrical,High,4374.61,EA,S003,P014,N,2018-06-02,Y
PT03778,6M-5511,COOLANT HOSE,Cooling,Low,58.05,EA,S003,P089,N,2021-11-18,Y
PT00164,458-1199,TRACK ROLLER,Undercarriage,High,343.96,EA,S001,P021,N,2020-02-03,Y
PT04284,329-1983,TIRE 29.5R25,Tires,High,12563.55,EA,S028,P121,N,2023-10-22,Y
PT03007,517-4433,CYLINDER HEAD,Engine,High,5665.1,EA,S001,P101,N,2015-11-16,Y
PT01508,1L-0576,WIRING HARNESS,Electrical,Medium,626.85,EA,S001,P065,N,2020-08-23,Y
PT00577,9E-0675,HYDRAULIC HOSE ASSEMBLY,,High,85.57,EA,S002,P018,N,2024-05-01,Y
PT03572,7K-5569,WORK LIGHT LED,Electrical,Low,111.55,EA,S001,P129,N,2019-07-30,Y
PT03733,2H-9843,COOLANT HOSE,Cooling,Low,42.95,EA,S035,P099,N,2022-10-02,Y
PT02078,5S-7057,CARRIER ROLLER,Undercarriage,High,564.55,EA,S003,P099,N,2022-09-28,Y
PT02199,456-8837,RIPPER SHANK,Ground Engaging Tools,Medium,1394.87,each,S002,P084,N,2019-01-03,Y
PT03556,516-4088,WORK LIGHT LED,Electrical,Low,119.78,EA,S001,P058,Y,2019-07-09,Y
PT00568,5G-0353,ADAPTER,Ground Engaging Tools,Medium,61.56,EA,S003,P006,N,2023-11-20,Y
PT03456,341-9065,Monitor  Display,Electrical,Medium,1622.85,EA,S002,P131,Y,2018-10-03,Y
PT00177,319-7271,TRACK ROLLER,Undercarriage,High,566.26,EA,S003,P043,N,2021-09-10,Y
PT02485,4G-2236,CONTROL VALVE,Hydraulics,,7073.28,EA,S031,P114,N,2015-07-31,Y
PT00285,160-5817,SPROCKET SEGMENT,Undercarriage,High,337.68,EA,S010,P071,N,2019-01-12,Y
PT03669,544 3100,FAN BLADE,Cooling,Medium,442.42,EA,S003,P079,N,2020-09-15,Y
PT01260,2I-3105,V-BELT,Engine,Low,18.38,EA,S002,P015,N,2024-10-25,Y
PT02274,8D-8879,RIPPER TIP,Ground Engaging Tools,,42.67,EA,S026,P053,N,2019-04-05,Y
PT00534,409-3439,ADAPTER,Ground Engaging Tools,Medium,,EA,S011,P085,N,2025-02-04,Y
PT00704,101-5074,HYDRAULIC PUMP,Hydraulics,High,11045.44,EA,CAT,P023,N,2021-05-09,Y
PT03909,9r-6316,WINDOW GLASS,Cab,Low,380.36,EA,S003,P023,N,2025-01-24,Y
PT00657,469 0130,HYDRAULIC HOSE ASSEMBLY,Hydraulics,High,-164.0,EA,S001,P074,N,2019-12-23,Y
PT00874,479-6581,HYDRAULIC CYLINDER,Hydraulics,High,5160.84,EA,S022,P113,N,2017-05-03,Y
PT02377,484-2232,BUCKET TOOTH RETAINER,Ground Engaging Tools,,6.45,EA,S026,P047,N,2021-04-18,Y
PT00871,140 3871,HYDRAULIC CYLINDER,Hydraulics,High,3831.9,EA,S003,P016,Y,2020-05-17,Y
PT01386,3T-7732,ALTERNATOR,Electrical,Medium,780.21,EA,S001,P042,Y,2018-03-31,Y
PT00095,515-6881,TRACK ROLLER,Undercarriage,High,675.54,EA,S003,P031,N,2021-09-29,Y
PT00424,210-0617,END BIT,Ground Engaging Tools,Medium,96.42,EA,S026,P106,N,2024-08-30,Y
PT03102,8J-1098,PISTON KIT,Engine,High,0,EA,S003,P111,N,2015-11-17,Y
PT04010,4A-1010,O-RING SEAL,Hardware,Low,2.76,EA,S003,P124,N,2020-06-20,Y
PT00295,7F-2004,SPROCKET SEGMENT,Undercarriage,High,263.76,EA,S010,P107,N,2015-01-06,Y
PT00989,541-7705,WATER PUMP,Engine,High,564.63,EA,S001,P069,Y,2018-08-05,Y
PT91841,1W6989,RADIATOR,Cooling,High,3992.02,EA,S002,P003,N,2023-03-19,Y
PT01489,6L-8129,WIRING HARNESS,Electrical,Medium,782.67,EA,S002,P006,N,2019-11-25,Y
PT02671,396-0044,TRAVEL MOTOR,Power Train,High,9633.87,EA,S002,P121,N,2018-02-18,Y
PT01021,381-9471,WATER PUMP,Engine,High,547.48,EA,S003,P090,N,2020-02-04,Y
PT03895,7F-0844,WINDOW GLASS,Cab,Low,482.35,EA,S003,P096,N,2017-06-20,Y
PT02214,172-9167,RIPPER SHANK,,Medium,1170.26,EA,S002,P110,N,06/27/24,Y
PT03620,2G-5074,FAN BLADE,Cooling,Medium,161.21,EA,S001,P062,N,2018-02-16,Y
PT01897,291-3989,TRACK PIN,Undercarriage,Medium,63.75,EA,S010,P041,N,2023-01-03,Y
PT00203,7W-1084,IDLER GROUP,Undercarriage,High,3017.97,EA,S009,P041,N,2023-02-21,Y
PT03707,7B-0985,FAN BLADE,Cooling,,212.99,EA,S003,P084,N,2021-05-03,Y
PT02992,163-6459,CYLINDER HEAD,Engine,High,5961.62,EA,S001,P006,Y,2019-01-12,Y
PT02391,2R-8384,BUCKET TOOTH RETAINER,Ground Engaging Tools,Low,6.5,EA,S003,P008,N,2025-05-07,Y
PT00967,395-9726,WATER PUMP,Engine,High,929.81,EA,S002,P125,N,2023-09-21,Y
PT03118,540-4123,PISTON KIT,Engine,High,917.9,EA,S002,P069,Y,20151231,Y
PT01297,9M-9190,V-BELT,Engine,Low,18.46,EA,S002,P021,N,2024-03-12,Y
PT01853,100-5596,Radiator,Cooling,High,2004.12,EA,S035,P078,N,2016-06-17,Y
PT02902,6K-8213,BRAKE DISC,Power Train,Medium,349.4,EA,S024,P096,N,2019-05-27,Y
PT03431,5N-7503,MONITOR DISPLAY,Electrical,Medium,2017.25,EA,S002,P024,N,2019-07-16,Y
PT03329,5W-4878,ECM CONTROLLER,Electrical,High,3254.24,EA,S001,P008,Y,2015-08-17,Y
PT03092,7B-0407,PISTON KIT,Engine,High,934.8,EA,S001,P050,N,2024-03-22,Y
PT03482,2U-9657,RELAY,Electrical,Low,38.38,EA,S002,P124,Y,2023-05-18,Y
PT02034,1C-4751,CARRIER ROLLER,Undercarriage,High,$497.98,EA,S003,P123,N,2017-02-24,Y
PT01423,5F-4899,STARTER MOTOR,Electrical,High,993.37,EA,S001,P134,N,2022-03-27,Y
PT03637, 546-2781,FAN BLADE,Cooling,Medium,239.08,EA,S035,P089,N,2023-04-23,Y
PT03371, 5R-2844,ECM CONTROLLER,Electrical,High,4374.48,EA,S029,P042,Y,2024-06-13,Y
PT00495,567-9162,END BIT,Ground Engaging Tools,Medium,191.94,EA,S026,P079,N,2022-02-23,Y
PT00426,244-9475,END BIT,Ground Engaging Tools,Medium,193.95,EA,S001,P073,N,2021-10-13,Y
PT03174,1P-7933,CRANKSHAFT BEARING,Engine,Medium,67.97,EA,S001,P026,Y,2021-09-02,Y
PT04031,6C-9673,O-RING SEAL,Hardware,Low,2.05,EA,S016,P100,N,2020-09-01,Y
PT03358,3C-6134,ECM CONTROLLER,Electrical,High,2802.88,EA,S034,P119,N,2021-04-27,Y
PT04096,9R-9177,HEX BOLT,Hardware,Low,4.75,EA,S002,P045,N,2021-05-30,Y
PT00004,1R-1808,ENGINE OIL FILTER,Filters,High,33.0,ea,S021,P061,N,2017-06-05,Y
PT04055,579-3592,O-Ring  Seal,Hardware,Low,1.76,EA,S003,P052,N,2020-02-12,Y
PT81903,4B-7438,TRACK PIN (SUPERSEDED),Undercarriage,Medium,$95.41,Ea.,S003,P050,N,2023-11-07,Y
PT00416,2F-5732,END BIT,Ground Engaging Tools,Medium,215.92,EA,S002,P048,N,2021-04-25,Y
PT02094,113-3250,CARRIER ROLLER,Undercarriage,High,-360.27,EA,S002,P052,N,2019-01-10,Y
PT02537,565-0908,CONTROL VALVE,Hydraulics,High,4036.82,EA,S022,P056,Y,2017-10-16,Y
PT01697,9S-3321,CAB AIR FILTER,Filters,Low,29.39,EA,S001,P020,N,2016-01-02,Y
PT03029,418-3433,PISTON KIT,Engine,High,1255.45,EA,S002,P054,N,2021-04-26,Y
PT91040,2290450,WATER PUMP,Engine,High,912.48,EA,S002,P054,Y,2021-06-26,Y
PT92505,9J1678,CONTROL VALVE,Hydraulics,High,6047.41,EA,S001,P133,N,2023-11-22,Y
PT03326,7S-9111,ECM CONTROLLER,Electrical,High,2825.28,EA,S001,P007,N,2021-07-15,Y
PT01862,415-9115,THERMOSTAT,Cooling,Medium,68.02,EA,S002,P131,N,2021-10-03,Y
PT02513,4A-3735,CONTROL VALVE,Hydraulics,High,3801.7,EA,S022,P004,Y,2023-09-23,Y
PT00098,7A-2147,TRACK ROLLER,Undercarriage,High,351.16,EA,S003,P054,N,20160408,Y
PT93077,5973613,PISTON KIT,Engine,High,1093.46,EA,S001,P025,N,2019-09-07,Y
PT00958,2X-8433,Water  Pump,Engine,High,577.7,EA,S003,P101,N,2016-01-12,Y
PT03804,5J-0037,SEAT ASSEMBLY,Cab,Low,666.31,EA,CAT,P101,N,2022-05-03,Y
PT90710,1878745,HYDRAULIC PUMP,Hydraulics,High,11556.11,EA,,P024,N,2018-06-30,Y
PT03555,331-1607,WORK LIGHT LED,Electrical,Low,233.72,EA,S003,P077,N,2021-02-27,Y
PT03245,6W-6998,FUEL TRANSFER PUMP,Engine,High,359.19,EA,S003,P128,N,2020-04-07,Y
PT04309,8Y-4320,TIRE 29.5R25,Tires,High,6753.45,EA,S027,P092,N,2025-02-14,Y
PT00431,0162-3286,END BIT,Ground Engaging Tools,Medium,127.31,EA,S026,P133,N,2024-09-30,Y
PT00748,4A-2023,HYDRAULIC PUMP,Hydraulics,High,4909.67,EA,S001,P065,Y,07-Aug-16,Y
PT02427,390 3434,SIDE CUTTER,Ground Engaging Tools,Medium,216.94,EA,S003,P072,N,2020-07-17,Y
PT03677,2I-0058,FAN BLADE,Cooling,Medium,,EA,S001,P054,N,2017-12-20,Y
PT03886,1K-0546,WINDOW GLASS,Cab,Low,530.64,EA,S001,P033,N,2023-11-22,Y
PT03328,5B-7337,ECM CONTROLLER,Electrical,High,3863.42,EA,S015,P123,N,2016-10-07,Y
PT02645,242-2111,FINAL DRIVE,Power Train,High,12305.41,EA,S002,P023,N,2018-09-29,Y
PT00539,443-9585,ADAPTER,Ground Engaging Tools,Medium,62.56,EA,S003,P122,N,2018-07-23,Y
PT01655,310-3495,CAB AIR FILTER,Filters,Low,63.03,EA,S003,P047,N,2016-05-30,Y
PT00406,5P-6502,CUTTING EDGE,Ground Engaging Tools,Medium,254.43,EA,S026,P077,N,2016-09-05,Y
PT01833,332-0887,RADIATOR,Cooling,High,2348.8,EA,S002,P112,N,2023-10-26,Y
PT04264,237-7446,TIRE 29.5R25,Tires,High,11925.29,EA,S001,P012,N,2017-12-22,Y
PT02433,8M 1883,SIDE CUTTER,,Medium,,EA,S002,P112,N,2019-10-04,Y
PT01271,514-2068,V-BELT,Engine,Low,39.39,EA,S003,P102,Y,2021-01-21,Y
PT00609,3M-4147,HYDRAULIC HOSE ASSEMBLY,,High,183.35,EA,S001,P085,Y,2023-07-13,Y
PT03194,247-2961,FUEL TRANSFER PUMP,Engine,High,315.51,EA,S003,P128,Y,2022-08-31,Y
PT02619,513-8509,SWING MOTOR,Hydraulics,High,5142.55,EA,S002,P026,N,2016-02-02,Y
PT04330,513-9791,TIRE 29.5R25,Tires,High,14922.02,EA,S001,P122,N,2022-03-08,Y
PT00056,9B-5618,TRACK SHOE,Undercarriage,High,143.21,EA,S001,P022,N,2017-02-27,Y
PT02399,5S-3577,BUCKET TOOTH RETAINER,Ground Engaging Tools,Low,9.34,EA,S001,P010,N,2019-12-10,Y
PT00845,261-8241,SEAL KIT,Hydraulics,Medium,80.98,EA,S001,P082,Y,2023-09-06,Y
PT02512,5P-8698,CONTROL VALVE,Hydraulics,High,6202.99,EA,S022,P005,N,2022-09-28,Y
PT01675,1W-6367,CAB AIR FILTER,Filters,Low,60.41,EA,S021,P083,N,2015-02-03,Y
PT01421,8C-4627,STARTER MOTOR,Electrical,High,1031.04,EA,S029,P087,N,2017-01-29,Y
PT02721,7J-7110,TORQUE CONVERTER,Power Train,High,5197.21,EA,S001,P058,N,2017-06-03,Y
PT02865,3G-8929,AXLE SEAL,Power Train,Medium,62.43,EA,S002,P057,N,2024-09-19,Y
PT01410,168-6575,ALTERNATOR,Electrical,Medium,721.33,EA,S002,P018,N,2025-04-02,Y
PT02483,249-6464,CONTROL VALVE,Hydraulics,High,4875.09,EA,S031,P037,N,2021-11-01,Y
PT03998,533-9385,O-RING SEAL,Hardware,Low,2.09,EA,S016,P134,N,2022-04-04,Y
PT01209,2V-8271,GASKET KIT,Engine,Medium,108.42,EA,S003,P021,N,2024-04-15,Y
PT00803,148-2300,SEAL KIT,Hydraulics,Medium,$121.13,EA,S023,P048,N,2019-10-19,Y
PT04352,109-1353,TIRE 29.5R25,Tires,High,16096.08,EA,S003,P058,N,2017-07-17,Y
PT04235,3E-5094,WASHER HARD,Hardware,Low,1.64,EA,S003,P013,N,2017-05-01,Y
PT02613,586-4214,SWING MOTOR,Hydraulics,High,8062.28,EA,S007,P113,N,2017-09-11,Y
PT00527,298-3708,ADAPTER,Ground Engaging Tools,Medium,62.25,EA,S011,P006,N,2023-10-25,Y
PT04324,3J-1142,TIRE 29.5R25,Tires,High,15232.86,EA,S003,P123,N,2021-01-16,Y
PT03393, 101-2273,ECM CONTROLLER,Electrical,High,3828.7,EA,S034,P090,N,2016-10-29,Y
PT03413,243-3766,MONITOR DISPLAY,Electrical,Medium,1668.89,EA,S002,P112,N,2020-12-09,Y
PT02005,2P-1879,TRACK BUSHING,Undercarriage,Medium,52.82,each,S002,P065,N,2019-01-20,Y
PT01982,195-2921,TRACK BUSHING,Undercarriage,Medium,74.16,EA,S002,P116,N,2024-03-29,Y
PT02745,5T-8043,TORQUE CONVERTER,Power Train,High,7415.24,EA,S025,P032,N,2023-12-29,Y
PT01300,268-6563,V-BELT,Engine,Low,25.43,EA,S003,P123,N,2020-02-14,Y
PT00071,1K-0849,TRACK SHOE,Undercarriage,High,192.97,EA,S002,P073,N,2019-02-05,Y
PT03014,282-2780,CYLINDER HEAD,Engine,High,6051.9,EA,S001,P061,Y,2015-01-29,Y
PT01101,563-3165,TURBOCHARGER,Engine,High,2767.27,EA,S003,P072,N,2021-10-06,Y
PT01918,8R-5417,TRACK PIN,Undercarriage,Medium,61.87,EA,S002,P091,N,2017-08-17,Y
PT02816,152-5886,TRANSMISSION CLUTCH DISC,Power Train,Medium,151.64,EA,S002,P040,N,2023-01-26,Y
PT91960,8P9192,TRACK PIN,Undercarriage,Medium,56.67,EA,S003,P020,N,2019-07-19,Y
PT90712,4257030,HYDRAULIC PUMP,Hydraulics,High,8322.49,EA,S001,P104,Y,2020-03-21,Y
PT00053,9Y-4622,TRACK SHOE,Undercarriage,High,294.98,EA,S001,P073,N,2025-01-14,Y
PT03399,535-7570,MONITOR DISPLAY,Electrical,Medium,1744.82,EA,S002,P041,N,2019-11-12,Y
PT03891,7A-2246,WINDOW GLASS,Cab,Low,736.24,EA,S030,P015,N,2015-07-31,Y
PT03670,3F-9370,FAN BLADE,Cooling,Medium,452.84,EA,S001,P014,N,2020-01-03,Y
PT01040,229-0450,WATER PUMP,Engine,High,912.48,EA,S002,P054,Y,2021-06-26,Y
PT03176,0575-2117,CRANKSHAFT BEARING,Engine,Medium,143.24,EA,S003,P078,Y,2019-08-16,Y
PT02417,3D-0476,SIDE CUTTER,Ground Engaging Tools,Medium,345.98,EA,S011,P041,N,2017-02-25,Y
PT00673,5E-6223,HYDRAULIC PUMP,Hydraulics,High,9646.35,EA,S022,P037,Y,2016-08-19,Y
PT00357,478-9647,CUTTING EDGE,Ground Engaging Tools,Medium,396.7,EA,S002,P050,N,2020-12-10,Y
PT02249,517-4325,RIPPER TIP,Ground Engaging Tools,Medium,61.54,EA,S011,P012,N,2015-09-27,Y
PT02790,6N-4146,TRANSMISSION CLUTCH DISC,Power Train,Medium,195.63,EA,S025,P095,N,20230416,Y
PT00646,8K-9167,HYDRAULIC HOSE ASSEMBLY,Hydraulics,High,78.24,EA,S003,P084,N,2023-01-29,Y
PT00119,8G-2183,TRACK ROLLER,Undercarriage,High,358.01,EA,S003,P037,N,2020-04-28,Y
PT01147,4S-0273,GASKET KIT,Engine,Medium,135.8,EA,S001,P026,Y,2023-02-15,Y
PT02318,172-9967,RIPPER TIP,Ground Engaging Tools,Medium,106.76,EA,S003,P044,N,2018-09-22,Y
PT02077,365-5098,CARRIER ROLLER,Undercarriage,High,$416.46,EA,S003,P116,N,2018-07-08,Y
PT03476,8H-0893,RELAY,Electrical,Low,17.8,EA,S002,P007,N,2018-03-21,Y
PT02228,3F-3350,RIPPER SHANK,Ground Engaging Tools,Medium,847.89,EA,S003,P102,N,2019-07-27,Y
PT03268,491-6013,FUEL TRANSFER PUMP,Engine,High,367.41,EA,S003,P002,Y,2020-10-31,Y
PT02054,2C-0898,CARRIER ROLLER,Undercarriage,High,371.85,EA,S003,P011,N,2016-12-12,Y
PT02091,232-2874,CARRIER ROLLER,Undercarriage,High,566.13,EA,CAT,P042,N,08-Sep-20,Y
PT01863,9P 0045,THERMOSTAT,Cooling,Medium,82.42,EA,S035,P079,N,2017-08-04,Y
PT02965,1T-1744,CYLINDER HEAD,Engine,High,3602.25,EA,S001,P114,N,2016-11-02,Y
PT01652,311-5944,CAB AIR FILTER,Filters,Low,74.06,EA,S003,P111,N,2020-05-18,Y
PT01436,1W-0500,STARTER MOTOR,Electrical,High,1142.85,EA,S002,P101,N,2018-03-13,Y
PT00020,2U-3248,TRACK SHOE,Undercarriage,High,219.38,EA,S002,P077,N,2016-06-04,Y
PT02573,475-0341,SWING MOTOR,Hydraulics,High,7985.51,EA,S003,P046,Y,2023-12-12,Y
PT01287,4H-5302,V-BELT,Engine,Low,25.77,EA,S002,P115,N,2018-06-16,Y
PT03483,408-5869,Relay,Electrical,Low,38.32,EA,S002,P045,Y,2019-09-28,Y
PT02328,7C-1981,BUCKET TOOTH RETAINER,Ground Engaging Tools,,9.06,EA,S011,P118,N,2024-06-01,Y
PT02389,6Y-8892,BUCKET TOOTH RETAINER,Ground Engaging Tools,Low,8.65,EA,S003,P128,N,20230731,Y
PT00453,439-7099,END BIT,Ground Engaging Tools,Medium,246.26,EA,S026,P004,N,2016-10-04,Y
PT00877,378-8597,HYDRAULIC CYLINDER,Hydraulics,High,3989.54,EA,S022,P112,N,2024-03-20,Y
PT81713,5G-7486,CAB AIR FILTER (SUPERSEDED),Filters,Low,41.88,EA,S001,P031,N,2024-03-13,Y
PT01266,4L-7159,V-Belt,Engine,Low,45.14,EA,S003,P031,N,2016-10-24,Y
PT00698,158-6564,HYDRAULIC PUMP,Hydraulics,High,11867.57,EA,S022,P055,Y,2015-10-23,Y
PT00241,328-9517,IDLER GROUP,Undercarriage,High,1876.35,EA,S009,P106,N,2023-02-20,Y
PT00327,147-4892,TRACK LINK ASSEMBLY,Undercarriage,High,6913.02,EA,S010,P052,N,2015-06-22,Y
PT01453,404-0325,STARTER MOTOR,Electrical,High,1207.11,EA,S001,P123,Y,2016-09-03,Y
PT00271,360-8804,SPROCKET SEGMENT,Undercarriage,High,221.28,EA,S009,P004,N,2024-08-22,Y
PT03712,299-8054,FAN BLADE,Cooling,Medium,326.25,EA,S001,P070,N,2023-01-22,Y
PT03407,8Y-7156,MONITOR DISPLAY,Electrical,Medium,1112.81,EA,S029,P124,N,2019-09-19,Y
PT03296,588-3524,FUEL TRANSFER PUMP,Engine,High,360.43,EA,S001,P030,N,2022-10-10,Y
PT02960,2X-5122,CYLINDER HEAD,Engine,High,5466.59,each,S003,P133,Y,2017-06-11,Y
PT00377,527-1509,CUTTING EDGE,Ground Engaging Tools,Medium,310.47,EA,S002,P117,N,2021-03-06,Y
PT01284,7S-4930,V-BELT,Engine,Low,43.02,EA,S002,P074,N,2022-08-10,Y
PT02245,269-6373,RIPPER TIP,Ground Engaging Tools,Medium,67.45,EA,S002,P018,N,2019-11-10,Y
PT03699,1H-1556,FAN BLADE,Cooling,Medium,175.05,EA,S035,P062,N,2023-07-03,Y
PT00924,6S-5454,FUEL INJECTOR,Engine,High,770.71,EA,S003,P052,N,2023-01-26,Y
PT02991,580-1706,CYLINDER HEAD,Engine,High,5647.18,EA,S001,P127,N,2018-12-02,Y
PT90090,9G4643,TRACK ROLLER,Undercarriage,High,698.7,EA,S009,P090,N,2016-04-01,Y
PT02954,105-8008,CYLINDER HEAD,Engine,High,2819.52,EA,S001,P059,Y,05/07/2025,Y
PT04350,514-7924,TIRE 29.5R25,Tires,High,14786.01,EA,S001,P042,N,2017-09-04,Y
PT02572,186-7379,SWING MOTOR,Hydraulics,High,8490.04,EA,S002,P118,N,20210326,Y
PT02659,511-3295,FINAL DRIVE,Power Train,High,23022.05,EA,S025,P065,N,2020-12-30,Y
PT03198,5G-6453,FUEL TRANSFER PUMP,Engine,High,405.64,EA,S001,P079,Y,2020-02-29,Y
PT03951,9H-6037,MIRROR,Cab,,104.7,EA,S001,P076,N,2018-11-03,Y
PT04279,3F-6278,TIRE 29.5R25,,High,6321.97,EA,S003,P089,N,2022-02-09,Y
PT04007,8K-6462,O-RING SEAL,Hardware,,2.88,EA,S003,P041,N,2021-03-13,Y
PT00729,327-8433,HYDRAULIC PUMP,Hydraulics,High,10859.35,EA,S003,P062,N,2018-01-02,Y
PT02372,9t-8112,BUCKET TOOTH RETAINER,Ground Engaging Tools,Low,5.75,EA,S001,P023,N,2020-11-30,Y
PT00823,410-9988,SEAL KIT,Hydraulics,Medium,50.75,EA,S001,P112,N,2015-11-17,Y
PT01883,244-1366,THERMOSTAT,Cooling,Medium,52.1,EA,S099,P125,N,2017-03-13,Y
PT01584,201-1713,BATTERY,Electrical,Medium,192.19,EA,S003,P051,N,2019-03-25,Y
PT04212,8W-7500,WASHER HARD,Hardware,Low,1.5,EA,S002,P041,N,2016-04-14,Y
PT04369,0101-3509,TIRE 12-16.5,Tires,Medium,,EA,S027,P040,N,2016-06-29,Y
PT04062,593-2696,O-RING SEAL,Hardware,Low,1.48,EA,S003,P078,N,2016-07-21,Y
PT02340,299-1024,BUCKET TOOTH RETAINER,Ground Engaging Tools,Low,6.86,EA,S001,P091,N,2018-04-22,Y
PT03061,7P-4201,PISTON KIT,Engine,High,1374.66,EA,S002,P117,Y,2020-09-05,Y
PT03911,6R-4117,WINDOW GLASS,Cab,Low,413.58,EA,S030,P050,N,2018-04-04,Y
PT01743,5E-2917,TRANSMISSION FILTER,Filters,Medium,77.2,EA,S002,P026,N,2015-11-26,Y
PT03899,140-4255,WINDOW GLASS,Cab,Low,627.52,EA,S030,P131,N,2017-11-25,Y
PT02255,6i-8657,RIPPER TIP,Ground Engaging Tools,Medium,65.21,EA,S002,P100,N,2022-02-14,Y
PT00145,353-4427,TRACK ROLLER,Undercarriage,High,261.33,EA,S003,P073,N,2016-02-05,Y
PT01407,8E3897,ALTERNATOR,Electrical,Medium,870.2,EA,S029,P011,N,2019-05-26,Y
PT03184,462-0835,CRANKSHAFT BEARING,Engine,,151.88,EA,S001,P103,Y,2024-11-20,Y
PT03802,520-2019,SEAT ASSEMBLY,Cab,Low,1234.47,Ea.,S001,P038,N,2023-02-18,Y
PT04252,567-0852,TIRE 29.5R25,Tires,High,9590.7,EA,S003,P008,N,2021-09-24,Y
PT04147,7C-3784,WASHER HARD,Hardware,Low,1.38,EA,S003,P064,N,2015-01-09,Y
PT02824,168-3242,AXLE SEAL,Power Train,Medium,117.48,EA,S003,P059,N,2017-06-08,Y
PT00979,580-8631,WATER PUMP,Engine,High,549.9,EA,S001,P044,N,2017-02-09,Y
PT01636,6L-7962,BATTERY,,Medium,127.24,EA,S002,P058,Y,2024-03-24,Y
PT02033,144-3339,CARRIER ROLLER,Undercarriage,High,457.14,EA,S003,P028,N,01-Feb-24,Y
PT04059,158 1216,O-RING SEAL,Hardware,Low,2.03,EA,S016,P121,N,2023-09-08,Y
PT00817,1J-8226,SEAL KIT,Hydraulics,Medium,75.97,EA,S023,P094,N,2023-04-02,Y
PT00649,4A-2484,HYDRAULIC HOSE ASSEMBLY,Hydraulics,High,185.57,EA,S002,P134,N,2017-01-06,Y
PT03525,7I-2181,RELAY,Electrical,,19.41,EA,S034,P079,N,2018-10-25,Y
PT00227,346-4792,IDLER GROUP,Undercarriage,High,3256.05,EA,S003,P006,N,2015-11-06,Y
PT03484,471-5469,RELAY,Electrical,Low,29.7,EA,S002,P088,N,2021-11-14,Y
PT01948,6V-4464,TRACK PIN,Undercarriage,Medium,69.43,EA,CAT,P009,N,2018-09-14,Y
PT04231,6U-1383,WASHER HARD,Hardware,Low,0.63,EA,S001,P009,N,2020-05-28,Y
PT02667,333-2274,FINAL DRIVE,Power Train,High,24259.9,EA,S002,P065,N,2021-01-16,Y
PT03185,6B-1609,CRANKSHAFT BEARING,Engine,Medium,80.68,EA,S003,P051,Y,2023-05-18,Y
PT04164,261-1711,WASHER HARD,Hardware,Low,0.96,EA,S002,P063,N,2025-01-26,Y
PT01729,6L-2618,TRANSMISSION FILTER,Filters,Medium,83.39,EA,S003,P099,N,04/10/18,Y
PT00137,3E-8073,TRACK ROLLER,Undercarriage,High,478.5,EA,S009,P090,N,2019-10-16,Y
PT03359,551-5625,ECM CONTROLLER,Electrical,High,2112.4,EA,S029,P050,Y,2024-08-18,Y
PT02785,2B-7233,TRANSMISSION CLUTCH DISC,Power Train,Medium,181.12,EA,S001,P057,N,2016-06-12,Y
PT03205,8T-5236,FUEL TRANSFER PUMP,Engine,High,631.07,EA,S002,P043,N,2016-09-17,Y
PT00002,1R-0751,FUEL FILTER SECONDARY,Filters,High,41.0,EA,S003,P091,N,2017-06-16,Y
PT82413,2F-3316,SIDE CUTTER (SUPERSEDED),Ground Engaging Tools,,189.6,EA,S026,P116,N,2022-03-01,Y
PT03024,504-5624,PISTON KIT,Engine,High,670.72,EA,S003,P099,N,2018-09-21,Y
PT01838,1J-4238,RADIATOR,,High,2637.96,EA,S035,P128,N,2018-07-10,Y
PT03383,253-3909,ECM CONTROLLER,Electrical,High,3877.49,EA,S001,P079,Y,2018-04-30,Y
PT01331,386-4241,ALTERNATOR,Electrical,Medium,450.4,EA,S002,P058,N,2021-06-06,Y
PT02075,4E-3940,CARRIER ROLLER,Undercarriage,High,470.54,EA,S003,P051,N,2015-09-24,Y
PT03403,531-8000,MONITOR DISPLAY,Electrical,Medium,0,PC,S034,P059,N,2022-12-13,Y
PT00771,552-6693,SEAL KIT,Hydraulics,Medium,114.43,EA,S002,P097,Y,2021-03-23,Y
PT01488,8D-5458,WIRING HARNESS,Electrical,Medium,643.68,EA,S001,P079,Y,2023-02-15,Y
PT04151,3E-7824,WASHER HARD,Hardware,Low,0.63,EA,S002,P024,N,2023-02-26,Y
PT04053,9N-6175,O-RING SEAL,Hardware,Low,1.67,EA,S002,P020,N,2018-08-17,Y
PT02162,325-6707,RECOIL SPRING,Undercarriage,High,2580.97,EA,S001,P016,N,2016-09-23,Y
PT02875,220-8725,AXLE SEAL,Power Train,Medium,60.74,EA,S001,P124,N,2015-02-24,Y
PT01692,9B-5922,CAB AIR FILTER,Filters,Low,45.26,EA,CAT,P050,N,2023-06-06,Y
PT01840,5R-6690,Radiator,Cooling,High,1477.85,EA,S035,P037,N,2024-12-01,Y
PT04215,8F-6607,WASHER HARD,Hardware,Low,1.09,EA,S016,P069,N,2017-06-26,Y
PT01352,9I-6229,ALTERNATOR,Electrical,Medium,752.81,EA,S002,P033,N,08/14/2019,Y
PT02168,8R-9460,RECOIL SPRING,Undercarriage,High,1530.04,EA,S009,P049,N,2018-11-29,Y
PT01111,402-1610,TURBOCHARGER,Engine,High,0,EA,S002,P090,Y,2020-01-04,Y
PT02777,183-0053,TRANSMISSION CLUTCH DISC,,Medium,237.22,EA,S024,P037,N,2016-11-14,Y
PT03790,235-8815,SEAT ASSY,Cab,Low,1793.9,EA,S003,P013,N,2017-08-09,Y
PT83138,198-6752,CRANKSHAFT BEARING (SUPERSEDED),Engine,Medium,126.38,EA,S002,P027,Y,2019-01-07,Y
PT01010,464-4330,WATER PUMP,Engine,High,874.37,EA,S001,P064,N,2020-09-06,Y
PT03863,195-5484,WINDOW GLASS,Cab,Low,587.42,EA,S001,P086,N,2018-05-28,Y
PT00752,3H-3097,HYDRAULIC PUMP,Hydraulics,High,7409.89,EA,S001,P038,N,2025-01-25,Y
PT04184,194-7047,WASHER HARD,Hardware,Low,0.91,EA,S002,P053,N,2016-03-07,Y
PT03160,5N-2996,CRANKSHAFT BEARING,Engine,Medium,74.16,EA,S001,P092,N,2016-02-20,Y
PT02382,7J-5775,BUCKET TOOTH RETAINER,Ground Engaging Tools,Low,8.7,EA,S002,P026,N,2023-08-15,Y
PT04176,6R-9574,WASHER HARD,Hardware,Low,1.73,EA,S016,P074,N,2023-06-05,Y
PT01272,3C-4322,V-BELT,Engine,,37.85,EA,S001,P127,N,2015-03-29,Y
PT00390,430-6854,CUTTING EDGE,,Medium,539.74,EA,S001,P086,N,2023-10-27,Y
PT01603,8A-4037,BATTERY,Electrical,Medium,228.13,EA,S003,P099,N,2022-04-25,Y
PT02601,150-6753,SWING MOTOR,Hydraulics,High,11609.07,EA,S001,P013,N,2019-12-06,Y
PT04316,372-3631,TIRE 29.5R25,Tires,High,15470.77,EA,S001,P113,N,2016-10-19,Y
PT03598,3N-6874,WORK LIGHT LED,Electrical,Low,135.6,EA,S003,P020,N,2020-03-24,Y
PT00808,418-0970,SEAL KIT,Hydraulics,Medium,83.15,EA,S003,P037,N,2015-09-25,Y
PT01526,484-1464,WIRING HARNESS,Electrical,Medium,542.04,EA,S003,P130,N,2018-12-10,Y
PT00313,3E 3607,TRACK LINK ASSEMBLY,Undercarriage,High,4796.47,EA,S009,P093,N,2015-10-26,Y
PT03447,8S-8126,MONITOR DISPLAY,Electrical,Medium,1074.61,EA,S001,P009,N,2020-12-25,Y
PT03655,5L-6173,FAN BLADE,Cooling,Medium,219.26,EA,S002,P021,N,2025-03-16,Y
PT00311,171-5135,TRACK LINK ASSEMBLY,Undercarriage,High,7778.82,EA,,P001,N,2019-12-26,Y
PT04195,197-4627,WASHER HARD,Hardware,Low,0.79,EA,S001,P010,N,09/15/2019,Y
PT00494,4A-6316,END BIT,Ground Engaging Tools,Medium,121.3,EA,S001,P026,N,2023-11-27,Y
PT01364,3J-3304,ALTERNATOR,Electrical,Medium,486.02,EA,S003,P094,Y,2023-03-10,Y
PT03100,6I-6138,PISTON KIT,Engine,High,1248.01,EA,S001,P085,N,2015-03-31,Y
PT03981,434-3557,O-Ring  Seal,Hardware,Low,3.28,EA,S003,P022,N,2020-09-20,Y
PT01933,117-2151,TRACK PIN,Undercarriage,Medium,94.11,EA,S010,P086,N,2015-07-01,Y
PT00513,413-6517,ADAPTER,Ground Engaging Tools,Medium,90.72,EA,S003,P058,N,2020-09-07,Y
PT93058,5M2395,PISTON KIT,Engine,High,567.26,EA,S001,P068,Y,2018-05-19,Y
PT02190,554-3221,RIPPER SHANK,Ground Engaging Tools,Medium,1277.42,EA,S011,P120,N,2015-02-27,Y
PT03534,417-4740,RELAY,Electrical,Low,17.59,EA,S029,P068,Y,2020-09-22,Y
PT01656, 7J-1991,CAB AIR FLTR,Filters,Low,49.43,EA,S021,P109,N,2019-12-08,Y
PT02498,3N-0519,CONTROL VALVE,Hydraulics,High,3456.08,EA,S031,P059,N,2021-04-07,Y
PT01800,276-7397,TRANSMISSION FILTER,Filters,Medium,103.47,EA,S001,P013,N,2024-05-03,Y
PT01116,228-2195,TURBOCHARGER,Engine,High,4524.22,EA,S002,P037,N,2022-02-12,Y
PT91217,2855343,GASKET KIT,Engine,Medium,154.17,EA,S003,P116,Y,2020-06-19,Y
PT03925,540-7444,MIRROR,Cab,Low,89.74,EA,S002,P024,N,2019-07-07,Y
PT01350,298-9447,ALTERNATOR,Electrical,Medium,519.78,EA,S029,P128,Y,2016-02-21,Y
PT02825,9R-6989,AXLE SEAL,Power Train,Medium,123.25,EA,S024,P125,N,2018-02-23,Y
PT01474,8F-0900,STARTER MOTOR,Electrical,High,694.26,EA,S034,P134,N,2021-03-01,Y
PT01576,140-4602,SENSOR SPEED,Electrical,Medium,99.66,EA,S003,P002,N,2021-10-28,Y
PT01102,5M-1443,TURBOCHARGER,Engine,High,2424.31,EA,S001,P006,N,2023-07-14,Y
PT01095,9C-4230,TURBOCHARGER,,High,4754.2,EA,S002,P070,N,2024-10-03,Y
PT01213,241-8871,GASKET KIT,Engine,Medium,130.15,EA,S002,P122,Y,2024-12-10,Y
PT03355,4J-0048,ECM CONTROLLER,Electrical,High,4489.92,EA,S029,P111,Y,2015-01-02,Y
PT02798,6F-4981,TRANSMISSION CLUTCH DISC,Power Train,Medium,$183.56,EA,S003,P062,N,2021-09-14,Y
PT04378,8I-1833,TIRE 12-16.5,Tires,Medium,333.93,EA,S002,P079,N,2019-06-12,Y
PT00100,588-3261,TRACK ROLLER,Undercarriage,High,595.17,EA,S001,P091,N,2019-09-19,Y
PT00293,7A-7644,SPROCKET SEGMENT,Undercarriage,High,440.04,EA,S003,P060,N,2015-04-22,Y
PT02949,3L-6247,CYLINDER HEAD,Engine,High,6112.39,EA,S002,P075,N,2018-07-08,Y
PT02322,5P-6655,BUCKET TOOTH RETAINER,Ground Engaging Tools,Low,9.02,EA,S001,P021,N,2022-01-16,Y
PT00284,8G-8169,SPROCKET SEGMENT,Undercarriage,High,$313.88,EA,S009,P016,N,2021-12-09,Y
PT01490,7N-3778,WIRING HARNESS,Electrical,Medium,363.79,EA,S001,P110,N,2016-06-09,Y
PT00148,7F-0225,TRACK ROLLER,Undercarriage,High,676.76,EA,S001,P077,N,2019-09-19,Y
PT00642,267-7204,HYDRAULIC HOSE ASSEMBLY,Hydraulics,High,173.6,EA,S022,P025,N,2021-05-19,Y
PT01344,126-7454,ALTERNATOR,Electrical,Medium,801.07,PC,S001,P044,N,2016-01-06,Y
PT03187,180-7742,FUEL TRANSFER PUMP,Engine,High,604.11,EA,S003,P035,Y,2024-11-19,Y
PT02248,9S-3873,RIPPER TIP,Ground Engaging Tools,Medium,106.32,EA,S026,P083,N,2015-11-21,Y
PT00798,4K-1536,SEAL KIT,Hydraulics,Medium,52.06,EA,S002,P017,N,2018-06-16,Y
PT01463,286-4385,STARTER MOTOR,Electrical,High,1353.54,EA,S002,P021,N,2023-03-17,Y
PT02834,9U 3397,AXLE SEAL,Power Train,Medium,$111.54,EA,S001,P068,N,2020-03-28,Y
PT00462,6N-7396,END BIT,Ground Engaging Tools,Medium,142.44,EA,S001,P035,N,06-Oct-21,Y
PT03458,599-6769,RELAY,Electrical,Low,0,EA,S003,P037,Y,2018-05-09,Y
PT04371,335-1902,TIRE 12-16.5,Tires,Medium,559.86,PC,S002,P052,N,02/13/2020,Y
PT03599,353-8329,WORK LIGHT LED,Electrical,Low,301.23,EA,S001,P069,Y,2022-03-27,Y
PT00423,2B-1165,END BIT,Ground Engaging Tools,Medium,229.32,EA,S001,P014,N,20230309,Y
PT02648,119-5957,FINAL DRIVE,Power Train,High,11329.16,EA,S001,P125,N,2020-06-26,Y
PT03318,284-1768,ECM CONTROLLER,Electrical,High,1840.77,EA,S002,P106,Y,2022-09-27,Y
PT01439,185-6643,STARTER MOTOR,Electrical,High,825.5,EA,S002,P011,N,2023-08-25,Y
PT00256, 523-8002,IDLER GROUP,Undercarriage,High,1156.06,EA,S003,P110,N,2025-04-30,Y
PT80158,3N-7152,TRACK ROLLER (SUPERSEDED),Undercarriage,High,401.49,EA,S003,P124,N,2019-01-03,Y
PT03756,8I-1696,COOLANT HOSE,Cooling,Low,34.99,EA,S001,P013,N,2023-03-09,Y
PT02783,450-0812,TRANSMISSION CLUTCH DISC,Power Train,Medium,205.08,EA,S024,P067,N,2023-05-19,Y
PT00560,3E-4028,ADAPTER,Ground Engaging Tools,Medium,64.89,EA,S001,P070,N,2015-01-07,Y
PT02712,1D-0432,TORQUE CONVERTER,,High,14660.22,EA,S002,P025,N,2015-03-26,Y
PT01762,552-9738,TRANSMISSION FILTER,Filters,Medium,43.61,EA,S006,P090,N,2022-10-02,Y
PT02021,2T-0635,TRACK BUSHING,Undercarriage,Medium,56.87,EA,S002,P093,N,2018-12-25,Y
PT03165,5A-3850,CRANKSHAFT BEARING,Engine,Medium,63.12,EA,S099,P001,N,2015-07-30,Y
PT00961,279-3152,WATER PUMP,Engine,High,699.5,EA,S003,P106,Y,2025-02-11,Y
PT02988,322-0990,CYLINDER HEAD,Engine,High,5024.0,EA,S001,P116,Y,2024-04-30,Y
PT00885,216-1846,HYDRAULIC CYLINDER,Hydraulics,High,4491.94,EA,S002,P094,Y,2018-05-19,Y
PT00029,2R-3914,TRACK SHOE,Undercarriage,High,315.58,EA,S010,P003,N,2025-04-27,Y
PT02481,123-2312,CONTROL VALVE,Hydraulics,High,4574.36,EA,S002,P015,N,2020-05-04,Y
PT03828,8D-7193,SEAT ASSEMBLY,Cab,Low,1227.57,EA,S002,P006,N,2020-10-14,Y
PT01550,306-0912,SENSOR SPEED,Electrical,Medium,84.7,EA,S015,P104,Y,2022-09-08,Y
PT93110,4995752,PISTON KIT,Engine,High,861.04,EA,S003,P003,Y,2018-03-30,Y
PT92305,7t0793,RIPPER TIP,Ground Engaging Tools,Medium,105.62,EA,S003,P062,N,2024-08-29,Y
PT03772,8H-4755,COOLANT HOSE,Cooling,Low,65.06,EA,S002,P022,N,2023-10-03,Y
PT04413,1X-9099,DEO 15W-40 ENGINE OIL,Fluids,Medium,24.0,GAL,S001,P089,N,2022-08-07,Y
PT03941,402-3702,MIRROR,Cab,,129.71,EA,S002,P054,N,2020-04-18,Y
PT04335,543-4429,TIRE 29.5R25,Tires,High,12317.57,EA,S099,P130,N,2022-07-06,Y
PT91817,4M9266,RADIATOR,Cooling,High,2525.85,EA,S002,P036,N,2023-02-03,Y
PT04037,175-8961,O-RING SEAL,Hardware,Low,3.07,EA,S001,P066,N,2024-09-25,Y
PT00210,1U-5273,IDLER GROUP,,High,2276.05,EA,S010,P087,N,08/04/15,Y
PT00531,3A-4948,ADAPTER,Ground Engaging Tools,Medium,66.92,EA,S002,P031,N,2022-02-20,Y
PT00595,6A-3048,HYDRAULIC HOSE ASSEMBLY,Hydraulics,High,93.22,EA,S002,P091,Y,2024-02-10,Y
